# vtk DataFile Version 2.0
metallic_sphere_scattering, Created by Gmsh
ASCII
DATASET UNSTRUCTURED_GRID
POINTS 3701 double
6.123233995736766e-17 -1.499759782661858e-32 1
6.123233995736766e-17 -1.499759782661858e-32 -1
-3 -3 3
-3 -3 -3
-3 3 3
-3 3 -3
3 -3 -3
3 -3 3
3 3 3
3 3 -3
0.1646802719595256 -4.033503358758973e-17 -0.9863470018342109
0.3059363915531578 -7.493280453165321e-17 -0.952051954634532
0.4695328553717669 -1.150023816851103e-16 -0.8829150002839659
0.6095679796823714 -1.49301095036147e-16 -0.7927338003049649
0.756518127482904 -1.852935006637776e-16 -0.6539727232765604
0.8647974074161706 -2.118142753806286e-16 -0.5021209457155416
0.9528477163913087 -2.333803811906962e-16 -0.303448890866103
0.9937174045758582 -2.43390567754168e-16 -0.1119183624032277
0.9937174045758577 -2.433905677541679e-16 0.1119183624032325
0.9528477163913073 -2.333803811906959e-16 0.3034488908661076
0.8647974074161682 -2.11814275380628e-16 0.5021209457155458
0.7565181274828956 -1.852935006637755e-16 0.6539727232765701
0.6095679796823626 -1.493010950361448e-16 0.7927338003049716
0.4695328553717594 -1.150023816851085e-16 0.8829150002839699
0.3059363915531541 -7.493280453165229e-17 0.9520519546345332
0.1646802719595234 -4.033503358758919e-17 0.9863470018342112
-3 -3 -2.625946937429861
-3 -3 -2.2507624041169
-3 -3 -1.874554332608261
-3 -3 -1.498987762280282
-3 -3 -1.124560014217793
-3 -3 -0.7507559112174791
-3 -3 -0.3759509952304887
-3 -3 3.996802888650564e-15
-3 -3 0.3759509952304927
-3 -3 0.7507559112174862
-3 -3 1.124560014217799
-3 -3 1.498987762280291
-3 -3 1.874554332608268
-3 -3 2.250762404116904
-3 -3 2.625946937429868
-3 -2.625946937429861 3
-3 -2.2507624041169 3
-3 -1.874554332608261 3
-3 -1.498987762280282 3
-3 -1.124560014217793 3
-3 -0.7507559112174791 3
-3 -0.3759509952304887 3
-3 4.440892098500626e-15 3
-3 0.3759509952304931 3
-3 0.7507559112174862 3
-3 1.124560014217799 3
-3 1.49898776228029 3
-3 1.874554332608268 3
-3 2.250762404116904 3
-3 2.625946937429867 3
-3 3 -2.627860211078668
-3 3 -2.254661950644579
-3 3 -1.880450438507948
-3 3 -1.506701896062021
-3 3 -1.134021898506401
-3 3 -0.7621439931250609
-3 3 -0.3751056006367
-3 3 7.105427357601002e-15
-3 3 0.3751056006367137
-3 3 0.7621439931250666
-3 3 1.134021898506406
-3 3 1.50670189606203
-3 3 1.880450438507955
-3 3 2.254661950644583
-3 3 2.627860211078676
-3 -2.627860211078668 -3
-3 -2.254661950644579 -3
-3 -1.880450438507948 -3
-3 -1.506701896062021 -3
-3 -1.134021898506401 -3
-3 -0.7621439931250613 -3
-3 -0.3751056006367004 -3
-3 7.105427357601002e-15 -3
-3 0.3751056006367137 -3
-3 0.7621439931250675 -3
-3 1.134021898506406 -3
-3 1.50670189606203 -3
-3 1.880450438507955 -3
-3 2.254661950644582 -3
-3 2.627860211078676 -3
-2.627860211078668 -3 -3
-2.254661950644579 -3 -3
-1.880450438507948 -3 -3
-1.506701896062021 -3 -3
-1.134021898506401 -3 -3
-0.7621439931250609 -3 -3
-0.3751056006367 -3 -3
7.105427357601002e-15 -3 -3
0.3751056006367137 -3 -3
0.7621439931250666 -3 -3
1.134021898506406 -3 -3
1.50670189606203 -3 -3
1.880450438507955 -3 -3
2.254661950644583 -3 -3
2.627860211078676 -3 -3
3 -3 -2.625946937429861
3 -3 -2.2507624041169
3 -3 -1.874554332608261
3 -3 -1.498987762280282
3 -3 -1.124560014217793
3 -3 -0.7507559112174791
3 -3 -0.3759509952304887
3 -3 3.996802888650564e-15
3 -3 0.3759509952304927
3 -3 0.7507559112174862
3 -3 1.124560014217799
3 -3 1.498987762280291
3 -3 1.874554332608268
3 -3 2.250762404116904
3 -3 2.625946937429868
-2.625946937429861 -3 3
-2.2507624041169 -3 3
-1.874554332608261 -3 3
-1.498987762280282 -3 3
-1.124560014217793 -3 3
-0.7507559112174791 -3 3
-0.3759509952304887 -3 3
3.996802888650564e-15 -3 3
0.3759509952304927 -3 3
0.7507559112174862 -3 3
1.124560014217799 -3 3
1.498987762280291 -3 3
1.874554332608268 -3 3
2.250762404116904 -3 3
2.625946937429868 -3 3
-2.625946937429861 3 3
-2.2507624041169 3 3
-1.874554332608261 3 3
-1.498987762280282 3 3
-1.124560014217793 3 3
-0.7507559112174791 3 3
-0.3759509952304887 3 3
3.996802888650564e-15 3 3
0.3759509952304927 3 3
0.7507559112174862 3 3
1.124560014217799 3 3
1.498987762280291 3 3
1.874554332608268 3 3
2.250762404116904 3 3
2.625946937429868 3 3
3 -2.625946937429861 3
3 -2.2507624041169 3
3 -1.874554332608261 3
3 -1.498987762280282 3
3 -1.124560014217793 3
3 -0.7507559112174791 3
3 -0.3759509952304887 3
3 4.440892098500626e-15 3
3 0.3759509952304931 3
3 0.7507559112174862 3
3 1.124560014217799 3
3 1.49898776228029 3
3 1.874554332608268 3
3 2.250762404116904 3
3 2.625946937429867 3
-2.625946937429861 3 -3
-2.2507624041169 3 -3
-1.874554332608261 3 -3
-1.498987762280282 3 -3
-1.124560014217793 3 -3
-0.7507559112174791 3 -3
-0.3759509952304887 3 -3
3.996802888650564e-15 3 -3
0.3759509952304927 3 -3
0.7507559112174862 3 -3
1.124560014217799 3 -3
1.498987762280291 3 -3
1.874554332608268 3 -3
2.250762404116904 3 -3
2.625946937429868 3 -3
3 3 -2.625946937429861
3 3 -2.2507624041169
3 3 -1.874554332608261
3 3 -1.498987762280282
3 3 -1.124560014217793
3 3 -0.7507559112174791
3 3 -0.3759509952304887
3 3 3.996802888650564e-15
3 3 0.3759509952304927
3 3 0.7507559112174862
3 3 1.124560014217799
3 3 1.498987762280291
3 3 1.874554332608268
3 3 2.250762404116904
3 3 2.625946937429868
3 -2.625946937429861 -3
3 -2.2507624041169 -3
3 -1.874554332608261 -3
3 -1.498987762280282 -3
3 -1.124560014217793 -3
3 -0.7507559112174791 -3
3 -0.3759509952304887 -3
3 4.440892098500626e-15 -3
3 0.3759509952304931 -3
3 0.7507559112174862 -3
3 1.124560014217799 -3
3 1.49898776228029 -3
3 1.874554332608268 -3
3 2.250762404116904 -3
3 2.625946937429867 -3
0.2474229232000901 0.1367252460919889 0.9592122310293001
0.1956571371778452 -0.1318420768606503 -0.9717694950143476
0.6799960042083347 -0.1539837507129439 -0.7168643098781473
0.6765436813571207 -0.147186945521964 0.7215432421439959
0.9862091746615966 -0.1655036670690179 2.268424316279087e-15
0.2340587475899379 -0.125773724120933 0.9640526297860409
0.5357821650312163 0.1440778430488875 0.8319729844032453
0.9014283764664909 -0.1557045143239246 0.4039591394189977
0.9013572254399879 -0.1557817389135824 -0.4040881116392652
0.8035465784636467 0.1612800131043104 0.5729761370357755
0.9855460743056152 0.1694076014256468 2.380592521839687e-15
0.6885898765414191 0.1547412799176183 -0.7084483878266153
0.2700927127228476 0.1503626505016009 -0.9510210301923647
0.9016470335012224 0.1653742978242592 -0.3996047654840702
0.3857108260077963 -0.1349654223555296 -0.9126946331981891
0.282087753216097 -0.2665520568533757 -0.9216162436029051
0.4386242092879679 -0.2802328463573296 -0.8538608521585788
0.9704578874966223 -0.1586734416469626 -0.1817532049552386
0.9704862815832616 -0.1586119212769372 0.1816552660605601
0.9701130190428484 0.16458762409489 -0.1783021151819837
0.8097391518138075 -0.1527469944702977 0.5665605543100813
0.3857108260077887 0.1349654223555272 0.9126946331981927
0.8106889638724852 -0.1566586597650817 -0.5641289464085004
0.8260840788619696 -0.3161653744940109 -0.4665024658261016
0.9485136851060296 -0.3035895377450296 0.09030604486045789
0.825743540375156 -0.3071808900042837 0.4730618419877883
0.8186174911880291 0.1596029800896023 -0.5517175834315372
0.7360367017617546 0.3050579147201816 -0.6043092274045236
0.9419950194721315 0.3177551550895386 -0.108060375271058
0.9422102311275898 0.3248883081973625 0.08177693779513372
0.8863657691325106 0.4626055711381004 -0.01875656850612344
0.8695079063645318 0.4637902598563577 0.1698664052481854
0.2915655441465608 0.2667340539004096 0.918608990787905
0.6003840095675178 0.3100053146834353 -0.7371809451713024
0.6300452771173546 0.4600714286821378 -0.6256014939979702
0.4906611648920926 0.4609280169546083 -0.7394572228689278
0.5011381692253659 0.5976720406435714 -0.6258183979225903
0.7996940492062794 0.5967088051525244 0.06654344083011847
0.770716785242056 0.5888881796771317 0.2433235475302479
0.6829335441009571 0.715721178706034 0.1460991741706689
0.6414288387092844 0.6970498084191361 0.3204537555637393
0.7052525836867353 0.7076588585794741 -0.04286878907993981
0.5801859793812789 0.8132997181816162 0.04390669351123919
0.593876006925216 0.7907368491006527 -0.1484807188591582
0.4531608370906527 0.8886424309936237 -0.07042645500833994
0.4254021645603754 0.8974372303636274 0.1167879100960748
0.7045128037645184 0.6812212149926834 -0.1989958933640326
0.7185191565686467 0.5613914637807201 0.410572583154332
0.5767523085935115 0.6589959103597093 0.4827848016054698
0.4619833401026782 0.849897908812952 -0.253465851867553
0.6439095391536046 0.511142907946898 0.5693096108819712
0.5037089398589459 0.5928987253736872 0.6282900646647486
0.419045967541921 0.7287145680359689 0.5416415377526049
0.3465694527142016 0.6485952793597284 0.6776531399157349
0.5623836098021379 0.446908166503708 0.695699479759911
0.9098795225642394 0.3103186933737427 0.2753571552748987
0.7556840197159636 0.4503303639352451 -0.4755462392490061
0.8716474006327604 0.4406219976845108 -0.2146696627999942
0.4535123517285322 0.3092308839326173 -0.835884446111966
0.3330989842369884 0.4337228713907254 -0.8372153471675438
0.4445797936380464 0.2631003309748289 0.8562283707806508
0.3437264838433872 0.3893515587138873 0.8545510330177642
0.7541293732962081 0.4367618097740464 0.4904365502843035
0.9134532890901539 -0.2890275233755406 -0.2864719521729504
0.8098985088869758 -0.4622612720444726 -0.3610802150083543
0.3378782062260484 -0.4089785642901885 -0.8476879447701282
0.4792315780780007 -0.4035688076521372 -0.7794031768366751
0.3712083529739834 -0.5366761376396902 -0.7577486931499696
0.2946386325365066 0.9556084980943378 0.0006889026791624478
0.2578077855129369 0.7629055785090787 0.5928829766561386
0.185086978207045 0.4332324720582518 0.8820728063218369
0.2664822914382247 0.9468958340985089 0.1799318418644187
0.1335182117100441 0.9882006740379575 0.07504875064035678
0.1388055885970229 0.9853228009417752 -0.09935787094382116
0.1154413471290617 0.9652106271102433 0.2346097625557775
-0.02758761594285501 0.9995661964105296 -0.01031224708665189
-0.01531175248231912 0.9805987145415991 -0.1954269973040664
0.1801053428782224 0.6752789808504782 0.7152344814732141
0.09559350713704176 0.7771689003970421 0.6219890526760844
0.009339663522850946 0.6844859103340151 0.7289662607003801
-0.07610506435476881 0.7790967397720123 0.6222670562195767
-0.1603660141441515 0.6813335750769355 0.7141899614111079
-0.2439085416263228 0.7596600826592159 0.6028475612755795
-0.1781858831411444 0.9789370752508395 -0.09965938866229611
-0.1760414419089349 0.9450634434513582 -0.2754351077522339
-0.009846546217350788 0.9317325527451057 -0.3630117018536433
-0.1472134593624868 0.8807866910172593 -0.4500477778074195
0.006058644413982348 0.8539052581929417 -0.5203932194584306
-0.1412224204807226 0.7880399302219124 -0.5992072231952893
-0.309073887992817 0.8019902419539356 -0.5111604284093902
-0.2974677210644538 0.7034453945222114 -0.6455056404480216
0.215281223622462 -0.5223391844027366 -0.8251156108043887
-0.338704672650454 0.9245229860084964 -0.1747466539498896
-0.4442525842109398 0.6982000598443117 -0.5613878497574575
-0.4337021469700255 0.5862722491528064 -0.6842421337413387
-0.2826573804723272 0.580114278311333 -0.7639189939802802
-0.4118563672557447 0.4439899916499966 -0.7957683205968538
-0.5521756464167668 0.463132133107891 -0.6932609052782081
-0.5276819967708494 0.314748026890453 -0.788977433043871
-0.3222053588315801 0.9466372005503619 0.007856034265868537
-0.4735593786166714 0.8787745533208483 -0.05913374129831216
-0.6617467134091005 0.3272710974155804 -0.6745256971299578
-0.6301955411491947 0.1724067554292217 -0.7570531623327665
-0.4902919693284983 0.1564298603858861 -0.8574050872205244
-0.5836049802427268 0.008698497106689471 -0.8119911102862958
-0.7150912798349328 0.02525060475689339 -0.6985748839340339
-0.6622438347837379 -0.1223675543896389 -0.7392288447589338
-0.5300379697567034 -0.1478797180510545 -0.8349798438317734
-0.5927702531472397 -0.2620613478986458 -0.7615426954027609
0.2499869844907617 -0.6529529256449407 -0.7149538338081195
-0.7256815092165503 -0.2610448637958928 -0.6365861499176476
-0.6387454162041146 -0.4085933839111625 -0.6519629896721575
0.08851281376412233 -0.6375052287305011 -0.765344736142367
0.1206704846330067 -0.7443367196208458 -0.6568116030967431
0.2704512856773565 -0.7580267911869147 -0.5935077808406006
0.1416156911592063 -0.8438454641324652 -0.51756142503143
0.3000045452028061 -0.8446042427302404 -0.4434421563402995
0.1647915713570328 -0.9204104109242359 -0.3545256175115686
0.3289897750443042 -0.9026889767140134 -0.2773415569930074
0.1862189314249026 -0.9646126606693459 -0.1866679524057971
0.02055652050602027 -0.9678202378600245 -0.2508015483469971
0.05405930159353471 -0.9970029549096371 -0.05534166434677765
-0.3268405213439837 0.6527770188326139 0.6834160060253185
-0.7604887262739297 -0.3874870799638815 -0.5210668479872044
-0.1291024489410852 -0.9805206754239081 -0.1480262231621733
-0.1105346873043985 -0.9935111515327117 0.02678945095860867
-0.274556560661243 -0.960781697334712 -0.03895157332508037
-0.2493904986752762 -0.9585357262410508 0.1378899586265746
-0.0846792458105837 -0.9750154179505959 0.2053639697891908
-0.2276273710301123 -0.9242224345160179 0.3065920277750299
-0.3794063220043316 -0.8902000124722579 0.252180055947209
-0.05909207701051575 -0.9291387248308148 0.364978569856301
-0.2012195967804167 -0.8633054303831712 0.462833023608357
-0.02011802801783441 -0.8518523953395932 0.5233954160124742
-0.1562734607246147 -0.7699796708012763 0.6186355243808025
0.109891185502937 -0.9029488983894539 0.4154602438814461
0.1512867515380189 -0.8121887316138825 0.5634374703980082
0.2802598817158215 -0.8502688650843256 0.4455303084738979
0.3200288472298969 -0.7430906552473374 0.5877055512965537
-0.242585422135928 0.5540885281665912 0.796327957515818
-0.4029564267848642 0.5130743718830737 0.7578791506761244
-0.4956800342005469 0.597831176889832 0.6299993552643234
-0.5685422397431241 0.4483128483784262 0.6897646784278637
-0.4782647660131842 0.3557531010822867 0.8029337112493723
-0.6112861289817947 0.2903163452032881 0.736237521607163
-0.7028633442477672 0.3711588653260084 0.6068148119506928
-0.744033371207918 0.2046554968207934 0.6360270985972334
-0.8163963579217038 0.281466950357432 0.5042552355986638
-0.8424539012590779 0.1076372810328615 0.5279068478294372
-0.8988410432752385 0.1818647547546326 0.3987605671351147
-0.9051706849523047 0.02917113234563098 0.424046077850803
-0.9559789377774808 0.08609995656700102 0.2805192827685825
-0.5187844450727559 0.194060047539606 0.8325883721860873
-0.8467837563910457 -0.05435406774914585 0.5291530073914268
-0.9032151520144287 -0.1289076919857669 0.4093717089864115
-0.8268094794203266 -0.2146344493701622 0.5199212804687416
-0.8765619231350295 -0.2890441800557542 0.3848280874438814
-0.9343985990679695 0.2525168985857641 0.2512657437623418
-0.9833093695679981 0.1385773136486832 0.1178940705112036
-0.6692055078461238 -0.5231494851727554 -0.5277107204064482
-0.7709428673041291 -0.4931767878408149 -0.4030183014304733
-0.01326868368768236 -0.8242583487895263 -0.5660584037746987
-0.848840272802049 -0.3532838379513188 -0.3932692730327777
-0.8514765075390586 -0.4559320484054904 -0.2590631667100926
-0.7633445848520675 0.4420176838918262 0.4710896007172418
-0.9424710268644669 0.3240955967230459 0.08191707823018379
0.05134916602734108 -0.5131878025363251 -0.8567388998266825
-0.7848793023186725 -0.3751755970913512 0.4931609799435697
-0.7280491907991097 -0.2899160443285026 0.6212029161374528
-0.3818393282726021 0.2466161879278782 0.8907183523629956
-0.4169258767811236 0.08549995564755841 0.9049102556908928
-0.9795786222598349 0.1827438874651939 -0.0838474472219167
-0.9196860149661431 0.3810309831868944 -0.09483155449176157
-0.8244321408864232 -0.4525554319174896 0.3398605980625046
-0.2894697166572828 -0.9336363887908455 -0.2110222184129945
-0.7654740023103805 -0.5891424086254705 -0.2587677996697167
0.18455191039168 -0.6941882957295306 0.6957321341169396
0.3399779171431614 -0.6155596559915918 0.7109861642609586
-0.5498158849676513 -0.5473433885275721 -0.6309656945289448
0.436679253773369 -0.7790106532142733 0.4499484764977041
-0.918361361873092 -0.3134756096039396 -0.2415480308386684
-0.9064210956455185 -0.2083369519449171 -0.3674187145792644
-0.6724167548827177 0.4700242326580363 -0.5717804897574063
0.4286449664193001 -0.7429493169852819 -0.5140912420519342
-0.4550561243732941 -0.2939226896206888 -0.8405553974584289
-0.3851639916577553 -0.1739257074292508 -0.9063104036838037
-0.2501954447694014 0.4224902017100158 -0.8711511171293254
-0.3362657254737534 -0.7669713698747102 0.5465164953266468
-0.2956999535427174 -0.6653266511412768 0.6854939713491056
0.3526094331897378 -0.9307323363314994 -0.09697373733398401
-0.9311493891697079 0.274036070557289 -0.2405515476616195
-0.8643386108168851 0.5002220593443253 0.05192934812280565
-0.825869384828363 0.5496136142975794 -0.1259548894722747
-0.5620811910731384 -0.6575817924708419 -0.5016482042753034
-0.4495610270391019 0.8853205162375185 0.1187538062399765
-0.418567244076695 -0.9013374296697696 -0.1113207081469277
0.2099693173185071 -0.5610029202578852 0.800742536179342
0.4865825804611422 -0.8505376099076425 -0.1995574266329651
0.4975090211487662 -0.8673850518986369 -0.01131130489356592
0.6232426574586358 -0.77394169568473 -0.1121732659974844
0.6356996617170897 -0.7691795328490174 0.06518271503201684
-0.1068592054674658 0.5402423023684912 -0.8346971696001213
-0.4584586644472612 -0.6469538713263923 0.6093162900899888
-0.4055266084359953 -0.5362218566928791 0.7402798729232346
-0.2560605633311118 -0.5469979611750159 0.7970108019198545
-0.3554518320572093 -0.4100432118612622 0.8399515221092665
-0.1973037424183159 -0.4358102536012117 0.8781461473375457
0.3567060338575646 -0.474209165962828 0.8049139533679641
0.4805468069489458 -0.5241020904268429 0.7031299774162569
0.03382368316048565 0.7432582210865941 -0.6681490666345727
-0.2922946999035972 0.9397531563598794 0.1772789144819826
-0.9063928839684882 -0.3618741932201029 0.2179426717570163
-0.8403579859567971 -0.5136517635673896 0.1730905000938706
-0.400522465690498 0.8678778854432482 0.2938872750490571
-0.1027435668530266 -0.6002758636265441 -0.7931662165131117
-0.2894671562650123 -0.2782447643426526 0.9158540367109536
-0.4260831118151663 -0.2817730188422012 0.85968433025062
-0.5505428450883586 0.03897800669428807 0.8338964508355672
-0.7402642179389999 -0.6080893812781857 0.286768533866382
-0.7396955700970299 -0.6632745530618551 0.1136544360745606
-0.5532185644786068 0.7992885167333328 0.2347063845200173
-0.9610370807884469 -0.1594715258059025 -0.2257798968171384
-0.4022870382823047 -0.6706405639309919 -0.623222570868845
-0.308624022179379 -0.3125268746451018 -0.8983752921571179
-0.3778232468408038 -0.4370527091561626 -0.8162319055059853
0.1497624261425223 0.8865966486404846 -0.4376272367384904
-0.07727418693535661 0.3900083669194948 -0.91756317153985
-0.2095186688527244 0.2845655664615854 -0.9354808206406904
-0.1262487538524062 -0.2974227727277069 0.9463619531731383
-0.1583445123724396 0.8581361856485797 0.4883946173761958
-0.2101987529304209 -0.1444169091761117 0.9669334209812559
0.7089560255388697 -0.3261508416809991 -0.6253055111886552
0.0434477005106112 0.4889103160089177 -0.8712513989775859
-0.263378825969078 0.1414133188750218 0.9542713803085061
-0.2135564839889491 0.3176305918294338 0.9238530377069512
0.7468282914048382 -0.664148137376543 -0.03398168295712614
0.748790820668237 -0.6475625096000412 0.1413333047921994
-0.9428201774981549 -0.04391579430708045 -0.3303959986330431
0.598229560059327 -0.7487423221020199 -0.2854931322545242
-0.7734184239248538 0.3317376472561747 -0.5401611564399394
-0.1071826777170221 0.1984736828524518 0.9742279357585644
0.4877292482434665 -0.386396638349549 0.7828268124432319
0.6072954628560742 -0.4214496631580306 0.6734778409260466
0.3198164047384695 0.8318631521583278 0.4535649494189009
-0.4941399307840158 0.8344452508310172 -0.2439812537272667
0.2323056762449168 -0.9308401472468413 0.2820827769607192
-0.4327530603842319 -0.7761535261534119 -0.4585962195305433
-0.8711909755647643 -0.09131967897900369 -0.4823764093793207
0.05591946098236765 -0.6213679923367688 0.7815208455203321
-0.07461269179685874 0.3534702319077351 0.9324654102849708
0.5867979755611886 -0.5539367926037374 0.5906116877248322
-0.4947529340826495 -0.7298818412574851 0.4716906104844495
0.2289369138483122 -0.3995299869044718 0.8876731825631115
0.5245645677268261 -0.5374644242967865 -0.6602757052178218
-0.2295052853357393 -0.1814860521557846 -0.9562374897879024
-0.3063810342237867 -0.02376132070059322 -0.9516123483365095
-0.9627228628585244 -0.2609442015383716 -0.07122368295018441
-0.9855040644771472 -0.06032916688631627 0.158562702177485
-0.04882244544489817 0.2408247609084862 -0.9693398802041265
0.06366302114464339 0.3708810115058918 -0.9264957069749991
-0.1213272812787361 -0.03004129497372885 -0.9921578560964036
-0.7621740572553208 0.6471412129542908 0.01729037139601425
-0.7899983379560924 0.5837738839597231 0.1873784364146295
0.8762707189338167 -0.4421998549078212 -0.1913345642029002
-0.7788815533254712 0.46526240650711 -0.4205644052704816
-0.6645061061180209 0.5989237223345341 -0.4469026848843174
0.135790730865133 -0.2839439297202133 -0.9491768655978482
-0.9059305851403984 0.06991647722755082 -0.417614009725805
0.5026669357448161 -0.8487972412287763 0.1639182570409267
-0.8279001635275334 -0.5425001233475945 -0.1423900818137565
0.1240997173583985 0.2544604333968485 0.9590876643910365
0.7942618391994725 -0.5545575367755581 -0.2482218145064951
0.09913956086303989 0.5764942026976306 0.8110645977527972
0.2634681067053153 0.5543295109757396 0.7894956301402269
-0.5981059693715777 -0.5982148482709141 0.5332993950027439
-0.7109954644313976 0.6877264128344648 -0.1466895723895209
0.9485136851060435 -0.3035895377449867 -0.09030604486045542
-0.5684925574043128 -0.7472799696109174 -0.3440768216462868
-0.4917791333960273 -0.06599913721670239 0.8682150642801029
-0.5773158276046837 -0.1127151140469176 0.8087037394883924
-0.6745659491090022 -0.03745318873488902 0.737263886919914
-0.4920402091101641 0.7660598866921218 0.413580321848223
-0.6284579246510036 0.6980785332305791 0.3431136814322576
0.8362135584099184 -0.5463785782416228 0.04708857579163769
0.8347593431327281 -0.5060296680781732 0.2170502570312004
0.7272637809058348 -0.6094751464919375 0.3156381453360497
0.9113269525506466 -0.3112381837286465 0.2694698100790605
-0.6259456387650151 -0.7443992596734159 0.2325119341210845
-0.6124519437548631 -0.7881002904385556 0.06164859123738627
-0.2221420322421968 -0.4656768210205979 -0.8566201117621841
-0.2981128970716421 -0.5897754056606354 -0.750528927808506
-0.1964318887984357 -0.7050618354611927 -0.681397329932524
-0.9841199185578967 0.005724058894595908 -0.1774125729686875
0.3603559487903947 0.580944358502116 -0.729826857888869
0.3456356705233099 0.7090764155938385 -0.6146109502038635
0.474524303185285 0.7259581903636527 -0.4978065804410889
0.703274907653323 0.3699838319855625 0.6070554903256284
0.6799625288593949 0.1382750894529668 0.7200909379959662
0.5641600123404669 0.1628668982291161 -0.8094429281532028
0.4799214033012599 0.7853484102374653 0.3910285426804998
-0.1418900414225312 -0.9378064793142435 -0.3168378504871784
-0.04083950108856464 -0.443016966159936 0.8955825494309742
0.05079680854017462 -0.2760605164082499 0.9597969970376774
-0.451026129092514 -0.009803376752989602 -0.8924569035421609
0.6987400450659864 -0.6072287789554365 -0.3782004223020817
-0.1619569001349708 0.9839548010710697 0.07485260147692097
-0.1387026482146303 0.9630424884677865 0.2308911881905017
-0.8756897291118456 0.4318019342164751 0.2161355776704366
-0.5782075304964235 0.814445126707088 0.04853027158694789
0.21530571446086 0.5514508515212624 -0.8059437993290681
0.7219848455937597 -0.285772747421544 0.6301363499783975
0.3033014732426321 0.2956238137418081 -0.9058779040674287
0.4163026641094731 0.1599960264438755 -0.8950381910161855
-0.1325762669249575 -0.6582297488800307 0.7410513687576417
-0.414366572191546 0.7234121147306254 0.5522456483406571
-0.4948670866041772 -0.3936240062414502 0.7747042715167669
0.5549711957938642 -0.141966261735522 0.8196661224962086
-0.7279695421113264 -0.679016914660854 -0.09484922436520114
0.5399524430347863 -0.1352317014349963 -0.8307609440674025
0.007239042206273871 -0.9068662238058232 -0.4213564386455991
-0.1377697246457414 0.03088761568154998 0.9899825544768682
0.1801489446734706 -0.4018270870346706 -0.8978203327271365
0.902471006215972 0.1599066155132569 0.3999699454391872
-0.3624654119162125 -0.1371572196261917 0.9218496202032211
0.6365866441202402 0.5999404107331172 -0.4845915270587272
-0.1520912807038619 -0.8675518842038812 -0.4735208237745777
-0.06402758631307923 0.5735420384618035 0.8166700669842138
0.01121004703819149 0.4818375912391629 0.8761888326806287
0.6323166744275436 -0.7381903178193241 0.2350546275202791
0.7178589715008329 -0.4415510212747468 0.5382482630227379
0.3989226474628332 -0.1371432433456058 0.9066710826677401
0.3693917615700305 -0.3204762448991744 0.872264124528525
-0.2349741459505189 0.9099074754880269 0.3418413912706156
-0.3293540337693273 0.8302880756479405 0.4496083093946469
-0.8619286719433533 0.3244964594603301 -0.3895908267396417
-0.3389645087162299 0.8751812873540517 -0.3451967208651753
-0.4663923419145926 0.7841015558676946 -0.4094666451486403
-0.7549014465630866 0.1854612466057618 -0.6290690995307242
-0.4371008408815935 -0.8548285743856912 -0.2796622307612003
-0.1549937851366477 0.4650175527033472 0.8716281330055865
0.1468709146708488 0.9513070533341572 -0.2710052115742997
-0.7799496776104314 -0.1138325251653352 -0.6154028409179366
0.6016059696204328 0.2675711916763971 0.7526459424602857
-0.9118183028407471 -0.4081888568095763 0.04437611723788994
-0.3002427502231373 -0.8752991575500669 -0.3790853145804911
0.2998630032356252 0.8907602776134725 -0.3415088682837983
-0.3764871056185331 0.299655057969089 -0.8766209588736293
0.06558628593014429 -0.9666899817820745 0.2474043617644234
0.1656939533195824 -0.9797767087109029 0.1121744841795967
0.1963148678799419 0.4022523050512694 -0.894233501793699
0.2216363741515799 0.9116271669267726 0.3461404717365582
0.07133796395107098 0.91894098403823 0.387889627025737
0.3811290380017636 0.8782736579943566 0.2887490918861251
0.393764912576593 -0.6507747758486827 -0.649185169841891
-0.05327573049805481 -0.2184233146455204 -0.9743987644487049
0.02450305286355669 -0.392850678903131 -0.9192757717277851
-0.117069398163664 -0.3189395509694032 -0.9405170486711195
0.9700332749903201 0.169697922957099 0.1738909438573513
0.7280269927689922 -0.4724165140445762 -0.4967890246953012
-0.3169150130980221 0.4174348881852675 0.851653091698042
0.8249240933661183 0.4474987219543725 0.3453188874551915
-0.5139144681865033 -0.4118292632386938 -0.752521479646168
-0.6553322738643796 0.1274928976324335 0.7445033054896584
-0.859092191473931 0.4386963997515683 -0.2636400489180865
0.01642739048756438 -0.7549998815003883 0.6555191223573639
0.4589659352264069 -0.8115897106896081 -0.3614863922812421
0.4724517581866862 -0.665781734083487 0.5775153839917115
-0.9999497479151227 0.005186251244751343 -0.008579303148206596
-0.9900069136764093 -0.1396023884586416 0.01993700101703143
-0.2844558132794874 -0.01320825770310995 0.9585981599293594
0.5968231393225032 -0.2729557350165625 0.7545179302646161
0.5401303916413998 0.8111615307760576 0.2242233953323141
0.5723480170110139 -0.270870182777441 -0.7739813250367711
-0.8606216466018677 0.3566323048671928 0.3635158600740877
-0.4308279584631604 -0.9000352245985225 0.06575610000868627
0.05764201785487519 0.6310996817602946 -0.7735571016154354
0.3070833884473354 0.8181161201866405 -0.4861952348907394
0.8054044254646273 0.5775136766192936 -0.1334228794459913
0.7651457589454481 0.561233182324625 -0.3155460071456591
-0.5682708611874021 0.6538774125994062 0.4995123197856428
-0.5766551070456674 -0.8029860970772678 -0.1506061599628868
-0.1157476770673151 0.6764701179922593 -0.7273174373800337
-0.6145738578491083 0.7253300666896501 -0.3101536193637788
-0.8292518418602143 -0.240164814480925 -0.5046407084815742
-0.943099714586307 -0.1958687785644077 0.2686975063727116
-0.7532320350529413 0.5896440613145838 -0.2914813584544435
0.6020280646559297 -0.6754837752503168 0.4257744458515745
-0.7693107038016903 0.03087099513443242 0.6381285314696074
0.3444981625430832 -0.9329045237412962 0.1049293361623177
-0.559955619298274 0.5862719709677571 -0.5854356330749503
0.1001971046592941 -0.1510491317696772 0.9834351529254591
0.08187326498709296 0.1343771381878192 -0.9875421779411778
0.161563525834729 0.255017692399206 -0.9533431720441673
0.4137120669872739 0.5057999361875679 0.7569734144484664
-0.04551955889007248 -0.7274031874801418 -0.6846988919241677
0.3045281050019075 0.9366400791993269 -0.1731126664962034
-0.2078811208184258 0.1319013275311274 -0.9692200366288355
-0.4305755057194622 -0.5429999993658837 -0.7209408675911497
0.8373646958600783 0.3077786955728457 -0.451766134940011
0.9150754553922407 0.2838647342426143 -0.2864571932978002
0.2005405582129974 0.6874672392900972 -0.6979772771476673
0.7965746670261347 -0.4669084457774983 0.3840121132384287
-0.286254146874928 -0.7811335094347533 -0.5548774674061413
-0.05134147051352594 -0.1514673042725197 0.9871280105143024
-0.683930162600728 0.7118337738294199 0.1597880193278206
0.5648557418341105 -0.696503398500661 -0.4425166740294271
-0.7633728182552676 -0.1320402001600526 0.6323190064284827
0.8202713439603024 0.3090416571437014 0.4812984276178701
0.1670222649624374 0.7993239554039001 -0.5772216015745437
-0.00731730806950499 0.9895644583809891 0.1439049676409948
-0.6789270481533765 -0.6276970474547 -0.3808601841915152
-0.5452645267649233 -0.5007402516085395 0.6722691397579104
-0.679147483963822 -0.4431158677080821 0.5851555543707363
-0.7947677680864916 0.5084165022965492 0.3314466095819351
0.3931224696353962 -0.863512875982591 0.3159117548937386
0.8291472961181331 -0.550360704485867 -0.09807066991618352
-0.3606719421743689 0.1435842354509552 -0.921574368924252
-0.6453719251711378 0.5150220360699831 0.5641341866641556
-0.6953052754781809 0.5791784707692913 0.4255618320403701
0.593421546107177 0.7314766778469252 -0.3358463017241567
-0.7206068151832927 -0.5280135968864879 0.4493633934961607
0.6138090642897249 -0.5834412645649256 -0.531822078705513
-0.9645007802411657 -0.2415592280909096 0.106711687449438
0.1653349956332668 0.8513792577626643 0.4978129153310935
0.008077657442229855 -0.1075506599416453 -0.994166790330658
-0.08493851775792509 0.1057792452102065 -0.9907553681327422
-0.6237997880845648 -0.6797781375227161 0.3857142830279938
-0.9110694242021864 0.2050129780025617 -0.3576621074903206
-0.8461668155019173 0.2164149194557974 -0.4869972309780466
0.6002809794562959 -0.3927589710515609 -0.6967087887787187
-0.3703743483918487 -0.8386119401873918 0.3994406787352181
-0.5061784877750596 -0.797053298998476 0.3293772564543581
-0.5175082119863309 -0.8345876693907766 0.1888085607899777
-0.0851081172298359 -0.4587030609239615 -0.8845044433356912
-0.9593491688339899 0.1285072705200848 -0.2512668973044604
0.05415541017597011 0.1532530133483631 0.9867019334370025
0.01999068991611837 -0.9947997670218182 0.09986889330524243
-0.08071939888986661 -0.5551685597901849 0.8278117230767819
-0.9909700047269002 -0.09320863830715496 -0.09638775584322541
0.08561423664773148 -0.4939975275358452 0.8652379125256232
0.005594007180233614 0.8621979837553698 0.5065405649025975
-0.0780250919926256 0.9242823648996301 0.3736498293256528
0.8335390026553557 0.4248627764429391 -0.3531350340103797
-0.8243281891196849 0.04119121636167686 -0.5646116544292249
0.06856275794639312 -0.2087706107179839 -0.9755582916070287
-0.5883661464643053 0.7987243472714093 -0.1259551299892339
0.9003616864671933 -0.4346559475241209 -0.02056795623926094
0.1802993092891572 -0.2488122825514484 0.9516220925984175
-0.5488322529051974 0.6824000265311075 -0.482818145849293
0.01447839438899542 -0.2893317641842596 -0.9571193793513643
0.5204090946633038 -0.7919745137480615 0.3192972655148207
-0.5421331186077868 -0.2456194843784125 0.8035936476866141
-0.6643145983251952 -0.1954951239673313 0.7214345229866896
0.7134553262085398 -0.6752682242292816 -0.1870676959041798
-0.8434067418352484 -0.536973181434411 0.01802415731893935
0.4218317011626611 0.8180722247308235 -0.3909166804041193
-0.6261334470589067 -0.3505477580297072 0.6964719490506973
0.6948908028508316 -0.5593170390143575 0.4519858648028039
-0.7265262917255565 0.6228630927091017 0.2901742841334577
0.4835639678725612 -0.2517870497199959 0.8383132890325937
0.8970137601574985 -0.4251695181205379 0.1208188517958
0.2219009512582623 -0.974676772415771 -0.02766147400001779
-0.466861307066986 -0.1678559046098461 0.8682539462918183
-0.8984387292910941 -0.4253474845332433 -0.1090292030194049
0.4809874855697105 0.3820249856893172 0.789118463245161
0.6335584145392613 -0.4767264974758125 -0.6093731057168027
0.7173387809271057 0.2419502277786152 0.653364492956183
-0.01578602640317278 0.9632247405711659 0.2682329221441849
0.2962826065382699 -0.235480947409089 0.9256161950129258
-0.9496001237452613 -0.05413615528677455 0.3087537557241218
-0.141584196084041 -0.7923888210450059 -0.5933581310660042
-0.5185346147420218 -0.8543723725365389 -0.03420091169294518
0.5056157044334852 -0.6459788921567547 -0.5718951217820993
-0.0007930286775773214 0.2641004729729717 0.9644948477213184
0.04140447030768941 0.3669220352342685 0.9293298068490442
-0.6721492129286801 -0.6981781354052936 -0.2465009671407868
0.9435850458098226 0.1551443877013758 -0.2925362888409574
0.9433430625834536 -0.1524663019739165 -0.2947166317635785
0.9437328731952571 -0.1580984095297426 0.2904705784667196
-0.669656170509716 0.7416834929869648 -0.03829111553503143
-3 2.697178575269081 -0.1877926374024468
-3 -2.695607690504876 0.1844070424630502
-3 -0.1865121165853907 -2.673129998832732
-3 0.1981671148598609 2.681539315630156
-3 0.9565662646588273 -2.680973177298186
-3 -2.684201651999269 -0.9108137075682303
-3 2.679305083053523 0.9434571166938683
-3 -0.9377653634442291 2.683336364403112
-3 -2.68003467641748 1.310178262823884
-3 -1.32546801520462 -2.674723240667241
-3 1.333391295061565 2.686710289930403
-3 2.699221962866813 -1.29323502478748
-3 -1.689884768870384 2.681652979619967
-3 -2.685825112813567 -1.711642935804413
-3 1.716899631250644 -2.682873629463664
-3 2.641759551184941 1.688443103612093
-3 -2.067556194576263 -2.676562546715169
-3 -2.748547011355869 2.052217481496452
-3 2.685928715350344 -2.095750194051266
-3 2.084093397560301 2.677462503754636
-3 2.677259157425534 2.441261080861629
-3 -2.437134927396068 2.682145363131338
-3 2.442338286178192 -2.683229096188715
-3 -2.684766696341175 -2.440876271982357
-3 -0.5658467445773896 -2.670412495812076
-3 -0.3745522042845573 -2.340521101443929
-3 0.007903799686318713 -2.343228680864215
-3 -0.1825637125494444 -2.008461377523832
-3 -0.5675823068457442 -2.008171060021797
-3 -0.3783552361039133 -1.671424819110132
-3 0.009886336719264754 -1.671328869002392
-3 -0.1870351039720708 -1.332870017571518
-3 0.2038301657779464 -1.332723949096979
-3 0.009596864469815003 -0.9947009599675534
-3 -0.382527627577844 -0.9933873520470495
-3 -0.1832613985095177 -0.6543390951654016
-3 0.2098431836877563 -0.656923133110348
-3 0.01643544936753738 -0.3143290482664414
-3 0.4106422950810029 -0.3159975919048055
-3 0.2138557626474622 0.02822119263043499
-3 -0.1799285559112676 0.02982199936576713
-3 0.01738346746462982 0.3706891330925979
-3 -0.3750855583261568 0.372691424177678
-3 0.4037588758917026 0.375401171428225
-3 -0.1783250453481511 0.7104372613986216
-3 -0.5681839820485433 0.71312224864797
-3 -0.7674401839469662 0.3761086724741629
-3 -0.9579587382399897 0.7182883130932312
-3 -0.372158969149873 1.051200532418675
-3 0.01531536454347959 1.048049041964664
-3 -0.7739942236372421 -1.669714869112161
-3 0.6052960269978964 -0.6610682804281582
-3 0.8068391940520119 -0.3232617913990303
-3 1.001214376104988 -0.6679113018852219
-3 -1.158754998253307 0.3835223479757852
-3 1.203484240564611 -0.3313342285667433
-3 -1.34709042917941 0.725682271395109
-3 -1.147128558628035 1.05880947817482
-3 1.394868408922257 -0.6752759853878092
-3 1.193353030317818 -1.013162389615308
-3 -0.1776912777947399 1.386123838784285
-3 0.2087327213498611 1.383748039862126
-3 -0.9663925504794584 0.04053877146559159
-3 -1.359317358167692 0.04635947756867065
-3 -1.165427461063032 -0.2987812439868369
-3 -1.559920715383368 -0.2935364543829899
-3 -1.36631575853007 -0.6394946686026994
-3 0.400156196067444 -1.676464312071427
-3 -1.53487247092595 1.065374998511011
-3 -1.334881417909249 1.395878680405565
-3 1.5842377063378 -1.019216568086977
-3 1.384285467270429 -1.355335228321225
-3 1.598398198552724 -0.3372116984521369
-3 1.406593906577413 0.01093330982208318
-3 -1.735957138988391 0.7348907667664122
-3 -1.721443405313261 1.402353360525628
-3 0.01863053776254375 1.72023747686194
-3 0.4038243607525045 1.718261951082451
-3 0.5938036604393568 1.383521807975646
-3 0.7885989109608733 1.714739231080232
-3 0.97784542259045 1.380390900430115
-3 1.174828931713247 1.710791283926262
-3 1.362774817177231 1.374061818555703
-3 1.560474049843319 1.706225358876197
-3 -0.3676303146998583 1.723266719455014
-3 1.165250671753507 1.040916540058265
-3 1.552340294209498 1.035876112611348
-3 1.80305643402387 0.001783253771232118
-3 -1.523350320599437 1.730929487694574
-3 1.77303684010303 -1.360249821081196
-3 1.574973130954599 -1.695086845197759
-3 -1.761455575402764 -0.6336570439324443
-3 -1.567648275971713 -0.9792843163575569
-3 1.974305410141371 -1.027493179165229
-3 -1.955555508237341 -0.2878250932903459
-3 -1.907714798688593 1.739079961699527
-3 1.187703428869305 -1.691771267411046
-3 0.5983029975336986 2.045681311123833
-3 -1.173818427461054 -0.9853667092755702
-3 -1.376092533744838 -1.32300688601946
-3 -1.769243062093937 -1.317251639342104
-3 -1.578220999773625 -1.658107042784761
-3 1.962268518302914 -1.700435025390377
-3 -1.137503502159841 1.727781346896891
-3 -0.9609328125208987 -2.007602028322888
-3 1.987558933338867 -0.3497086492037105
-3 -1.32876646458207 2.058406548400338
-3 -0.1701947394957788 2.050050487835724
-3 -0.5560356581122399 2.053229200494162
-3 1.379556016240985 -2.024099203006537
-3 0.9849935177433915 -2.022482971414429
-3 -1.962556964623342 -1.650547623892124
-3 -1.775535731991656 -1.989943603294472
-3 -2.136249216352966 -1.963924909480607
-3 1.353955132326346 0.7024305421662729
-3 1.743617069186294 0.6992064505585134
-3 1.936967252817764 1.034053840976441
-3 0.5997624886250663 -1.34244897437084
-3 -0.57677790309338 -0.6497585434269491
-3 2.118272543155546 0.7115611925669558
-3 0.9675152566131091 0.7096282322272502
-3 -2.169054436315194 -1.312236793939066
-3 1.371562078768279 2.036177584630938
-3 1.758568407907649 2.028976459502326
-3 1.941869573301529 1.697010330672587
-3 2.117159251204332 2.005256518249913
-3 -0.3651335725001221 2.369838603153303
-3 -2.13050701114607 -0.6487551262353128
-3 -2.093630926923311 1.418508227124048
-3 -2.354543361052947 -0.3361979433755704
-3 -2.128479661167856 0.04122655109816886
-3 2.150917528045261 0.002721554966266471
-3 -2.25974742326315 1.736368755721213
-3 -2.064081791432519 2.055207649232605
-3 1.170647845274861 0.3641887032369868
-3 -1.386525243976826 -1.998103147291295
-3 -1.556335710159683 -2.329794649356238
-3 -0.9770223212249336 -1.328182580188468
-3 1.548105075053654 2.35544421012138
-3 -0.5634550081199161 1.389389319203986
-3 0.6050239407050411 0.02596581236891282
-3 0.9941270994353801 -1.349371720323484
-3 -1.548924049863538 0.3912809647553068
-3 -1.936214919839653 0.3960877289158753
-3 -2.122885841351484 0.7419917739077286
-3 -2.363291787849256 0.3745721451456614
-3 -2.509020606861715 0.7518613317973859
-3 2.703599191198268 -0.5685060531074169
-3 -1.921220903083992 1.076402989081462
-3 -0.9418931006023947 2.050146279232533
-3 0.9838353062083742 2.039686943113137
-3 0.7790999756702819 2.361281846717192
-3 2.141768300683788 -1.37862296732713
-3 2.300528498354439 -1.703496244337424
-3 2.118385653152672 -2.021040765557028
-3 2.367598819997457 -1.066391947985361
-3 2.156483551992842 -0.7107380119993132
-3 0.2045609624180136 -2.01210619846379
-3 0.3920694049610631 -2.349213957893944
-3 0.5914861334323782 -2.016251728583598
-3 -1.748068702109908 0.04893219577744734
-3 -0.7718791913557324 -0.3047311373012755
-3 0.2079325285085352 0.7130364904434723
-3 -0.5794007369941245 -1.331504879956402
-3 -1.175464689146394 -1.664119425619839
-3 1.163707391758205 -2.351131409937402
-3 -0.9497708951965711 1.392499733308263
-3 -0.777064669047431 -0.9902964781649275
-3 1.760251779954095 -2.023932641719481
-3 1.932747244160662 -2.356568786382276
-3 0.2146834296137108 2.046542028552363
-3 1.782642034880976 -0.6866073487158628
-3 0.7930381440288277 -1.683131829029138
-3 -0.752714746481804 1.722718766431807
-3 -0.9718805684251168 -0.6447381301263766
-3 2.688604533642302 0.5670086530524143
-3 -1.960978626278128 -0.9746251720494459
-3 2.700639995055395 0.1885070536914482
-3 0.1928652475966004 -2.674550069158765
-3 -2.349471953923695 1.108547268246699
-3 -0.5726045123541255 0.03386313421524356
-3 -0.7597760252304879 1.05388493747449
-3 -2.691347182754867 -2.079957523201571
-3 -2.062966598434699 2.687589124915978
-3 0.8026319197519376 -1.00505464997948
-3 0.4051601082184026 -0.9988199911588937
-3 2.675394664183045 2.09246304922515
-3 -0.3780026853094145 -0.3099121150965103
-3 -0.9535746321642407 -2.667445134454604
-3 0.3996057183983668 1.050538384573716
-3 0.5754460702898969 2.683396484915544
-3 -2.639910963819725 1.709499610512974
-3 2.357290585164413 0.3699335336842733
-3 0.5702348980244927 -2.680129296676382
-3 -1.171300568338007 -2.326456558886223
-3 0.7823900288698593 1.049021519673332
-3 -1.70996182374834 2.063999272062161
-3 1.747335676148953 1.368612296732977
-3 2.110352836516633 1.372697369794487
-3 1.952910100382807 0.3589530067082283
-3 1.571796747961931 0.3562492110438855
-3 -2.694637418597216 -0.5474447562723888
-3 -2.597790435154739 -1.311066236273067
-3 -1.31740990438779 2.681846890442589
-3 1.004085556160164 0.01386085791824332
-3 2.674295475064462 1.287874315927758
-3 -1.959067309665525 -2.317600795462101
-3 -0.765631544788473 -2.33676806315692
-3 -1.701722581307468 -2.676106665695459
-3 0.590093994047268 0.7166921872018843
-3 0.7765096017630588 -2.35003042363399
-3 -0.5595754504728916 2.687267822768893
-3 2.337315669175222 1.07452679169117
-3 1.341425546538548 -2.675312492123348
-3 1.549097934983856 -2.352319693772118
-3 2.37134936710345 -0.3701193823724949
-3 2.283924829080629 1.68596176651823
-3 0.7901875781153578 0.3676228273969167
-3 0.02159658403550457 2.361645826487022
-3 -2.676209747634278 2.412237549353509
-3 2.438766312647197 2.694681921435659
-3 -2.436404563602965 -2.689511524137612
-3 -2.696405856152256 -0.1879754976152408
-3 1.918445517051286 2.352044889839437
-3 2.647404580500464 -1.698923434776116
-3 2.693869346096699 -2.456653664191036
-3 -0.7494467826765288 2.367861812256917
-3 0.9572764897918988 2.679357244945938
-3 -0.1823854182838942 2.687824409827009
-3 -2.34492320102173 -2.294651270011117
-3 2.089135691995832 -2.678976595233157
-3 2.704569790711662 -0.9360093534128295
-3 -1.882498635258983 2.372771140324368
-3 0.4016432001080532 2.360689343133141
-3 -1.514730282685782 2.365508653128932
-3 2.33264166477457 2.315763341189665
-3 1.703074749224004 2.685390611332588
-3 1.162211703425674 2.359776353243165
-3 -1.13392607072449 2.365647750337073
-3 -2.324998936218211 -1.627757944227916
-3 -2.320452908736933 -0.9914644958737662
-3 2.340154929377399 -2.323551578770088
-3 -2.251112862481198 2.385438420972554
-3 -2.71358401704317 0.4875094851708157
-3 -2.707705447440578 1.009180557660651
-3 -2.409444090423123 1.464129179492551
-3 2.436157682838201 0.7332974575377365
-3 -2.396787692869562 2.037462949617639
-3 -2.732192507183039 -2.732197817724086
-3 -2.725808265873683 2.725808265873683
-3 2.727232473818701 -2.727232473818697
-3 2.727043856464571 2.727558705370391
-3 -2.447665671345439 0.01520645954321331
-3 -2.439071243858345 -1.894125319098397
-3 2.461140615657045 -0.7462358712886985
-3 2.410175992085504 1.95757755575901
-3 -2.432673642378826 -0.7229744826273228
-3 2.409529672204378 1.421900669508747
-3 2.418480475347064 -1.968552443498384
-3 2.431304432480593 -1.428133923842702
-3 2.468743927131762 0.0001692067142413656
-2.674913154422163 -3 0.1879754976152483
2.670894153581945 -3 0.2150419379003847
-0.1886514224948046 -3 -2.673222796840757
-0.235078636416703 -3 2.69499380737052
0.9480829458157363 -3 -2.677944286833614
-2.676276150762873 -3 -0.937657962717636
0.906957517774023 -3 2.69979572588568
2.671271193589153 -3 -0.9046965283205104
-2.659025153821064 -3 1.318944669518714
2.676006104529479 -3 1.311773888249046
-1.320361897284211 -3 -2.677596970734062
-1.309074211936265 -3 2.665490398938865
1.686787835970497 -3 2.67998872737231
2.681143302647067 -3 -1.725033846139792
-2.688630216522397 -3 -1.686853802665842
1.699451060134535 -3 -2.674446193137777
-2.655707611835683 -3 2.042700253777416
-2.067556194576263 -3 -2.676562546715169
2.659746392480756 -3 2.044859604530413
-2.06265836836258 -3 2.674915236163871
2.683688032782229 -3 -2.441597003495382
2.452654346484143 -3 2.678315815125683
-2.685416408503556 -3 -2.436054596880684
-0.5686247968808802 -3 -2.676546653790203
-0.3796307431842862 -3 -2.34240703693052
0.004025829822499105 -3 -2.339307665084418
-0.1886362359178562 -3 -2.005326627591654
-0.575157650760981 -3 -2.010709438457337
-0.3878501933254341 -3 -1.672726831804594
0.0002721782234873515 -3 -1.667297534594484
-0.1996557698573205 -3 -1.331912384095015
0.1918319022359105 -3 -1.328137233692605
-0.009252979502418324 -3 -0.991800983653631
0.383619342429582 -3 -0.9867036435227368
0.1812151143957412 -3 -0.6490361809236287
-0.2124067624670918 -3 -0.6564805236565072
-0.02347574829201271 -3 -0.3111851995282908
0.3723817864933858 -3 -0.3007428975372148
0.1615842645721135 -3 0.03784094943919536
-0.2313497282566659 -3 0.02463475479623911
-0.04791837455514791 -3 0.3732678680856392
0.344907409828016 -3 0.3867824013442385
-0.4414945644167791 -3 0.3612874295504498
-0.7745651462876895 -3 -1.679963377954285
0.1372839956109804 -3 0.7195735110018315
0.5271807904994308 -3 0.7318912883565276
0.3212813582029401 -3 1.060903322042525
0.709191825562892 -3 1.073800809330733
0.9133891129072311 -3 0.7451053807508146
-0.07539934951151839 -3 1.052430825355936
0.5834929115027938 -3 -1.324078358617592
0.7769251714996805 -3 -0.9833818737327706
0.9755829532166214 -3 -1.322237811148646
-0.6259920039567146 -3 0.01224384588947114
-0.8347960872524931 -3 0.3470460681847656
-1.020844071971225 -3 -0.002195396283175111
1.097061926540755 -3 1.0852131695378
-1.228225752829662 -3 0.3322947695413587
-1.044890176962837 -3 0.6808288909441722
1.168349891948901 -3 -0.9824529420132864
1.299062294345529 -3 0.7564581453019219
-1.413613508818949 -3 -0.01736986503267657
-1.205793446339925 -3 -0.3512795290928241
0.5017686197641873 -3 1.404423332224935
-1.438031362307547 -3 0.6665137036199589
-1.2540411864826 -3 1.013623684098996
1.366269940297908 -3 -1.320439784227859
1.482648053704493 -3 1.094969685867548
1.28139909209428 -3 1.422331080911513
1.118061738830823 -3 0.4161587430175242
1.503620531490231 -3 0.4294995374872759
-1.598280149239212 -3 -0.3669406436933467
-1.390867202256941 -3 -0.6982117162439812
1.556064123230805 -3 -0.9690952500345746
1.666231166353263 -3 1.434187767386253
1.323457621549989 -3 0.08901432344437898
-1.64588812388818 -3 1.001806604289714
-1.460968746119 -3 1.347450192297707
-1.069927670838793 -3 1.357872831537897
1.710792853430488 -3 0.1023044842573491
1.17229588501756 -3 -1.660667471632699
1.561438918010319 -3 -1.659158126001572
1.88946637979326 -3 0.4440264732666437
-1.272545899527402 -3 1.688876587462152
-0.8844975241027613 -3 1.699108185423178
-1.661609496802085 -3 1.681567530702951
-1.829827123773963 -3 0.6518619605096174
1.46404968182326 -3 1.762628784840662
-1.781161010849328 -3 -0.7131071062887329
-1.575366081650515 -3 -1.042908086081806
-1.98956326874328 -3 -0.3839594371735702
1.847917554558055 -3 1.775722784379332
0.9665637691965578 -3 -0.6339636650823888
1.071665112700051 -3 1.752299584074438
-0.9985975654085082 -3 -0.6814383590338977
1.866168036787736 -3 1.104634820653963
-0.95976627089542 -3 -2.016546152772891
-1.162742239124064 -3 -1.691268980844056
-1.342896479577623 -3 -2.026246581878257
-1.959329040519535 -3 -1.06029233767097
-1.755192936363696 -3 -1.384026800900593
1.368832458887763 -3 -1.994889409396588
1.757965753250925 -3 -1.992133222104217
0.9766718464187365 -3 -1.998833865066736
1.947588371687242 -3 -1.658803207144492
1.531229498379158 -3 -0.2501397244607229
1.915484650308578 -3 -0.2262349628771849
-2.03804968380218 -3 0.9911989710017957
2.120400069504948 -3 -1.982898596610366
1.268507789804556 -3 2.076044863086249
0.8574323545695197 -3 2.0754529162943
-0.6802012049597144 -3 1.371758855783137
-0.4983226010496775 -3 1.712566402124182
-0.7019614682329998 -3 2.039357511128991
-0.3171520940665244 -3 2.044476391493429
-0.1086112411184188 -3 1.724573777050395
0.06872005336022413 -3 2.056934702732875
-1.471990712064011 -3 2.013754774053397
-1.859201308960368 -3 2.012489269546802
-2.050394400799861 -3 1.676422192773644
0.9407852467288653 -3 0.07000912923336955
-0.974568998103376 -3 -1.351177335580755
-2.215039852824674 -3 0.6422152428762526
-2.005203701321587 -3 0.3067489427421521
-2.127942586861967 -3 -1.438258683835963
-1.923843608677441 -3 -1.746301937192209
-1.673711660514335 -3 2.351746404169702
-0.4768592154474449 -3 2.366704454750764
-0.906008246689495 -3 2.364366445411694
1.922835253390341 -3 -2.32790594131617
-2.248092252822833 -3 2.014713743034393
-2.43543909227949 -3 1.678084478047926
-2.406100565208486 -3 2.366099757212447
1.739405497355643 -3 -0.6040540509918211
2.123462610392931 -3 -0.5611973652257105
2.287121945432668 -3 -0.2203736751601486
2.477022085424236 -3 -0.5524051007134556
0.2749376688807277 -3 1.740803521382104
0.456499804727132 -3 2.076921870555596
0.2950676090863702 -3 2.394356351397676
-2.420187132117027 -3 0.974984549823497
-2.621882070752857 -3 0.6136819049672879
-2.242622943646443 -3 1.330679093097203
1.159547641401318 -3 -2.334229036160023
-0.2863073057160523 -3 1.382213886645249
-0.4711924472136917 -3 1.041829541727727
-0.2593471641176865 -3 0.7090117217640404
0.1976611906079917 -3 -2.002877116376379
0.3866854130689825 -3 -2.338928776345861
0.5852391239639254 -3 -2.000251210225282
0.8865456084441501 -3 1.415765207564117
0.6898590565783764 -3 2.390807313053885
0.6700593031776592 -3 1.747776461717638
-0.6526946684647781 -3 0.6949157398770489
-1.849922232509625 -3 1.338187430693836
2.042329406997416 -3 1.451110211431744
2.286692513703094 -3 1.831015646819562
2.003430037078587 -3 2.073715013584534
2.301963186097014 -3 1.120642597409265
-2.151099004159259 -3 -0.7303229743512838
-2.379381318009666 -3 -0.3807280580615733
-2.168783896513252 -3 -0.02940207935048766
2.079190663450289 -3 0.106440832674954
2.310579924874504 -3 0.4221327662663015
-0.8621578924870694 -3 1.026804923994828
0.5686247968808904 -3 -2.676546653790203
0.3905200609201129 -3 -1.663229598648841
0.7806337968399579 -3 -1.661549719223299
0.5754880171298975 -3 -0.642157038116248
0.7591641422716728 -3 -0.2829726422000891
0.1103722498466357 -3 1.392069963299647
-0.5875763685840023 -3 -1.340623272183143
2.67556879998639 -3 0.5783096027592838
-1.799305530389373 -3 -0.02864101554226828
0.1887963265576778 -3 -2.673758821984674
-0.4002212996123853 -3 -0.9990736453723303
-0.6048586349661029 -3 -0.6671788418968583
-1.619034496573514 -3 0.3185680826396897
0.7325530412940928 -3 0.4012271037378636
1.659490660873974 -3 2.083012865930325
1.75875817830962 -3 -1.317369285180119
2.115637612178969 -3 -1.277492367565953
1.939774735420042 -3 -0.9464672457644605
2.685581949017892 -3 -2.090002757024751
2.084028863748673 -3 2.669414746488163
-2.678105826714535 -3 -2.062289374660089
-2.305171446989804 -3 -2.304937904032881
-0.4188412171642981 -3 -0.3222249431339401
1.684859736308816 -3 0.7685770223942545
-1.366838818368825 -3 -1.367336488076373
-1.182334865958538 -3 -1.025070563273417
-1.545638253427793 -3 -1.704507219237822
2.67053911129323 -3 1.678401372875564
1.546185750564202 -3 -2.329903912800243
2.674866776885317 -3 0.9423933428460463
-1.693619387096984 -3 -2.677171362095422
-1.883695432105681 -3 -2.34890181801188
-0.9472161735085072 -3 -2.674695273917567
-0.79033416720765 -3 -1.010357781480625
-0.8137008527277754 -3 -0.3353642264744501
-2.315666066726972 -3 -1.826676496554448
2.665446799582895 -3 -0.198724237547327
0.5518959818646909 -3 0.05202400733622703
-1.082752918362431 -3 2.026512351638948
1.295964480449076 -3 2.690265104143462
-2.688685348550004 -3 -1.305309070683179
2.679150931964648 -3 -1.34807357011238
1.325105892576582 -3 -2.674225188409944
0.7752036933289417 -3 -2.336199002592058
-0.7611730734989588 -3 -2.344482746123437
2.074783305760058 -3 0.7713886205356375
2.067556194576268 -3 -2.680672484603502
-2.70416283141793 -3 -0.1892837821267408
1.351730810870366 -3 -0.6146837823342595
-1.136971381755532 -3 -2.349545272857701
1.145488514832767 -3 -0.2704560602332857
2.33221750483903 -3 -2.30602179722178
-1.512464748583132 -3 -2.353697191866424
-2.356733383374731 -3 -1.101223774605543
2.289447931140549 -3 -0.9011773355039345
-2.703585074324205 -3 -0.5620639621873691
2.70053908642234 -3 2.429342858491347
2.294497141362052 -3 2.304926213942737
2.441174543158203 -3 -2.690841696327964
-2.438137054881438 -3 -2.689545977518836
2.331915112161538 -3 -1.60877345653606
-2.04995283117372 -3 2.283992882025443
-1.711771965088074 -3 -2.02721333960879
-1.683797267140345 -3 2.738430407854487
-1.288707549913307 -3 2.284374074842521
-2.43835467077338 -3 2.710462943332955
-0.9307503674570032 -3 2.749620571544896
-0.5884625223663917 -3 2.706869244567317
-2.028029703917595 -3 -2.050806299080042
-2.357384590795429 -3 0.3112411443302006
-0.07955446431147228 -3 2.381323780369069
2.389106911170922 -3 1.489129783800893
1.086228558589695 -3 2.389085309932549
0.1753349467844161 -3 2.719936939972147
-2.719881949563985 -3 2.446376617351623
1.493420871209316 -3 2.398386264956674
1.872290357826166 -3 2.387626356515069
2.40172880948557 -3 0.767631993600904
0.5323210061118608 -3 2.700816055051563
-2.742237860571686 -3 0.9511775678828664
-2.750134159497201 -3 1.68467066571073
-2.433001690592524 -3 -1.491675960524427
2.40264669738446 -3 0.06490352482683281
2.409519349837966 -3 -1.164805405433515
2.732384683151191 -3 -2.732304591136379
-2.750282734892732 -3 -2.750309502365877
2.725808265873686 -3 2.725808265873686
-2.728493820530795 -3 2.728493820530795
-2.461690145754759 -3 -0.7380070637702931
2.423007573363868 -3 -1.931870861056203
2.776628223465131 -3 -0.5598601376024881
-2.473612355623563 -3 -0.003645683859647697
-2.659750421835945 -0.1264253515510787 3
0.16302721886521 -2.674665341382787 3
0.1442404637264731 2.688178131162553 3
2.647714667592735 -0.2389958399433865 3
-2.681893375998982 0.9051687034535463 3
-0.9547687891770638 -2.674272565348847 3
2.636438094223687 0.9881041271793851 3
-0.9083808676553575 2.680557561438325 3
1.299614288629472 -2.67818477855619 3
-2.63537068940611 -1.352679077152959 3
1.30009669592248 2.68070230325951 3
2.665665005858084 -1.272963141710834 3
-2.682174627289605 1.724370334120016 3
2.650593265331792 1.699773599275723 3
-1.733134439359965 -2.68813864204975 3
-1.642519979398186 2.676571523968409 3
2.062658368362586 -2.674915236163871 3
-2.628465493534557 -2.055232350851361 3
2.053042543296067 2.68241899353389 3
2.664396495253836 -2.08994013505771 3
-2.699168265019448 2.438627769260452 3
-2.445610300380827 -2.696943559333539 3
2.661119934393939 2.415808608234817 3
2.436645093330027 -2.682383517266362 3
2.307539331802215 -2.311643677459548 3
1.880229309208035 -2.337199620417327 3
2.060379498545051 -2.007206939966233 3
1.676441829012337 -2.009690666225105 3
1.86421686944874 -1.675263195318156 3
1.474796171522426 -1.679763638767263 3
1.669394728491999 -1.341526231958537 3
1.276737199217646 -1.345442745951346 3
1.474353353898544 -1.00340450848888 3
1.08036422742324 -1.008053294239609 3
1.27646447927278 -0.665106863295116 3
0.8814087216411108 -0.6688605654527806 3
1.078339892871524 -0.3247317837137511 3
0.6834660298159183 -0.3276534234877353 3
0.8801201036918735 0.01645284302150918 3
0.4825268837131524 0.01477817685382288 3
0.2875051357624505 -0.3309552893893892 3
0.08618890006546831 0.01239928353914355 3
-0.1075941833075604 -0.3344689085448604 3
-0.3087160843546224 0.009301843256529274 3
0.6781965948835813 0.3581544807443344 3
-0.5030132378903618 -0.3368590142536263 3
-0.703171175046569 0.004581582728252265 3
-0.5095407409275294 0.3511561656885456 3
-0.3027175574619543 -0.6786844961599172 3
-0.6954184637274858 -0.6823610442250074 3
-0.9021600840377215 0.3457719585196832 3
-0.709505762464322 0.6888743407980913 3
-0.4959304511925313 -1.020673672174138 3
-0.8860015600301603 -1.025232842780744 3
-1.08756922219437 -0.6899661875162524 3
1.073854424535213 0.3599605338754728 3
0.8742078931012198 0.7009557302111191 3
0.8758334269670738 -1.350850652216156 3
-1.100695380815534 0.6839230203760494 3
-0.9102922914939224 1.026119445340381 3
-0.5191692101747734 1.030812298169647 3
-1.3035039754721 1.019900069190733 3
-1.298499233018956 0.3337179653359734 3
-1.275742362574575 -1.033375114301673 3
1.266350018652992 0.7016003633695469 3
1.068023288387061 1.041107071465664 3
1.459388166205455 1.042046576226316 3
-0.6874143104102601 -1.360457932741354 3
1.467164925365863 0.3639625595888396 3
-0.7197876043924967 1.365597316860749 3
-0.3299455666820386 1.371948058827576 3
-1.478621579580596 -0.7009864626490696 3
1.263568353864614 1.377267389546796 3
0.8755374370479343 1.380009989325377 3
-0.2989388032847904 -1.357814251304911 3
1.668760891613902 -0.6620529236266797 3
-0.4908387344120877 -1.69397897479128 3
-0.8773828924493632 -1.691793139911341 3
-0.1027198457420293 -1.691838594736903 3
1.651805279100154 1.379690811420003 3
-0.5359875628629274 1.706335116400473 3
-0.9340733828546024 1.69844490578301 3
-0.140722537078779 1.709470538243307 3
-0.1245475540686698 1.039011013788256 3
-1.664828809077646 -1.043572790966317 3
1.070824363278584 1.713578600767331 3
-1.86788106858502 -0.7114921337798785 3
-0.349031052546604 2.044202442888373 3
0.6865520192320047 1.714762936772297 3
-0.2945882144029301 -2.028018168438322 3
1.845926972692189 1.044139379946874 3
-1.683265255518459 -0.3683112107415973 3
0.08972329922621558 -1.354943149832014 3
0.2843180987876677 -1.691034868007777 3
0.8782580071094355 2.041782743954345 3
1.272006337606723 -2.017916959939084 3
-1.461432428081927 -1.376368799663209 3
-1.847132669844722 -1.385210989048914 3
-1.647604911917752 -1.715218570729578 3
0.4861318224468167 2.045925033825321 3
-2.032382767934433 -1.722870185859781 3
1.267911831371148 2.038335233677806 3
2.038167017904916 1.380281631662478 3
1.842943441205439 1.715650943800847 3
0.4760442116217902 1.382410537480688 3
0.4789258563643091 0.7018855840216061 3
-1.832237377836297 -2.045566692500688 3
-1.427632554945544 -2.022464465304604 3
0.7005507994391218 2.357117036897812 3
-2.064275707497036 -0.3774406726906161 3
-1.887113555548032 -0.03311221946742648 3
-2.303170447326354 -0.730426913993675 3
2.045081364102494 -1.346794441462406 3
-2.211227282524456 -2.051996907857987 3
2.235109917223781 1.713767008692459 3
2.034869638209864 2.043566505284936 3
2.419247106502004 2.052625498481089 3
0.04639934656855838 2.045805478301738 3
-0.1029201639104791 2.364829221264586 3
-0.5386034466710332 2.366867152072372 3
2.231762981187968 1.046965659160611 3
2.033353671444104 0.7131605693499674 3
-2.231627918469361 -1.39420829074061 3
-1.969260310692989 -2.367987598745037 3
-2.266230728192073 -0.05385072883539621 3
-2.091776808972207 0.30025294709219 3
-2.465322309962066 0.2514464469076536 3
-2.337967216366315 0.6713265313419163 3
-1.908971165184224 0.6580400498055985 3
-2.100872055296358 1.003852349534986 3
0.2685598332037284 1.713310130295726 3
-1.717285272385168 0.9965502559605417 3
-1.920666918212096 1.334265185387846 3
-2.31588572625898 1.324154397323447 3
-2.104727435032792 1.655250912671907 3
-1.730676595191101 1.671073326834933 3
-1.933630583160792 2.002825926017797 3
-1.545902945852726 2.00686473131562 3
-2.332902222405303 1.965674424707741 3
-2.129720958267998 2.337316101626978 3
-1.339231681019367 1.683048171394953 3
-1.158090811952659 2.020408988031694 3
-1.399624997598202 2.341680046174216 3
0.4794678823810981 -1.353331703240806 3
0.2868265568492463 -1.015137345453721 3
0.6729503797347203 -1.689918569759394 3
0.4784797751919982 -2.020208325428196 3
0.8706552841648962 -2.022620999416295 3
0.6990711494243378 -2.353440249223162 3
-1.493331594265541 -0.01879815053987599 3
1.094916518456774 -2.351480934154369 3
0.6816154868699611 -1.01144050586247 3
0.6769945937956452 1.044623066994346 3
0.272818877501948 1.041978686329689 3
-0.669134648317641 -2.016861507903374 3
-0.4617669404822755 -2.349474994931839 3
-0.08425561897113187 -2.344943427123643 3
-0.3183088429833978 0.695726199547626 3
0.07254202086663541 0.7024556585422368 3
0.2764265263797956 0.3607572193982493 3
-0.8963839393448989 -0.3438731384301552 3
1.273406625993466 0.01940460130085286 3
1.658751200008838 0.01620340505648077 3
-1.289506616545646 -0.3534893067080955 3
0.06653537999222925 1.377820950253293 3
-1.526935276854522 1.343956593236356 3
1.862786195453495 -1.002816640775715 3
2.061835177085111 -0.6627257128147193 3
2.307583645300314 -1.039077224860226 3
2.453872277496211 -0.6272864968100733 3
2.235327597791496 -0.2984807744036289 3
2.365154568672574 0.06494643748834417 3
-0.7513981136136527 2.027670768972229 3
1.852742551261047 -0.3227644226874378 3
2.42326130644306 1.363691180893468 3
1.457469876974206 1.712360880362622 3
1.653792950175097 2.041350430066804 3
-2.412918689388007 -1.710626309984495 3
-1.25836941041342 -1.693927236467115 3
0.09438329319863747 -2.017738596314891 3
1.073829799868914 -1.684418927674923 3
-0.1048775963068591 -1.017132640464557 3
-2.675842786027424 -0.5633534532239843 3
0.09082241024888704 -0.6747980257640322 3
0.4852740568645957 -0.6714741925683549 3
1.841423385318958 0.3646065790882536 3
-1.074678446024507 -1.363979232374461 3
-1.496373068198527 0.6748928189042931 3
1.65226785661326 0.704919337928299 3
-0.1169013701589421 0.3552993949953884 3
-1.120297078810048 1.360897244743185 3
-1.097175440376555 -0.005348181515703043 3
-1.696010904197915 0.3191655685217918 3
1.468077606836926 -0.3231746644942755 3
1.850851906274842 2.366899855387683 3
1.684423024881038 -2.672143259662243 3
2.616928330874429 -1.679830609630612 3
0.9238274205482258 2.680125763088672 3
-2.675916126631897 -0.9376579627176351 3
-2.051572296257838 -1.050413648224463 3
2.221863129247312 -1.676280564125242 3
2.700745152130727 0.5674798871240534 3
-1.345355596562162 -2.672314629882655 3
-1.165569643732794 -2.337432809329768 3
1.484605217965729 -2.344436036492386 3
-2.689430484404022 2.089240125337727 3
-2.640677618993197 1.316836852321025 3
-2.025455757780454 2.675734588674029 3
0.9220452225283098 -2.679898018641193 3
2.239678208803561 2.374507341724795 3
2.696308001397072 -0.8963327070067315 3
-2.411314340028303 2.636991173235446 3
-2.688785455064973 -2.443322416878198 3
2.68811050010512 -2.439516242279906 3
2.426059715652337 2.699757201561198 3
0.3190098784888393 -2.351213014897685 3
0.5383100626257793 -2.676536104024138 3
1.676613713532488 2.682353590896248 3
-1.77947587034306 2.340165486296174 3
2.700337555111166 0.1888548849027853 3
-1.261112674323986 2.671429190039733 3
0.3062926202490797 2.367879507583936 3
-0.2286023323724495 -2.678923762336666 3
2.188281912509143 0.3731634535503909 3
0.5336030350684795 2.682216739788828 3
1.469953574222989 2.359398929532176 3
-2.708910506190753 0.5237706809610572 3
-0.5554819464053669 2.740881740098939 3
-0.9926024247940912 2.329766008657455 3
1.084486757614513 2.355912762355041 3
-0.2135590947920645 2.705174687165064 3
-1.041661432877567 -2.00893695790817 3
-1.578864987188292 -2.355650806302084 3
2.022641847703247 0.02186822659406884 3
-2.102249422548732 -2.686138847725447 3
2.380204741221095 0.6934106469814774 3
-2.39689373326624 -0.3720239679964807 3
-2.379531495618312 -1.093077178565868 3
-2.738437984459125 -1.686771047444272 3
2.746192061245548 2.05870488854336 3
2.739649056508908 1.311773888249048 3
-2.340933044124423 -2.383603613565262 3
-0.5960245508408555 -2.671714750693832 3
-0.8148210009046997 -2.343115597685972 3
2.374221357144569 -1.952980385247869 3
2.759578989297204 -0.5778643900416318 3
2.371424295076527 -1.402989196357864 3
-2.768280134817154 0.1879754976152475 3
-2.452507254025015 2.293569918833668 3
-2.725808265873682 -2.725808265873682 3
2.725808265873685 2.725808265873685 3
-2.725808265873685 2.725808265873685 3
2.725808265873688 -2.725808265873689 3
-2.405516331374777 1.043475056197648 3
-2.402772310321136 1.597420664940087 3
2.480587998997628 0.368785450687835 3
0.1879754976152483 3 -2.674913154422163
0.1838262143425355 3 2.704541813004214
-2.673129998832732 3 -0.1865121165853902
2.689658521247208 3 -0.1666552733044879
-2.675903432673774 3 0.9519594388119064
-0.9615780214620875 3 -2.661895056147163
2.686788449705742 3 0.9704511855027489
-0.937657962717636 3 2.676276150762874
2.680762157762283 3 -1.306349036112057
1.330532402751828 3 2.634621459981465
-2.673684664383185 3 -1.321660067612111
1.30874984701489 3 -2.675472695536154
2.684410046049791 3 1.729926816080003
-1.715760125667095 3 2.68333534911172
-1.663924428935648 3 -2.661227605243172
-2.674873403984201 3 1.700107258402169
2.079193378626669 3 -2.688746328881908
-2.676663685419053 3 -2.065793128311349
2.041719941567508 3 2.621791539099643
2.691622726596252 3 -2.042185090099571
-2.441804332376508 3 2.683929703405143
2.692669335166661 3 2.446933649699102
-2.449864398074959 3 -2.681102341601725
-2.670412495812076 3 -0.5658467445773887
-2.34052110144393 3 -0.3745522042845559
-2.340889465321665 3 0.009646168104283426
-2.007384493162807 3 -0.1821332883737528
-2.00799157929496 3 -0.5675105694831286
-1.671992739872386 3 -0.3778107727529862
-1.67069227038439 3 0.01069360515655093
-1.334065465654108 3 -0.1854926254032394
-1.334427831819898 3 0.2040831278944877
-0.9956820083566544 3 0.009894537866940389
-0.9967030905338912 3 -0.3794188422055091
-0.657095687536728 3 -0.1791646993379366
-0.657790249859731 3 0.2091904181182267
-0.3151985592075786 3 0.01722458509226055
-0.3063290494280082 3 -0.3676055949961725
0.03272275905540889 3 -0.1710634786859559
0.02435752761525567 3 0.2222148698687545
0.3682330749152225 3 0.03146163639655697
0.3780663689215205 3 -0.358392611219144
0.3612604589685899 3 0.4252144596794936
0.7048840728676371 3 0.2347463137714403
0.6988236165534318 3 0.6264959186292178
0.3563728351879973 3 0.8181645164935856
0.6935869156082068 3 1.01831451078773
1.040006398057883 3 0.4357136008781866
1.04571533578832 3 0.04887329590655121
-1.675377542831118 3 -0.7645239962131223
0.3517785243592755 3 1.210003572145029
1.380938052147319 3 0.2466391568593735
1.38766313810478 3 -0.1389690035180577
1.374203569975905 3 0.6329267528557678
0.6894124809106925 3 1.411528529425587
0.01310411022783065 3 1.011202497649823
0.009191537072095191 3 1.407079486114071
-0.3284235321051465 3 1.202363115208187
-1.670405825965541 3 0.4000041710317292
-1.333554631945802 3 0.5922766277229283
-1.668407727128947 3 0.7885129974073219
-1.331962348173047 3 0.9813056433048306
-1.666048406740902 3 1.178588414171067
-1.329778474933301 3 1.371058387331475
-0.3274620547965812 3 1.597739335364075
-1.663308887749833 3 1.569166236774326
1.713881286243831 3 0.4460855858569621
1.705589065392806 3 0.8343813959709352
-1.324155078622982 3 1.762520149929986
0.006628830316590228 3 1.802856560792995
-0.3311965709872555 3 1.997230922721092
1.029101077819943 3 1.218673474640141
1.025041375186273 3 1.609144912630911
1.364078653619827 3 1.416996281499691
1.360319538523307 3 1.807185517509289
1.696398042285348 3 1.616988198492706
1.021872519664728 3 1.998986923723494
1.05080993559103 3 -0.338298620494061
1.389750201680881 3 -0.5265004325478597
1.05461970797869 3 -0.7247975464594605
1.390448416716913 3 -0.9143822567687874
1.060152182136172 3 -1.111670986889756
1.395386756578651 3 -1.300393313251821
1.065672255908213 3 -1.499459639318085
0.7298137578829902 3 -1.311828876506526
1.725929809732186 3 -0.718381791028269
0.7338119129980294 3 -1.698379547323661
0.3950731025189764 3 -1.50968971773363
1.403232246366169 3 -1.686399436588274
1.732360703126068 3 -1.487224477691225
1.73896023526709 3 -1.870998108705025
0.3972637327687956 3 -1.896656700269495
0.05678583075550891 3 -1.705362612939587
0.05826387186668036 3 -1.319712409586105
-0.282608287203101 3 -1.51096059740506
-0.2827115566856953 3 -1.903787255098123
-0.6249554238038328 3 -1.706803126177951
-0.6240331121764249 3 -1.312117463006863
-0.9750012728085853 3 -1.511760293286816
0.7364930176888862 3 -2.08713179764412
-0.9692206745836942 3 -1.902655856174353
-1.323948910058071 3 -1.71307749992405
-2.01130433574022 3 -0.9535052392386758
-2.004084599267242 3 0.5959838223872254
-0.9996057540742687 3 0.7906146284423841
1.694117585644993 3 2.004038440415474
-1.998779719144275 3 1.375625372246702
-1.994878415470799 3 1.765955708223632
-0.9889071890913628 3 -1.130810863811883
2.060386463423616 3 -1.680247670651303
2.050148780554906 3 -1.295254338366479
2.038865318007834 3 0.6458741151201797
2.029951411121006 3 1.033469575634018
2.05381339584594 3 0.2606663391208914
-1.312140321383121 3 -2.099324892006667
-1.653988539933435 3 -1.904415369555473
-0.3235368689245095 3 0.8073654892997255
2.023834286982186 3 1.812761151694746
-1.680023573848651 3 -1.149994481341281
-2.014871709594269 3 -1.336512896923799
2.079862471870666 3 -2.086769584700805
-0.9924528829592809 3 1.57297990765697
-0.9858712692032761 3 1.958075274986097
-1.321075890103338 3 2.163402399460247
1.415942567714785 3 -2.061162158062781
2.375265587522403 3 0.429603821050899
-0.6428178491178458 3 -0.935380006438054
0.005510478211425252 3 2.17405853412502
0.3510821028565365 3 1.991328076518126
-0.3592904806228705 3 2.386786857389462
2.026129227708075 3 2.198221402447714
1.690772345203731 3 2.39220562792527
2.352372608771548 3 1.962868365714721
0.3777914983108008 3 -2.335083887306364
0.7355163927129866 3 -2.421804018873553
-1.341867532342994 3 -0.9503730500180896
1.101765849105841 3 -2.317756095461261
1.7226026199923 3 0.06063409506715489
2.053806788923628 3 -0.1304623099681068
0.04760393719125 3 -0.5569466647460004
0.3899717945797914 3 -0.7408902370382582
1.076152974963653 3 -1.891714779066364
1.724230441872949 3 -0.330874002027632
2.044700950895375 3 -0.5252707200822204
1.367290323776022 3 1.027354047332071
2.373540558073271 3 0.0421362746044931
2.023867226458794 3 1.423392389112126
-2.001794569569692 3 0.9843130459998495
-2.335421107581666 3 1.165646726777933
1.351921309586936 3 2.206668471675092
1.012171819531407 3 2.371047797278154
0.01926981210386547 3 0.6165908444775869
1.698367760288265 3 1.2246118741303
2.351642921708749 3 1.200247399186598
-1.656374485147876 3 1.955598955580512
-1.974586284310504 3 2.126687679047407
-2.328758881433742 3 1.937059351074292
-2.005872688559034 3 0.2066229750618964
-2.339813670380814 3 0.3923940180665086
0.3493470858304151 3 1.604022545166446
-0.6368172873559148 3 -2.083761897111466
-0.3267798619018443 3 -2.320751235968492
2.437815736355095 3 -2.681335970598076
2.67986233493727 3 -0.5487287191003456
0.5602824598796592 3 2.710023632589032
-0.1800175896981751 3 -2.678720566377361
0.0399086494667551 3 -2.0952418745348
-1.339296983912496 3 -0.5677084161796615
0.6977698595482957 3 2.165405001548123
-0.3186489870353704 3 0.41099670566929
-0.6652789367820562 3 0.9979334855384829
-2.673624684284441 3 0.1904389963381599
1.036496568819468 3 0.8250343766153554
1.724152294967949 3 -1.104365037073986
-1.645055429678071 3 -2.274520244620618
-1.989589719205062 3 -2.073226567841222
-1.311534930237953 3 -2.460963508541646
1.725628077156815 3 -2.249263077301109
-2.670515540430149 3 0.5763292654374585
-2.084829122287578 3 2.68754897225833
-2.086941750285368 3 -2.667149940287648
-0.2835941720685184 3 -1.128069702303116
-2.670740432624791 3 -0.9466505438987562
-0.6793893435534017 3 2.151721046565426
-0.9966760099993128 3 0.3999088945340254
0.7095146192383344 3 -0.1533210817369928
2.687618348092845 3 -1.68253254674813
1.702763648333 3 -2.630674827426097
0.6890875706661559 3 1.79673599816878
2.679620406774015 3 -0.9257928864257035
-2.676940672919171 3 -1.693576167284985
-2.342271382511851 3 -1.887804331631954
-2.309690145323928 3 -2.313507552346343
2.043671630682494 3 -0.9112725874095835
0.718893010689778 3 -0.5395352625647405
0.7249752793364679 3 -0.9266827918881502
-0.5476958465678434 3 -2.676895660409262
-1.32044549452519 3 2.592280698582274
-0.9803973224866258 3 -2.268101385657309
-2.331446282990361 3 1.553143483290168
-2.673000505097571 3 1.331005863730087
-0.6598959771583455 3 0.6000184865219271
-2.344196902466466 3 -1.137240878453688
-2.335879362423168 3 0.7817690085377667
-2.006771128420795 3 -1.706908139869376
-2.683251578030128 3 2.067556194576268
-2.340861141230407 3 -0.7575510299893655
-1.675535302520699 3 -1.525337070824051
0.3952597871225647 3 -1.128135086030996
-0.9995168128203709 3 1.179472257540908
-0.5593923991723231 3 2.706429070398045
-2.343122743382623 3 -1.513950413629319
0.05504155259714816 3 -0.9371084312145599
-1.330880630111727 3 -1.330225543201029
-2.301134305303352 3 2.336423411453446
-0.6604028297902724 3 1.391074744065321
2.438865534743861 3 2.689471827583645
-0.2996793423274591 3 -0.7462329959451846
2.645369884963638 3 -2.406541519951709
2.271513704367671 3 -2.403729609790866
-2.690598389801391 3 2.441713118079115
-2.690446518569697 3 -2.433824639098361
-0.6627958252150115 3 1.778136871893164
-0.996262186356228 3 -0.7526631257710674
2.384832784014347 3 -1.856443549527704
-0.6550048024801463 3 -0.5578518389320974
2.356947905537077 3 1.573495001672873
2.359402588269965 3 -0.7217828720945643
-1.6391052730916 3 2.319304075031776
0.3606507270363064 3 2.384500480758008
2.366828623724452 3 -0.3417939366575391
2.678927349955774 3 2.102722741770989
2.679964887166893 3 1.349611363156718
2.369962988352222 3 -1.485358172344621
-0.1881172239587019 3 2.713038020550343
2.685726144179569 3 0.5924638656570296
2.361373305374217 3 0.8120183270252452
2.36392809206598 3 -1.107634982125501
2.687365135170408 3 0.2122499472064043
2.358228720242698 3 2.344000425933654
1.687313356882325 3 2.729723725401275
-1.000416065282104 3 2.326087394471733
0.9288428682258973 3 2.711087625801005
0.959370272822055 3 -2.695707721200092
0.5301620087538064 3 -2.698994133806412
1.450969997865066 3 -2.38686577075748
0.01977563875855681 3 -2.420942143721836
-1.935356728785429 3 -2.397105270261559
-0.6910926998969815 3 -2.400007103962558
-2.735028958768117 3 2.734997840965306
-2.725487116363627 3 -2.725993961637739
2.725701284365403 3 -2.725701284365404
2.725808265873685 3 2.725808265873685
-1.311898940427505 3 -2.770584332958584
-1.907481129410804 3 2.429696663534063
-0.01789568306906686 3 2.480470382510343
1.974554561889211 3 -2.410853386996594
-0.717941906658397 3 2.454936058656308
2.412286192500756 3 -2.148130867616102
0.727634703076371 3 2.467072344696744
-2.673222796840757 -0.1886514224948055 -3
2.685834731645903 0.1831563084460681 -3
0.1859837009500405 -2.700550112259492 -3
-0.1649367965751534 2.706255007488804 -3
-0.9225207942301239 -2.689286325448151 -3
2.695819876091406 -0.9486127362148977 -3
-2.676778510650948 0.9543119929585182 -3
0.9376579627176422 2.676276150762874 -3
2.682332547479199 1.317153073644462 -3
1.300993923020432 -2.687726254075042 -3
-1.28584594283325 2.695311620441894 -3
-2.674857713847922 -1.330182374779967 -3
1.700256822152499 2.633147176238447 -3
2.693083922336695 -1.71208705144203 -3
-2.677308069352577 1.716445659224807 -3
-1.716173777585302 -2.690520117487022 -3
2.101545173498921 -2.68140096293998 -3
2.680176930658189 2.068330198457067 -3
-2.676562546715169 -2.067556194576263 -3
-2.086942709263023 2.687229005559925 -3
-2.682170301386318 2.442723423462685 -3
2.452926541402008 2.680979806979714 -3
-2.442839707826894 -2.684111368071363 -3
2.683097788738933 -2.439018101017435 -3
-2.676546653790203 -0.5686247968808815 -3
-2.34240703693052 -0.3796307431842871 -3
-2.342848514679532 0.002854877709383974 -3
-2.008704608703805 -0.1911245481488906 -3
-2.011272435309363 -0.5755723694661548 -3
-1.673383661465289 -0.3883340318148045 -3
-1.670053598783966 -0.0007419965614348101 -3
-1.333537279268985 -0.1984817278187125 -3
-1.330319856709267 0.1916435340309333 -3
-0.992513428402737 -0.005198968950816063 -3
-0.9949708637485446 -0.3972175176114128 -3
-0.6525006370125488 -0.2030335745516227 -3
-0.6521804321153382 0.1918939972591094 -3
-0.3111415914042759 -0.005462855897279351 -3
-0.3089132256500284 0.3895220974926894 -3
0.03349463145931164 0.1891649156839983 -3
0.03084949798238856 -0.2056829560499649 -3
0.3733925801500821 -0.01099039060119322 -3
0.3714721847612585 -0.4035196072257294 -3
0.377623111920816 0.3822525528562322 -3
0.711122047424201 -0.2096371221005078 -3
0.7092312859204655 -0.5988568768748306 -3
0.3722612455575445 -0.7956312302542985 -3
0.7120431564849063 -0.9898263442149853 -3
1.049365713155095 -0.4059023106792718 -3
1.050868815828739 -0.01757195304273651 -3
-1.680166682373073 -0.7747149058201162 -3
-0.6525563250035953 0.58756456612055 -3
-0.3088881849074272 0.7867338879719701 -3
-0.6553763012796918 0.9840272206286285 -3
0.3752230189373358 -1.187729551268629 -3
-0.3126939055136329 1.184562935684921 -3
-0.6596800600520538 1.377841205368689 -3
-1.000262007448573 1.178616782541868 -3
0.7147336152151684 -1.379863831860984 -3
1.05212877747497 -1.182864728643315 -3
1.386105592304263 -0.2131497269138336 -3
1.386740090277789 0.1738485382183228 -3
0.03497780064887968 -0.9941956275963428 -3
0.03746268099061512 -1.386739174487073 -3
-0.3077994479731241 -1.191198725277147 -3
-0.3041979089214855 -1.586502110358415 -3
-0.6494862969585178 -1.391111106968517 -3
-1.672149757443358 0.3879400957537777 -3
1.053077331196077 -1.570714333800382 -3
1.388677943840073 -1.374555381178397 -3
-1.003727205459446 1.570884893544244 -3
-1.342126453543433 1.373692238835714 -3
-0.3190228089941156 1.579082617494763 -3
0.02826707801974315 1.387049890549138 -3
0.720427338536807 -1.769339474072261 -3
0.02194413968368725 1.781844386924696 -3
0.3655381857262783 1.589091090330547 -3
1.719608490754172 -0.01939827285950546 -3
1.721358682408207 0.365545945543658 -3
1.389102025336513 0.5590944494238568 -3
1.723240342644766 0.7504649765874256 -3
1.38895877278857 0.9439696834335192 -3
1.72352862131066 1.135672973729917 -3
1.389168143054897 1.329103251682328 -3
1.723036567351128 1.521981442777062 -3
1.722477494441053 -0.4041481610024338 -3
1.389920918035613 1.715571645496733 -3
1.389331086746499 -1.762430733712867 -3
1.723565160657763 -1.568834897891729 -3
-1.344127663260553 1.764110729555595 -3
-1.680427184600874 1.567533513571086 -3
-0.6449137200199355 -1.785716858869882 -3
-0.9886481067499573 -1.591026428730623 -3
-1.00694673468291 1.962400866400031 -3
0.3594615328609727 1.981945159500016 -3
1.051682889154724 1.149966239786027 -3
-0.3003383213121911 -1.98237707044049 -3
-0.9958715377955882 -1.190682168129312 -3
-1.335880647812878 -1.385176067984985 -3
-1.326764794329132 -1.791529293186171 -3
-1.665923124903305 -1.601331836918964 -3
-1.681247149524618 1.179619490319168 -3
1.72173136220677 1.908146130243979 -3
-1.682233136298055 1.95717243069101 -3
1.724248217251385 -1.181313935653977 -3
1.724528911930391 -1.953744889666571 -3
-2.01784080610215 -0.9602734915591551 -3
2.051806099355307 -0.2094163461771763 -3
0.3747384543957395 1.194692416459709 -3
-0.3280796329879094 1.968543057723577 -3
2.051593045393582 0.556324266751679 -3
-2.013672349406268 1.374242281378925 -3
-2.014087558823756 0.9763122420582069 -3
2.058020427040238 1.7158682355794 -3
2.054281609350266 -0.5921731719216616 -3
1.397380070896881 2.085113516072375 -3
2.04996422659867 -1.377975503918031 -3
-1.657373056923392 -1.982771337057764 -3
-1.995853777960895 -1.797917381310822 -3
1.055580428645634 1.910459758394905 -3
2.035881059373311 2.080484708804313 -3
-0.6535253029491672 -0.5978258683585387 -3
-1.336314346761218 0.5876766571479815 -3
-1.966322523298298 -2.153046895773464 -3
2.384097119057589 -0.3945246154631681 -3
-1.321075026848113 -2.18370622819747 -3
-0.663025822512096 -2.151719080142409 -3
-0.3487317931842076 -2.373687036183832 -3
0.02313933059583562 -2.154902276867302 -3
1.403834385367317 -2.127828624675179 -3
1.721090846246258 -2.293312047619991 -3
2.041282253269473 -2.111086935161322 -3
-2.003483705490694 -1.387152201692775 -3
-2.332560098367384 -1.566747549805169 -3
0.7085087861389856 1.371546134821473 -3
-1.678932127655635 -1.175216659630818 -3
-1.337895290237338 -0.9844215153486857 -3
2.053042311430941 -0.9808652737525572 -3
1.389208924267452 -0.9873250376984641 -3
0.0359348549100531 0.5860671323246285 -3
0.3838830583664254 0.7761819809369146 -3
0.7148449864270381 0.5753230731976435 -3
2.0533242013473 0.9408360168571748 -3
2.370578296589294 0.7485011312038958 -3
-1.339952036984092 0.9827113274790031 -3
0.03354022587848338 0.9858813739878802 -3
0.568252178754979 -2.696384563413015 -3
-2.344638906714005 1.158600360370908 -3
2.054550941793611 1.327585798742888 -3
0.3801575590251081 -1.57957610281398 -3
0.01166845415668849 2.153304068753519 -3
0.3683263425224022 2.375575674913584 -3
0.7140913560823314 2.13342131488927 -3
-1.357886383690085 2.133930565993254 -3
-1.685713602449066 2.321002005536887 -3
-2.004948735709088 2.122393436255203 -3
-1.055711289752196 2.374567579111858 -3
-1.675382404103394 0.781374306584516 -3
-2.008543575083318 0.5739860267489627 -3
1.388071161574413 -0.5995710647533397 -3
-0.9962457475270634 -0.7926775042335468 -3
-0.6521503624046492 -0.9933190712865434 -3
1.060459866216438 -1.952511161009844 -3
0.7291821689451581 -2.136881226054552 -3
0.03720028133247499 -1.776959304126243 -3
0.3825159626616914 -1.966318427532405 -3
0.03187258989345487 -0.5999351036626628 -3
1.052611971159548 0.3704660061339795 -3
-2.019357396211152 1.761974785135346 -3
-2.344014012914907 1.925476321104951 -3
1.721888286385918 -0.7908994407970731 -3
1.050008169812883 -0.7940577271440348 -3
-0.3116364989104556 -0.4013995320901493 -3
-1.336033254103382 -0.5893078671078804 -3
-0.6737159272092508 2.160828522496755 -3
-0.7115577102064599 2.551942280901681 -3
0.7134105854850703 0.181640361073903 -3
-0.5566960789903463 -2.703438920669116 -3
-2.675520195172683 0.5689947759567318 -3
-2.674295823463928 0.1881848376829427 -3
-0.3099738412244339 -0.796419054752195 -3
2.055974037739363 -1.761947105069453 -3
2.374643143770973 -1.928407805096206 -3
-0.9931322576663222 0.3901560499482319 -3
2.047425124938176 0.1735531921585256 -3
2.106806266921407 2.661657095121587 -3
-0.6651953948976148 1.76993019383801 -3
-0.9958780061853991 0.7857628854359744 -3
1.714857840283043 2.249595029360809 -3
-0.9854814472741666 -1.981708363188515 -3
-2.08239296657157 -2.696246381494201 -3
1.049094830780578 0.7652010539321852 -3
2.679030064554937 1.699445444861337 -3
0.9480829458157367 -2.677481261059922 -3
-2.669096417209169 -0.9582746985158126 -3
0.7057478437593421 0.9820628639161679 -3
2.371710630975313 -1.15745555295506 -3
1.293097433560502 2.665931109423505 -3
-2.343200918023566 0.7689644294390257 -3
-2.329760534916923 -1.176732586959235 -3
-2.008480531076279 0.1924835713244191 -3
0.3765738153637628 -2.362605316382295 -3
-2.340290525203177 0.3818406818561346 -3
-1.319566051215676 -2.604575472016823 -3
-2.341153980709721 -0.7698514477609213 -3
1.053460450910594 1.536872472782348 -3
0.7094401233941321 1.753889321786426 -3
2.368204569774553 -0.01519376807467321 -3
0.5612128289473248 2.702023975138264 -3
-2.3478176622345 1.542850217416525 -3
-2.674423858158672 1.335488670756531 -3
1.083233775043765 2.333998999075845 -3
-2.319060009114147 -1.976319939270032 -3
-2.677675847002751 -1.707734448687323 -3
2.689997296026648 -0.1943110872577076 -3
1.708262954121637 -2.642865097944665 -3
-2.679184962353437 2.083284267646771 -3
2.690708353339089 0.9383729480035967 -3
1.093716337475725 -2.35125567266489 -3
2.362418515976012 0.3642290951053009 -3
-0.3309321499748377 2.391333563346642 -3
0.1920102735051437 2.708103810555316 -3
2.68887474991932 0.5610731758267162 -3
2.704261736856088 2.436340804758887 -3
-2.451797907444424 2.695867720449643 -3
2.459810313884174 -2.689887971242658 -3
-1.686256632167146 2.649130288303762 -3
-2.691094807791071 -2.443425304343808 -3
2.358249140036615 1.902434209457612 -3
-2.314591590752137 2.339525645222447 -3
2.693812438031384 -0.5677638373024658 -3
2.361218543519611 1.521451009581552 -3
2.364626402880597 1.130032419761056 -3
2.333425784756247 2.317117885056351 -3
2.375994005784003 -1.541607817788303 -3
2.689434739197901 -1.330551822483061 -3
-0.1875528003183464 -2.708126505829859 -3
2.374950912869126 -0.7676935033495695 -3
-2.295660931751043 -2.353280109366048 -3
2.693735436153548 -2.077218026843564 -3
-1.63061827814122 -2.336590733406517 -3
-1.005850687136552 -2.331924899578604 -3
2.335231787096696 -2.334151583143226 -3
-0.9856861736454356 2.724364296091087 -3
1.437765188387338 2.393557166034197 -3
2.725993961637737 -2.725487116363623 -3
2.725808265873685 2.725808265873686 -3
-2.727232473818698 -2.727232473818698 -3
-2.727043856464571 2.727558705370391 -3
1.978245554697303 2.388400378916302 -3
-0.01956115169136652 -2.469137547281683 -3
0.7589110718099774 -2.450786040503467 -3
0.01522722472684856 2.466914425011574 -3
1.452214955364527 -2.42427943066599 -3
-1.891353960940149 -2.452254682033201 -3
-0.7324710194059434 -2.449657978671651 -3
-0.4614117079075641 2.733693800270911 -3
-1.953082506193758 2.419705342077954 -3
0.7396175035041548 2.454766152608975 -3
1.981482602846597 -2.412563325361837 -3
-1.41752764967461 2.424340733224757 -3
3 -2.659750421835944 -0.1264253515510685
3 0.1630272188652082 -2.674665341382787
3 0.1442404637264829 2.688178131162556
3 2.647714667592741 -0.2389958399433829
3 -2.681893375998983 0.9051687034535565
3 -0.9547687891770651 -2.674272565348846
3 2.636438094223686 0.9881041271793944
3 -0.9083808676553526 2.680557561438328
3 1.29961428862947 -2.678184778556194
3 -2.635370689406114 -1.352679077152948
3 1.300096695922473 2.680702303259514
3 2.665665005858086 -1.272963141710836
3 -2.682174627289598 1.724370334120025
3 2.650593265331783 1.699773599275732
3 -1.642519979398182 2.67657152396842
3 -1.733134439359971 -2.688138642049742
3 2.664396495253837 -2.089940135057711
3 -2.628465493534566 -2.05523235085135
3 2.053042543296062 2.682418993533894
3 2.062658368362586 -2.674915236163871
3 -2.699168265019445 2.438627769260457
3 -2.44561030038083 -2.696943559333535
3 2.661119934393934 2.41580860823482
3 2.436645093330027 -2.682383517266362
3 2.307539331802218 -2.311643677459549
3 1.880229309208037 -2.337199620417328
3 2.060379498545053 -2.007206939966233
3 1.67644182901234 -2.009690666225104
3 1.864216869448745 -1.675263195318156
3 1.474796171522428 -1.679763638767262
3 1.669394728492005 -1.341526231958535
3 1.276737199217648 -1.345442745951346
3 1.47435335389855 -1.003404508488878
3 1.080364227423244 -1.008053294239607
3 1.276464479272784 -0.6651068632951143
3 0.8814087216411162 -0.6688605654527775
3 1.078339892871531 -0.3247317837137476
3 0.6834660298159267 -0.3276534234877295
3 0.8801201036918833 0.01645284302151406
3 0.4825268837131631 0.01477817685382909
3 0.2875051357624607 -0.3309552893893808
3 0.08618890006547897 0.01239928353914976
3 -0.107594183307552 -0.3344689085448493
3 -0.3087160843546108 0.009301843256538156
3 0.678196594883592 0.358154480744338
3 -0.5030132378903538 -0.336859014253613
3 -0.7031711750465592 0.004581582728267364
3 -0.5095407409275161 0.3511561656885531
3 -0.3027175574619476 -0.6786844961599052
3 -0.6954184637274814 -0.6823610442249928
3 -0.9021600840377086 0.3457719585196992
3 -0.709505762464306 0.6888743407981028
3 -0.4959304511925287 -1.020673672174125
3 -0.8860015600301594 -1.025232842780728
3 -1.087569222194367 -0.6899661875162337
3 1.07385442453522 0.3599605338754803
3 0.8742078931012252 0.7009557302111249
3 0.8758334269670733 -1.350850652216157
3 -1.100695380815518 0.6839230203760671
3 -0.9102922914939047 1.026119445340396
3 -0.5191692101747538 1.030812298169653
3 -1.303503975472081 1.019900069190752
3 -1.298499233018946 0.3337179653359952
3 -1.275742362574576 -1.033375114301653
3 1.266350018652996 0.701600363369558
3 1.068023288387061 1.041107071465671
3 1.459388166205455 1.042046576226326
3 -0.6874143104102624 -1.36045793274134
3 1.467164925365871 0.3639625595888534
3 -0.719787604392474 1.365597316860761
3 -0.329945566682015 1.371948058827581
3 -1.478621579580595 -0.7009864626490474
3 1.263568353864611 1.377267389546805
3 0.8755374370479325 1.380009989325384
3 -0.2989388032847904 -1.357814251304901
3 1.668760891613905 -0.6620529236266735
3 -0.4908387344120917 -1.69397897479127
3 -0.8773828924493694 -1.691793139911328
3 -0.1027198457420329 -1.691838594736897
3 1.651805279100149 1.379690811420019
3 -0.5359875628629016 1.706335116400481
3 -0.9340733828545837 1.698444905783027
3 -0.1407225370787493 1.709470538243309
3 -0.1245475540686538 1.039011013788256
3 -1.664828809077649 -1.043572790966294
3 1.070824363278577 1.713578600767342
3 -1.867881068585021 -0.7114921337798528
3 -0.3490310525465716 2.044202442888382
3 0.6865520192319985 1.714762936772299
3 -0.2945882144029359 -2.028018168438315
3 1.845926972692187 1.04413937994689
3 -1.683265255518456 -0.3683112107415711
3 0.08972329922621602 -1.354943149832008
3 0.2843180987876637 -1.691034868007776
3 0.8782580071094221 2.041782743954349
3 1.272006337606717 -2.017916959939088
3 -1.461432428081932 -1.376368799663188
3 -1.84713266984473 -1.38521098904889
3 -1.647604911917762 -1.715218570729557
3 0.486131822446811 2.045925033825321
3 -2.032382767934444 -1.722870185859757
3 1.267911831371134 2.038335233677815
3 2.038167017904911 1.380281631662497
3 1.842943441205429 1.715650943800867
3 0.476044211621796 1.382410537480688
3 0.4789258563643175 0.7018855840216061
3 -1.832237377836311 -2.045566692500667
3 -1.427632554945554 -2.022464465304591
3 0.7005507994391178 2.357117036897815
3 -2.064275707497036 -0.3774406726905921
3 -1.887113555548029 -0.03311221946739762
3 -2.303170447326355 -0.7304269139936603
3 2.045081364102501 -1.346794441462407
3 -2.211227282524471 -2.051996907857967
3 2.23510991722377 1.713767008692477
3 2.034869638209845 2.043566505284952
3 2.419247106501984 2.052625498481118
3 0.04639934656859612 2.045805478301738
3 -0.1029201639104573 2.364829221264591
3 -0.5386034466709932 2.366867152072385
3 2.231762981187964 1.046965659160634
3 2.033353671444109 0.7131605693499861
3 -2.231627918469369 -1.394208290740584
3 -1.969260310693001 -2.367987598745022
3 -2.266230728192071 -0.05385072883537312
3 -2.091776808972203 0.3002529470922211
3 -2.465322309962066 0.25144644690767
3 -2.337967216366315 0.6713265313419372
3 -1.908971165184218 0.6580400498056265
3 -2.100872055296351 1.003852349535013
3 0.2685598332037422 1.713310130295726
3 -1.717285272385161 0.9965502559605715
3 -1.920666918212086 1.334265185387873
3 -2.315885726258966 1.324154397323477
3 -2.10472743503278 1.655250912671935
3 -1.730676595191091 1.671073326834959
3 -1.933630583160778 2.00282592601782
3 -1.545902945852715 2.006864731315639
3 -2.332902222405291 1.965674424707762
3 -2.129720958267982 2.337316101627001
3 -1.339231681019356 1.683048171394976
3 -1.158090811952649 2.020408988031715
3 -1.399624997598192 2.341680046174227
3 0.4794678823810989 -1.353331703240806
3 0.2868265568492525 -1.015137345453714
3 0.6729503797347149 -1.689918569759398
3 0.4784797751919889 -2.020208325428198
3 0.8706552841648847 -2.0226209994163
3 0.6990711494243294 -2.353440249223167
3 -1.493331594265535 -0.01879815053985245
3 1.09491651845677 -2.351480934154374
3 0.681615486869966 -1.011440505862468
3 0.6769945937956487 1.044623066994349
3 0.2728188775019591 1.041978686329688
3 -0.6691346483176481 -2.016861507903365
3 -0.4617669404822831 -2.349474994931834
3 -0.08425561897113987 -2.34494342712364
3 -0.3183088429833836 0.6957261995476278
3 0.07254202086665007 0.7024556585422328
3 0.2764265263798111 0.3607572193982493
3 -0.8963839393448922 -0.3438731384301388
3 1.273406625993474 0.01940460130085997
3 1.658751200008846 0.01620340505648965
3 -1.289506616545641 -0.3534893067080751
3 0.06653537999224834 1.377820950253293
3 -1.526935276854513 1.343956593236381
3 1.862786195453502 -1.002816640775711
3 2.061835177085118 -0.662725712814713
3 2.307583645300318 -1.039077224860226
3 2.453872277496218 -0.6272864968100693
3 2.235327597791503 -0.2984807744036231
3 2.365154568672586 0.06494643748834994
3 -0.7513981136136287 2.027670768972241
3 1.852742551261052 -0.3227644226874324
3 2.423261306443055 1.363691180893482
3 1.457469876974196 1.712360880362636
3 1.653792950175083 2.041350430066818
3 -2.412918689388016 -1.710626309984479
3 -1.258369410413427 -1.6939272364671
3 0.09438329319863081 -2.017738596314889
3 1.073829799868911 -1.684418927674925
3 -0.1048775963068538 -1.017132640464548
3 -2.675842786027424 -0.5633534532239843
3 0.09082241024889548 -0.6747980257640229
3 0.4852740568646028 -0.6714741925683487
3 1.841423385318967 0.364606579088266
3 -1.074678446024509 -1.363979232374445
3 -1.496373068198515 0.6748928189043188
3 1.652267856613263 0.7049193379283132
3 -0.1169013701589288 0.3552993949953915
3 -1.120297078810036 1.360897244743208
3 -1.097175440376547 -0.005348181515684836
3 -1.696010904197908 0.3191655685218184
3 1.468077606836932 -0.3231746644942701
3 1.850851906274827 2.366899855387697
3 2.616928330874431 -1.679830609630615
3 1.684423024881038 -2.672143259662244
3 0.9238274205482222 2.680125763088673
3 -2.675916126631898 -0.9376579627176356
3 -2.051572296257843 -1.050413648224437
3 2.221863129247316 -1.676280564125245
3 2.700745152130732 0.5674798871240583
3 -1.345355596562165 -2.672314629882652
3 -1.165569643732798 -2.337432809329764
3 1.484605217965728 -2.344436036492389
3 -2.689430484404016 2.089240125337738
3 -2.640677618993193 1.316836852321039
3 -2.02545575778045 2.67573458867404
3 0.9220452225283076 -2.679898018641196
3 2.23967820880355 2.374507341724805
3 2.696308001397075 -0.8963327070067315
3 -2.411314340028298 2.636991173235455
3 -2.688785455064978 -2.443322416878194
3 2.688110500105122 -2.439516242279907
3 2.426059715652333 2.6997572015612
3 0.319009878488834 -2.351213014897687
3 0.5383100626257766 -2.67653610402414
3 1.676613713532482 2.682353590896254
3 -1.77947587034305 2.340165486296191
3 2.700337555111171 0.1888548849027871
3 -1.261112674323979 2.671429190039738
3 0.3062926202490894 2.36787950758394
3 -0.2286023323724526 -2.678923762336666
3 2.188281912509153 0.3731634535504016
3 0.5336030350684813 2.68221673978883
3 1.469953574222975 2.359398929532184
3 -2.708910506190752 0.5237706809610647
3 -0.5554819464053606 2.740881740098944
3 -0.9926024247940721 2.329766008657462
3 1.0844867576145 2.355912762355043
3 -0.2135590947920583 2.705174687165064
3 -1.041661432877574 -2.00893695790816
3 -1.5788649871883 -2.355650806302073
3 2.022641847703256 0.02186822659407683
3 -2.10224942254874 -2.68613884772544
3 2.380204741221101 0.6934106469814934
3 -2.396893733266239 -0.3720239679964705
3 -2.379531495618316 -1.093077178565853
3 -2.738437984459134 -1.686771047444271
3 2.746192061245541 2.058704888543367
3 2.739649056508903 1.311773888249047
3 -2.340933044124431 -2.383603613565251
3 -0.5960245508408581 -2.671714750693828
3 -0.814821000904705 -2.343115597685966
3 2.37422135714457 -1.952980385247871
3 2.759578989297207 -0.5778643900416305
3 2.37142429507653 -1.402989196357866
3 -2.768280134817147 0.1879754976152479
3 -2.452507254025007 2.293569918833683
3 -2.725808265873682 -2.725808265873682
3 2.725808265873685 2.725808265873685
3 -2.725808265873685 2.725808265873685
3 2.725808265873686 -2.725808265873686
3 -2.405516331374775 1.043475056197673
3 -2.402772310321126 1.597420664940116
3 2.480587998997636 0.3687854506878345
1.393674405983078 -1.45660301356298 -1.489625322527554
-1.450717759368596 1.476198607817782 1.441094713472191
1.456712896809557 1.484146754604305 1.405455277340924
-1.516132786090284 -1.286689123306977 1.47898484872788
-1.478146701595982 1.249808585123199 -1.533974034115614
-1.492280764384978 -1.457455993510607 -1.383965174097047
1.491571897799182 1.395045168842069 -1.452950251126908
1.522254752165211 -1.49781831697175 1.245103170549714
-1.651515894135851 0.1196820251712459 1.660856958718036
0.02168779105419558 1.714809706418817 1.503164545866657
0.1896914934212137 -1.624195474060194 1.663096301216274
-0.1389477645055653 -1.752950871096721 -1.393294607541772
-1.494100351829589 -0.06027943654822665 -1.723351067523399
1.55117198440376 -1.700963025343541 -0.06327778204013837
-1.692370921812543 1.574741891632632 -0.1384434422821208
1.520447587486016 1.712541434233226 0.1065147354830802
1.588576879848486 -0.1023290823565371 -1.68232772680525
-0.03718160507642877 1.581628693935396 -1.691320476801499
1.586979565101183 0.07500634506618448 1.680636145540378
-1.32658412752049 -1.762710648803338 0.3460762833814695
-1.85760079096078 -1.011625181177357 -0.3752280078357925
0.1577963976610427 -0.6937590316665434 -1.939535938531163
-0.1685164106753345 0.5643120619958217 1.962952291485483
-1.894184887808152 0.5980535767093297 -0.6772632090829773
-1.931164287033839 -0.2811332934363353 0.6813518887177423
-0.6481473298890288 1.901826095749349 0.5706857392561505
1.881078115682316 0.5546152643909985 -0.8040518546835795
0.4261779900019591 1.941456430644562 0.5269577376170151
-0.4413585877687744 -0.7155979543421559 1.911441579115485
0.4165132429306753 1.906004350164601 -0.7330000935150215
1.906333014324696 -0.5023019647620856 0.7212085195808636
-0.2649519700231483 -1.943689827314541 0.6011319294619677
1.919787572109616 -0.7119719456339304 -0.3959722630282075
0.5105828654064906 0.4864202306977321 -1.940800298035103
0.5299358430833448 -1.959425320445479 -0.2429401432843899
0.8186458507216605 -0.8006120334547299 1.673274265596888
1.940423146902302 0.5655070989447027 0.3666411619314541
-1.715655777065416 0.8758018653396351 0.6221004798825187
-0.5876383214512838 0.6862377758359172 -1.842886268341727
-0.7623521543487097 1.68912262989646 -0.882215951673784
0.8235074091687937 0.6797826481582674 1.651394329681874
-0.6773976502660075 -1.764664595357663 -0.5691197003934922
-0.8648428752649822 -0.7314034211517761 -1.557814238254238
-1.129921496014322 -0.4996850559565291 1.375490390428235
0.6284471241528047 -1.471172302273756 -0.9725279200754355
0.7120749953442781 -1.611734049270779 0.7847059488911849
-0.6121168413894555 1.080196454927979 1.40088733628105
-0.688977208372282 -1.306802460996731 1.156867036948499
-1.614250306627985 -0.3305144753828835 -0.8311417073397689
0.6278897579768654 1.306325862057814 1.104090811470052
0.2909600197747257 -0.1589529043054005 1.802179549568953
1.010022172177776 -0.6518191490376111 -1.393281013772691
-1.401496917106572 -0.981219805887195 0.6526758300918425
-0.127660939722305 0.05251977218037847 -1.773876244172529
0.7420971947331554 1.155596863737364 -1.190331516431431
1.388467927917091 0.6491259088105328 0.9771749770372209
1.391456009476842 -1.061168269186396 0.4037239001015482
-1.744981483910926 -0.1269573573956085 -0.03618706784433454
-0.1288106230962753 1.757130725012689 -0.1885836042153012
-1.233461175962825 0.6614674282235464 -1.047130410211596
1.21150805678893 0.4625584918070409 -1.219641548832116
-1.207021169339413 0.5034684934817861 1.168553028074215
-1.130125590497042 -1.061584081472863 -0.830590016893494
1.381721008037414 1.089502068817378 -0.4028257060328706
-0.9983654910444153 1.241474760399659 0.7350656247695735
1.54863527247119 -0.1880222544730042 -0.8763212684050885
1.270194461669885 -1.097829329818961 -0.4885974734698861
-0.9620324580163592 1.441382636212844 -0.07385569279884541
1.175650897117891 -0.6556060568989877 1.058663810681201
-0.1226908623235812 1.492339293080356 0.7743975560494216
0.9254793898436393 -0.08328522915992063 1.437102427488623
-0.8659403563475456 0.1012093914766558 -1.450031575935217
0.8350249684541756 1.489521236185339 0.05383745108818536
1.747385843642822 -0.07927180645202588 4.279780560334904e-15
-0.3851826249713908 1.1342824672658 -1.229565790590096
-1.505566466583736 0.8197629395114907 -0.09797726096395611
0.08801945552509988 -1.368634467328151 0.9789233471191753
-0.02647449077210229 -1.668239057852821 0.01786924151766682
-0.7665311763912854 -1.405474120780066 0.4370686713967628
-0.5542092271320163 0.1199848534303336 1.588060164239632
-0.1547918034210225 -1.371997779309239 -0.8741014687714899
0.1811491422590116 0.822332144381398 1.439825441220948
1.366723673100805 0.9237695594222576 0.2648961428156596
0.6538066154473254 -0.06469731818565293 -1.547080737257264
-0.854292086862213 -1.960909228531199 1.965101831031164
-0.2380801233200382 -0.86472487190563 -1.386277992338951
-2.023564142667232 -1.940816763050094 2.040172501056889
2.04270448467454 -1.793718849634963 2.05510150684698
1.838332184978183 2.068094042152476 -2.063867961997241
-1.38638248457154 0.04324535053195997 0.8045015872043719
0.2425873613375469 0.800542383642832 -1.404996233150278
0.4523374483112166 -0.9297280313944483 -1.244841682570975
2.039652695320349 0.9352849867786499 2.063719430036014
-1.99505654409214 1.989515597810774 -1.995297465500864
-2.10613587667934 2.109232710262906 1.5780361591596
2.036671336733611 -2.022188781758951 -2.021879040218554
2.034897458399188 0.7295975165021279 -2.066971270909871
-0.004542492000767354 -0.8577142738770442 1.422074689008338
0.8968607622732527 -1.353276271206176 0.1171521041895662
-2.017796597193131 -2.008476046578316 -2.019882434942069
-1.97164698401648 -2.001640908009385 -0.603165152934664
-0.7968278607995198 2.015933485401728 1.9982338588678
0.821188844944204 2.02567461349209 2.006958669697097
1.943579331462439 2.041115282822016 -0.7180033732385867
-0.8331433494502039 2.049543509790506 -2.048499368716889
-0.9965748841484157 1.100033567555784 -0.6529477702015535
1.0631090786865 -2.01809145576557 1.97921629918736
-1.482247388311183 0.1835359673597111 -0.540635017845293
0.6050633977476875 -1.576246534053096 -2.050944152767033
-0.8086063069360048 -2.037035775459044 -2.042667345515634
2.012742019827124 2.029936795246637 2.012585667423077
1.523396366891407 0.421829887081777 -0.3100120233553025
-1.272559129314867 -1.039701415510056 0.006931732858278907
-1.788825269285484 2.067035985221821 -0.9559198655338883
-2.12842754268288 0.7865466076815333 -2.126295256274834
0.1150423067945785 -0.4149770461537858 -1.475631489414929
0.8502503921513945 2.02524594679519 -1.891961877486644
-2.084294406286479 -0.7492669189053383 2.089553493265582
0.1678782304817582 1.356366526966172 -0.8272268637808092
1.505816181837049 0.07155989794009637 0.6673690478059267
2.044320380696562 2.055437488568357 0.8398998015785089
-2.115642476317739 1.226255853682198 2.12718657177542
2.058428057998316 -0.8561381439520197 -2.047690902215269
-2.115406193090651 -0.7644103752609159 -2.113522284390512
-0.5516050753452382 -0.5151068541997441 1.373969838798845
2.072433381837768 -0.7370527103937011 1.804418223816646
-1.845067644400394 -2.087325624836181 1.11106245396506
-1.052897429229656 -0.3451934437911242 -1.117116639557737
0.6069827513545538 -1.064524994502279 1.003006003663991
2.065910976397578 -1.860183223330365 -0.9349042025239372
-1.557657396525235 2.110583988773064 0.5936838577498719
1.444646130497599 -0.5933593157507479 0.07401984805912275
-0.782316264999246 -1.337252703192446 -0.1997146146888949
-1.416969600940288 -0.4509235892637553 0.4500712977278916
0.1285114932036999 1.515001263948544 0.2328453208429155
0.8109046517967081 1.269272664524494 -0.5307688749911861
0.3574756374472243 -1.450194787523776 -0.4275147717027792
0.8870496131151191 1.128569592481242 0.6179826083070139
-0.03713310384731339 0.2842606119926646 1.510777831294846
-0.9450555079087444 -0.8020357148817047 0.9218999748750202
-0.9193292058861847 -0.03879600299368498 1.210599014216671
-1.194134421655606 0.859996799480045 0.4103041293408262
-0.4765081277600966 -0.3452039909673831 -1.433345767408987
2.095916498819929 -2.071890238321566 0.7937834401373505
-1.371573525875148 -0.6063820106093918 -0.3057055189947782
-1.105117846146986 0.9104534872282313 2.131490723120782
0.8513543066420586 -0.9782928175914689 -0.771859798674964
-2.16647355752148 -1.351594705209795 0.5002901861247959
-0.5860426913798188 1.370045925909887 0.3005473259274663
-0.5288979839422189 0.6019332459784592 -1.305915657948413
0.6716445794272855 -0.4963230957274325 1.254493707381574
0.7800655877662966 -2.174650341367125 -1.435564004247146
0.7405510414342429 0.6955445876570105 1.128326662118932
1.058749663256928 -0.06819996114806069 -1.121232429375866
1.142129870303958 2.17813852252653 1.02390798168569
-0.3545989211819467 1.399397327609025 -0.5736759369341795
-2.181919902029925 -2.172011890801878 0.2599368500674237
2.184624823281711 1.27274377462279 -0.2075726788729712
0.005222383748726927 -2.197705964745751 -2.116056867371526
0.3514993544771994 1.308264408874909 0.6501516764476249
-2.229400117164762 2.234630089000224 -0.1823463002964477
2.226110991124936 -2.251941242175094 -0.02963708654320477
-2.200774624046971 1.168450871948119 1.264148476083437
2.184573985879241 0.8735149446087602 1.154746964117761
-0.536976147282398 -1.191452673097954 -2.186471079120833
0.3066754413852668 1.460676185659756 -0.275055557871371
-1.095767037493921 -0.2333236668235119 2.187988503576336
-1.477432351336718 0.3691438993078358 0.2264517739046931
1.197274887604061 -2.168059190140777 -2.179511748535509
1.164253700349074 -0.9878438998670176 -2.204992341588149
1.306996127373929 -2.20932522355308 0.5339526991474896
1.165256054457465 0.9568110119754318 -2.187329513445543
-1.220416343381198 2.208312947139085 -0.3781918779895109
1.167737425513464 2.211976100333167 -0.9166561880316703
2.210326928937932 -1.078561484199235 -1.139898079723057
0.2724897380851848 1.273050132949885 2.183218373933963
1.263439716579847 1.152387599785303 2.211940015855694
-1.078561484199234 -1.139898079723075 2.209601391471971
0.4775223335646354 0.2779321851826953 1.409067824909224
-2.199783237562371 -0.7772793573457673 -1.218278958867992
-1.175214025070511 -2.206687246788594 -1.24977204122721
-2.212165391212793 1.387041284710894 -1.129440914949086
-2.216467794594348 -0.7575242680279437 1.27775831375659
-0.1938377208644315 -1.421995111646516 0.4397855322063306
1.03115894623176 0.7716861493245544 -0.8132768751296037
-0.1095544221879607 1.064049440364279 1.031230255585809
-2.22557704227256 0.406715006507934 2.144964216302896
1.471935162809216 -1.230113888087996 2.214276266636515
-1.14661789725935 0.1272837949558121 -0.9501262192368776
2.151359300783561 -0.01676768157534505 -2.236046504418493
-0.8516963948846776 0.791162603962696 0.9409609011464584
0.1190022938532328 -2.243546211795117 2.251097658879369
2.154691177405361 2.229128889746667 0.06510031049899223
2.2146459747276 -1.295882214905365 0.563204418601838
-1.53822267658802 1.783905790772776 2.222960693328611
2.22129135197726 1.278688981754855 -1.118463893952696
-1.061866331244645 -2.235305795490108 1.132202461025703
-0.8794164623907963 -0.2019249133901709 -2.226004835539003
-1.383550939996099 -1.185033372160933 -2.178744724098442
-0.5792089190492281 0.5109053463760407 1.271396733691443
1.273667937698533 -0.4388852206287452 2.228586415508493
-2.231478044360056 0.2065316209812653 -1.559116645619591
2.178869046930939 0.1629034487356988 2.226579129507043
1.3066009338178 -0.5432275086056365 -0.5522100804011778
-0.01347012400779729 -2.232568711651078 -0.7651553851302196
0.6974954577610348 -2.229292913919937 1.296839822895772
-0.7569133051433959 -0.7309048794248099 -1.038389043500086
0.5801260415486532 0.377968964231029 -1.31847025787083
-1.238377667583252 0.6141998904375697 -0.5290079021297149
0.9341417346005207 2.244980085560554 -0.1462143216227137
2.243709910838469 -0.1054495897460094 -1.24241880746003
-2.262952827981801 0.4012030318494376 1.272727239309634
-0.2825655802274276 -1.420798106917546 -0.3380982482444818
-2.289053186851337 2.286503600726513 0.5865884975989492
0.3881178529770362 -1.439973218429513 0.2625777605974119
1.563402262891926 -2.246729533478174 -1.432439649319951
-0.118257504039072 2.262290584434623 -2.248937298235504
0.9362223918334164 -0.211296281218656 -2.256135062584129
-2.248516129358181 -1.571002820243434 -1.206391852333802
2.240954593007295 0.07331253575282984 1.150710051504186
-0.399901865797116 2.240596655292191 -1.319815893436491
1.165509837424673 -2.246121530884983 -0.7514325649910786
1.477237363178454 -2.26295083324359 1.317184091745891
-2.120696296433309 0.0007449949177706174 -2.277731432573613
-1.31406432554463 0.7854156312892402 -2.206280524189918
-0.2980777718815878 -1.041218166042802 1.008200009681626
1.11324002987454 0.222997167646015 0.9700502122028729
0.289009979308697 -0.7872700542684703 2.257972342724265
-0.08526699955297642 -2.263635563907109 1.278453200664307
2.275582273953507 -2.263401892457202 1.491288113421776
-1.156926003406266 2.214180761112432 1.288576107610655
0.482598676102025 1.394515153418475 -2.248761013029421
0.2579217512046071 -1.146725091439434 -0.8582495200805754
2.266640175666612 -1.490688505417079 -0.2465982188986921
-2.26519821256264 0.4101276873568979 0.1463902058501701
1.326877331065375 -0.4048365766700596 0.5658435124044761
-1.111703536143458 -0.308896577857167 0.8544286875022159
0.8765468130070082 0.2448539283747603 2.273867208712177
2.23304590347207 2.236674962708385 -1.414037531711031
-0.04380916851604345 2.198039730923006 2.215174915243697
-0.2973933956782254 -1.581551933459349 2.287368827567408
1.120876473393589 0.7040495478902149 0.5989033494529751
-0.8275870553533131 -2.28093225298995 0.1190291786703983
1.41755121502439 -0.1081974541870289 -0.3462027562035285
-2.295992814051126 -1.530020205312256 1.2881989694409
0.5345073408380627 -2.284982699649335 0.507332308238911
1.254531065929655 0.3111530945260205 -0.6965810312648781
2.278236201126463 1.472072280487172 -1.908013105610989
-1.455288331074587 1.568326567192254 -2.289596211411483
1.413602001014172 0.4119730111095195 0.2670987928524023
-2.24293969386599 1.502893245337288 0.5545215765783107
-0.0643972993147556 -0.3669291390452062 1.432052666674773
0.9799277040296235 -0.9115024249066797 0.5679773373214916
-0.4355258441220952 2.300246094063088 1.400312846134157
-0.4311696167540644 1.379972947886134 -2.290769020309846
-2.293890459638769 -0.3786870716619341 -0.5375665658459916
0.5056529677306583 -0.4561108442132746 -1.260314171324658
-0.9725748083742767 -0.9867591715845749 0.4298399191949923
0.6783443507548667 -1.462914059686184 2.291375314303176
-0.7435624741864846 0.7849698696636636 -0.9501108252898598
-2.271902337907743 2.173686744682941 2.294418100490282
0.4627350022947877 2.298177117765036 1.4077052583233
-1.170803623829459 -0.4702600655925087 -0.6835645515566871
2.262066085543757 1.385628967053654 0.5440055527225516
0.5081866125753042 2.314705241327733 -1.318967699665282
0.08453759247464138 0.346480764495932 -1.419235822066755
-1.061204141938255 0.987444653146396 -0.08681120224910696
1.114742488406143 -0.8958216337423317 0.07227020107860542
2.274701780141843 1.520569137890561 1.526124133552916
2.310665304375284 0.09096924247850847 -0.4467080495140741
-1.469081431637891 -2.319413126717837 1.791881478858058
2.262728869513748 -1.322536318171371 1.326506299202922
0.825572707290695 -1.146813512771651 -0.2858824769817386
-0.4280756678680657 2.308020812462075 -0.5591158841308908
-2.318213382897748 2.329473154369998 -1.325523087419663
-1.43962433781992 2.286764014760845 -2.189019000070994
-0.5585245147599085 -1.077711968943357 -0.7940928132961581
-1.95966815448647 -2.292411470110411 -1.28673409652482
0.3721146547368438 0.9899904096469331 0.9453394880443596
-1.012860484531043 -0.915179445505335 -0.4289831601036934
-1.144639635569444 2.276865614715267 -1.404719081071915
-2.31443866410963 1.204518244943094 -0.1005490182042443
-0.5248768030190567 1.369399890766551 2.27253790658612
1.490269987670059 2.339579977246844 0.441747736029601
1.498999176074074 0.365790476075903 -2.340643426409291
0.9451234721342263 -0.5692661178953797 -0.907431533225206
-2.335630865235029 -0.767595837213758 0.1494386597838379
-0.4027062378182719 1.366039166951705 -0.1290479721094602
-0.4634833788108309 1.106709085461123 0.7685185452523976
1.509904927052385 2.353699953741056 -1.491148547153912
1.47236862457901 2.342030923970752 1.613152281776395
1.500074275373381 -1.568306027191091 -2.351075143507106
-1.295816680877055 -2.288458971135007 -0.526086545898532
-0.2030070009196116 2.331606454332005 0.215108840987619
-1.227997827355617 0.3881744890266996 0.5931945568294407
-0.4189870865821906 0.1100902831978627 -1.370608470486662
-2.350212081198288 1.380408201202193 -1.80206511554202
1.278914782107833 2.342484335780063 -2.339441915950395
-0.07892676664546737 0.7852934773830895 -2.345880976338413
-2.362862586768792 -0.1753802148436272 1.6095010632567
2.340256821501426 -0.507326959726765 0.1225415972923536
1.500307767838166 1.522121700561615 -2.35849706342745
-1.455569321979352 -2.30120372578364 -2.321242106776328
0.9432054014197861 1.062370281105676 0.0660761177598731
0.6312687678146863 1.209715795456653 0.2973387232524846
-2.349015274597378 -1.324316984444785 2.334937328778231
2.347271474902653 -1.447529730848672 -1.804342396676934
-1.372921611516281 -0.3249993223348363 0.02168856044258141
-0.03102280680264899 -2.349711317939079 -0.08360944483996166
-2.36091177412942 -2.236380575106717 1.546243280505371
1.680995416398427 -2.328537973578939 2.327506468400315
-2.360991178172537 -0.2008518734738582 2.363785800200636
-0.1103520609126675 -0.1053641797744887 2.354577563864815
-0.02285498471296236 0.9722038504570167 -1.039629772909506
0.4513213840210311 -0.1317085569969691 1.322795746167021
1.460057882361335 2.141523039489428 2.369398214800326
2.328061279328026 -1.223040588428218 2.330259547997753
-0.5739408113505517 -1.101519939191315 0.6696535817286611
0.4259404641557667 0.9329952623129277 -0.9831684038726247
-1.651724192213911 -1.492386555965642 2.369182299337217
1.844814500164904 1.492234153183602 2.372593495774167
-1.507300068487383 -0.4931711720916731 -2.328447913813818
-0.3910943158839119 -2.369909655962305 -1.448568669836961
1.054725998903289 -0.2581411866963418 0.9157152017683543
2.375640484166355 2.391091776700688 -2.004444329373523
2.322886378157968 -2.351884765880772 -1.378428746329704
-2.339102732968676 -1.371683056983732 -2.342019540241254
-1.497636475878024 0.3368602459650254 2.318786803089839
0.6320109059131451 -1.149086849835137 0.5190520144828086
-0.09566935529392784 0.6085290771459735 1.242162682798206
0.5811983697890882 -2.375070359809821 -2.37368863605643
1.174114345879625 0.6998742979166555 -0.4027945050692631
-1.62966464626327 -2.383780783001934 0.5451501418596769
2.371252451877223 0.6783443507548664 -1.462914059686187
-0.2076970483324623 1.294583881185719 0.4397686895324556
0.1456716695427093 -0.009019367713827114 -2.376075807886386
0.1489071059884213 -1.189754070308729 -2.377889746413337
0.2123960183155614 -0.8817686450621998 1.066943177476729
-0.7055087168183694 0.323547426648542 2.333381388904324
1.54930043216987 0.5400956963153326 2.340223358644386
-0.7748201578457572 -0.4525672147499568 1.050881807682011
-1.296156468911648 -0.1890888780955396 -0.4345627478059961
2.324451314667926 2.346476676292031 1.387295375859859
0.5640212058707901 2.368054012742552 -2.373288736669414
2.392849936599765 -0.7160728343334792 1.140321038041626
-2.381704029858222 -1.361152391461092 -0.1817025691212844
-2.382491943787731 0.2085484947732607 -0.8844009648070317
1.06596420470462 -2.349885424083811 -0.08649863267170621
-1.42940262268585 2.380673969581906 1.963781509890749
-0.8831509817729999 2.38807666758978 0.2051897826344139
2.377295736294481 0.07815159503035427 0.4741266899000653
-0.3365829825115698 1.065213790467469 -0.8104328177527667
2.361267242670453 -2.294803337662068 2.342664433885246
-0.7651254719186611 0.3010544404895245 -1.114614410591073
-0.6738919801564142 -2.369443637735736 -0.8515796750372259
-0.4605332083048965 -1.326740888428361 0.08238804985566811
2.419437579846242 1.46005788236132 2.141523039489437
0.1770613209566187 2.377477333486734 -0.316960734526864
1.534617663517531 -0.4665120702468032 -2.369935034668144
-1.396128078955992 0.1048287655557704 -0.1305672250623632
2.267723993533642 -1.350715037481635 -2.415745971915692
1.572277794025475 2.375998413809915 -0.2062798204867273
2.403085169338709 0.6818039693609831 -0.09845729326019535
-1.345393311357523 0.003527903629944269 0.3214776927372794
-2.234685268704397 1.351648042593295 -2.41571767106525
-1.200252550548375 -0.6628127592285485 0.1232827833724051
0.251377483603328 -1.189135076004891 0.6590215730508816
-0.425254982995486 -0.5993910186276789 -2.411365392214273
-0.765322633186885 0.389621973478519 -2.412066013212037
0.1911852085065889 -0.6568647680676901 -1.181173941555659
-2.412679269280442 0.7989352675527834 -1.232520036418181
-2.41452379282592 1.745181581462209 1.146369425012234
-1.078564691391792 -0.6234951584510201 0.592994266445207
-2.400695562992864 1.96238518399046 -0.8098709666698086
2.366832627251379 0.477716788218818 1.667754347634345
2.420987973452822 -0.498006298717067 -0.7939267592506289
-0.4500238592582986 0.7941525939727163 1.029922202480568
0.7774332201658708 -0.6946584979250661 0.9183228597254525
-2.363253249596837 0.7792227847253224 0.7355021197963686
-0.1187589013328941 2.392509427949249 0.8490737245158373
0.8141984951095654 2.425056085425674 0.4323591137309843
-0.9285724759737463 0.3005931016434977 0.9731160927065211
-1.370322146459191 -2.389535805702212 2.408343381455587
0.5793004349484676 -2.420257611279875 -0.8699766077673317
-1.556117612814455 0.1942191575171034 -2.427593832907405
-0.06936038437084827 -0.08003998325855095 -1.379700722651064
0.6768366757428812 0.8161134094499243 2.420716371859094
2.424903327168604 -0.6834884947970405 -1.582834911906592
-2.399977314362347 -2.398787546546239 -0.8665085647167547
-0.9548604943220869 0.5120624206096058 -0.8106160782351766
1.370318191907007 -0.07214220458773196 0.2924049636698609
0.8800373040447572 -0.8976106086228477 2.428422028131346
-1.588685629866088 -0.7738758548144253 -1.612324280873607
-2.435921868783652 -1.170626528013973 -0.7570863965189919
1.695765848240709 -2.381889737252241 -0.3915405545063501
2.418912652380837 0.5087248450634289 -2.406193223174764
0.8658353462658268 0.2989254598064721 -1.042698150075567
-2.437617324792957 -0.1794357739117293 0.2570776636228704
-2.443789989729761 0.014045336248366 0.8244394498059604
0.4845259112937422 -0.2142202207858774 2.434591007801538
0.5979199764141053 -0.7951522782036439 -2.442685437546271
-0.7904204168215854 -1.484053624156629 -1.571222151647913
2.362040362318494 -2.387939075066471 -0.715392467303865
-1.704109232734334 0.840641610824148 1.674766089846043
-0.3986012126246111 -0.1415121544873644 1.323454091607691
-0.6875336909346671 -2.424944844080225 1.594607288070921
0.1942276328182361 -2.444593796134778 -1.553167533736545
-0.569793015879741 -2.475740906582425 -2.455367240577615
2.479916316317506 1.306011666432692 -2.4618674898565
0.5490440978007854 2.412339945242638 2.404002613236235
2.328302064575886 -0.473716213043275 2.362285793773362
1.734852543162785 -2.414201277564321 -2.393385147870422
-0.6389817202590728 -2.384477024434382 2.389238347553043
1.133028177856499 -0.7036640991593947 -0.243574869666047
1.194376088073692 -0.1450110873491296 -0.6758577613844944
-0.7594300803037111 1.052115529223978 0.4551867210375497
-0.7116069272142824 -0.07379733720143883 -1.155505166783953
-1.412011255422982 -1.587406204618762 -0.4336321589556987
2.442271996989045 2.429759201582204 0.5309010183723346
0.5362830584400333 -1.09499546875623 -0.5990736343176067
0.8881583848842951 -2.416525110098088 2.416319636188722
-2.135343291351623 2.418716874596864 -2.41271108667282
-0.6336790714711718 0.9798790753393997 -0.6464046928193694
-1.717823386556679 -0.2698660042882258 2.361606088317351
2.393827245731035 2.416206838139344 -0.5323885948138772
-0.8170251779177269 1.43435896006039 -1.701417329983796
-0.4164120409917371 -1.785552437955892 -2.435236553769886
2.491205013656556 0.5499017948467735 2.485170589492701
-0.159502783129066 -0.9289557227867791 -1.004618366843942
-1.835530045467161 2.39776057535878 1.084230634456415
-2.49517604631443 0.9710573165508454 2.462695300548982
-0.06963234083476057 0.6397282765188084 -1.184671257156301
2.124984736910593 2.48623384275265 -2.488603646392574
0.324409717573274 -0.07151882344263279 -1.336194628806224
2.421441979168327 -0.5821364503462849 -2.434450528653777
-2.398926025618754 -1.928208865320521 0.8045163143555313
0.7366731508468451 0.06572505785222603 1.143920421098257
-2.153696025659253 -2.40913215650411 2.415617370782055
2.384789381845126 2.372536271867191 2.387430621789441
-1.799057562128299 -2.452292179319469 -0.257370422209281
0.8783434543317389 1.602316645329682 2.436477845845346
0.8638469433936401 -1.571651240281808 1.475983258210046
-0.7724258052682861 2.443980012391314 0.7974901023729291
0.5910898311696906 -0.7739598991890847 -0.9362327274943532
0.8262190111226123 0.3780733076374291 -2.442051581359673
1.58856556269834 1.398333067794885 0.7257227121777227
-2.44359899318389 0.6066647060621342 -0.4328589632641523
-0.230931437581873 -0.7014820352990059 1.128546086281531
-1.596244887445466 1.415559778416331 -0.8083080177448509
0.7846494799380406 0.7994265594150529 0.7570398771487669
1.692198028256884 -0.7537579488140269 -1.467472300709312
-2.472026194624795 -2.472973253099729 -2.471672403812946
-2.362462777274666 -1.208333017435737 -1.722567162550392
0.61235438860074 2.458090692850606 -0.734830576419601
0.1095324939715195 -0.07222835435303726 1.321163357425276
1.498592126441624 0.8347986193792356 1.643011030663177
-0.5575396705615697 2.454635697225141 2.321272147259447
-0.8937650583520819 2.470168372201776 -2.461307771510676
-1.673267576370022 0.5994621245198284 -1.645394112836513
-0.3014355857328442 -0.9049828947722711 2.453776707635618
0.8016393954948794 1.385678360312087 1.76236100468251
1.119807218629655 0.7491386739281249 -0.03993318759403616
-2.427740873741872 -0.2888574818695682 -1.844821674989445
2.468369323528093 -2.420684889933893 -1.94548259450651
-1.583238895702836 -0.8660215415986698 2.42038343806686
2.396960615243618 1.925710275544277 -2.394245211520856
2.43411801867121 -0.3045369261245703 1.579506055256381
-0.4600743875221529 -2.456554098843225 0.8150755952800713
-2.448599343038631 2.433005735007757 1.23582727363844
2.456110666183165 0.684088033840236 -0.7833326433152735
-0.6815131125521527 1.142859302760604 -0.198197092773236
-1.724679542803977 -2.462527184811981 -1.816451272704847
0.6193230986782321 -0.127298691244473 -1.166300385035538
-2.423718246238737 1.674657128853125 1.858310975292894
-1.781714277836625 2.470577080826369 0.2054306805303024
-1.655636160574465 2.416573143207421 -1.714357513107695
-0.7114942541421303 1.71729699703989 1.213266917953008
2.495446218781969 -2.49680203850535 -2.496864286300219
0.2817168782886219 0.3562832804971752 2.393142766723023
-2.417123474551652 2.417687122568994 -1.897555692724175
-2.452157710211074 -2.446470502048423 -0.1725177466943978
2.464838253217457 -2.477985599598833 0.5662096240958218
0.5687617254441923 -2.43927148322437 1.915906164845307
0.9312757922191661 1.724365486040593 -2.451313293465434
-0.2203246699622474 -0.5382680871077181 -1.217375590173713
-2.441924765666903 -0.7628670603131846 0.7311195130571375
1.959692911800642 1.159539903048714 -2.483290139802078
-1.153167394236463 -1.698932268720104 -2.419840186151217
0.4604621181115173 1.149228501131571 -0.5540260922109117
0.5359577784105354 1.180401228125809 -0.2240260466024536
2.425267702398902 1.753254319570856 -0.4883431524139559
-2.406345082032979 -2.424281450877374 -1.670388313639351
-0.8688105282417619 2.471395532344889 -0.9393295796125087
-2.224159145588443 -2.471525768982028 0.8662130974496058
0.3720725694737805 0.6303805481187663 1.139597144765025
-2.119025623491041 2.480798491564634 -0.7595691826729823
-1.176550976294221 0.6406179389745474 -0.07656602654238576
1.438238797817588 -1.640377650696203 -0.8458394214023501
-1.585974046752615 1.150453754658748 2.423033075268139
1.775306057399869 -0.8967986778984431 1.246334301583847
2.452363933967927 -1.005318552040028 -0.5095494237908729
1.670766912673773 -1.786574404284518 2.482326907962823
-1.067306629002848 -1.794533360551751 2.469781762589186
0.04235784889753696 2.393168456620542 -0.9330993809084922
2.466217545820518 0.6762969615737188 0.5866802301269167
2.478520695464745 -1.656884971802433 -1.267271050274973
0.9427545658024777 -1.763817356062751 -2.480837699913169
-2.439967577464427 1.643057213081355 2.430120543337777
1.77805294740227 -0.7362420985308653 2.403396893339067
0.2635833999327435 -1.773665340069168 -2.470510817994839
1.442528650082036 1.609121601594676 -0.8205349650629035
-2.418916067251115 1.906974563411874 -2.420004931334132
-2.475008779737289 -0.5253525010997449 -2.47348514326361
2.484034892725797 0.09101879666158097 -1.79721979905188
-2.501492584794552 2.462280465637989 1.768208973431679
-1.747597048824302 2.448509930177284 2.436970386566149
-2.476267399926228 0.5320875176599611 -2.480351824582367
1.748725966139206 -0.1572985766337799 2.452087546340102
-2.392799034748428 -1.151331489602681 1.753800327946839
-1.154105034962762 -2.500518484764363 -1.911847313548132
-1.393678775813618 -1.916995298231866 -1.815553667901414
-2.44646614356034 -1.929356740148036 2.479422054809871
-2.3909976088108 0.8026896770980583 1.712613575045962
-2.490359316270113 -1.713235019512583 1.843353369569723
2.418765801544582 -1.748156895698231 2.485927833608671
-0.1248420914536051 0.8128522172989333 2.475434105982702
1.63196425405613 -1.640024303202678 0.6100870008066044
-2.473332840132947 -1.772607154095646 -1.767103625855942
0.1970364050486001 -1.322650779015599 -0.1279316563595308
-0.9926225206531749 -0.7900882303613946 -2.401375480306288
-1.640601906575533 1.498436321719427 0.8137961581353986
0.9215012162131944 1.390836500956853 -1.769207334596439
0.04442885915664448 2.400904300685886 -1.688884382283369
-1.240944256209588 -1.619961626115618 0.9827426828732735
-1.05444261040783 1.544708862670584 2.448596179299874
0.08202586305143809 1.22131516463987 0.3922722336877528
0.1261410134560105 1.235934661011733 -0.4778065434212465
-0.6043549378578579 -1.108115691945809 0.3445973469535324
-0.5459654177939014 1.93251549099181 2.497473214797092
1.731602315344099 0.7910671366571012 -1.430566059542523
-0.8830266286777966 0.9834736453976851 -2.494036541989011
1.658446105198888 2.451195279838669 1.028691059645878
0.7805487469882216 -2.507133979797269 -1.887212353844661
-1.198881346258722 2.241171542063594 2.471178239472362
2.464883778974569 1.652863327277506 1.005089707763803
2.491683647136989 -1.538222676588009 1.783905790772797
-1.52155519784949 -0.5913325597277411 1.858450908380754
-1.871219556217742 -1.666841827963759 0.03650309376288535
-0.6211014924692873 -1.32209713964306 1.796095118028945
-2.463784741827467 1.198404267250132 -0.6521974125039338
-0.05489665881927155 -1.60365069129511 -1.978773246085893
-1.137747021526088 0.009278988185894677 -0.633407593475571
1.776757741326103 -2.449990050324214 0.2853857499453821
-2.46732603877322 -0.2800765831770908 -1.16041941592319
-1.092149239492316 0.3533191229134688 1.835712323478398
-0.6673445820306185 -0.4716700960997267 2.473813685935295
-1.435928129304817 1.836656421308626 -1.730611865224329
0.8537111332226832 1.779897650590713 -1.267076942517191
0.9796653107685035 -0.6874673594294765 -0.5395765171586908
-1.166035278088592 -0.06943140158897085 0.5925579506821649
1.085508572057435 0.2654785590718396 -1.892727316295846
2.430074610312507 -1.903923195201394 -2.426552850254746
-0.5078554591702514 2.484051837803326 -1.89915395812223
-0.4924823303476831 -0.452932416292177 -1.101502947762361
1.613209624197888 -0.9867707485244523 -2.507285797154814
-1.754417138260928 -1.61315633191302 -2.398895657801057
-0.5157720247993409 -1.837005081725416 1.448908842864727
1.613386140112218 2.511496790827798 -0.9108592252695271
-0.2680891557448376 0.2932597221241391 1.259785893115761
2.467875967944895 1.769750206218261 0.1800954781062095
2.41226398895265 -1.82158930504704 0.3473828607145678
0.5485719824376306 0.8732496325528137 -2.464960099796905
-0.9663585537084518 1.440989997540523 1.845070461176821
0.2107217670734633 1.848128100294331 -2.464876513689636
-2.483557662911618 1.848522532478603 -1.540983773074072
-2.054290532137316 -2.514865708321339 1.901058456910217
0.317233851751957 -0.4089767965443156 1.205173606564243
-1.453362445159943 2.509798737376952 -0.7582831325600987
-0.7133689606043532 0.9149682594829668 2.506820148640363
0.1130545255964665 1.091721803901626 0.7159318852117585
0.5603741592500534 -2.511877309518355 -0.1743489030622
-0.882480603883567 2.500919048473824 1.763704312454802
0.3247477001157597 0.6232371298539309 -1.123044985574193
-1.787151848766338 0.9788941126669495 -2.504798294389666
2.463741168602911 -1.830448055372385 1.158498976294402
0.02493283528612697 -2.486500120982434 0.5569828686485874
-1.912996814261769 1.551928504484666 2.520266654163851
0.5359889681947104 2.489122463949874 0.899691318739322
0.3839604214420677 1.875290805731595 2.470356529643036
0.08426915001403451 -1.241466672803069 -0.4502634281788185
-2.515931935450042 0.5947155543126458 -1.790671857623181
1.061518762807598 1.859649761939252 0.4974523656750835
-0.09602689261433546 -1.300314323451474 0.1485827047282329
-0.1239914102078388 -1.09899836876939 -0.7001732093199505
-1.74447219134961 0.2025055716757461 -1.151255962905643
-0.9230642127160761 0.6714894064589647 0.643505374418329
1.834310886199355 -2.429469799228044 -0.9529772146377302
0.9130300583140861 2.512953434087755 1.803168306202785
0.3153941420920596 2.495481806512589 0.2274641066243051
1.430495891546128 1.683415945877363 1.975782846802068
2.493864446520731 -0.513080224244616 0.6450794261550753
1.008382648342988 -2.480827663343682 0.913454290090828
-2.487401344172086 -1.859959888861404 -0.8048767860469586
-2.466163068780371 1.870443325707843 0.1835315780623433
-0.509610534568863 -0.8124091781249652 0.8928775147298417
-0.09057162132826649 1.306885072252657 0.0966625989363576
-0.217621382956359 -2.48066931657737 1.881435318074042
1.426159929857077 -0.5320083449831903 1.62392062763466
-1.969637916255401 0.3369929741679494 0.6597464067648564
1.875231416561358 1.950396239030497 1.405026221621672
0.5315213183202923 -1.226820681449037 0.008154550599601088
-0.8915943799460653 1.767578212418958 -2.507613373987533
-2.561364945963073 0.001104341573529566 -2.561458458219296
1.317024412601147 0.1413617737742826 -0.1178172848127633
1.265255418858437 -2.505137676071945 1.856307860529107
-1.667086915051537 -2.490425067020788 -0.8710334082140996
1.932959555563762 -1.931649692337583 -2.535439107912117
-2.510294482871001 -1.74403405459139 0.2756809520947224
1.562615994809959 -2.521890684115807 -1.882947470883652
1.070065204768212 -1.912286818600752 2.509541333736029
-1.069914350092527 -2.439961033832525 0.604857211988915
-1.731276993935313 -0.3620254621811296 1.269064847499059
0.778725207212613 -1.045426618204061 0.2062222484824309
-1.895937324531788 1.937538088193293 -2.51433461993115
-2.452679724186226 -1.902165220414917 -0.2568023989334927
2.512842624522812 2.03953590512439 1.820711210426787
2.470705802414331 1.781080028215797 -1.180729960484304
1.170405720520554 -2.521295897211986 -1.208192013197571
2.531193466732897 1.070339382202574 1.489913099802381
2.483906157096926 1.842752372767094 2.511130479292583
2.439778341358472 -1.067283614887902 0.09266573440872711
-0.6162531012132563 -2.496759798080348 -0.3293335264653559
0.08209703035750962 0.3819429463722407 1.215305278646107
0.8355244613925688 0.9893464214180094 -0.3149380510038865
1.846351995957092 -1.146515852725864 0.01637642715409954
-1.951468657639408 2.497238508116393 1.944450522625929
-1.351726458344442 -2.455848058638995 0.07057433531562406
-1.883883664072294 -1.185805410589304 1.009089495204876
-1.869554115634931 -1.191894184000937 -0.9440262738027311
-1.789759305638491 -0.9753055069624509 -2.501330803783263
-0.1661127731059716 -1.094958803084878 0.7038012147799826
-2.488753586378002 -0.8354628697476999 2.507309707231897
-2.523655357846713 2.508914435457551 0.1876412581402895
-2.45447430952739 1.683927072459662 -0.3360738703997275
0.679982784764906 -1.006166471694695 -1.817188365689752
0.5372119626704062 1.034296742128874 0.6060513620503973
1.879718755179461 -1.261379042521107 -0.6599071661589346
-2.45674533179515 -1.910139709428778 -2.457904447190381
-1.401556127800361 -1.726630466180513 1.873970014502576
1.980257302113233 -2.48293530153988 1.89623353682589
1.862075380212081 2.491301291961862 2.471917271865927
-2.449613260602759 0.0777720645720969 -0.2600186875230477
0.2088954273401805 2.49894148981071 1.842190851191131
0.9594702986588534 2.513438740116122 -1.698564851789279
0.3068529043185491 1.266506483844 0.1097644379895405
-0.6704514971317264 -0.1635996533251204 1.092076550699012
-0.6381172790354986 0.1400300248252021 1.108922789629071
0.1629868895265638 -1.301432131753609 2.445695511172155
0.09101879666158619 -1.797219799051883 2.540326269894791
-0.4035219563818657 -0.02916525118133484 -2.453294994705324
-1.985466685078622 -0.3080631062881931 -1.475592311868768
-1.225906145411445 0.2645048527482202 -0.3660907730990015
-1.962870928693024 -2.311177911868671 -2.489398681518733
-0.7211342657087079 1.969265234706493 -0.1762998675394459
0.1142069357090718 -0.5456194239217828 -2.464292362609734
1.069730032556436 2.483735998557568 2.484169228659271
1.948661559868502 -1.758661126361106 -1.502834866187561
2.525661726719213 2.515148435742388 -1.023462903496626
-0.1732291216837623 1.834697816672267 -0.9425596229372215
-1.83222586235315 0.9276774548624482 -1.171917217626558
1.811989317204795 -1.272043386169805 1.720648234209686
-2.512761779385763 -1.255432261196725 0.8972416724328375
0.7168198231043065 0.6701563318118152 -0.8725010818463159
-1.826149734511444 -1.396667397341643 -1.86031955688295
-1.155603616063657 2.551794301019899 -1.925083664797506
1.883275505251012 1.788887608757047 -1.249630331170594
-0.6219330654237044 -1.043722440820317 -0.4740236464213682
2.460813955241349 -1.489529086668693 -0.7523380196385911
1.165845503866809 2.54315797660896 -0.5304329389838843
-0.8908403006821617 0.8473315375740182 -0.4579660038006685
0.1026447793429536 -2.522362857574699 -2.503089380253615
-0.9265113617088772 -0.9527179292464154 0.01982570463682716
-2.528670075232493 2.534971138519893 2.524270950310064
-0.1853275827974495 1.232342318620675 1.795859677330215
-0.3824387288773642 -2.515964089457613 -1.969114248757552
2.491471862408512 1.078227707788511 2.499795286790956
0.9076395230983014 0.8648065874253809 0.3086723308237673
-1.774397925683516 2.476056431918305 -0.3304457747757302
0.680879748208537 0.3833590328781152 1.04872891822681
-1.236223612512755 1.919928795576418 0.1366868253691531
2.507592585104833 0.9947969369825878 -1.867069491053107
-0.6336810351213664 0.8562895288619201 0.7203109091319536
-1.209620836717773 2.029434072099228 -0.9076901831919035
0.5189497558768938 -2.55629302923017 0.9556733217498153
1.048278015389685 -1.694661847109701 -0.3919910938213991
-2.534819849265867 0.4660144673162882 2.534177160022314
-1.843496553843908 1.261115764985824 -2.020202030213513
1.043606418100372 -2.524505209614634 -2.524284940114326
-0.09806409205219831 1.634175874962524 2.468022122966531
0.8051674763521275 1.815881838764283 1.352721577411176
1.701097528326907 -2.453446522156676 0.8304305291121429
1.941252540889542 0.3661175141002077 -2.558671571344193
0.1220555138919559 0.8315533961637034 0.9603154150968325
2.571094144931136 -0.02930963829762137 -2.561324171628337
-1.033053411620645 -1.656189093449612 -1.045344839085784
-1.983142542380939 0.7756417599397969 2.469825655602371
2.507454868456024 -2.535620573179906 1.071350070602898
0.9470187180212642 0.7996245336309584 -1.646011941019348
-1.29021271745051 2.516444508490612 0.7866169969776494
2.478634868065293 -1.949675961273768 -1.706808772340498
1.935267016193819 1.891395080575391 -2.558072579227759
-1.845771087162619 2.521010913693351 -1.246263532245084
0.2442274365501057 -1.952918462155121 0.899754596863062
2.531021110622763 -0.9529620801006365 1.924218356955614
-1.519600749501758 -2.506350468477318 1.15653058085575
0.3470191288105056 -1.954077835496411 -1.121743516169909
0.8973809914595743 -1.914470882403609 0.2533163960832912
0.5038456560251651 -0.4927465214195419 1.029837223649881
0.7037916407748496 -0.2839181872735061 1.022980677262492
-2.567510669231643 2.565432850489153 -2.566976227196025
-1.010161716945821 -2.471847559681625 2.016537695373286
-2.560448767469736 2.570456384128228 -0.3753819310837351
2.539317331386381 2.533331206672536 -0.05057448324133694
-2.481991892234248 -2.041590927814958 -1.306467785455355
1.134615843169475 -1.930004193086367 1.002498260529129
1.612425401379482 -2.067190469318556 1.823914917406051
-1.100678056700702 0.3115594916296676 -1.94103183562018
1.785880551468642 -1.344867907225372 -1.900209435033179
-0.775550185114235 -0.7574514746418057 -0.7192577111351959
-0.07459541355702556 -1.182809602066308 1.930352590383203
1.93600011442039 2.556693346671801 0.4489884870094848
0.5601786561173036 -2.01740471016315 2.485276503137222
2.52233649064958 1.119119895246434 0.1577415112667754
-2.564708400566259 -0.5603276537075627 1.832008470082316
-1.05491907414708 -2.531762901502192 -2.547614739639588
-1.758002296409755 -0.7269164002415616 0.0989122946700921
0.5340455245014878 0.7348725863243166 0.8708892008136522
2.526428118962494 1.919874156094808 -1.866305607407757
1.9966498166753 0.2731889529222483 -1.579592395835179
-0.9438583007034282 -0.06497337090242861 0.8572760972976743
0.4274392295514579 -2.546337129442311 2.536945230247871
0.05396921916948268 -1.192926508697968 0.4382311782789965
2.553754041334322 0.0903913383416456 -0.9016561241976334
-2.5650325821163 0.2117761627944832 1.826239492198366
0.8698801317284 -1.258155729703153 -2.526496286858253
-0.8338065544474536 -1.921210721468443 0.7033801544509173
1.274431864030744 -0.01946698099718755 -2.560044362861318
-2.529586206339178 -2.539572718048809 0.4275210130532033
1.652821797685675 1.012760182879341 2.521687110250027
1.162417049332264 -0.5376983482803266 0.3001850238105752
1.967833515917759 -1.793946296822139 1.426821565349174
-1.873829010801604 -1.832056741904207 0.6006120155336978
-2.50164813139679 -2.230764097842414 2.052510584697328
-1.923902661939576 1.779166893010879 -1.433824225452206
2.011667876513769 0.4979818575883375 2.562060066104397
-1.322697192953754 2.535933894571639 0.009305994039480542
1.369293868960656 1.539736632337703 2.534240453007952
1.178141878271271 0.4640341326893843 -0.01877173840147414
-0.7333386867304507 -0.8569912438171051 0.6012889429725873
1.545707240731977 0.8292644848693536 -2.534384314131876
1.902995959500089 -0.3455341805267488 1.358254919206776
-0.798711475672681 0.6944380799970052 -0.6662063627696747
-1.082503322470367 0.5525924499129592 0.3925180361850403
0.3694321503693476 -1.459229495954554 -1.512655757684449
2.484560275429729 -1.935269503965232 -0.4540959469089461
1.630712170482173 2.551365306238898 -2.056550279711218
-0.8210757450392043 2.52305878172981 -0.2891679839934649
0.1473171463079241 1.077201710132871 -1.902423805672243
2.549394334967378 0.4741913570522456 1.152641661273389
2.541661345833142 2.539797249291198 1.879566930135171
-0.9361082118022399 -0.09180880661740805 -0.883512443316224
0.3023964668380163 -2.559079040498368 1.514650337664912
-0.8603670733984392 -2.537101796429957 -1.506932354878224
0.8426457140619765 -0.9240169481494113 -0.03437449384567511
-0.3438340830607622 -1.102561630650988 0.487993844696429
-0.4811316885069651 -0.7943127887023893 -0.8982560854226321
0.08263447281687791 1.032711967684859 -0.7578188762679192
1.917996637885229 2.557407246176704 1.618067815449659
-2.479328012169487 -0.8357910443670118 -0.3527466408051638
0.1651503315217783 2.542408705469179 -2.557939797038538
1.205600520783703 0.1044919743482787 -0.462241992465294
0.09492913938114284 -0.417360274316701 -1.166810397275732
2.471236811065639 1.20180019351113 -0.6527015742441541
1.913748045725872 1.105193248171577 -0.6757729638506254
-0.3107767047098707 2.497227682259956 1.86532143984461
-0.6130331010310351 0.5661046515114682 0.9520412119357299
1.255621973492759 -0.3427670387695778 1.552924455694438e-14
-0.6776928166718167 1.054873497045334 0.1768387384075081
1.822941043124895 0.4451937735542304 1.302153087952616
-1.905339971740805 -1.414455400928038 1.86936974260002
0.8943764054283121 0.513252160640697 -0.7155277876753888
-2.575429206515931 0.7849188139946452 1.27085847352441
-2.56313390938516 2.510204341519826 -0.9343144488710796
-0.1677586907983651 0.2435957739421088 -1.253192642417461
-0.3628123466166908 0.4236883959050792 -1.137811928114985
-0.522384478955139 -0.5625672641064484 0.9746227916596255
1.236812719537159 -0.5226001483714053 -1.893742390206231
0.9875921227954905 1.819298758726452 -0.5331136998870948
1.844958548608346 1.934595686937386 2.571294265974498
0.8157634195052921 -0.2299204620139316 1.983591533271831
1.077625751403711 -0.09697398306538194 2.564353949493569
-2.566475366190597 -2.569440234923197 2.566445823246982
2.522526784273902 -2.525605885693115 1.871173885939746
1.375916510408598 1.787629436545999 -1.860706087792557
0.3267781923856668 -0.4380981895062841 -1.090622937437231
-1.633425100739212 -1.972890511701567 2.536837877010961
0.5447092048782773 -0.3125557766333464 -2.544202823979289
-0.841572350249717 -0.4029107397614143 -0.891869132188619
-1.196280007188038 -0.3423669095987866 0.2546183687692427
1.164975766839539 0.3644449981256067 0.509158581268027
1.358408620435924 -1.039650823864443 -1.070990402622356
0.4514580415570309 1.960312165583425 -0.0421281025275323
-0.4351973760789593 0.7991542917196264 -0.8867750895883428
1.857600173137057 -1.318336342047251 2.530418011431694
-1.866427073128151 1.610736194466265 1.798000925061626
-1.61599295259587 -1.902438375876935 -1.042862737539043
-0.4322719014064962 -2.567919425833012 0.1331298994170996
-0.2890594032225911 1.76695904321049 1.962184287065045
0.9715149577774256 -0.7409079692149071 0.2818801349734087
0.1443658665647202 1.187957033037385 -2.555194270355529
1.757097303597872 1.250545920828515 -1.9323984218261
1.168422000821649 0.05552613933777496 0.5178378925192222
-1.918392848846125 1.935383690156644 0.2137406493938986
0.2966306062896682 1.962778974071872 -1.925439239982098
-0.3631963143419205 2.566868711209688 -2.5447513318482
-1.511728959048021 2.536014588697206 1.44454668223858
-0.8183979895576032 -2.055607446667723 -2.539539777350467
-0.1834719968666066 -2.534262596644327 2.525190375426269
1.070466947111199 0.5869195451238655 2.575749901993956
-1.182470507749614 -0.4214313551850631 -0.1780002946130599
-2.565063445366941 0.9704134717713137 -2.243326494297609
-0.3744136076710594 1.866687485873363 -2.484935447828494
-1.114480788511359 0.7943406321292535 -1.606764981777153
1.081234577137788 -0.599927802743326 -2.538399722905699
-2.58129037808054 1.176738113078989 1.931803934133421
0.3604537134990052 1.140042123406236 0.3391679702599108
1.901186461469031 -0.6447624283704664 -0.9553774691681869
-0.2644037244830575 -0.4286917024024179 1.145083128901715
-1.94465779154652 -0.3837848196828714 -2.543587612883752
1.944132874431769 -1.898356164271064 -0.4063006858521113
2.094225612681079 -0.2900010176115203 -1.766868658417822
2.549822406533876 1.100468742197978 0.8323796857206356
2.503824934199621 -2.022237708812149 1.938183472695091
-0.4792141224859088 -1.121671937947877 -0.2571327372869605
0.198411384229473 1.97125424608358 1.03771489370547
-1.5663696906474 2.012895296168443 1.586088163065135
-1.960641090437093 -2.510912367939917 1.404049997957524
-1.999962304025864 0.1271135753618989 2.525109195572138
1.982957213091959 -0.4012480499361766 -2.555037921687783
0.3689059979374603 0.7072021524415064 1.970587768568677
-2.56120232503871 0.808103646332215 0.1369091433208083
-1.990957605105737 1.928483834281316 0.8628783583232966
2.052556483918078 2.558256892507587 -1.103168219323265
1.24220599180279 -1.191380235103134 1.68700431876951
-0.8678510098544512 0.1582169169621976 -0.8617603229654784
2.570542167048112 -1.105117846146969 0.9104534872282486
0.9276065915793988 -2.545464174153842 0.3493315789486399
-2.579224518121217 -1.175110142924088 -1.214002328608195
-0.6632694521752701 -1.274629646526779 2.489244698995021
-1.09960937842242 -0.3639970286358828 -0.4083539246777932
2.583205316081461 2.59725492898851 -1.496281307901339
-2.580140369176766 1.357333991575908 0.926158195269124
-0.9623780393288128 0.8297952224174281 0.1517121742062175
1.105188350485502 0.4223083522940393 -0.4584504611986523
1.026746824171886 0.6236277987269121 0.3188107892328922
-1.009533791844244 1.216618981313039 -1.210903210903215
0.1886429760290698 -2.584972987558714 -1.101764499504717
-0.5686820279828173 -0.1275781228643147 2.068552748670291
-1.146028046316387 0.9263674942808173 1.556227216418736
-1.168523271617262 1.811205670078224 0.8846253056859592
0.9708922933271804 0.1410986008839182 -0.8098522084550723
0.944129361326085 -0.1382353214772086 -0.8102958256610282
-0.441640200420767 1.142250286618875 0.1243813753282124
0.8683258717971599 1.242527333678069 -2.548922507444528
1.044673404164102 -1.802927687696462 -1.772866892225093
-0.4104610343851361 1.099804319344182 0.4530749725278557
-0.4785547971811867 -1.911430989585516 2.577588953146137
-1.761117751094181 0.6418004719779731 1.14176655547666
1.026022644446891 -0.5276678269018538 0.6103911650880602
0.4550014560620942 -2.084816260342628 -1.850247989020425
-0.1544761346531091 1.241722779018589 -0.2411762297178035
-0.2852125290581582 1.125569275942056 -0.4614214963977615
2.215011289859109 2.550223563282233 0.9517013837520935
-2.161694267742253 -2.524649860351244 -2.089156600331629
-1.103826645933079 0.4547270256198858 2.574190538475186
0.1239453788373331 2.583125504186425 1.210255804561943
-0.8577210411949314 -0.4598863355614179 0.7909173121802051
2.544957992236432 1.404939433007564 -1.495320621809409
1.084290570700273 -2.54878314098903 1.399911246657927
0.2857947413415688 1.793768370997509 -1.274829699752261
2.567040749390894 -0.9881935425777086 -2.216721911322778
-2.559880150489327 -0.7640954810332352 -1.895847585546991
1.863293165321206 0.8236938153989588 -0.1227340330816785
2.542576173095839 0.009655382447736671 2.534915472725702
-1.940570343237559 1.117423134803095 -0.4968740384471925
2.571498698106838 2.573186073028834 -2.567084522769857
0.5338884020835845 0.5056933178549208 -1.001227078403246
-0.08951607819190785 1.088820783539002 0.5650056643673844
2.579499154586494 -0.1103520609126573 -0.105364179774479
-1.063993019738891 -0.9897449625486867 1.659621689613757
1.253771148377691 2.588610374882555 1.221252706058783
0.8380965016533286 2.592188619049066 -1.11786511729431
-1.977422819614398 1.875100989655449 -0.4913475569798423
0.1303991661647494 2.561764192485683 2.549803391771715
0.7852199203362278 -0.8529281896693535 -0.4506447671849219
0.6134039265389208 -0.8528477204010289 -0.6139181833552583
0.7166249520974054 -0.6682625776321822 -0.7370709370688082
0.4581866670844073 -0.2569960652089271 -2.018256034583506
-0.4474005923773048 -2.017523648438504 -0.1545013021533505
1.502944749429229 2.541919912248785 2.071451832876263
1.373636574340758 0.07527035298324367 2.163104853536972
-2.552919018101277 -0.6885710686668367 -0.8131757123843977
2.001329235010568 1.379221166156734 1.078430181105791
-1.228415087127799 -0.545660123481617 2.548128048063551
-1.326542366342586 1.178282406667789 -2.553102293827343
-0.8460185299464231 -1.331232615814862 -2.548470521075372
2.553205720203492 2.11792268795427 0.8887623432175348
-0.3954840704926575 -0.157302308187075 -1.209188915647978
0.7409256804132269 0.8878863973654785 -0.6194963901822758
0.2657836079693368 0.4597170789498308 -2.515234934077593
2.538025587456123 -2.533923769038018 -0.2817225396233951
-0.634309996451574 0.5177600559126398 -0.9649736791309937
1.07607309736203 -1.332414531650713 2.550586209746278
-0.1700894436782443 -1.943629103355849 1.90781489861526
-1.385257630976994 1.392057585701347 0.3108054976614015
0.5197210774810892 -0.934557197558704 0.6837758986332726
0.2714655996224566 -0.9304357372300642 0.7616442978747422
-2.572387889030812 2.57469065228787 0.8187560036277231
-0.5850437128339855 0.9172091052364004 1.980718938982902
-1.970333628157441 0.4806826711555922 -2.501123862073173
1.979558320603285 1.775372909443239 -0.1778149667649847
0.4019067291657866 0.10964778037037 1.190643552471972
-1.033673018767051 0.380382378553355 -0.5893341350875206
0.9600270408496675 0.4488245013401842 0.6756471523290402
-1.056266231945321 -0.5487761336985129 0.301913482346774
1.827139341550299 1.261671270769839 0.2191813996511564
2.54037629818372 -0.1513110134886073 2.043810171892058
-2.553353116522902 -0.3953934673002154 1.106078164472174
-0.4256645834946493 0.9845495061696736 -2.592448361543482
0.2015113868871945 -0.8646411493889874 -0.9107913607235852
-1.036477747729935 -0.6698023335938446 -0.2875311191092875
-2.000375999671488 0.06452781088438161 -0.543993959050443
-0.05413448821810461 -0.6705853435267566 -1.049848852008801
0.4880241172043205 -1.119743055306239 -0.2380043184830996
-1.561273912134957 -2.555908118433511 -1.369677630899003
1.339972833185524 -0.8549841974995254 2.562638527582771
0.5382914248207975 -1.904739785636267 1.960431177725967
1.145296981814649 -0.4247445562819201 -0.2362270932039499
1.09516020900456 -0.3263047039221781 -0.482296430187657
0.3508918993069161 1.755399934342645 1.93787905151383
-0.7571760227793507 2.563271649728581 -1.486373819949666
0.1774709788232805 -2.59733011139424 -0.4203719728475881
0.1004494161739799 -0.9838264209397479 -0.7181553885365199
0.2458303541056674 -1.067476690248757 -0.5362541649965026
0.3345157375141636 0.9571694748077965 -0.7123203844930212
1.245529423152339 2.564163499137164 0.09317104014607694
-2.606884116821778 2.608663906982455 -1.508217187908411
0.6134666850619579 1.094304589219185 0.03955268872066883
2.563209823151648 -0.4809289804919673 -1.991136013299801
-0.4277476761672211 -0.7484650226010653 -1.885524845106913
-0.5973893517940787 -1.947076453763958 -1.181145824346133
1.937366723616537 -0.2348036360824898 1.951538659757427
1.905295354996692 -1.937925770433375 0.2504104577344567
-1.142612019667682 -2.563616889077031 1.540896865009001
0.4939736264301952 2.504899777974243 -1.892811482017307
1.915334971698738 2.526284097036935 -0.5238805637040806
-0.8158432223711531 2.562279498603171 1.262650250150283
-2.048090153623406 0.8824562720954673 0.2164191321590769
-0.4152699040718013 2.590143285419741 -0.9423594922492109
-0.08996849416512677 0.8738207363512538 0.8468689020457417
-1.01230973521826 0.2469748242439812 0.6998781762535473
-2.572430346193746 -0.4368170530764016 -0.1162383027042306
-2.440673594592149 -0.9762382749132502 -2.592418809393571
-0.3119976418672767 0.2372891391654055 2.595107519208782
0.468096185238179 -1.152784034093875 1.896153392610792
1.829375213523221 -1.375260318899825 -2.602455026866777
-2.510129893052226 0.1617486626676506 -2.024024978565084
0.09096924247849991 -0.4467080495140842 2.59593055830806
-0.2326579298748875 -1.169852131528329 -0.2783822377360156
1.217738664396999 2.570311324862418 0.7507585409755624
2.606623292565883 1.072154984229716 1.934953360662729
-2.021367124114247 -0.05547384841189175 1.990277722781418
-1.532013838080883 -2.017723759322656 -0.1478365128058983
-0.9036303088127002 -0.578731755387402 -0.598166355394772
-2.598776636277867 1.187469453317384 -1.465984372800607
-1.323283880318237 1.950052055337092 -2.56630780054403
2.600786759469067 -2.593453027116848 2.593260197966456
1.323680691607396 -2.550352620374351 2.544826218435969
-2.593355255283383 0.4001225693074985 0.5988988169699304
2.57109870001897 2.076327233143667 -0.1732665754485578
0.7482985509712399 -0.2217148493490576 -0.9565866669828513
1.972449502417056 1.801307981899287 0.3760972997256682
2.033267548789738 -2.521781298259551 -1.738482917695333
0.5967823464583616 0.263322602495647 -1.039714321466401
-1.091866137732184 1.240126568853825 -2.09534299722511
1.862498184867278 1.392606730782656 1.845369318145178
-1.014076747043393 -1.832510924244898 -0.1393776399317441
2.601573460559228 -1.264720278090384 -1.474284674576153
1.192459578382078 -1.346329911635848 0.830829697494203
-2.577363080418541 -2.575851942844255 1.14882998417106
0.6848467305017518 -0.4868470776644481 -0.9388490709875816
-2.604447985540541 -0.7791458430738177 -1.441664885476601
1.859527417644256 -2.565561925349243 1.326032458101001
-2.599986953687432 1.569951864567723 -2.133649032923754
-0.2854735479360763 2.020449673123812 -1.819698966382644
-0.6396906895575638 -0.2903360729431224 -0.9978642308346638
-2.614950312854276 1.172139278356241 1.488474227249372
-2.563412429816495 1.997101037611633 1.519782828589949
1.470808265901043 1.05303884467518 -1.011917797363236
1.107749612479225 1.55456067487135 0.9628692606782201
-1.834850614568738 0.4060074015597942 -0.1689568497382863
-2.586667468757616 -1.912535421660856 1.295277361177812
-0.6697463400005944 -1.067932995549868 0.1110415359238158
1.072808692845168 1.082112304254534 1.355630255302527
-2.53463484305264 -2.199101756686359 -2.078369379986805
-1.878094311803148 -1.811019259734123 -1.517731263996458
-1.182887047841022 -0.06679681209606464 -2.567577333761617
-2.097820827120881 0.9520576628844543 -1.626680951745099
-1.916646647253809 -0.8181894750820446 0.6091602127819649
1.637158069939669 2.438691151980251 -2.597206966267221
2.162767223338434 0.2390069178292946 0.02897151700375
2.519475797038456 -0.5355809789991625 -0.323795812995295
2.581868830091743 1.844943268373677 1.408027307395884
-0.7880688360487188 1.872656153854922 -1.388616403309358
-1.397333568356065 1.05821581551937 1.077315824331149
-0.02952535739883999 -0.8568115543780206 0.917950653856811
1.47217118528388 0.6402295233208986 -1.87790212031484
1.916546779696549 2.575534726755329 -1.549453519871012
-1.01815880551731 -1.603964793346859 1.491275827448593
-1.229595001493081 1.672508003804179 -0.4924438542882212
2.577913767577006 0.2844728810906807 -1.32445884693328
-1.197482015263204 -0.4745010376908606 -1.891023418004307
-1.815688586614131 2.579090993904569 0.6564060342898996
1.129255688276045 0.6734589452031746 2.068904880622505
-0.2289713986013888 -0.9933687276037182 -2.579632418598309
2.088873919424247 -0.9177035176608923 -2.524551174343801
1.084830967103588 -0.5836117581168445 0.06484569533913435
-0.3674072833442306 2.574654555170422 -0.1764960155827969
-1.271670010344963 -1.257341131589486 2.604227306347615
-2.607489795462055 -1.161176849985067 0.1567289934561115
-1.031184506446505 -0.3662543413227979 0.5815010679498512
1.357230023694103 -1.946691659033134 -2.576452447731379
1.037504926630178 -1.753679212682154 -1.200108109432523
0.1961352702278017 0.7736484162067295 -0.9478206114016878
-2.601404385593164 1.530760218622338 -2.599757303124599
0.369296688291999 -0.6696167214664891 0.9419258607903581
-0.323281016384117 0.3784614293199955 -2.154633014148667
0.9185129833019434 -1.206039125284713 -1.360768662774931
0.4283392235516309 0.1099078537730357 -1.137602909463936
1.887655616402766 0.4562327662488763 1.894176228652171
-1.245079620126472 -0.06968740600101271 0.08029355923213335
2.537848140155555 -1.993977355917352 -0.9288513582909599
-2.586445341899863 -1.142828969689024 1.336881819644435
0.2905192460506523 -2.58492275737966 0.1927293686534553
-1.099815781784606 -2.571053067684673 -0.8482553254046411
-2.058669082530445 -0.5989020759653326 2.558951299439042
1.933963240987841 0.9893261871641994 0.6950643212568155
1.072714176391491 1.998155888530609 2.580930940774178
1.534200968699925 1.92477353160188 0.7705487842459093
1.157649003596384 0.3205540981194976 -0.2355822278035847
1.342618845248376 1.901372647747428 -2.576413789111879
-0.9840105128782864 0.6165732130512066 -0.3985883676278748
-0.5448239528330677 2.609641915293205 0.4052187717065558
-1.193721518169757 0.4385334164313903 -2.58413027933535
-2.036780490983525 -1.500810945800586 2.607841928547764
0.7409229554670551 -1.933976999796728 -0.7469411275771145
-0.2198423155585251 -2.190979449733663 -2.586707873130547
-1.423981888161608 -1.964919916431741 1.404031336644622
1.061997166710113 -0.2553143565539036 0.6034928671632483
-1.808566080071133 -2.60855309360187 0.1965699913724718
-1.794417452961097 2.578896671828736 -2.134668996623699
-1.457986283424596 1.242817931166969 1.916987915997122
-1.295031144389075 -0.01862295103482933 2.565374285971471
2.61660319922048 -1.083247531823627 -0.9155940931514889
2.612097531522377 -0.3241599495857406 1.145691003202233
-0.6237651673010058 -0.6023318671999908 -0.8557266876417967
-2.529624083539834 1.874306903738427 0.6897499608372064
2.58769418591938 -0.4508502332397814 -1.22045476489255
-0.8937035842578648 -0.8728508958697438 2.557403074034003
0.1327777990903637 0.6027489332303998 1.055356104785083
0.9397897643817398 2.475086431401485 -2.600001694915698
2.588410710280734 -1.137840019222514 -2.623995856399717
-0.9335031234850106 -0.3603736182677896 -0.6757233075399104
0.823798662530471 -0.4742622902569101 2.592129056285362
-2.074088582759867 -1.494506320668574 -0.57663673343597
-2.129310839949491 2.588656084992265 1.531477198457142
-0.8351146952044033 0.7768740927536069 0.443250368530453
-0.2749167573106848 -2.546951550513611 -1.027920136708066
1.367978480416209 1.891387824412645 -1.283104725124338
1.173878666459216 -2.616560168904809 -2.108860447979135
2.53749549176606 0.5326152166245807 -1.951262512356066
0.1283978193940007 -2.059875728316085 0.3016998009872358
-0.7151246961605806 -2.591393784208358 1.169714013276338
-0.7670301024046894 -0.4001337950309375 -2.616877029005832
2.081872437541387 0.4656816110179527 0.8573310566396155
-0.9111544393710529 -0.6856871766365082 2.097422718224002
0.319132591239263 -2.538775621694466 -2.00373662073484
-1.755979867852656 -2.587505115700633 2.554359536188471
-1.665920894622274 -2.604706841834627 2.112527886838427
1.544117610644224 -1.868725058575941 -1.922244198642268
-1.857488523742407 -0.3335148059372623 -1.978877150746962
-1.197594635398614 0.359598018663644 -0.0385482803897896
0.9338456252072218 -0.4581215526873186 -0.659968215430188
-0.2271345522434143 -1.371780642352997 1.429672743803723
-1.820472239506835 1.425066716502012 -2.590575355631159
-2.617852932596649 0.4045348994866254 -1.226091709216778
-1.49698866347345 -0.840454594887533 1.167600124177452
-1.925877208119987 1.612144780851376 1.273006987548055
-0.09012644783019297 1.96308986713161 0.5610159781502289
2.58687473108214 -2.084757563119564 0.7866430027265638
2.550852805738172 -1.616953571191954 0.748062263367107
2.101850895391793 2.555173691699129 2.054482443058346
2.605657239841399 0.2836550492245956 0.1306865600318734
-2.592055906930347 1.368865859477398 0.2411581720962908
-0.3677894106411663 1.169339469418068 -1.806338402305951
0.9057717801734249 1.173067799165097 2.592895404147037
-0.1597644139148252 -1.44147339724855 -2.595113945348468
0.8519425214699906 0.0402658585826586 0.9022204362247013
2.621476577826312 1.465114746621879 -0.09825769824227754
-0.2823049821127082 0.5005469252541804 1.096058456465291
1.467071255024124 0.137257352779396 2.62137621952075
1.470158634101744 -0.0929982748740521 1.194907633500321
-1.184130416446953 -1.140836612161757 -1.684798255626741
-2.167978831943433 -2.589899581443227 -0.51160063751575
2.108366511088466 1.094527639863388 -1.574692510456773
-1.837911057969827 0.3384652898801527 -2.039682205097703
0.1799302079605397 0.417542084381064 -1.145827120569118
0.7390803693259125 -0.8937006613737485 0.4112136648878441
0.7562565637342137 -0.744116536263099 0.6185675846405942
2.564774534932992 0.9007123221833185 -2.570349539814439
-1.696552204171317 -1.225231446483285 0.2805415861634752
-1.868575923153739 -0.9258082864034674 1.639527194410351
-0.1496727306305457 -0.3114326702983284 -2.11295033199416
2.579624136802483 0.9893114552557788 -1.186142012515212
-1.739777528118764 2.005878641625389 2.577821831438364
-0.3518429332108655 -1.991865098703656 -1.801345123399149
0.8030531662533008 2.626786280500791 1.216105792908108
2.614182494872723 -0.9213098969581219 1.471260076579756
-2.626490805035451 1.776895486723327 -1.13533654724312
-2.599748205884068 0.07061588504087181 1.239756391257074
-0.1808947003862862 -0.282916731110521 -1.179918445264973
0.304871653251657 1.142737388897185 -0.3197864404527255
0.8781109286178563 -2.547254278197888 -0.524468356523154
-1.168823959786661 0.2195910203020731 0.3869634079845135
1.752685797994 -1.15249139256026 0.7817490556522497
0.5740834393771748 2.595182973146033 -0.3048180247609343
-1.528106930952715 -0.799488287515035 -1.078980614750166
-2.239857860026682 0.9177878354995601 -2.574846733783645
2.020321086994068 -1.582843923927409 0.9490557928106508
-1.141658495987112 1.098412402525662 2.566129984196506
2.064609264948756 1.172759758482605 2.602574495942331
-2.626883754790614 -0.3740362883208578 0.5982664326992119
-2.626965387497098 0.008439706520439464 -1.445654902633608
-1.038442524001071 -2.60451279859104 -0.2164078789153122
0.7800655877662966 -2.618263492218357 -1.435564004247146
0.4527205152711851 1.165458966646066 2.602761158530154
2.070228068170708 -0.8577314973734718 0.362313853136088
-0.05883489656001932 1.087806069143588 -0.543880786684114
0.7844890466348176 -0.3978675577401419 0.8304080138983758
-0.05958076567619203 0.1263947182180001 1.228820221402757
1.725611286900856 -0.03037966767300582 -2.548720072106726
1.490831538144085 -2.594427956087594 -0.0416688218594424
-2.141612231040686 -0.05244013448800461 1.187761736304149
-1.100899360068214 0.5117220083650715 0.13711809252341
2.042792232815691 -0.1666531010413533 -0.7854895311746837
1.48295753299833 1.892197346634041 -0.3829443343517499
-0.5379438588564116 1.039403982336676 -0.4064049489997026
2.103171340415649 -2.612339450160078 -0.3417483047305792
-0.9990432821455487 -2.597560039194208 2.557737907196721
-2.565581791876819 1.992207098472907 -1.965643467015322
0.6813450506215388 0.9341410926426733 0.3904927028238396
-1.982668396633629 -1.050229659863145 2.547386868199137
-0.4447550098297312 -0.2768225544572923 1.099121483224156
1.238575539701185 0.4092167316754861 1.453895703492779
-2.630039077802525 -1.562192372714432 -0.5219593780876088
-2.627840359550059 0.801306808278796 -0.7772184524297325
0.4954443699143788 -1.106981324019113 0.2499005331294609
1.165863202951679 -2.549585961382649 -1.657749283417915
0.1023304023438944 0.05208086040709215 -1.234292884470342
-0.1661023220819912 2.617452572771774 -1.319213895753499
2.557266021334447 2.08506100008949 -0.828431582426378
-1.944805556397486 -1.815878368130962 1.542349756954272
-1.456752691113482 2.631093299960412 -2.6156034073712
0.820906073941956 2.63620153296965 0.04206940167415921
-0.05324005084563889 -0.30335629331333 1.183940283190231
2.467321073401226 -0.8589195798625334 2.591860611627757
-0.8038949596648047 -0.6348023025979334 0.6423214772077802
0.4843465098806681 -1.026689907860206 2.596917238646231
2.121961516916922 -2.596520472172083 -2.212863119169003
2.616239074743692 -1.624217451388042 -2.134150259662436
2.573814249760013 -2.595023086192589 -1.040515100139897
0.4325403222906231 1.370081973680771 -1.564143468666944
1.162128373351826 -0.2852850494646654 0.2870679824836837
-2.596956861827875 -1.547473837427245 2.615751312929831
-0.3169689820446766 -0.9035981930347697 0.7533888124214789
1.794468093800775 -1.395855257493468 -1.158514166054055
-0.9607768459600596 -1.424561871231695 -2.042509110227325
0.4129307679682233 0.8591032654750828 0.7261036844365689
-2.475048956255216 -2.616376045400472 -1.280787767726121
-0.8361677515842582 -0.05305072710056247 2.56326695412214
-0.5363041651657938 0.1062317535957604 -1.104584184716167
-0.1360305500590094 0.292212463768495 -2.602743652979695
2.153422184557837 0.7481255817812023 -2.63519490823613
-1.100100285900039 0.4474802730510316 -0.2420206775520304
2.257922515577382 -2.624439321086304 0.2180830972109133
-1.965786015772225 -0.6992904828099482 -0.768036332712533
0.3622496787215311 -0.6198914736558796 1.646920675125309
-0.3010651641990258 0.9835784483377844 0.621203978136927
-1.333656179651647 -2.052453368969253 0.761941968681966
1.911179051832085 2.598832351760536 0.004904536062891519
2.057479329616419 -2.020506722344449 2.5440453008471
2.028200014087683 -2.550685986807524 2.549788950039405
-2.621102535578682 1.945820585726174 2.137404303867303
-0.9915582488808115 2.555715108905518 2.207211355411244
2.633673267813533 0.4864345924145977 -0.4431099169709685
1.177060110969598 0.5927985413925821 -2.610712130871277
-0.3063045887284264 1.966482977478634 1.044350683494117
-1.524418923834385 -1.095271177140266 1.971592123415812
-1.506867392775157 -2.637974454582561 -2.569294801557694
-0.3400961596193556 -1.260944816053902 -1.709014064630233
-0.6471691307292964 0.3380693579521583 0.959052655593623
-0.7657993718948537 -2.642717364611921 -2.123183617766849
-2.117254597981233 2.641110229892224 0.01267504839178848
0.04001390292670814 -0.5820851242548994 1.144681153968764
-1.423902910000443 1.67532316515021 -1.230966255792413
0.8399947610358138 0.6184675887205291 0.5905918250882758
-1.446209085321802 2.642545354527718 0.3984322999011375
-0.725215847847596 0.3238264865592483 -0.8849246214013125
2.622414142608282 0.07496192856555883 0.9298590893100835
2.596470018560256 2.61419247363396 1.158467257337917
-0.4014944262552543 0.08692249700825953 1.150463170380121
-0.1917783010109208 1.227360880222198 2.60779796768408
-0.1159547639667148 1.536277733987734 -2.61345215828612
1.678995039392936 0.2308745681147873 -1.164131410733826
1.257076212610117 -1.000926412577595 -1.695279835471798
0.6349009675943547 0.995281539771384 -1.9862785419427
0.121527575552218 -2.617959592362563 1.122843545033145
-0.811954738315942 0.9252261836320668 -0.1508957622250954
-0.2644614513837708 0.6362342622469416 -1.015281293723841
-0.05851418697760118 0.7464631434439474 -0.9518476443456694
1.958465495144635 1.536734613457967 -2.248339669447821
1.266186651372315 2.623801706641638 -1.137790263102219
0.909304083559028 2.577894746327591 -2.151961054117612
-0.4381832064795946 2.635127166273512 1.003476196953972
1.084888470909108 -1.453327277682844 -2.15011228598733
1.488990998031944 -0.05886025895732594 -2.147608272334892
-0.7576003253632677 0.04730712367765885 0.9349250426849952
1.488822740426996 2.574923171937402 2.641746685684958
-2.606687139393682 0.06782424813475459 2.63487979960185
2.637345724058079 -1.912996814261758 1.551928504484692
2.577852137693343 -0.9289423019960079 0.4972116403122431
0.2458788904168405 2.640930980886231 0.62028473637417
0.305341268459866 1.293952037865248 1.627255517749474
0.8250591657695902 -0.01465809322295533 -2.644478153405801
0.8789856534622391 0.6685585538022735 -0.5153852580742155
0.9449848481732546 0.7451308484830955 -0.2755000368681146
2.636978141931552 -1.686061462966117 -0.1404279341153895
2.610467311878547 0.2822496105136934 2.143244372823801
-1.214557798006847 2.633946420037804 -1.136775866809993
0.4602743514288399 -1.382612842472979 -2.617469728188626
1.306996127373929 -2.63601027882725 0.5339526991474896
-2.589596663294758 -2.631294129055242 1.833797385010453
-0.9133079577324615 0.4325071414418767 0.6327854834100437
0.3554509857429727 -1.221494411130602 1.41011388831758
-0.9768762007549044 0.1728978328565395 -0.6652041025922018
2.139257366537427 -2.287189891375471 -2.629571629622261
-0.155418508177785 -1.140151451960029 0.3526187319416799
-1.951705371468563 -1.15473446143325 -1.43827821637167
1.124319862614634 -1.557410630828845 2.122241845458658
-1.479087071302212 1.538967596624978 2.60574869941717
-1.433037268821513 -1.989200853273413 -2.62564127499726
-1.466694689218698 0.7290452390977799 2.548596096902835
-2.077721279964502 2.558932130164499 -1.633253120137913
2.625011851467062 1.825790054299002 0.5786425241065725
-2.027883563457248 0.4711072873932031 1.699149345338141
2.630479464011258 -0.2972137532536069 -1.614126811018807
0.8871549003003433 0.8238210202548785 0.06963368985877048
-2.621913954729567 1.586759393132198 -0.7492414590807599
1.445398730282944 -2.597553404989095 -0.7967894000563467
0.03280121279296866 1.526905204542073 -2.160153066116288
-1.263039922346046 -1.18442754845369 -2.608296116876247
-2.649496715870319 -1.526326573485207 1.508722243691667
-2.154765791543584 1.199992994343589 2.613244273459968
0.4130199165729527 -0.8743159148290975 -0.7694534672322187
2.109340318691733 -0.2964034124650851 -0.2435748441730934
1.275064057545582 1.136598441082918 -2.640881926994965
-0.9529620801006511 1.924218356955593 2.63492706053247
-0.02257508746294778 -0.4726299849209631 2.02940245228145
0.01262757833345179 2.244373128428271 1.507377478332981
1.197807658608597 -0.1277240867876866 0.1085200782222766
0.0380865793378968 1.193958042784635 -0.1198112622311385
0.2790053529663159 1.038445074001096 0.5160629618757328
-2.647582188192547 -1.544217086448854 0.6165507145926308
-2.625380515291941 -0.5258146320397643 2.250864844412196
-1.072310970394633 2.154255879345411 0.5717582087459796
0.4801870899901076 -0.2757157215993391 1.056979245519832
0.007958520368232025 -1.819055933998409 -0.4678423068462065
0.2932141995216838 -2.07424634681085 1.515161931014059
-0.08599396265235648 0.6415895351396202 -1.793306041658198
-1.838814892067026 -2.644371955971695 0.879899757984403
0.09039133834163897 -0.9016561241976419 2.650388107462829
-2.094514587612692 -0.4450476939730942 -0.1081694873852219
2.649989430342052 1.649293766945654 1.820963055970894
2.616134106226011 -1.563935917193496 -2.606606218027591
-2.641266901522657 -1.574304840661039 -1.43195839093389
-1.220416343381198 2.648838608906625 -0.3781918779895109
-0.6187465543435788 0.06783592698317657 -1.888600585417879
-0.2435118222396036 -2.562260789043047 -0.5683420758308126
-0.6724219441006068 -2.627150809138749 0.4836447993427193
2.604026947017562 0.1089224691708967 1.580868351923041
2.126030639584671 0.06358566005666727 1.618293650410197
2.614346906182932 1.569509594095731 -0.8315626016380946
2.125750053156064 -1.061705043140339 -1.615469377890878
-0.06715020301387029 -1.212963376280691 -0.08300252749067778
0.1190480857270336 -1.189843516931246 0.04302060329843785
2.615568376186452 -2.6191045145611 -1.540641291715362
-0.8613811185148245 -0.2477250780061333 0.7810929793124953
-0.5085287081941902 -0.8586438970576419 0.651493773445747
1.691456465395073 0.9933206728961286 1.198994938515535
-1.175214025070511 -2.650865351957555 -1.24977204122721
2.639163282980313 2.189940098051422 -1.481240365058256
1.276178883693319 -1.180785583722364 -2.65112027714851
-2.627733135290328 0.7920000074511675 2.102552807221252
-0.7461104429507698 0.4960138894540816 -0.7666398192953745
-1.175422479609744 -0.208988992284645 -0.07361927463209381
-0.5487189483040256 0.3020255287913987 -0.9986129922654325
0.5738674192148556 2.649427392148157 1.604034942239428
0.6808450458653199 0.1292068751016721 2.637450450474311
-2.564767994410962 -0.9262533818776634 2.086619021460236
2.075038895186609 1.859227318384131 -1.692325064652569
0.19513113876495 -1.155340586797679 0.2562580882636671
-0.9698941122896043 -0.1472722761333415 1.70385945335225
-2.624534848571539 2.155949673162418 -0.4909534551374344
-0.3106265738687018 -1.019772678306384 -0.570974218706006
2.621310576906682 0.1899423840180858 -2.195761346372358
-0.8606206314911613 1.432991780153975 -2.636128948734208
1.474171340646838 -1.454306133117897 2.646296106993303
-2.645549414892043 0.4087721750702792 -0.0887068554025594
0.3337128837051045 -0.6859087691643984 -0.91838451403488
1.472034117561737 -2.140825452184174 0.09484563427679904
1.643822325581078 -1.985587368525772 0.9531183168127023
0.2758346244770958 0.7739456351550023 2.627514641146684
2.64348160186025 -0.5459654177938743 1.932515490991822
2.626313890561167 2.626313890561167 2.596225002169183
-0.2966711672277328 -2.637998575134763 1.16743936485744
2.425648002956748 0.6823746788921927 2.062089550109142
-2.487777115116934 2.094943029027954 2.638630394993817
0.2508661824932881 -1.070515188758331 0.4541071509895329
0.09615026823460276 -1.019813554222113 0.5985938212815261
1.28274354390555 -1.845399981930685 1.516975290244776
-1.746831928130066 -2.616886606471402 -2.21526156478904
2.618806040049587 -2.08107445189522 0.03699640881653206
1.454086718105674 -1.961009704355227 -0.4728688740603006
-1.578796606777929 -0.1953363695052449 -2.636858362312629
1.616970804154989 -0.841767761569471 1.952543003873523
-2.638630115311098 1.58783380111092 1.500849904797769
2.059533221179727 1.566318271756371 -0.7559439718335197
-1.122331869801145 -0.1633858170453148 0.3959802614368283
-1.448922807960712 0.7841737823584983 -2.650397170843096
2.146944749014697 1.520916936000487 -2.648544786583633
0.9274337337920971 -0.7452978703460793 0.06012673162217955
0.9839951077067839 0.06544650229424788 0.7016465887436585
-0.3784408804562588 -1.473821421748885 0.8593820018683449
-2.634624786879564 -0.3709032099554366 2.635212375949561
-2.632842273927972 0.164579221424436 2.232550586934726
2.151359300783561 -0.01676768157534504 -2.648800222377888
-1.22247859494878 2.653472908429511 1.175574671325538
-0.1552295411372322 -0.09218284572209534 1.188903470067623
0.4783108783985182 -1.577900648991164 2.643710054772035
-1.900926693616978 2.028722374413705 2.028819831283251
0.621310083746185 -0.9673071758528803 -0.3386242995010754
1.98104161855545 -0.01864582030285251 0.7456298735026201
0.717902179248927 0.9345530862425195 0.1705568206260919
-0.7788608027590631 0.0182572440465936 -2.640093885696257
-1.668878030174611 0.7273827382359768 2.127022782947317
2.144243363864364 -0.1281757739775513 2.616553636656297
-0.09736050233715071 0.3260317829619445 1.134097387886396
-0.8578517447295333 -2.12824591014073 2.64096662065585
2.187693039184448 0.3253720858832267 -1.071345777842677
-0.2564980404141774 0.02937068533136317 -1.17523185138389
1.585758733912363 -0.8240304173350939 -2.062941548318558
-1.421063115136829 -0.7864683620072485 -2.628964059206213
1.476330273969862 -2.117352055379561 2.648842785562953
2.129490945272947 -2.566022990755019 0.842112600842113
-1.019648079503196 0.3223143913051796 0.4925494794607072
1.302688498630581 2.285317220785644 -1.889489549608438
0.6884296678240474 2.026933463551053 0.9289940860887418
2.638603174115319 1.488514794384341 2.645139240285145
2.184095552572883 0.5241358558414312 -0.4604322716851821
1.243975708451005 1.902389517191042 1.570122593470966
2.604849268453177 -1.449261763857555 0.2250517776205286
-0.7578823291100808 0.5227193349928788 0.7410465553229458
-1.323129376692784 0.317763411298447 -1.40959393792254
-0.5797683463531297 -1.452954768698512 -1.120945087371349
-0.2664255836025806 1.159448601707318 -0.008560895535765816
0.1917956220767685 -1.184727830059574 -1.884571708037682
-2.04711447487003 -1.928019723339455 2.627162860444536
0.2127613554350332 0.8710122856145649 0.7589274873377876
-2.657350906783961 -1.51800753211795 2.153668450792969
0.6028778092314596 -1.956014645196224 -2.641101970838372
-0.2367877564026121 1.13133556452892 0.1869099543769499
-2.630296499745375 -0.2197130390362085 -2.20851387608919
-2.642854717988001 -0.7559371480576994 1.474879866915391
2.637728643139087 -0.8817769814278151 -1.281868583908542
2.061596148301366 1.033843099192187 1.592382604685587
-0.8503951570323149 -0.7683823983256635 -0.3601731999343473
-0.1759703826099353 1.096830324368651 0.372592028525236
-1.394460589812924 1.21692067748521 -0.3771714771607236
-2.164640792322812 2.632959359879709 0.8761196790519279
-1.618961815823487 2.054041812093376 -0.1488712027931289
-2.142286057906051 -1.650403995983488 -2.615370158888257
-2.58994767758481 -2.593680957585224 -0.5435878166184538
-0.03807272853171063 -2.211271784357679 -1.215677126275704
-2.608904573706179 1.099649846752022 0.5796197596411877
-2.051404482213426 -0.1237227998823572 -0.9814964876564587
2.620278249800275 1.617561838833387 -2.198289350358711
-1.027225729009784 -2.656772832460483 0.2253807339254207
-0.4465536972337266 1.085940377818201 -0.09116453360992768
-2.634890114613809 -1.175778513480738 -2.094678709238218
0.5894735697982569 1.563008816598414 -2.641786022853255
-1.876184714898204 1.345280035256899 0.2606469784748968
0.5518999987109033 0.2517285412653496 1.8988358198913
2.622331777026007 -0.4352731285111997 2.642910819778573
1.470370250984424 -2.659102267413708 1.540069721337914
-0.1788264557588711 2.646157039394425 -0.5547384031260441
-2.624090498665113 1.118821880282439 -2.624524640381054
0.9883523771939993 2.216597603120167 -1.343898953493151
-2.621093410060211 -1.655640771711445 -2.153229002213491
0.4445075957198275 0.3692862837902145 1.068827339469688
0.8061253972647178 0.26943377409436 0.8701726850661013
2.271722898939159 2.655445242818977 0.2363271863038669
-0.3172913799603287 2.274609184357347 2.634090741066441
-1.96377598227704 -0.4475058883445061 1.699677578294806
1.273667937698533 -0.4388852206287453 2.662639817457235
-0.9608368671831875 -0.7269573335624907 -0.06783338701592317
-1.755987679187685 2.332292508104897 -2.581788292896421
1.232933574629712 1.396371278082383 0.3707786137333112
-0.926805930518924 -0.71255405451856 0.2241030176415543
2.658644679855596 0.8735149446087602 1.154746964117761
-0.8588754014203149 0.3318460698849852 -0.7248511527438488
2.616592993903918 -1.511313621552626 2.191114401139231
2.662148817235009 -0.1070790125236353 -0.5621729278601052
-1.51074900613509 -0.3607395199023462 -1.321826123730262
-0.1820750686680536 0.6480999001849761 0.9784192818847903
1.94062915582108 -2.610571366812311 -1.328138975481993
1.263935110369426 0.9460238451237792 2.647670426462946
0.2723547853192634 -1.104879462129678 -0.3257164451804473
0.4305331203287008 -1.009836870546178 -0.428265808307241
0.2570270035633444 -2.651480740528579 2.175245056376996
-1.552048503920639 2.007142901501211 1.103314949063128
0.2807296810564558 2.655714712989336 -1.318856410996332
1.27878356998636 -2.621716188388449 -0.4077312540718276
0.999114308891913 2.290149488244535 1.428970848829269
1.141398356370851 -0.8552788646011045 2.026312507652844
2.579353158936631 1.074530971033544 -0.2614523433307446
-2.651054213315327 0.4013215470884703 1.474452889485495
-2.063629163193296 1.142193832535719 0.8087483494774432
-0.8500756536567926 -2.064237573993141 -1.56831077865346
-2.585771732701876 -0.173085272173176 1.989628108730587
0.5365926391396941 -0.7152760715571629 0.7966878032352143
-0.6101449240404475 -2.14556007914422 1.120060046270023
-1.097096677361486 1.868247095116337 1.635459591654734
0.5972904885677504 1.997650138506057 -2.601892723959122
-2.1259864050387 -2.634290244926275 0.4645586743436441

CELLS 20358 96876
1 0
1 1
1 2
1 3
1 4
1 5
1 6
1 7
1 8
1 9
2 1 10
2 10 11
2 11 12
2 12 13
2 13 14
2 14 15
2 15 16
2 16 17
2 17 18
2 18 19
2 19 20
2 20 21
2 21 22
2 22 23
2 23 24
2 24 25
2 25 0
2 3 26
2 26 27
2 27 28
2 28 29
2 29 30
2 30 31
2 31 32
2 32 33
2 33 34
2 34 35
2 35 36
2 36 37
2 37 38
2 38 39
2 39 40
2 40 2
2 2 41
2 41 42
2 42 43
2 43 44
2 44 45
2 45 46
2 46 47
2 47 48
2 48 49
2 49 50
2 50 51
2 51 52
2 52 53
2 53 54
2 54 55
2 55 4
2 5 56
2 56 57
2 57 58
2 58 59
2 59 60
2 60 61
2 61 62
2 62 63
2 63 64
2 64 65
2 65 66
2 66 67
2 67 68
2 68 69
2 69 70
2 70 4
2 3 71
2 71 72
2 72 73
2 73 74
2 74 75
2 75 76
2 76 77
2 77 78
2 78 79
2 79 80
2 80 81
2 81 82
2 82 83
2 83 84
2 84 85
2 85 5
2 3 86
2 86 87
2 87 88
2 88 89
2 89 90
2 90 91
2 91 92
2 92 93
2 93 94
2 94 95
2 95 96
2 96 97
2 97 98
2 98 99
2 99 100
2 100 6
2 6 101
2 101 102
2 102 103
2 103 104
2 104 105
2 105 106
2 106 107
2 107 108
2 108 109
2 109 110
2 110 111
2 111 112
2 112 113
2 113 114
2 114 115
2 115 7
2 2 116
2 116 117
2 117 118
2 118 119
2 119 120
2 120 121
2 121 122
2 122 123
2 123 124
2 124 125
2 125 126
2 126 127
2 127 128
2 128 129
2 129 130
2 130 7
2 4 131
2 131 132
2 132 133
2 133 134
2 134 135
2 135 136
2 136 137
2 137 138
2 138 139
2 139 140
2 140 141
2 141 142
2 142 143
2 143 144
2 144 145
2 145 8
2 7 146
2 146 147
2 147 148
2 148 149
2 149 150
2 150 151
2 151 152
2 152 153
2 153 154
2 154 155
2 155 156
2 156 157
2 157 158
2 158 159
2 159 160
2 160 8
2 5 161
2 161 162
2 162 163
2 163 164
2 164 165
2 165 166
2 166 167
2 167 168
2 168 169
2 169 170
2 170 171
2 171 172
2 172 173
2 173 174
2 174 175
2 175 9
2 9 176
2 176 177
2 177 178
2 178 179
2 179 180
2 180 181
2 181 182
2 182 183
2 183 184
2 184 185
2 185 186
2 186 187
2 187 188
2 188 189
2 189 190
2 190 8
2 6 191
2 191 192
2 192 193
2 193 194
2 194 195
2 195 196
2 196 197
2 197 198
2 198 199
2 199 200
2 200 201
2 201 202
2 202 203
2 203 204
2 204 205
2 205 9
3 0 596 25
3 25 641 0
3 526 609 0
3 0 641 526
3 0 609 596
3 1 597 10
3 10 630 1
3 1 630 466
3 466 631 1
3 1 631 597
3 11 207 10
3 10 218 11
3 207 630 10
3 10 597 218
3 12 220 11
3 11 518 12
3 11 220 207
3 218 518 11
3 12 504 13
3 13 524 12
3 12 524 220
3 12 518 504
3 14 208 13
3 13 217 14
3 208 524 13
3 13 504 217
3 15 228 14
3 14 232 15
3 14 228 208
3 217 232 14
3 16 214 15
3 15 219 16
3 214 228 15
3 15 232 219
3 17 223 16
3 16 225 17
3 16 683 214
3 219 682 16
3 223 683 16
3 16 682 225
3 18 210 17
3 17 216 18
3 210 223 17
3 17 225 216
3 19 224 18
3 18 563 19
3 18 224 210
3 216 563 18
3 20 213 19
3 19 528 20
3 213 684 19
3 19 684 224
3 19 563 528
3 20 215 21
3 21 226 20
3 20 226 213
3 20 528 215
3 22 209 21
3 21 503 22
3 209 226 21
3 215 503 21
3 22 212 23
3 23 522 22
3 22 522 209
3 22 503 212
3 23 227 24
3 24 536 23
3 212 227 23
3 23 536 522
3 24 206 25
3 25 211 24
3 24 227 206
3 211 536 24
3 206 641 25
3 25 596 211
3 227 238 206
3 238 476 206
3 476 641 206
3 220 221 207
3 221 472 207
3 472 650 207
3 207 650 630
3 228 437 208
3 437 578 208
3 208 578 524
3 209 516 226
3 209 576 516
3 522 576 209
3 210 482 223
3 224 230 210
3 230 482 210
3 211 674 536
3 596 653 211
3 653 674 211
3 212 266 227
3 212 548 266
3 503 548 212
3 226 231 213
3 231 492 213
3 492 684 213
3 214 229 228
3 214 269 229
3 214 683 269
3 215 672 503
3 528 613 215
3 613 672 215
3 225 234 216
3 234 235 216
3 235 563 216
3 217 233 232
3 217 239 233
3 217 504 239
3 517 518 218
3 218 598 517
3 597 598 218
3 232 604 219
3 604 605 219
3 605 682 219
3 220 222 221
3 220 524 222
3 222 271 221
3 271 527 221
3 221 527 472
3 222 272 271
3 222 578 272
3 524 578 222
3 223 482 269
3 269 683 223
3 224 492 230
3 224 684 492
3 225 605 234
3 225 682 605
3 226 516 231
3 227 266 238
3 229 437 228
3 269 270 229
3 270 564 229
3 229 564 437
3 230 652 482
3 492 666 230
3 230 666 652
3 231 607 492
3 516 535 231
3 535 607 231
3 233 604 232
3 239 240 233
3 240 262 233
3 262 604 233
3 234 236 235
3 234 263 236
3 234 605 263
3 236 237 235
3 237 261 235
3 261 563 235
3 236 243 237
3 236 583 243
3 263 583 236
3 243 244 237
3 244 566 237
3 237 566 261
3 266 267 238
3 267 276 238
3 276 476 238
3 239 241 240
3 239 264 241
3 239 504 264
3 241 242 240
3 242 530 240
3 240 530 262
3 241 499 242
3 264 265 241
3 265 499 241
3 499 500 242
3 500 501 242
3 501 530 242
3 243 245 244
3 243 247 245
3 243 583 247
3 245 246 244
3 246 253 244
3 253 566 244
3 245 577 246
3 247 248 245
3 248 577 245
3 246 254 253
3 246 505 254
3 246 577 505
3 247 249 248
3 247 252 249
3 247 583 252
3 249 250 248
3 250 251 248
3 251 577 248
3 249 255 250
3 252 625 249
3 249 625 255
3 250 274 251
3 255 601 250
3 250 601 274
3 274 277 251
3 277 558 251
3 558 577 251
3 583 584 252
3 584 625 252
3 254 256 253
3 256 268 253
3 268 566 253
3 254 257 256
3 254 258 257
3 254 505 258
3 551 601 255
3 255 661 551
3 625 661 255
3 257 260 256
3 260 502 256
3 256 502 268
3 258 259 257
3 259 599 257
3 257 599 260
3 258 275 259
3 258 449 275
3 258 505 449
3 275 283 259
3 283 479 259
3 479 599 259
3 260 548 502
3 260 670 548
3 599 670 260
3 528 563 261
3 261 613 528
3 566 613 261
3 530 584 262
3 584 648 262
3 262 648 604
3 263 584 583
3 263 648 584
3 605 648 263
3 264 517 265
3 504 518 264
3 264 518 517
3 265 515 499
3 265 555 515
3 517 555 265
3 266 670 267
3 548 670 266
3 267 479 276
3 267 599 479
3 267 670 599
3 502 613 268
3 268 613 566
3 269 469 270
3 269 482 469
3 469 477 270
3 477 510 270
3 510 564 270
3 272 273 271
3 273 297 271
3 297 527 271
3 272 459 273
3 272 635 459
3 578 635 272
3 273 315 297
3 273 559 315
3 459 559 273
3 274 278 277
3 274 279 278
3 274 601 279
3 275 284 283
3 275 629 284
3 449 629 275
3 276 680 476
3 276 479 478
3 478 533 276
3 533 680 276
3 278 280 277
3 280 556 277
3 556 558 277
3 279 281 278
3 278 615 280
3 281 615 278
3 279 282 281
3 279 546 282
3 279 601 546
3 280 557 556
3 280 673 557
3 615 673 280
3 282 289 281
3 289 511 281
3 511 615 281
3 282 290 289
3 282 291 290
3 282 546 291
3 284 285 283
3 285 478 283
3 478 479 283
3 284 286 285
3 284 646 286
3 629 646 284
3 286 287 285
3 287 532 285
3 285 532 478
3 286 288 287
3 286 435 288
3 286 646 435
3 288 328 287
3 328 345 287
3 345 532 287
3 288 520 328
3 435 539 288
3 288 539 520
3 290 298 289
3 298 305 289
3 305 511 289
3 291 292 290
3 292 541 290
3 290 541 298
3 291 293 292
3 291 431 293
3 291 546 431
3 293 294 292
3 294 295 292
3 295 541 292
3 293 415 294
3 293 614 415
3 431 614 293
3 294 296 295
3 294 587 296
3 415 587 294
3 296 299 295
3 299 542 295
3 295 542 541
3 296 300 299
3 296 301 300
3 296 587 301
3 315 318 297
3 318 372 297
3 372 527 297
3 298 306 305
3 298 450 306
3 298 541 450
3 300 595 299
3 299 654 542
3 595 654 299
3 301 302 300
3 302 303 300
3 303 595 300
3 301 392 302
3 301 407 392
3 301 587 407
3 302 304 303
3 302 552 304
3 392 552 302
3 304 307 303
3 307 388 303
3 388 595 303
3 304 308 307
3 304 309 308
3 304 552 309
3 306 400 305
3 400 416 305
3 416 511 305
3 306 514 400
3 450 651 306
3 306 651 514
3 308 543 307
3 307 445 388
3 307 543 445
3 309 310 308
3 310 311 308
3 311 543 308
3 309 509 310
3 309 622 509
3 552 622 309
3 310 312 311
3 310 313 312
3 310 509 313
3 312 547 311
3 311 649 543
3 547 649 311
3 313 314 312
3 314 316 312
3 316 547 312
3 313 390 314
3 313 391 390
3 313 509 391
3 314 317 316
3 314 567 317
3 390 567 314
3 315 319 318
3 315 320 319
3 315 559 320
3 317 329 316
3 329 589 316
3 316 589 547
3 317 365 329
3 317 384 365
3 317 567 384
3 319 600 318
3 318 420 372
3 318 600 420
3 320 321 319
3 321 367 319
3 367 600 319
3 320 322 321
3 320 389 322
3 320 559 389
3 322 323 321
3 323 525 321
3 321 525 367
3 322 324 323
3 322 571 324
3 389 571 322
3 324 325 323
3 325 326 323
3 326 525 323
3 324 395 325
3 324 403 395
3 324 571 403
3 325 327 326
3 325 667 327
3 395 667 325
3 327 330 326
3 330 506 326
3 506 525 326
3 327 331 330
3 327 642 331
3 554 642 327
3 327 667 554
3 328 346 345
3 328 347 346
3 328 520 347
3 365 366 329
3 366 368 329
3 368 589 329
3 331 332 330
3 332 380 330
3 380 506 330
3 331 333 332
3 331 334 333
3 331 642 334
3 333 580 332
3 332 401 380
3 332 580 401
3 334 335 333
3 335 336 333
3 336 580 333
3 334 337 335
3 334 553 337
3 334 642 553
3 335 636 336
3 337 338 335
3 338 636 335
3 336 638 580
3 636 637 336
3 637 638 336
3 337 339 338
3 337 341 339
3 337 553 341
3 339 340 338
3 340 393 338
3 393 636 338
3 339 570 340
3 341 342 339
3 342 570 339
3 340 394 393
3 340 519 394
3 340 570 519
3 341 343 342
3 341 451 343
3 341 553 451
3 343 344 342
3 344 382 342
3 382 570 342
3 343 385 344
3 343 620 385
3 451 620 343
3 344 383 382
3 344 572 383
3 385 572 344
3 346 565 345
3 345 545 532
3 345 565 545
3 347 348 346
3 348 349 346
3 349 565 346
3 347 623 348
3 520 585 347
3 585 623 347
3 348 350 349
3 348 351 350
3 348 623 351
3 350 358 349
3 358 375 349
3 375 565 349
3 351 352 350
3 352 568 350
3 350 568 358
3 351 353 352
3 351 370 353
3 351 623 370
3 353 354 352
3 354 593 352
3 352 593 568
3 353 355 354
3 353 579 355
3 370 579 353
3 355 356 354
3 356 359 354
3 359 593 354
3 355 357 356
3 355 363 357
3 355 579 363
3 357 675 356
3 356 360 359
3 356 675 360
3 363 364 357
3 364 463 357
3 463 675 357
3 358 376 375
3 358 423 376
3 358 568 423
3 360 361 359
3 361 612 359
3 359 612 593
3 360 362 361
3 360 590 362
3 360 675 590
3 362 373 361
3 373 374 361
3 374 612 361
3 362 379 373
3 362 417 379
3 362 590 417
3 363 371 364
3 363 513 371
3 363 579 513
3 371 377 364
3 377 573 364
3 364 573 463
3 365 616 366
3 384 399 365
3 399 616 365
3 366 369 368
3 366 381 369
3 366 616 381
3 525 531 367
3 531 676 367
3 367 676 600
3 369 386 368
3 386 387 368
3 387 589 368
3 381 475 369
3 369 669 386
3 475 669 369
3 370 619 579
3 370 624 619
3 623 624 370
3 371 378 377
3 371 397 378
3 371 513 397
3 420 639 372
3 372 561 527
3 372 639 561
3 373 618 374
3 379 626 373
3 373 626 618
3 374 658 612
3 618 662 374
3 374 662 658
3 376 439 375
3 439 440 375
3 440 565 375
3 423 484 376
3 376 575 439
3 484 529 376
3 529 575 376
3 378 396 377
3 396 640 377
3 498 573 377
3 377 640 498
3 378 569 396
3 397 398 378
3 398 569 378
3 417 418 379
3 418 424 379
3 424 626 379
3 401 544 380
3 380 550 506
3 544 550 380
3 381 523 475
3 381 681 523
3 616 681 381
3 383 402 382
3 402 454 382
3 454 570 382
3 383 413 402
3 383 414 413
3 383 572 414
3 384 428 399
3 384 603 428
3 567 603 384
3 385 592 572
3 385 656 592
3 620 656 385
3 386 427 387
3 386 462 427
3 386 669 462
3 427 443 387
3 443 453 387
3 453 589 387
3 445 470 388
3 470 471 388
3 471 595 388
3 559 678 389
3 389 611 571
3 389 678 611
3 391 429 390
3 429 430 390
3 430 567 390
3 391 460 429
3 391 461 460
3 391 509 461
3 407 432 392
3 432 433 392
3 433 552 392
3 394 408 393
3 408 457 393
3 457 636 393
3 394 409 408
3 394 410 409
3 394 519 410
3 403 404 395
3 404 594 395
3 594 667 395
3 396 569 540
3 540 633 396
3 633 640 396
3 397 467 398
3 397 468 467
3 397 513 468
3 467 481 398
3 481 591 398
3 398 591 569
3 428 452 399
3 452 483 399
3 483 616 399
3 400 419 416
3 400 426 419
3 400 514 426
3 401 586 544
3 580 677 401
3 401 677 586
3 413 458 402
3 402 645 454
3 458 645 402
3 403 405 404
3 403 444 405
3 403 571 444
3 405 406 404
3 406 474 404
3 474 594 404
3 405 441 406
3 405 659 441
3 444 659 405
3 441 442 406
3 442 534 406
3 406 534 474
3 407 438 432
3 407 581 438
3 407 587 581
3 409 617 408
3 408 480 457
3 408 617 480
3 410 411 409
3 411 521 409
3 521 617 409
3 410 412 411
3 410 643 412
3 519 643 410
3 412 421 411
3 421 422 411
3 422 521 411
3 412 434 421
3 412 507 434
3 412 643 507
3 414 447 413
3 447 537 413
3 413 537 458
3 414 448 447
3 414 456 448
3 414 572 456
3 581 587 415
3 415 606 581
3 415 614 606
3 419 538 416
3 416 512 511
3 416 538 512
3 417 549 418
3 417 628 549
3 590 628 417
3 418 425 424
3 418 660 425
3 549 660 418
3 426 487 419
3 487 539 419
3 419 539 538
3 420 496 495
3 495 639 420
3 420 497 496
3 420 600 497
3 421 529 422
3 434 436 421
3 436 529 421
3 422 657 521
3 529 668 422
3 422 668 657
3 423 485 484
3 423 486 485
3 423 568 486
3 425 493 424
3 493 632 424
3 424 632 626
3 425 494 493
3 425 523 494
3 425 660 523
3 426 488 487
3 426 610 488
3 514 610 426
3 427 498 443
3 462 644 427
3 427 644 498
3 428 608 452
3 496 497 428
3 428 603 496
3 497 608 428
3 429 495 430
3 460 562 429
3 429 562 495
3 495 496 430
3 496 603 430
3 430 603 567
3 546 551 431
3 551 582 431
3 582 614 431
3 432 464 433
3 438 465 432
3 432 465 464
3 464 602 433
3 433 622 552
3 602 622 433
3 434 609 436
3 507 508 434
3 508 609 434
3 538 539 435
3 435 647 538
3 646 647 435
3 526 575 436
3 436 609 526
3 436 575 529
3 564 671 437
3 437 635 578
3 437 671 635
3 438 555 465
3 515 555 438
3 438 581 515
3 439 446 440
3 439 526 446
3 439 575 526
3 446 455 440
3 455 545 440
3 545 565 440
3 441 489 442
3 441 621 489
3 441 659 621
3 489 490 442
3 490 491 442
3 491 534 442
3 443 473 453
3 443 640 473
3 498 640 443
3 444 611 510
3 510 659 444
3 571 611 444
3 445 540 470
3 445 634 540
3 543 634 445
3 446 679 455
3 526 641 446
3 641 679 446
3 448 576 447
3 447 665 537
3 576 665 447
3 456 535 448
3 448 535 516
3 516 576 448
3 505 558 449
3 449 558 556
3 556 629 449
3 541 542 450
3 542 588 450
3 588 651 450
3 553 554 451
3 554 594 451
3 594 620 451
3 452 544 483
3 452 550 544
3 452 608 550
3 473 649 453
3 547 589 453
3 453 649 547
3 519 570 454
3 454 643 519
3 454 645 643
3 533 545 455
3 455 680 533
3 679 680 455
3 456 663 535
3 572 592 456
3 592 663 456
3 480 632 457
3 632 637 457
3 457 637 636
3 508 645 458
3 458 653 508
3 537 674 458
3 458 674 653
3 459 678 559
3 459 671 627
3 627 678 459
3 635 671 459
3 461 466 460
3 466 560 460
3 560 562 460
3 461 602 466
3 509 622 461
3 461 622 602
3 549 628 462
3 462 669 549
3 462 628 574
3 574 644 462
3 573 574 463
3 574 628 463
3 463 628 590
3 590 675 463
3 465 598 464
3 464 598 597
3 597 631 464
3 464 631 602
3 555 598 465
3 466 630 560
3 602 631 466
3 468 610 467
3 467 685 481
3 610 685 467
3 513 619 468
3 468 664 610
3 619 664 468
3 469 621 477
3 482 652 469
3 469 652 621
3 470 591 471
3 540 569 470
3 569 591 470
3 471 591 588
3 588 654 471
3 471 654 595
3 527 561 472
3 561 655 472
3 472 655 650
3 633 634 473
3 473 640 633
3 634 649 473
3 534 656 474
3 474 620 594
3 474 656 620
3 523 660 475
3 660 669 475
3 476 679 641
3 476 680 679
3 477 659 510
3 621 659 477
3 532 533 478
3 617 618 480
3 618 626 480
3 626 632 480
3 588 591 481
3 481 651 588
3 481 685 651
3 544 586 483
3 586 681 483
3 483 681 616
3 485 668 484
3 484 668 529
3 486 658 485
3 485 658 657
3 657 668 485
3 568 593 486
3 593 612 486
3 612 658 486
3 488 585 487
3 520 539 487
3 487 585 520
3 488 624 585
3 610 664 488
3 488 664 624
3 489 666 490
3 621 652 489
3 652 666 489
3 490 607 491
3 492 607 490
3 490 666 492
3 491 592 534
3 491 663 592
3 607 663 491
3 494 638 493
3 493 637 632
3 493 638 637
3 523 586 494
3 580 638 494
3 494 677 580
3 586 677 494
3 562 639 495
3 600 676 497
3 497 676 608
3 498 644 573
3 499 606 500
3 515 606 499
3 500 582 501
3 500 614 582
3 606 614 500
3 501 625 530
3 582 661 501
3 501 661 625
3 548 672 502
3 502 672 613
3 503 672 548
3 505 577 558
3 506 531 525
3 506 550 531
3 507 645 508
3 643 645 507
3 596 609 508
3 508 653 596
3 510 627 564
3 611 627 510
3 512 615 511
3 538 647 512
3 512 673 615
3 647 673 512
3 579 619 513
3 514 685 610
3 651 685 514
3 581 606 515
3 517 598 555
3 521 662 617
3 657 662 521
3 536 665 522
3 522 665 576
3 523 681 586
3 530 625 584
3 550 608 531
3 608 676 531
3 532 545 533
3 592 656 534
3 535 663 607
3 537 665 536
3 536 674 537
3 540 634 633
3 542 654 588
3 543 649 634
3 546 601 551
3 549 669 660
3 551 661 582
3 553 642 554
3 554 667 594
3 557 629 556
3 557 646 629
3 557 647 646
3 557 673 647
3 560 655 562
3 630 650 560
3 650 655 560
3 561 639 562
3 562 655 561
3 627 671 564
3 573 644 574
3 585 624 623
3 604 648 605
3 611 678 627
3 617 662 618
3 624 664 619
3 658 662 657
3 40 2 935
3 2 41 935
3 3 26 934
3 71 3 934
3 55 4 937
3 4 70 937
3 56 5 936
3 5 85 936
3 26 27 709
3 26 709 934
3 27 28 868
3 709 27 868
3 28 29 699
3 28 699 868
3 29 30 888
3 699 29 888
3 30 31 691
3 30 691 888
3 31 32 887
3 691 31 887
3 32 33 908
3 887 32 908
3 33 34 687
3 33 687 908
3 34 35 929
3 687 34 929
3 35 36 930
3 35 832 929
3 832 35 930
3 36 37 694
3 36 694 930
3 37 38 877
3 694 37 877
3 38 39 703
3 38 703 877
3 39 40 905
3 703 39 905
3 905 40 935
3 41 42 707
3 41 707 935
3 42 43 869
3 707 42 869
3 43 44 698
3 43 698 869
3 44 45 889
3 698 44 889
3 45 46 693
3 45 693 889
3 46 47 897
3 693 46 897
3 47 48 914
3 897 47 914
3 48 49 689
3 48 689 914
3 49 50 876
3 689 49 876
3 50 51 913
3 876 50 913
3 51 52 696
3 51 696 913
3 52 53 922
3 696 52 922
3 53 54 705
3 53 705 922
3 54 55 906
3 705 54 906
3 906 55 937
3 57 56 911
3 911 56 936
3 58 57 704
3 704 57 911
3 59 58 910
3 58 704 910
3 60 59 697
3 697 59 910
3 61 60 917
3 60 697 917
3 62 61 833
3 833 61 917
3 63 62 686
3 686 62 833
3 64 63 863
3 63 686 863
3 65 64 861
3 861 64 863
3 66 65 692
3 692 65 861
3 67 66 891
3 66 692 891
3 68 67 701
3 701 67 891
3 69 68 872
3 68 701 872
3 70 69 706
3 706 69 872
3 70 706 937
3 72 71 907
3 907 71 934
3 73 72 702
3 702 72 907
3 74 73 894
3 73 702 894
3 75 74 695
3 695 74 894
3 76 75 874
3 75 695 874
3 77 76 710
3 710 76 874
3 78 77 688
3 688 77 710
3 79 78 864
3 78 688 864
3 80 79 879
3 79 864 879
3 81 80 690
3 690 80 879
3 82 81 899
3 81 690 899
3 83 82 700
3 700 82 899
3 84 83 916
3 83 700 916
3 85 84 708
3 708 84 916
3 85 708 936
3 686 833 901
3 863 686 946
3 686 901 946
3 831 687 929
3 687 831 938
3 908 687 938
3 688 710 711
3 688 711 712
3 688 712 864
3 689 876 919
3 689 904 914
3 904 689 919
3 851 690 896
3 690 851 899
3 690 879 896
3 691 887 942
3 888 691 926
3 926 691 942
3 692 861 932
3 891 692 898
3 898 692 932
3 889 693 924
3 693 897 912
3 693 912 924
3 694 865 930
3 865 694 931
3 694 877 931
3 695 822 880
3 822 695 894
3 874 695 880
3 824 696 922
3 696 824 923
3 913 696 923
3 697 841 917
3 841 697 945
3 697 910 945
3 869 698 918
3 698 889 920
3 918 698 920
3 868 699 939
3 699 888 925
3 699 925 939
3 855 700 900
3 700 855 916
3 700 899 900
3 872 701 941
3 701 891 943
3 701 902 941
3 902 701 943
3 702 892 894
3 892 702 915
3 702 907 915
3 877 703 933
3 703 905 933
3 910 704 944
3 704 911 927
3 704 927 944
3 705 906 921
3 909 705 921
3 705 909 922
3 706 872 921
3 906 706 921
3 706 906 937
3 707 869 928
3 905 707 928
3 707 905 935
3 911 708 927
3 708 911 936
3 708 916 927
3 709 868 915
3 907 709 915
3 709 907 934
3 711 710 893
3 710 874 893
3 712 711 713
3 713 711 714
3 714 711 893
3 712 713 843
3 712 843 844
3 712 844 864
3 713 714 715
3 713 715 716
3 713 716 843
3 715 714 736
3 736 714 790
3 790 714 893
3 716 715 717
3 717 715 849
3 715 736 849
3 716 717 718
3 716 718 753
3 716 753 843
3 718 717 719
3 719 717 720
3 720 717 849
3 718 719 871
3 753 718 803
3 803 718 871
3 719 720 721
3 719 721 722
3 719 722 871
3 721 720 804
3 804 720 853
3 720 849 853
3 722 721 723
3 723 721 873
3 721 804 873
3 722 723 724
3 722 724 737
3 722 737 871
3 724 723 725
3 725 723 726
3 726 723 873
3 724 725 826
3 737 724 738
3 738 724 826
3 725 726 727
3 725 727 729
3 725 729 826
3 727 726 728
3 728 726 866
3 866 726 873
3 727 728 730
3 729 727 848
3 727 730 848
3 730 728 731
3 731 728 732
3 732 728 866
3 826 729 903
3 729 848 895
3 729 895 903
3 730 731 734
3 730 734 735
3 730 735 848
3 731 732 733
3 731 733 867
3 734 731 867
3 733 732 740
3 740 732 748
3 748 732 866
3 733 740 742
3 733 742 743
3 733 743 867
3 735 734 746
3 746 734 825
3 825 734 867
3 735 746 747
3 735 747 875
3 848 735 875
3 736 790 850
3 736 823 849
3 823 736 850
3 737 738 739
3 737 739 870
3 737 870 871
3 739 738 741
3 741 738 890
3 738 826 890
3 739 741 744
3 739 744 745
3 739 745 870
3 742 740 828
3 740 748 749
3 740 749 828
3 744 741 758
3 758 741 759
3 759 741 890
3 743 742 754
3 754 742 760
3 760 742 828
3 743 754 755
3 743 755 852
3 743 852 867
3 745 744 756
3 756 744 857
3 744 758 857
3 745 756 757
3 745 757 827
3 745 827 870
3 747 746 762
3 762 746 770
3 770 746 825
3 747 762 763
3 747 763 764
3 747 764 875
3 749 748 750
3 750 748 847
3 847 748 866
3 749 750 751
3 749 751 846
3 828 749 846
3 751 750 752
3 752 750 860
3 750 847 860
3 751 752 777
3 751 777 780
3 751 780 846
3 777 752 778
3 778 752 784
3 784 752 860
3 753 803 858
3 843 753 845
3 845 753 858
3 755 754 761
3 754 760 834
3 761 754 834
3 755 761 774
3 755 774 789
3 755 789 852
3 757 756 775
3 775 756 779
3 779 756 857
3 757 775 776
3 757 776 782
3 757 782 827
3 758 759 773
3 758 773 791
3 758 791 857
3 773 759 886
3 759 820 886
3 820 759 890
3 760 828 829
3 760 829 830
3 760 830 834
3 774 761 781
3 781 761 814
3 814 761 834
3 763 762 856
3 762 770 793
3 762 793 856
3 764 763 765
3 765 763 783
3 783 763 856
3 764 765 766
3 764 766 881
3 875 764 881
3 766 765 767
3 767 765 836
3 765 783 836
3 766 767 768
3 766 768 771
3 766 771 881
3 768 767 769
3 769 767 808
3 808 767 836
3 768 769 883
3 771 768 772
3 772 768 883
3 769 808 809
3 769 809 810
3 769 810 883
3 793 770 794
3 794 770 859
3 770 825 859
3 771 772 800
3 771 800 806
3 771 806 881
3 800 772 801
3 801 772 802
3 802 772 883
3 791 773 817
3 817 773 885
3 885 773 886
3 774 781 882
3 789 774 792
3 792 774 882
3 776 775 788
3 775 779 838
3 788 775 838
3 782 776 795
3 776 788 854
3 795 776 854
3 777 778 862
3 780 777 813
3 813 777 862
3 778 784 785
3 778 785 786
3 778 786 862
3 838 779 841
3 841 779 842
3 842 779 857
3 780 813 815
3 780 815 816
3 780 816 846
3 781 814 818
3 781 818 819
3 781 819 882
3 782 795 796
3 782 796 858
3 827 782 858
3 836 783 837
3 837 783 919
3 783 856 919
3 785 784 823
3 823 784 853
3 853 784 860
3 786 785 787
3 787 785 850
3 785 823 850
3 786 787 797
3 786 797 807
3 786 807 862
3 797 787 798
3 798 787 821
3 821 787 850
3 788 838 839
3 788 839 840
3 788 840 854
3 789 792 835
3 789 835 859
3 852 789 859
3 790 821 850
3 821 790 880
3 880 790 893
3 791 817 901
3 791 842 857
3 842 791 901
3 835 792 924
3 792 882 920
3 792 920 924
3 793 794 812
3 793 812 904
3 856 793 904
3 812 794 912
3 835 794 859
3 794 835 912
3 796 795 851
3 851 795 900
3 795 854 900
3 796 845 858
3 845 796 896
3 796 851 896
3 797 798 799
3 797 799 925
3 807 797 925
3 799 798 892
3 798 821 822
3 798 822 892
3 799 892 915
3 799 915 939
3 925 799 939
3 800 801 886
3 806 800 820
3 820 800 886
3 801 802 805
3 801 805 885
3 801 885 886
3 805 802 898
3 802 883 884
3 802 884 898
3 803 827 858
3 827 803 870
3 870 803 871
3 847 804 860
3 804 847 873
3 804 853 860
3 805 878 885
3 878 805 932
3 805 898 932
3 806 820 903
3 881 806 895
3 895 806 903
3 862 807 926
3 888 807 925
3 807 888 926
3 809 808 824
3 824 808 923
3 808 836 923
3 810 809 811
3 811 809 909
3 809 824 909
3 810 811 902
3 883 810 884
3 884 810 902
3 902 811 941
3 811 909 921
3 811 921 941
3 897 812 912
3 812 897 914
3 904 812 914
3 815 813 942
3 813 862 926
3 813 926 942
3 818 814 931
3 814 834 865
3 814 865 931
3 816 815 938
3 815 887 908
3 887 815 942
3 815 908 938
3 829 816 831
3 816 829 846
3 831 816 938
3 878 817 885
3 817 878 946
3 901 817 946
3 819 818 933
3 877 818 931
3 818 877 933
3 882 819 918
3 918 819 928
3 928 819 933
3 820 890 903
3 822 821 880
3 892 822 894
3 849 823 853
3 909 824 922
3 825 852 859
3 852 825 867
3 890 826 903
3 829 828 846
3 830 829 831
3 830 831 832
3 830 832 865
3 834 830 865
3 832 831 929
3 865 832 930
3 901 833 940
3 833 917 940
3 912 835 924
3 836 837 923
3 837 876 913
3 876 837 919
3 837 913 923
3 839 838 945
3 838 841 945
3 840 839 944
3 839 910 944
3 910 839 945
3 854 840 855
3 855 840 927
3 927 840 944
3 841 842 940
3 917 841 940
3 842 901 940
3 844 843 845
3 844 845 896
3 864 844 879
3 879 844 896
3 847 866 873
3 848 875 895
3 899 851 900
3 854 855 900
3 916 855 927
3 856 904 919
3 861 863 878
3 861 878 932
3 878 863 946
3 915 868 939
3 869 918 928
3 921 872 941
3 874 880 893
3 875 881 895
3 882 918 920
3 898 884 943
3 884 902 943
3 920 889 924
3 891 898 943
3 905 928 933
3 2 40 1199
3 116 2 1199
3 26 3 1197
3 3 86 1197
3 100 6 1196
3 6 101 1196
3 115 7 1198
3 7 130 1198
3 27 26 969
3 969 26 1197
3 28 27 1132
3 27 969 1132
3 29 28 961
3 961 28 1132
3 30 29 1152
3 29 961 1152
3 31 30 952
3 952 30 1152
3 32 31 1167
3 31 952 1167
3 33 32 1159
3 1159 32 1167
3 34 33 947
3 947 33 1159
3 35 34 1088
3 34 947 1088
3 36 35 1191
3 35 1088 1191
3 37 36 955
3 955 36 1191
3 38 37 1192
3 37 955 1192
3 39 38 963
3 963 38 1192
3 40 39 1186
3 39 963 1186
3 40 1186 1199
3 86 87 1171
3 86 1171 1197
3 87 88 964
3 87 964 1171
3 88 89 1142
3 964 88 1142
3 89 90 957
3 89 957 1142
3 90 91 1144
3 957 90 1144
3 91 92 970
3 91 970 1144
3 92 93 949
3 92 949 970
3 93 94 1121
3 949 93 1121
3 94 95 1112
3 94 1112 1121
3 95 96 951
3 95 951 1112
3 96 97 1154
3 951 96 1154
3 97 98 962
3 97 962 1154
3 98 99 1158
3 962 98 1158
3 99 100 1170
3 1158 99 1170
3 1170 100 1196
3 101 102 967
3 101 967 1196
3 102 103 1130
3 967 102 1130
3 103 104 960
3 103 960 1130
3 104 105 1153
3 960 104 1153
3 105 106 954
3 105 954 1153
3 106 107 1202
3 954 106 1202
3 107 108 1148
3 107 1148 1202
3 108 109 948
3 108 948 1148
3 109 110 1119
3 948 109 1119
3 110 111 1141
3 1119 110 1141
3 111 112 956
3 111 956 1141
3 112 113 1139
3 956 112 1139
3 113 114 965
3 113 965 1139
3 114 115 1168
3 965 114 1168
3 1168 115 1198
3 117 116 1177
3 1177 116 1199
3 118 117 966
3 966 117 1177
3 119 118 1175
3 118 966 1175
3 120 119 958
3 958 119 1175
3 121 120 1178
3 120 958 1178
3 122 121 1179
3 121 1178 1179
3 123 122 950
3 950 122 1179
3 124 123 1185
3 123 950 1185
3 125 124 1190
3 124 1185 1190
3 126 125 953
3 953 125 1190
3 127 126 1151
3 126 953 1151
3 128 127 959
3 959 127 1151
3 129 128 1131
3 128 959 1131
3 130 129 968
3 968 129 1131
3 130 968 1198
3 1088 947 1181
3 947 1159 1203
3 1181 947 1203
3 1110 948 1119
3 948 1110 1194
3 1148 948 1194
3 970 949 971
3 971 949 972
3 972 949 1121
3 1074 950 1179
3 950 1074 1182
3 950 1182 1185
3 1090 951 1154
3 951 1090 1155
3 1112 951 1155
3 952 1152 1165
3 952 1165 1200
3 1167 952 1200
3 953 1098 1184
3 1098 953 1190
3 1151 953 1184
3 954 1083 1166
3 1083 954 1202
3 1153 954 1195
3 954 1166 1195
3 1078 955 1089
3 955 1078 1192
3 955 1087 1089
3 1087 955 1191
3 956 1105 1141
3 1105 956 1183
3 956 1139 1183
3 1142 957 1164
3 957 1144 1161
3 957 1161 1164
3 1073 958 1175
3 958 1073 1176
3 1075 958 1176
3 958 1075 1178
3 1131 959 1188
3 959 1151 1187
3 959 1187 1188
3 1130 960 1201
3 960 1153 1172
3 960 1172 1201
3 961 1132 1147
3 961 1147 1193
3 1152 961 1193
3 962 1076 1140
3 1076 962 1158
3 962 1140 1154
3 1077 963 1078
3 963 1077 1079
3 1078 963 1192
3 963 1079 1186
3 1133 964 1143
3 964 1133 1171
3 964 1142 1143
3 965 1103 1139
3 1103 965 1169
3 965 1168 1169
3 1073 966 1173
3 966 1073 1175
3 966 1079 1173
3 1079 966 1177
3 967 1130 1163
3 967 1163 1170
3 967 1170 1196
3 968 1131 1169
3 1168 968 1169
3 968 1168 1198
3 1132 969 1133
3 1133 969 1171
3 1171 969 1197
3 970 971 1156
3 1144 970 1156
3 971 972 973
3 971 973 974
3 971 974 1156
3 973 972 1094
3 1094 972 1095
3 1095 972 1121
3 974 973 975
3 975 973 976
3 976 973 1094
3 974 975 990
3 974 990 1043
3 974 1043 1156
3 975 976 977
3 975 977 1118
3 990 975 1118
3 977 976 978
3 978 976 1113
3 976 1094 1113
3 977 978 979
3 977 979 1122
3 1118 977 1122
3 979 978 980
3 980 978 997
3 997 978 1113
3 979 980 981
3 979 981 982
3 979 982 1122
3 981 980 1115
3 980 997 998
3 980 998 1115
3 982 981 983
3 983 981 984
3 984 981 1115
3 982 983 1134
3 1122 982 1123
3 1123 982 1134
3 983 984 985
3 983 985 986
3 983 986 1134
3 985 984 1149
3 984 1115 1116
3 984 1116 1149
3 986 985 987
3 987 985 988
3 988 985 1149
3 986 987 989
3 986 989 1000
3 986 1000 1134
3 987 988 991
3 989 987 1093
3 987 991 1093
3 991 988 992
3 992 988 1125
3 1125 988 1149
3 1000 989 1001
3 1001 989 1100
3 989 1093 1100
3 1043 990 1044
3 1044 990 1068
3 1068 990 1118
3 991 992 993
3 991 993 996
3 991 996 1093
3 993 992 994
3 994 992 995
3 995 992 1125
3 993 994 1010
3 996 993 1117
3 993 1010 1117
3 994 995 1003
3 994 1003 1097
3 1010 994 1097
3 1003 995 1007
3 1007 995 1016
3 1016 995 1125
3 996 1091 1092
3 1091 996 1117
3 996 1092 1093
3 998 997 999
3 999 997 1114
3 997 1113 1114
3 998 999 1006
3 998 1006 1039
3 998 1039 1115
3 1006 999 1013
3 1013 999 1027
3 1027 999 1114
3 1000 1001 1002
3 1000 1002 1146
3 1134 1000 1146
3 1002 1001 1004
3 1004 1001 1005
3 1005 1001 1100
3 1002 1004 1008
3 1002 1008 1009
3 1002 1009 1146
3 1003 1007 1014
3 1003 1014 1015
3 1003 1015 1097
3 1004 1005 1011
3 1008 1004 1124
3 1004 1011 1124
3 1011 1005 1012
3 1012 1005 1111
3 1005 1100 1111
3 1006 1013 1020
3 1006 1020 1160
3 1039 1006 1160
3 1014 1007 1135
3 1007 1016 1017
3 1007 1017 1135
3 1009 1008 1018
3 1018 1008 1120
3 1120 1008 1124
3 1009 1018 1019
3 1009 1019 1041
3 1009 1041 1146
3 1084 1010 1099
3 1010 1084 1117
3 1010 1097 1099
3 1011 1012 1023
3 1011 1023 1033
3 1011 1033 1124
3 1023 1012 1024
3 1024 1012 1025
3 1025 1012 1111
3 1020 1013 1127
3 1013 1027 1028
3 1013 1028 1127
3 1015 1014 1021
3 1021 1014 1042
3 1042 1014 1135
3 1015 1021 1034
3 1015 1034 1040
3 1015 1040 1097
3 1017 1016 1022
3 1022 1016 1067
3 1067 1016 1125
3 1017 1022 1026
3 1017 1026 1029
3 1017 1029 1135
3 1019 1018 1035
3 1035 1018 1037
3 1037 1018 1120
3 1019 1035 1036
3 1019 1036 1137
3 1041 1019 1137
3 1080 1020 1129
3 1020 1080 1160
3 1020 1127 1129
3 1034 1021 1038
3 1038 1021 1102
3 1021 1042 1102
3 1026 1022 1052
3 1052 1022 1162
3 1022 1067 1162
3 1023 1024 1101
3 1033 1023 1054
3 1054 1023 1101
3 1024 1025 1030
3 1024 1030 1032
3 1024 1032 1101
3 1030 1025 1031
3 1031 1025 1058
3 1058 1025 1111
3 1029 1026 1109
3 1026 1052 1053
3 1026 1053 1109
3 1028 1027 1048
3 1048 1027 1050
3 1050 1027 1114
3 1028 1048 1049
3 1028 1049 1051
3 1028 1051 1127
3 1029 1109 1110
3 1029 1110 1157
3 1135 1029 1157
3 1030 1031 1150
3 1032 1030 1064
3 1064 1030 1150
3 1031 1058 1059
3 1031 1059 1060
3 1031 1060 1150
3 1032 1064 1065
3 1032 1065 1066
3 1032 1066 1101
3 1033 1054 1069
3 1033 1069 1070
3 1033 1070 1124
3 1034 1038 1126
3 1040 1034 1056
3 1056 1034 1126
3 1036 1035 1046
3 1035 1037 1106
3 1046 1035 1106
3 1036 1046 1047
3 1036 1047 1136
3 1036 1136 1137
3 1106 1037 1107
3 1107 1037 1108
3 1108 1037 1120
3 1038 1102 1103
3 1038 1103 1104
3 1038 1104 1126
3 1115 1039 1116
3 1116 1039 1162
3 1039 1160 1162
3 1040 1056 1057
3 1040 1057 1099
3 1097 1040 1099
3 1123 1041 1145
3 1041 1123 1146
3 1041 1137 1145
3 1102 1042 1105
3 1105 1042 1157
3 1042 1135 1157
3 1043 1044 1045
3 1043 1045 1161
3 1156 1043 1161
3 1045 1044 1138
3 1044 1068 1136
3 1044 1136 1138
3 1045 1138 1174
3 1161 1045 1164
3 1164 1045 1174
3 1047 1046 1071
3 1071 1046 1165
3 1046 1106 1165
3 1047 1071 1072
3 1047 1072 1138
3 1136 1047 1138
3 1049 1048 1140
3 1048 1050 1090
3 1048 1090 1140
3 1051 1049 1055
3 1055 1049 1076
3 1076 1049 1140
3 1090 1050 1155
3 1096 1050 1114
3 1050 1096 1155
3 1051 1055 1172
3 1127 1051 1128
3 1128 1051 1172
3 1053 1052 1080
3 1080 1052 1160
3 1160 1052 1162
3 1053 1080 1081
3 1053 1081 1082
3 1053 1082 1109
3 1069 1054 1087
3 1087 1054 1089
3 1089 1054 1101
3 1055 1076 1163
3 1055 1163 1201
3 1172 1055 1201
3 1057 1056 1184
3 1056 1126 1187
3 1184 1056 1187
3 1085 1057 1098
3 1057 1085 1099
3 1098 1057 1184
3 1059 1058 1091
3 1091 1058 1092
3 1092 1058 1111
3 1060 1059 1061
3 1061 1059 1062
3 1062 1059 1091
3 1060 1061 1074
3 1060 1074 1075
3 1060 1075 1150
3 1061 1062 1063
3 1061 1063 1182
3 1074 1061 1182
3 1063 1062 1084
3 1084 1062 1117
3 1062 1091 1117
3 1063 1084 1085
3 1063 1085 1086
3 1063 1086 1182
3 1065 1064 1073
3 1073 1064 1176
3 1064 1150 1176
3 1066 1065 1077
3 1065 1073 1173
3 1077 1065 1173
3 1066 1077 1078
3 1066 1078 1089
3 1066 1089 1101
3 1116 1067 1149
3 1067 1116 1162
3 1067 1125 1149
3 1068 1118 1145
3 1136 1068 1137
3 1137 1068 1145
3 1070 1069 1181
3 1069 1087 1088
3 1069 1088 1181
3 1070 1108 1120
3 1108 1070 1181
3 1070 1120 1124
3 1072 1071 1147
3 1147 1071 1193
3 1071 1165 1193
3 1138 1072 1174
3 1072 1147 1180
3 1174 1072 1180
3 1075 1074 1179
3 1150 1075 1176
3 1178 1075 1179
3 1076 1158 1163
3 1079 1077 1173
3 1079 1177 1186
3 1081 1080 1129
3 1082 1081 1083
3 1083 1081 1166
3 1081 1129 1166
3 1082 1083 1148
3 1109 1082 1194
3 1082 1148 1194
3 1148 1083 1202
3 1085 1084 1099
3 1086 1085 1098
3 1086 1098 1190
3 1182 1086 1185
3 1185 1086 1190
3 1088 1087 1191
3 1140 1090 1154
3 1093 1092 1100
3 1100 1092 1111
3 1094 1095 1096
3 1094 1096 1113
3 1096 1095 1155
3 1112 1095 1121
3 1095 1112 1155
3 1113 1096 1114
3 1103 1102 1183
3 1102 1105 1183
3 1104 1103 1169
3 1139 1103 1183
3 1126 1104 1188
3 1104 1169 1188
3 1141 1105 1189
3 1105 1157 1189
3 1106 1107 1200
3 1165 1106 1200
3 1107 1108 1203
3 1107 1159 1167
3 1159 1107 1203
3 1107 1167 1200
3 1108 1181 1203
3 1110 1109 1194
3 1110 1119 1189
3 1157 1110 1189
3 1118 1122 1145
3 1119 1141 1189
3 1122 1123 1145
3 1123 1134 1146
3 1187 1126 1188
3 1127 1128 1129
3 1129 1128 1166
3 1166 1128 1195
3 1128 1172 1195
3 1163 1130 1201
3 1169 1131 1188
3 1132 1133 1147
3 1133 1143 1180
3 1147 1133 1180
3 1143 1142 1164
3 1143 1164 1174
3 1143 1174 1180
3 1144 1156 1161
3 1151 1184 1187
3 1165 1152 1193
3 1172 1153 1195
3 1163 1158 1170
3 1186 1177 1199
3 2 1453 41
3 116 1453 2
3 55 1455 4
3 4 1455 131
3 7 1456 130
3 146 1456 7
3 145 1454 8
3 8 1454 160
3 41 1416 42
3 41 1453 1416
3 42 1221 43
3 42 1416 1221
3 43 1442 44
3 1221 1442 43
3 44 1213 45
3 44 1442 1213
3 45 1402 46
3 1213 1402 45
3 46 1386 47
3 46 1402 1386
3 47 1204 48
3 47 1386 1204
3 48 1451 49
3 1204 1451 48
3 49 1430 50
3 49 1451 1430
3 50 1208 51
3 50 1430 1208
3 51 1410 52
3 1208 1410 51
3 52 1216 53
3 52 1410 1216
3 53 1409 54
3 1216 1409 53
3 54 1224 55
3 54 1409 1224
3 1224 1455 55
3 117 1225 116
3 1225 1453 116
3 118 1438 117
3 117 1438 1225
3 119 1218 118
3 1218 1438 118
3 120 1406 119
3 119 1406 1218
3 121 1209 120
3 1209 1406 120
3 122 1446 121
3 121 1446 1209
3 123 1426 122
3 1426 1446 122
3 124 1205 123
3 1205 1426 123
3 125 1420 124
3 124 1420 1205
3 126 1412 125
3 1412 1420 125
3 127 1212 126
3 1212 1412 126
3 128 1399 127
3 127 1399 1212
3 129 1220 128
3 1220 1399 128
3 130 1227 129
3 129 1227 1220
3 130 1456 1227
3 131 1415 132
3 131 1455 1415
3 132 1411 133
3 132 1415 1411
3 133 1219 134
3 133 1411 1219
3 134 1424 135
3 1219 1424 134
3 135 1211 136
3 135 1424 1211
3 136 1431 137
3 1211 1431 136
3 137 1434 138
3 1431 1434 137
3 138 1206 139
3 138 1434 1206
3 139 1428 140
3 1206 1428 139
3 140 1401 141
3 140 1428 1401
3 141 1214 142
3 141 1401 1214
3 142 1421 143
3 1214 1421 142
3 143 1222 144
3 143 1421 1222
3 144 1418 145
3 1222 1418 144
3 1418 1454 145
3 147 1417 146
3 1417 1456 146
3 148 1223 147
3 1223 1417 147
3 149 1400 148
3 148 1400 1223
3 150 1215 149
3 1215 1400 149
3 151 1414 150
3 150 1414 1215
3 152 1449 151
3 151 1449 1414
3 153 1207 152
3 1207 1449 152
3 154 1423 153
3 153 1423 1207
3 155 1405 154
3 1405 1423 154
3 156 1210 155
3 1210 1405 155
3 157 1444 156
3 156 1444 1210
3 158 1217 157
3 1217 1444 157
3 159 1443 158
3 158 1443 1217
3 160 1226 159
3 1226 1443 159
3 160 1454 1226
3 1328 1330 1204
3 1204 1440 1328
3 1330 1451 1204
3 1386 1440 1204
3 1205 1419 1360
3 1360 1426 1205
3 1205 1420 1419
3 1322 1425 1206
3 1206 1434 1322
3 1425 1428 1206
3 1207 1374 1373
3 1373 1449 1207
3 1207 1375 1374
3 1207 1423 1375
3 1208 1430 1331
3 1331 1457 1208
3 1208 1457 1410
3 1209 1407 1406
3 1209 1447 1407
3 1446 1447 1209
3 1210 1378 1324
3 1324 1439 1210
3 1210 1444 1378
3 1210 1439 1405
3 1323 1431 1211
3 1211 1432 1323
3 1424 1432 1211
3 1212 1408 1354
3 1354 1412 1212
3 1399 1408 1212
3 1213 1381 1326
3 1326 1441 1213
3 1213 1442 1381
3 1213 1441 1402
3 1401 1433 1214
3 1214 1429 1421
3 1214 1433 1429
3 1215 1414 1372
3 1372 1450 1215
3 1215 1450 1400
3 1342 1409 1216
3 1216 1458 1342
3 1410 1458 1216
3 1217 1320 1318
3 1318 1378 1217
3 1217 1443 1320
3 1378 1444 1217
3 1218 1436 1327
3 1327 1438 1218
3 1406 1436 1218
3 1219 1422 1346
3 1346 1424 1219
3 1411 1422 1219
3 1227 1228 1220
3 1228 1229 1220
3 1229 1399 1220
3 1317 1381 1221
3 1221 1445 1317
3 1381 1442 1221
3 1416 1445 1221
3 1398 1413 1222
3 1222 1421 1398
3 1413 1418 1222
3 1228 1417 1223
3 1223 1448 1228
3 1400 1448 1223
3 1409 1452 1224
3 1224 1452 1415
3 1415 1455 1224
3 1225 1445 1416
3 1416 1453 1225
3 1438 1445 1225
3 1226 1413 1320
3 1320 1443 1226
3 1226 1418 1413
3 1226 1454 1418
3 1227 1417 1228
3 1227 1456 1417
3 1228 1230 1229
3 1228 1448 1230
3 1230 1231 1229
3 1231 1408 1229
3 1229 1408 1399
3 1230 1232 1231
3 1230 1404 1232
3 1230 1448 1404
3 1232 1233 1231
3 1233 1299 1231
3 1299 1408 1231
3 1232 1234 1233
3 1232 1316 1234
3 1232 1404 1316
3 1234 1235 1233
3 1235 1384 1233
3 1233 1384 1299
3 1234 1236 1235
3 1234 1370 1236
3 1316 1370 1234
3 1236 1237 1235
3 1237 1261 1235
3 1261 1384 1235
3 1236 1238 1237
3 1236 1279 1238
3 1236 1370 1279
3 1238 1239 1237
3 1239 1355 1237
3 1237 1355 1261
3 1238 1240 1239
3 1238 1397 1240
3 1279 1397 1238
3 1240 1241 1239
3 1241 1388 1239
3 1239 1388 1355
3 1240 1242 1241
3 1240 1365 1242
3 1240 1397 1365
3 1242 1243 1241
3 1243 1244 1241
3 1244 1388 1241
3 1242 1248 1243
3 1242 1259 1248
3 1242 1365 1259
3 1243 1245 1244
3 1243 1363 1245
3 1248 1363 1243
3 1245 1246 1244
3 1246 1387 1244
3 1387 1388 1244
3 1245 1247 1246
3 1245 1393 1247
3 1363 1393 1245
3 1247 1249 1246
3 1249 1252 1246
3 1252 1387 1246
3 1247 1250 1249
3 1247 1251 1250
3 1247 1393 1251
3 1259 1260 1248
3 1260 1309 1248
3 1309 1363 1248
3 1250 1364 1249
3 1249 1253 1252
3 1249 1364 1253
3 1251 1254 1250
3 1254 1395 1250
3 1250 1395 1364
3 1251 1255 1254
3 1251 1361 1255
3 1251 1393 1361
3 1253 1256 1252
3 1256 1385 1252
3 1385 1387 1252
3 1253 1257 1256
3 1253 1258 1257
3 1253 1364 1258
3 1255 1262 1254
3 1262 1266 1254
3 1266 1395 1254
3 1255 1263 1262
3 1255 1264 1263
3 1255 1361 1264
3 1257 1271 1256
3 1271 1278 1256
3 1278 1385 1256
3 1258 1267 1257
3 1267 1390 1257
3 1257 1390 1271
3 1258 1275 1267
3 1258 1367 1275
3 1364 1367 1258
3 1259 1268 1260
3 1259 1272 1268
3 1259 1365 1272
3 1268 1269 1260
3 1269 1356 1260
3 1260 1356 1309
3 1347 1349 1261
3 1261 1355 1347
3 1349 1384 1261
3 1263 1265 1262
3 1265 1391 1262
3 1262 1391 1266
3 1264 1273 1263
3 1263 1394 1265
3 1273 1394 1263
3 1264 1274 1273
3 1264 1287 1274
3 1264 1361 1287
3 1265 1369 1335
3 1335 1391 1265
3 1265 1394 1369
3 1353 1395 1266
3 1266 1396 1353
3 1391 1396 1266
3 1275 1288 1267
3 1288 1300 1267
3 1300 1390 1267
3 1268 1270 1269
3 1268 1392 1270
3 1272 1392 1268
3 1270 1276 1269
3 1276 1277 1269
3 1277 1356 1269
3 1270 1283 1276
3 1270 1294 1283
3 1270 1392 1294
3 1271 1280 1278
3 1271 1281 1280
3 1271 1390 1281
3 1365 1366 1272
3 1366 1389 1272
3 1389 1392 1272
3 1274 1284 1273
3 1284 1285 1273
3 1285 1394 1273
3 1274 1286 1284
3 1274 1368 1286
3 1287 1368 1274
3 1275 1290 1288
3 1275 1295 1290
3 1275 1367 1295
3 1276 1289 1277
3 1283 1379 1276
3 1276 1379 1289
3 1289 1292 1277
3 1292 1308 1277
3 1308 1356 1277
3 1280 1282 1278
3 1282 1296 1278
3 1296 1385 1278
3 1370 1371 1279
3 1371 1377 1279
3 1377 1397 1279
3 1281 1358 1280
3 1280 1293 1282
3 1280 1358 1293
3 1281 1435 1358
3 1281 1390 1382
3 1382 1435 1281
3 1293 1383 1282
3 1282 1297 1296
3 1282 1383 1297
3 1294 1306 1283
3 1306 1307 1283
3 1307 1379 1283
3 1284 1376 1285
3 1286 1291 1284
3 1291 1376 1284
3 1285 1345 1344
3 1344 1394 1285
3 1285 1376 1345
3 1286 1321 1291
3 1286 1334 1321
3 1286 1368 1334
3 1287 1362 1357
3 1357 1368 1287
3 1361 1362 1287
3 1290 1403 1288
3 1288 1301 1300
3 1288 1403 1301
3 1289 1298 1292
3 1289 1305 1298
3 1289 1379 1305
3 1295 1313 1290
3 1313 1315 1290
3 1315 1403 1290
3 1321 1322 1291
3 1322 1323 1291
3 1323 1376 1291
3 1298 1303 1292
3 1303 1334 1292
3 1292 1334 1308
3 1358 1359 1293
3 1359 1360 1293
3 1360 1383 1293
3 1294 1324 1306
3 1294 1325 1324
3 1294 1392 1325
3 1295 1314 1313
3 1295 1353 1314
3 1295 1367 1353
3 1297 1347 1296
3 1347 1348 1296
3 1348 1385 1296
3 1297 1349 1347
3 1297 1350 1349
3 1297 1383 1350
3 1298 1312 1303
3 1305 1433 1298
3 1298 1433 1312
3 1351 1354 1299
3 1299 1384 1351
3 1354 1408 1299
3 1301 1302 1300
3 1302 1382 1300
3 1382 1390 1300
3 1301 1304 1302
3 1301 1326 1304
3 1301 1403 1326
3 1304 1310 1302
3 1310 1311 1302
3 1311 1382 1302
3 1312 1425 1303
3 1321 1334 1303
3 1303 1425 1321
3 1304 1317 1310
3 1304 1381 1317
3 1326 1381 1304
3 1379 1380 1305
3 1380 1429 1305
3 1429 1433 1305
3 1306 1318 1307
3 1306 1378 1318
3 1324 1378 1306
3 1318 1319 1307
3 1319 1380 1307
3 1307 1380 1379
3 1334 1368 1308
3 1308 1357 1356
3 1308 1368 1357
3 1356 1357 1309
3 1357 1362 1309
3 1362 1363 1309
3 1310 1436 1311
3 1317 1327 1310
3 1327 1436 1310
3 1311 1435 1382
3 1407 1435 1311
3 1311 1436 1407
3 1401 1428 1312
3 1312 1433 1401
3 1312 1428 1425
3 1314 1328 1313
3 1313 1440 1315
3 1328 1440 1313
3 1314 1329 1328
3 1314 1396 1329
3 1353 1396 1314
3 1386 1402 1315
3 1315 1440 1386
3 1402 1441 1315
3 1315 1441 1403
3 1316 1372 1370
3 1316 1450 1372
3 1404 1450 1316
3 1317 1445 1327
3 1318 1320 1319
3 1320 1413 1319
3 1319 1398 1380
3 1319 1413 1398
3 1321 1425 1322
3 1322 1434 1323
3 1323 1432 1376
3 1323 1434 1431
3 1325 1439 1324
3 1325 1392 1389
3 1389 1427 1325
3 1427 1439 1325
3 1403 1441 1326
3 1327 1445 1438
3 1329 1330 1328
3 1329 1331 1330
3 1329 1332 1331
3 1329 1396 1332
3 1331 1430 1330
3 1430 1451 1330
3 1332 1333 1331
3 1333 1457 1331
3 1332 1335 1333
3 1332 1391 1335
3 1332 1396 1391
3 1335 1336 1333
3 1336 1337 1333
3 1337 1457 1333
3 1335 1369 1336
3 1336 1338 1337
3 1336 1339 1338
3 1336 1369 1339
3 1338 1458 1337
3 1410 1457 1337
3 1337 1458 1410
3 1339 1340 1338
3 1340 1342 1338
3 1342 1458 1338
3 1339 1341 1340
3 1339 1344 1341
3 1339 1369 1344
3 1341 1422 1340
3 1340 1343 1342
3 1340 1422 1343
3 1344 1345 1341
3 1345 1346 1341
3 1346 1422 1341
3 1343 1452 1342
3 1342 1452 1409
3 1411 1415 1343
3 1343 1422 1411
3 1415 1452 1343
3 1369 1394 1344
3 1345 1432 1346
3 1376 1432 1345
3 1346 1432 1424
3 1347 1355 1348
3 1355 1388 1348
3 1348 1387 1385
3 1348 1388 1387
3 1350 1351 1349
3 1351 1384 1349
3 1350 1352 1351
3 1350 1419 1352
3 1383 1419 1350
3 1352 1354 1351
3 1352 1412 1354
3 1352 1420 1412
3 1419 1420 1352
3 1367 1395 1353
3 1358 1447 1359
3 1435 1447 1358
3 1359 1426 1360
3 1359 1446 1426
3 1359 1447 1446
3 1360 1419 1383
3 1361 1393 1362
3 1362 1393 1363
3 1364 1395 1367
3 1365 1397 1366
3 1366 1397 1377
3 1377 1437 1366
3 1366 1437 1389
3 1370 1372 1371
3 1372 1373 1371
3 1373 1374 1371
3 1374 1377 1371
3 1372 1414 1373
3 1414 1449 1373
3 1375 1437 1374
3 1374 1437 1377
3 1423 1459 1375
3 1427 1437 1375
3 1375 1459 1427
3 1398 1429 1380
3 1389 1437 1427
3 1421 1429 1398
3 1404 1448 1400
3 1400 1450 1404
3 1405 1459 1423
3 1439 1459 1405
3 1407 1436 1406
3 1407 1447 1435
3 1427 1459 1439
3 4 1709 70
3 131 1709 4
3 56 1710 5
3 5 1710 161
3 8 1712 145
3 190 1712 8
3 175 1711 9
3 9 1711 176
3 57 1681 56
3 1681 1710 56
3 58 1477 57
3 1477 1681 57
3 59 1650 58
3 58 1650 1477
3 60 1470 59
3 1470 1650 59
3 61 1642 60
3 60 1642 1470
3 62 1483 61
3 1483 1642 61
3 63 1462 62
3 1462 1483 62
3 64 1631 63
3 63 1631 1462
3 65 1638 64
3 64 1638 1631
3 66 1464 65
3 1464 1638 65
3 67 1660 66
3 66 1660 1464
3 68 1475 67
3 1475 1660 67
3 69 1665 68
3 68 1665 1475
3 70 1680 69
3 69 1680 1665
3 70 1709 1680
3 132 1480 131
3 1480 1709 131
3 133 1639 132
3 132 1639 1480
3 134 1473 133
3 1473 1639 133
3 135 1657 134
3 134 1657 1473
3 136 1467 135
3 1467 1657 135
3 137 1670 136
3 136 1670 1467
3 138 1694 137
3 137 1694 1670
3 139 1461 138
3 1461 1694 138
3 140 1624 139
3 139 1624 1461
3 141 1702 140
3 140 1702 1624
3 142 1469 141
3 1469 1702 141
3 143 1700 142
3 142 1700 1469
3 144 1478 143
3 1478 1700 143
3 145 1676 144
3 144 1676 1478
3 145 1712 1676
3 161 1482 162
3 161 1710 1482
3 162 1640 163
3 1482 1640 162
3 163 1474 164
3 163 1640 1474
3 164 1713 165
3 1474 1713 164
3 165 1465 166
3 165 1713 1465
3 166 1656 167
3 1465 1656 166
3 167 1625 168
3 167 1656 1625
3 168 1460 169
3 168 1625 1460
3 169 1704 170
3 1460 1704 169
3 170 1703 171
3 170 1704 1703
3 171 1471 172
3 171 1703 1471
3 172 1647 173
3 1471 1647 172
3 173 1476 174
3 173 1647 1476
3 174 1622 175
3 1476 1622 174
3 1622 1711 175
3 176 1678 177
3 176 1711 1678
3 177 1479 178
3 177 1678 1479
3 178 1646 179
3 1479 1646 178
3 179 1468 180
3 179 1646 1468
3 180 1649 181
3 1468 1649 180
3 181 1623 182
3 181 1649 1623
3 182 1463 183
3 182 1623 1463
3 183 1698 184
3 1463 1698 183
3 184 1695 185
3 184 1698 1695
3 185 1466 186
3 185 1695 1466
3 186 1692 187
3 1466 1692 186
3 187 1472 188
3 187 1692 1472
3 188 1691 189
3 1472 1691 188
3 189 1481 190
3 189 1691 1481
3 1481 1712 190
3 1593 1704 1460
3 1460 1706 1593
3 1625 1706 1460
3 1624 1689 1461
3 1689 1715 1461
3 1461 1715 1694
3 1462 1484 1483
3 1462 1485 1484
3 1462 1631 1485
3 1463 1690 1605
3 1605 1698 1463
3 1623 1690 1463
3 1464 1660 1608
3 1608 1663 1464
3 1464 1663 1638
3 1636 1658 1465
3 1465 1713 1636
3 1465 1708 1656
3 1658 1708 1465
3 1613 1692 1466
3 1466 1696 1613
3 1695 1696 1466
3 1467 1701 1657
3 1670 1717 1467
3 1467 1717 1701
3 1646 1693 1468
3 1468 1697 1649
3 1693 1697 1468
3 1591 1609 1469
3 1469 1700 1591
3 1609 1610 1469
3 1610 1702 1469
3 1642 1662 1470
3 1470 1671 1650
3 1662 1671 1470
3 1471 1703 1596
3 1596 1705 1471
3 1471 1705 1647
3 1472 1686 1592
3 1592 1691 1472
3 1472 1692 1686
3 1473 1714 1639
3 1657 1688 1473
3 1688 1714 1473
3 1634 1636 1474
3 1474 1707 1634
3 1636 1713 1474
3 1640 1707 1474
3 1616 1659 1475
3 1475 1665 1616
3 1659 1660 1475
3 1476 1679 1622
3 1647 1716 1476
3 1476 1716 1679
3 1650 1651 1477
3 1651 1652 1477
3 1652 1681 1477
3 1590 1591 1478
3 1478 1699 1590
3 1591 1700 1478
3 1676 1699 1478
3 1479 1684 1646
3 1678 1718 1479
3 1479 1718 1684
3 1639 1674 1480
3 1674 1680 1480
3 1680 1709 1480
3 1481 1699 1676
3 1676 1712 1481
3 1691 1699 1481
3 1482 1652 1640
3 1482 1681 1652
3 1482 1710 1681
3 1484 1666 1483
3 1483 1666 1642
3 1485 1486 1484
3 1486 1487 1484
3 1487 1666 1484
3 1485 1617 1486
3 1485 1618 1617
3 1485 1631 1618
3 1486 1488 1487
3 1486 1489 1488
3 1486 1617 1489
3 1488 1509 1487
3 1509 1562 1487
3 1562 1666 1487
3 1489 1490 1488
3 1490 1627 1488
3 1488 1627 1509
3 1489 1491 1490
3 1489 1518 1491
3 1489 1617 1518
3 1491 1492 1490
3 1492 1493 1490
3 1493 1627 1490
3 1491 1644 1492
3 1518 1519 1491
3 1519 1644 1491
3 1492 1494 1493
3 1492 1495 1494
3 1492 1644 1495
3 1494 1685 1493
3 1493 1683 1627
3 1493 1685 1683
3 1495 1496 1494
3 1496 1497 1494
3 1497 1685 1494
3 1495 1629 1496
3 1495 1661 1629
3 1644 1661 1495
3 1496 1498 1497
3 1496 1499 1498
3 1496 1629 1499
3 1498 1599 1497
3 1599 1677 1497
3 1677 1685 1497
3 1499 1500 1498
3 1500 1501 1498
3 1501 1599 1498
3 1499 1502 1500
3 1499 1611 1502
3 1499 1629 1611
3 1500 1645 1501
3 1502 1503 1500
3 1503 1645 1500
3 1501 1600 1599
3 1501 1654 1600
3 1645 1654 1501
3 1502 1504 1503
3 1502 1505 1504
3 1502 1611 1505
3 1504 1507 1503
3 1507 1508 1503
3 1508 1645 1503
3 1505 1506 1504
3 1506 1632 1504
3 1504 1632 1507
3 1505 1510 1506
3 1505 1515 1510
3 1505 1611 1515
3 1510 1514 1506
3 1514 1531 1506
3 1531 1632 1506
3 1507 1511 1508
3 1507 1513 1511
3 1507 1632 1513
3 1511 1512 1508
3 1512 1537 1508
3 1537 1645 1508
3 1509 1578 1562
3 1509 1595 1578
3 1509 1627 1595
3 1510 1619 1514
3 1515 1516 1510
3 1516 1619 1510
3 1511 1597 1512
3 1513 1526 1511
3 1526 1597 1511
3 1512 1538 1537
3 1512 1602 1538
3 1597 1602 1512
3 1513 1527 1526
3 1513 1604 1527
3 1513 1632 1604
3 1514 1532 1531
3 1514 1648 1532
3 1619 1648 1514
3 1515 1517 1516
3 1515 1576 1517
3 1515 1611 1576
3 1517 1524 1516
3 1524 1529 1516
3 1529 1619 1516
3 1517 1675 1524
3 1576 1630 1517
3 1630 1675 1517
3 1518 1520 1519
3 1518 1563 1520
3 1518 1617 1563
3 1520 1521 1519
3 1521 1564 1519
3 1564 1644 1519
3 1520 1522 1521
3 1520 1607 1522
3 1563 1607 1520
3 1522 1523 1521
3 1523 1669 1521
3 1521 1669 1564
3 1522 1525 1523
3 1522 1566 1525
3 1522 1607 1566
3 1525 1528 1523
3 1528 1581 1523
3 1581 1669 1523
3 1524 1530 1529
3 1524 1682 1530
3 1675 1682 1524
3 1525 1614 1528
3 1566 1567 1525
3 1567 1614 1525
3 1527 1571 1526
3 1571 1573 1526
3 1573 1597 1526
3 1527 1572 1571
3 1527 1612 1572
3 1604 1612 1527
3 1528 1582 1581
3 1528 1583 1582
3 1528 1614 1583
3 1530 1587 1529
3 1587 1588 1529
3 1588 1619 1529
3 1530 1589 1587
3 1530 1643 1589
3 1530 1682 1643
3 1532 1533 1531
3 1533 1604 1531
3 1604 1632 1531
3 1532 1534 1533
3 1532 1536 1534
3 1532 1648 1536
3 1534 1535 1533
3 1535 1612 1533
3 1533 1612 1604
3 1534 1565 1535
3 1536 1609 1534
3 1534 1609 1565
3 1565 1577 1535
3 1577 1606 1535
3 1606 1612 1535
3 1536 1610 1609
3 1536 1628 1610
3 1536 1648 1628
3 1538 1539 1537
3 1539 1654 1537
3 1537 1654 1645
3 1538 1540 1539
3 1538 1545 1540
3 1538 1602 1545
3 1540 1541 1539
3 1541 1655 1539
3 1539 1655 1654
3 1540 1542 1541
3 1540 1633 1542
3 1545 1633 1540
3 1542 1543 1541
3 1543 1544 1541
3 1544 1655 1541
3 1542 1548 1543
3 1542 1549 1548
3 1542 1633 1549
3 1543 1546 1544
3 1543 1601 1546
3 1548 1601 1543
3 1546 1547 1544
3 1547 1668 1544
3 1544 1668 1655
3 1602 1603 1545
3 1603 1653 1545
3 1545 1653 1633
3 1546 1551 1547
3 1546 1559 1551
3 1546 1601 1559
3 1551 1552 1547
3 1552 1553 1547
3 1553 1668 1547
3 1549 1550 1548
3 1550 1584 1548
3 1584 1601 1548
3 1549 1569 1550
3 1549 1570 1569
3 1549 1633 1570
3 1569 1580 1550
3 1580 1637 1550
3 1550 1637 1584
3 1551 1626 1552
3 1559 1593 1551
3 1593 1626 1551
3 1552 1554 1553
3 1552 1555 1554
3 1552 1626 1555
3 1554 1641 1553
3 1641 1672 1553
3 1553 1672 1668
3 1555 1556 1554
3 1556 1557 1554
3 1557 1641 1554
3 1555 1620 1556
3 1555 1621 1620
3 1555 1626 1621
3 1556 1558 1557
3 1556 1560 1558
3 1556 1620 1560
3 1558 1568 1557
3 1568 1586 1557
3 1586 1641 1557
3 1560 1561 1558
3 1561 1673 1558
3 1558 1673 1568
3 1559 1594 1593
3 1559 1596 1594
3 1559 1601 1596
3 1560 1574 1561
3 1560 1658 1574
3 1620 1658 1560
3 1574 1575 1561
3 1575 1667 1561
3 1667 1673 1561
3 1578 1579 1562
3 1579 1662 1562
3 1662 1666 1562
3 1563 1663 1607
3 1617 1618 1563
3 1618 1663 1563
3 1630 1661 1564
3 1564 1669 1630
3 1564 1661 1644
3 1565 1590 1577
3 1565 1591 1590
3 1565 1609 1591
3 1566 1659 1567
3 1607 1608 1566
3 1608 1659 1566
3 1567 1615 1614
3 1567 1616 1615
3 1567 1659 1616
3 1568 1683 1586
3 1568 1673 1595
3 1595 1683 1568
3 1570 1693 1569
3 1569 1684 1580
3 1569 1693 1684
3 1633 1653 1570
3 1653 1697 1570
3 1570 1697 1693
3 1572 1696 1571
3 1571 1585 1573
3 1571 1696 1585
3 1572 1612 1606
3 1606 1613 1572
3 1613 1696 1572
3 1585 1605 1573
3 1573 1598 1597
3 1573 1605 1598
3 1574 1634 1575
3 1574 1636 1634
3 1574 1658 1636
3 1634 1635 1575
3 1635 1664 1575
3 1664 1667 1575
3 1611 1629 1576
3 1629 1661 1576
3 1576 1661 1630
3 1590 1592 1577
3 1592 1686 1577
3 1577 1686 1606
3 1578 1667 1579
3 1595 1673 1578
3 1578 1673 1667
3 1579 1671 1662
3 1579 1667 1664
3 1664 1671 1579
3 1580 1716 1637
3 1679 1716 1580
3 1580 1718 1679
3 1684 1718 1580
3 1582 1682 1581
3 1581 1675 1669
3 1581 1682 1675
3 1583 1701 1582
3 1643 1682 1582
3 1582 1701 1643
3 1614 1688 1583
3 1583 1688 1657
3 1657 1701 1583
3 1596 1601 1584
3 1584 1705 1596
3 1637 1705 1584
3 1585 1698 1605
3 1585 1696 1695
3 1695 1698 1585
3 1586 1677 1641
3 1586 1685 1677
3 1683 1685 1586
3 1587 1689 1588
3 1589 1715 1587
3 1587 1715 1689
3 1588 1648 1619
3 1628 1648 1588
3 1588 1689 1628
3 1643 1717 1589
3 1670 1694 1589
3 1589 1717 1670
3 1694 1715 1589
3 1590 1699 1592
3 1592 1699 1691
3 1594 1704 1593
3 1593 1706 1626
3 1596 1703 1594
3 1703 1704 1594
3 1627 1683 1595
3 1598 1602 1597
3 1598 1603 1602
3 1598 1690 1603
3 1605 1690 1598
3 1600 1672 1599
3 1672 1677 1599
3 1654 1655 1600
3 1655 1668 1600
3 1668 1672 1600
3 1603 1687 1653
3 1603 1690 1687
3 1606 1686 1613
3 1607 1663 1608
3 1608 1660 1659
3 1628 1719 1610
3 1610 1719 1702
3 1686 1692 1613
3 1615 1688 1614
3 1616 1674 1615
3 1674 1714 1615
3 1615 1714 1688
3 1665 1674 1616
3 1631 1638 1618
3 1638 1663 1618
3 1621 1708 1620
3 1620 1708 1658
3 1625 1656 1621
3 1621 1706 1625
3 1626 1706 1621
3 1656 1708 1621
3 1622 1679 1678
3 1678 1711 1622
3 1649 1687 1623
3 1687 1690 1623
3 1624 1719 1689
3 1702 1719 1624
3 1689 1719 1628
3 1669 1675 1630
3 1634 1707 1635
3 1635 1652 1651
3 1651 1664 1635
3 1635 1707 1652
3 1647 1705 1637
3 1637 1716 1647
3 1639 1714 1674
3 1652 1707 1640
3 1641 1677 1672
3 1642 1666 1662
3 1701 1717 1643
3 1684 1693 1646
3 1649 1697 1687
3 1650 1671 1651
3 1651 1671 1664
3 1687 1697 1653
3 1665 1680 1674
3 1679 1718 1678
3 3 71 1967
3 86 3 1967
3 85 5 1968
3 5 161 1968
3 6 100 1965
3 191 6 1965
3 175 9 1966
3 9 205 1966
3 71 72 1947
3 71 1947 1967
3 72 73 1738
3 72 1738 1947
3 73 74 1933
3 1738 73 1933
3 74 75 1731
3 74 1731 1933
3 75 76 1914
3 1731 75 1914
3 76 77 1744
3 76 1744 1914
3 77 78 1720
3 77 1720 1744
3 78 79 1899
3 1720 78 1899
3 79 80 1898
3 79 1898 1899
3 80 81 1726
3 80 1726 1898
3 81 82 1930
3 1726 81 1930
3 82 83 1734
3 82 1734 1930
3 83 84 1936
3 1734 83 1936
3 84 85 1740
3 84 1740 1936
3 1740 85 1968
3 87 86 1742
3 1742 86 1967
3 88 87 1910
3 87 1742 1910
3 89 88 1735
3 1735 88 1910
3 90 89 1923
3 89 1735 1923
3 91 90 1724
3 1724 90 1923
3 92 91 1897
3 91 1724 1897
3 93 92 1956
3 92 1897 1956
3 94 93 1722
3 1722 93 1956
3 95 94 1866
3 94 1722 1866
3 96 95 1913
3 95 1866 1913
3 97 96 1729
3 1729 96 1913
3 98 97 1935
3 97 1729 1935
3 99 98 1736
3 1736 98 1935
3 100 99 1945
3 99 1736 1945
3 100 1945 1965
3 161 162 1944
3 161 1944 1968
3 162 163 1739
3 162 1739 1944
3 163 164 1946
3 1739 163 1946
3 164 165 1730
3 164 1730 1946
3 165 166 1963
3 1730 165 1963
3 166 167 1976
3 166 1895 1963
3 1895 166 1976
3 167 168 1723
3 167 1723 1976
3 168 169 1941
3 1723 168 1941
3 169 170 1928
3 169 1928 1941
3 170 171 1727
3 170 1727 1928
3 171 172 1917
3 1727 171 1917
3 172 173 1732
3 172 1732 1917
3 173 174 1905
3 1732 173 1905
3 174 175 1741
3 174 1741 1905
3 1741 175 1966
3 192 191 1743
3 1743 191 1965
3 193 192 1959
3 192 1743 1959
3 194 193 1733
3 1733 193 1959
3 195 194 1955
3 194 1733 1955
3 196 195 1725
3 1725 195 1955
3 197 196 1950
3 196 1725 1950
3 198 197 1934
3 1934 197 1950
3 199 198 1721
3 1721 198 1934
3 200 199 1942
3 199 1721 1942
3 201 200 1937
3 1937 200 1942
3 202 201 1728
3 1728 201 1937
3 203 202 1912
3 202 1728 1912
3 204 203 1737
3 1737 203 1912
3 205 204 1943
3 204 1737 1943
3 205 1943 1966
3 1744 1720 1745
3 1745 1720 1746
3 1746 1720 1899
3 1927 1721 1934
3 1721 1927 1939
3 1721 1939 1942
3 1866 1722 1921
3 1921 1722 1970
3 1722 1956 1970
3 1940 1723 1972
3 1723 1940 1976
3 1723 1941 1972
3 1897 1724 1975
3 1724 1923 1961
3 1724 1961 1975
3 1916 1725 1955
3 1725 1916 1957
3 1950 1725 1957
3 1726 1867 1918
3 1867 1726 1930
3 1898 1726 1918
3 1727 1917 1931
3 1928 1727 1978
3 1727 1931 1978
3 1912 1728 1951
3 1728 1937 1952
3 1951 1728 1952
3 1729 1913 1938
3 1935 1729 1973
3 1729 1938 1973
3 1876 1730 1963
3 1730 1876 1980
3 1946 1730 1980
3 1853 1731 1919
3 1731 1853 1933
3 1731 1914 1919
3 1732 1905 1969
3 1732 1908 1964
3 1908 1732 1969
3 1917 1732 1964
3 1733 1902 1954
3 1902 1733 1959
3 1733 1954 1955
3 1734 1889 1929
3 1889 1734 1936
3 1734 1929 1930
3 1735 1910 1974
3 1923 1735 1960
3 1960 1735 1974
3 1736 1935 1979
3 1945 1736 1962
3 1962 1736 1979
3 1737 1912 1948
3 1943 1737 1953
3 1737 1948 1953
3 1932 1738 1933
3 1738 1932 1958
3 1947 1738 1958
3 1944 1739 1949
3 1739 1946 1977
3 1949 1739 1977
3 1936 1740 1949
3 1740 1944 1949
3 1944 1740 1968
3 1905 1741 1953
3 1741 1943 1953
3 1943 1741 1966
3 1910 1742 1958
3 1742 1947 1958
3 1947 1742 1967
3 1743 1945 1962
3 1945 1743 1965
3 1959 1743 1962
3 1744 1745 1924
3 1914 1744 1924
3 1745 1746 1747
3 1745 1747 1748
3 1745 1748 1924
3 1747 1746 1920
3 1746 1899 1922
3 1920 1746 1922
3 1748 1747 1749
3 1749 1747 1750
3 1750 1747 1920
3 1748 1749 1770
3 1748 1770 1826
3 1748 1826 1924
3 1749 1750 1751
3 1749 1751 1893
3 1770 1749 1893
3 1751 1750 1752
3 1752 1750 1787
3 1787 1750 1920
3 1751 1752 1753
3 1751 1753 1754
3 1751 1754 1893
3 1753 1752 1903
3 1752 1787 1842
3 1752 1842 1903
3 1754 1753 1755
3 1755 1753 1756
3 1756 1753 1903
3 1754 1755 1841
3 1754 1841 1880
3 1754 1880 1893
3 1755 1756 1757
3 1755 1757 1892
3 1841 1755 1892
3 1757 1756 1758
3 1758 1756 1771
3 1771 1756 1903
3 1757 1758 1759
3 1757 1759 1760
3 1757 1760 1892
3 1759 1758 1859
3 1758 1771 1772
3 1758 1772 1859
3 1760 1759 1761
3 1761 1759 1763
3 1763 1759 1859
3 1760 1761 1762
3 1760 1762 1886
3 1760 1886 1892
3 1762 1761 1764
3 1761 1763 1896
3 1764 1761 1896
3 1762 1764 1765
3 1762 1765 1766
3 1762 1766 1886
3 1763 1859 1860
3 1763 1860 1861
3 1763 1861 1896
3 1765 1764 1768
3 1768 1764 1769
3 1769 1764 1896
3 1766 1765 1767
3 1767 1765 1891
3 1765 1768 1891
3 1766 1767 1774
3 1766 1774 1782
3 1766 1782 1886
3 1774 1767 1778
3 1778 1767 1779
3 1779 1767 1891
3 1768 1769 1780
3 1768 1780 1879
3 1768 1879 1891
3 1780 1769 1781
3 1781 1769 1887
3 1887 1769 1896
3 1826 1770 1855
3 1855 1770 1856
3 1856 1770 1893
3 1772 1771 1773
3 1773 1771 1907
3 1771 1903 1907
3 1772 1773 1775
3 1772 1775 1865
3 1859 1772 1865
3 1775 1773 1776
3 1776 1773 1777
3 1777 1773 1907
3 1774 1778 1869
3 1782 1774 1783
3 1783 1774 1869
3 1775 1776 1792
3 1775 1792 1793
3 1775 1793 1865
3 1776 1777 1790
3 1776 1790 1906
3 1792 1776 1906
3 1790 1777 1791
3 1791 1777 1864
3 1864 1777 1907
3 1778 1779 1788
3 1778 1788 1794
3 1778 1794 1869
3 1788 1779 1789
3 1789 1779 1858
3 1858 1779 1891
3 1780 1781 1797
3 1780 1797 1805
3 1780 1805 1879
3 1797 1781 1798
3 1798 1781 1799
3 1799 1781 1887
3 1782 1783 1784
3 1782 1784 1900
3 1886 1782 1900
3 1784 1783 1785
3 1785 1783 1884
3 1783 1869 1884
3 1784 1785 1786
3 1784 1786 1881
3 1784 1881 1900
3 1786 1785 1811
3 1811 1785 1816
3 1816 1785 1884
3 1786 1811 1812
3 1786 1812 1817
3 1786 1817 1881
3 1842 1787 1877
3 1877 1787 1878
3 1878 1787 1920
3 1788 1789 1807
3 1794 1788 1882
3 1788 1807 1882
3 1807 1789 1808
3 1808 1789 1824
3 1824 1789 1858
3 1790 1791 1809
3 1790 1809 1813
3 1790 1813 1906
3 1809 1791 1810
3 1810 1791 1821
3 1821 1791 1864
3 1793 1792 1795
3 1795 1792 1829
3 1829 1792 1906
3 1793 1795 1796
3 1793 1796 1828
3 1793 1828 1865
3 1869 1794 1885
3 1794 1882 1883
3 1794 1883 1885
3 1796 1795 1814
3 1814 1795 1870
3 1795 1829 1870
3 1796 1814 1926
3 1828 1796 1854
3 1854 1796 1926
3 1797 1798 1904
3 1805 1797 1827
3 1827 1797 1904
3 1798 1799 1800
3 1798 1800 1830
3 1798 1830 1904
3 1800 1799 1801
3 1801 1799 1911
3 1799 1887 1911
3 1800 1801 1802
3 1800 1802 1862
3 1830 1800 1862
3 1802 1801 1803
3 1803 1801 1815
3 1815 1801 1911
3 1802 1803 1804
3 1802 1804 1868
3 1862 1802 1868
3 1804 1803 1806
3 1806 1803 1925
3 1803 1815 1925
3 1804 1806 1822
3 1804 1822 1833
3 1804 1833 1868
3 1805 1827 1834
3 1805 1834 1890
3 1879 1805 1890
3 1822 1806 1835
3 1835 1806 1839
3 1839 1806 1925
3 1807 1808 1825
3 1807 1825 1849
3 1807 1849 1882
3 1808 1824 1836
3 1825 1808 1901
3 1808 1836 1901
3 1809 1810 1823
3 1813 1809 1873
3 1809 1823 1873
3 1810 1821 1831
3 1823 1810 1888
3 1810 1831 1888
3 1812 1811 1909
3 1811 1816 1846
3 1811 1846 1909
3 1817 1812 1818
3 1818 1812 1819
3 1819 1812 1909
3 1813 1873 1876
3 1813 1876 1894
3 1813 1894 1906
3 1814 1870 1871
3 1814 1871 1872
3 1814 1872 1926
3 1854 1815 1915
3 1815 1854 1925
3 1815 1911 1915
3 1846 1816 1847
3 1847 1816 1848
3 1848 1816 1884
3 1817 1818 1856
3 1817 1856 1880
3 1817 1880 1881
3 1818 1819 1820
3 1818 1820 1855
3 1818 1855 1856
3 1820 1819 1837
3 1837 1819 1845
3 1845 1819 1909
3 1820 1837 1838
3 1820 1838 1852
3 1820 1852 1855
3 1831 1821 1832
3 1832 1821 1877
3 1821 1864 1877
3 1833 1822 1840
3 1822 1835 1908
3 1840 1822 1908
3 1873 1823 1874
3 1874 1823 1875
3 1875 1823 1888
3 1836 1824 1857
3 1857 1824 1890
3 1824 1858 1890
3 1849 1825 1850
3 1850 1825 1851
3 1851 1825 1901
3 1852 1826 1855
3 1826 1852 1919
3 1826 1919 1924
3 1834 1827 1844
3 1844 1827 1927
3 1827 1904 1927
3 1828 1854 1915
3 1828 1860 1865
3 1860 1828 1915
3 1870 1829 1940
3 1894 1829 1906
3 1829 1894 1940
3 1830 1862 1863
3 1830 1863 1939
3 1904 1830 1939
3 1831 1832 1867
3 1831 1867 1929
3 1888 1831 1929
3 1867 1832 1918
3 1832 1877 1878
3 1832 1878 1918
3 1833 1840 1948
3 1868 1833 1951
3 1833 1948 1951
3 1834 1844 1957
3 1834 1857 1890
3 1857 1834 1957
3 1835 1839 1931
3 1908 1835 1964
3 1835 1931 1964
3 1836 1857 1916
3 1901 1836 1954
3 1836 1916 1954
3 1838 1837 1843
3 1843 1837 1960
3 1837 1845 1960
3 1838 1843 1932
3 1852 1838 1853
3 1853 1838 1932
3 1872 1839 1926
3 1839 1872 1931
3 1839 1925 1926
3 1840 1908 1969
3 1948 1840 1953
3 1953 1840 1969
3 1880 1841 1881
3 1881 1841 1900
3 1841 1892 1900
3 1864 1842 1877
3 1842 1864 1907
3 1903 1842 1907
3 1932 1843 1958
3 1958 1843 1974
3 1843 1960 1974
3 1844 1927 1934
3 1844 1934 1950
3 1844 1950 1957
3 1845 1909 1961
3 1845 1923 1960
3 1923 1845 1961
3 1846 1847 1975
3 1909 1846 1961
3 1961 1846 1975
3 1847 1848 1970
3 1897 1847 1956
3 1847 1897 1975
3 1956 1847 1970
3 1848 1884 1885
3 1848 1885 1921
3 1848 1921 1970
3 1849 1850 1973
3 1882 1849 1938
3 1938 1849 1973
3 1850 1851 1979
3 1850 1935 1973
3 1935 1850 1979
3 1851 1901 1902
3 1851 1902 1962
3 1851 1962 1979
3 1852 1853 1919
3 1853 1932 1933
3 1925 1854 1926
3 1880 1856 1893
3 1916 1857 1957
3 1858 1879 1890
3 1879 1858 1891
3 1860 1859 1865
3 1861 1860 1915
3 1861 1887 1896
3 1887 1861 1911
3 1911 1861 1915
3 1863 1862 1952
3 1862 1868 1952
3 1863 1937 1942
3 1937 1863 1952
3 1939 1863 1942
3 1913 1866 1971
3 1866 1921 1971
3 1929 1867 1930
3 1868 1951 1952
3 1884 1869 1885
3 1871 1870 1972
3 1870 1940 1972
3 1872 1871 1978
3 1928 1871 1941
3 1871 1928 1978
3 1941 1871 1972
3 1931 1872 1978
3 1873 1874 1980
3 1876 1873 1980
3 1874 1875 1977
3 1946 1874 1977
3 1874 1946 1980
3 1875 1888 1889
3 1875 1889 1949
3 1875 1949 1977
3 1894 1876 1895
3 1895 1876 1963
3 1918 1878 1922
3 1878 1920 1922
3 1883 1882 1938
3 1885 1883 1921
3 1921 1883 1971
3 1883 1938 1971
3 1892 1886 1900
3 1889 1888 1929
3 1889 1936 1949
3 1894 1895 1940
3 1940 1895 1976
3 1899 1898 1922
3 1898 1918 1922
3 1902 1901 1954
3 1902 1959 1962
3 1927 1904 1939
3 1905 1953 1969
3 1910 1958 1974
3 1948 1912 1951
3 1938 1913 1971
3 1919 1914 1924
3 1954 1916 1955
3 1931 1917 1964
3 6 2230 101
3 191 2230 6
3 115 2232 7
3 7 2232 146
3 160 2231 8
3 8 2231 190
3 176 2233 9
3 9 2233 205
3 101 2193 102
3 101 2230 2193
3 102 1998 103
3 102 2193 1998
3 103 2219 104
3 1998 2219 103
3 104 1990 105
3 104 2219 1990
3 105 2179 106
3 1990 2179 105
3 106 2163 107
3 106 2179 2163
3 107 1981 108
3 107 2163 1981
3 108 2228 109
3 1981 2228 108
3 109 2207 110
3 109 2228 2207
3 110 1985 111
3 110 2207 1985
3 111 2187 112
3 1985 2187 111
3 112 1993 113
3 112 2187 1993
3 113 2186 114
3 1993 2186 113
3 114 2001 115
3 114 2186 2001
3 2001 2232 115
3 146 2192 147
3 146 2232 2192
3 147 2188 148
3 147 2192 2188
3 148 1995 149
3 148 2188 1995
3 149 2201 150
3 1995 2201 149
3 150 1988 151
3 150 2201 1988
3 151 2208 152
3 1988 2208 151
3 152 2211 153
3 2208 2211 152
3 153 1983 154
3 153 2211 1983
3 154 2205 155
3 1983 2205 154
3 155 2178 156
3 155 2205 2178
3 156 1991 157
3 156 2178 1991
3 157 2198 158
3 1991 2198 157
3 158 1999 159
3 158 2198 1999
3 159 2195 160
3 1999 2195 159
3 2195 2231 160
3 177 2194 176
3 2194 2233 176
3 178 1997 177
3 1997 2194 177
3 179 2176 178
3 178 2176 1997
3 180 1992 179
3 1992 2176 179
3 181 2191 180
3 180 2191 1992
3 182 2226 181
3 181 2226 2191
3 183 1984 182
3 1984 2226 182
3 184 2200 183
3 183 2200 1984
3 185 2182 184
3 2182 2200 184
3 186 1987 185
3 1987 2182 185
3 187 2221 186
3 186 2221 1987
3 188 1994 187
3 1994 2221 187
3 189 2220 188
3 188 2220 1994
3 190 2003 189
3 2003 2220 189
3 190 2231 2003
3 192 2002 191
3 2002 2230 191
3 193 2215 192
3 192 2215 2002
3 194 1996 193
3 1996 2215 193
3 195 2183 194
3 194 2183 1996
3 196 1986 195
3 1986 2183 195
3 197 2223 196
3 196 2223 1986
3 198 2203 197
3 2203 2223 197
3 199 1982 198
3 1982 2203 198
3 200 2197 199
3 199 2197 1982
3 201 2189 200
3 2189 2197 200
3 202 1989 201
3 1989 2189 201
3 203 2177 202
3 202 2177 1989
3 204 2000 203
3 2000 2177 203
3 205 2004 204
3 204 2004 2000
3 205 2233 2004
3 2105 2107 1981
3 1981 2217 2105
3 2107 2228 1981
3 2163 2217 1981
3 1982 2196 2137
3 2137 2203 1982
3 1982 2197 2196
3 2099 2202 1983
3 1983 2211 2099
3 2202 2205 1983
3 1984 2151 2150
3 2150 2226 1984
3 1984 2152 2151
3 1984 2200 2152
3 1985 2207 2108
3 2108 2234 1985
3 1985 2234 2187
3 1986 2184 2183
3 1986 2224 2184
3 2223 2224 1986
3 1987 2155 2101
3 2101 2216 1987
3 1987 2221 2155
3 1987 2216 2182
3 2100 2208 1988
3 1988 2209 2100
3 2201 2209 1988
3 1989 2185 2131
3 2131 2189 1989
3 2177 2185 1989
3 1990 2158 2103
3 2103 2218 1990
3 1990 2219 2158
3 1990 2218 2179
3 2178 2210 1991
3 1991 2206 2198
3 1991 2210 2206
3 1992 2191 2149
3 2149 2227 1992
3 1992 2227 2176
3 2119 2186 1993
3 1993 2235 2119
3 2187 2235 1993
3 1994 2097 2095
3 2095 2155 1994
3 1994 2220 2097
3 2155 2221 1994
3 1995 2199 2123
3 2123 2201 1995
3 2188 2199 1995
3 1996 2213 2104
3 2104 2215 1996
3 2183 2213 1996
3 2005 2194 1997
3 1997 2225 2005
3 2176 2225 1997
3 2094 2158 1998
3 1998 2222 2094
3 2158 2219 1998
3 2193 2222 1998
3 2175 2190 1999
3 1999 2198 2175
3 2190 2195 1999
3 2004 2005 2000
3 2005 2006 2000
3 2006 2177 2000
3 2186 2229 2001
3 2001 2229 2192
3 2192 2232 2001
3 2002 2222 2193
3 2193 2230 2002
3 2215 2222 2002
3 2003 2190 2097
3 2097 2220 2003
3 2003 2195 2190
3 2003 2231 2195
3 2004 2194 2005
3 2004 2233 2194
3 2005 2007 2006
3 2005 2225 2007
3 2007 2008 2006
3 2008 2185 2006
3 2006 2185 2177
3 2007 2009 2008
3 2007 2181 2009
3 2007 2225 2181
3 2009 2010 2008
3 2010 2076 2008
3 2076 2185 2008
3 2009 2011 2010
3 2009 2093 2011
3 2009 2181 2093
3 2011 2012 2010
3 2012 2161 2010
3 2010 2161 2076
3 2011 2013 2012
3 2011 2147 2013
3 2093 2147 2011
3 2013 2014 2012
3 2014 2038 2012
3 2038 2161 2012
3 2013 2015 2014
3 2013 2056 2015
3 2013 2147 2056
3 2015 2016 2014
3 2016 2132 2014
3 2014 2132 2038
3 2015 2017 2016
3 2015 2174 2017
3 2056 2174 2015
3 2017 2018 2016
3 2018 2165 2016
3 2016 2165 2132
3 2017 2019 2018
3 2017 2142 2019
3 2017 2174 2142
3 2019 2020 2018
3 2020 2021 2018
3 2021 2165 2018
3 2019 2025 2020
3 2019 2036 2025
3 2019 2142 2036
3 2020 2022 2021
3 2020 2140 2022
3 2025 2140 2020
3 2022 2023 2021
3 2023 2164 2021
3 2164 2165 2021
3 2022 2024 2023
3 2022 2170 2024
3 2140 2170 2022
3 2024 2026 2023
3 2026 2029 2023
3 2029 2164 2023
3 2024 2027 2026
3 2024 2028 2027
3 2024 2170 2028
3 2036 2037 2025
3 2037 2086 2025
3 2086 2140 2025
3 2027 2141 2026
3 2026 2030 2029
3 2026 2141 2030
3 2028 2031 2027
3 2031 2172 2027
3 2027 2172 2141
3 2028 2032 2031
3 2028 2138 2032
3 2028 2170 2138
3 2030 2033 2029
3 2033 2162 2029
3 2162 2164 2029
3 2030 2034 2033
3 2030 2035 2034
3 2030 2141 2035
3 2032 2039 2031
3 2039 2043 2031
3 2043 2172 2031
3 2032 2040 2039
3 2032 2041 2040
3 2032 2138 2041
3 2034 2048 2033
3 2048 2055 2033
3 2055 2162 2033
3 2035 2044 2034
3 2044 2167 2034
3 2034 2167 2048
3 2035 2052 2044
3 2035 2144 2052
3 2141 2144 2035
3 2036 2045 2037
3 2036 2049 2045
3 2036 2142 2049
3 2045 2046 2037
3 2046 2133 2037
3 2037 2133 2086
3 2124 2126 2038
3 2038 2132 2124
3 2126 2161 2038
3 2040 2042 2039
3 2042 2168 2039
3 2039 2168 2043
3 2041 2050 2040
3 2040 2171 2042
3 2050 2171 2040
3 2041 2051 2050
3 2041 2064 2051
3 2041 2138 2064
3 2042 2146 2112
3 2112 2168 2042
3 2042 2171 2146
3 2130 2172 2043
3 2043 2173 2130
3 2168 2173 2043
3 2052 2065 2044
3 2065 2077 2044
3 2077 2167 2044
3 2045 2047 2046
3 2045 2169 2047
3 2049 2169 2045
3 2047 2053 2046
3 2053 2054 2046
3 2054 2133 2046
3 2047 2060 2053
3 2047 2071 2060
3 2047 2169 2071
3 2048 2057 2055
3 2048 2058 2057
3 2048 2167 2058
3 2142 2143 2049
3 2143 2166 2049
3 2166 2169 2049
3 2051 2061 2050
3 2061 2062 2050
3 2062 2171 2050
3 2051 2063 2061
3 2051 2145 2063
3 2064 2145 2051
3 2052 2067 2065
3 2052 2072 2067
3 2052 2144 2072
3 2053 2066 2054
3 2060 2156 2053
3 2053 2156 2066
3 2066 2069 2054
3 2069 2085 2054
3 2085 2133 2054
3 2057 2059 2055
3 2059 2073 2055
3 2073 2162 2055
3 2147 2148 2056
3 2148 2154 2056
3 2154 2174 2056
3 2058 2135 2057
3 2057 2070 2059
3 2057 2135 2070
3 2058 2212 2135
3 2058 2167 2159
3 2159 2212 2058
3 2070 2160 2059
3 2059 2074 2073
3 2059 2160 2074
3 2071 2083 2060
3 2083 2084 2060
3 2084 2156 2060
3 2061 2153 2062
3 2063 2068 2061
3 2068 2153 2061
3 2062 2122 2121
3 2121 2171 2062
3 2062 2153 2122
3 2063 2098 2068
3 2063 2111 2098
3 2063 2145 2111
3 2064 2139 2134
3 2134 2145 2064
3 2138 2139 2064
3 2067 2180 2065
3 2065 2078 2077
3 2065 2180 2078
3 2066 2075 2069
3 2066 2082 2075
3 2066 2156 2082
3 2072 2090 2067
3 2090 2092 2067
3 2092 2180 2067
3 2098 2099 2068
3 2099 2100 2068
3 2100 2153 2068
3 2075 2080 2069
3 2080 2111 2069
3 2069 2111 2085
3 2135 2136 2070
3 2136 2137 2070
3 2137 2160 2070
3 2071 2101 2083
3 2071 2102 2101
3 2071 2169 2102
3 2072 2091 2090
3 2072 2130 2091
3 2072 2144 2130
3 2074 2124 2073
3 2124 2125 2073
3 2125 2162 2073
3 2074 2126 2124
3 2074 2127 2126
3 2074 2160 2127
3 2075 2089 2080
3 2082 2210 2075
3 2075 2210 2089
3 2128 2131 2076
3 2076 2161 2128
3 2131 2185 2076
3 2078 2079 2077
3 2079 2159 2077
3 2159 2167 2077
3 2078 2081 2079
3 2078 2103 2081
3 2078 2180 2103
3 2081 2087 2079
3 2087 2088 2079
3 2088 2159 2079
3 2089 2202 2080
3 2098 2111 2080
3 2080 2202 2098
3 2081 2094 2087
3 2081 2158 2094
3 2103 2158 2081
3 2156 2157 2082
3 2157 2206 2082
3 2206 2210 2082
3 2083 2095 2084
3 2083 2155 2095
3 2101 2155 2083
3 2095 2096 2084
3 2096 2157 2084
3 2084 2157 2156
3 2111 2145 2085
3 2085 2134 2133
3 2085 2145 2134
3 2133 2134 2086
3 2134 2139 2086
3 2139 2140 2086
3 2087 2213 2088
3 2094 2104 2087
3 2104 2213 2087
3 2088 2212 2159
3 2184 2212 2088
3 2088 2213 2184
3 2178 2205 2089
3 2089 2210 2178
3 2089 2205 2202
3 2091 2105 2090
3 2090 2217 2092
3 2105 2217 2090
3 2091 2106 2105
3 2091 2173 2106
3 2130 2173 2091
3 2163 2179 2092
3 2092 2217 2163
3 2179 2218 2092
3 2092 2218 2180
3 2093 2149 2147
3 2093 2227 2149
3 2181 2227 2093
3 2094 2222 2104
3 2095 2097 2096
3 2097 2190 2096
3 2096 2175 2157
3 2096 2190 2175
3 2098 2202 2099
3 2099 2211 2100
3 2100 2209 2153
3 2100 2211 2208
3 2102 2216 2101
3 2102 2169 2166
3 2166 2204 2102
3 2204 2216 2102
3 2180 2218 2103
3 2104 2222 2215
3 2106 2107 2105
3 2106 2108 2107
3 2106 2109 2108
3 2106 2173 2109
3 2108 2207 2107
3 2207 2228 2107
3 2109 2110 2108
3 2110 2234 2108
3 2109 2112 2110
3 2109 2168 2112
3 2109 2173 2168
3 2112 2113 2110
3 2113 2114 2110
3 2114 2234 2110
3 2112 2146 2113
3 2113 2115 2114
3 2113 2116 2115
3 2113 2146 2116
3 2115 2235 2114
3 2187 2234 2114
3 2114 2235 2187
3 2116 2117 2115
3 2117 2119 2115
3 2119 2235 2115
3 2116 2118 2117
3 2116 2121 2118
3 2116 2146 2121
3 2118 2199 2117
3 2117 2120 2119
3 2117 2199 2120
3 2121 2122 2118
3 2122 2123 2118
3 2123 2199 2118
3 2120 2229 2119
3 2119 2229 2186
3 2188 2192 2120
3 2120 2199 2188
3 2192 2229 2120
3 2146 2171 2121
3 2122 2209 2123
3 2153 2209 2122
3 2123 2209 2201
3 2124 2132 2125
3 2132 2165 2125
3 2125 2164 2162
3 2125 2165 2164
3 2127 2128 2126
3 2128 2161 2126
3 2127 2129 2128
3 2127 2196 2129
3 2160 2196 2127
3 2129 2131 2128
3 2129 2189 2131
3 2129 2197 2189
3 2196 2197 2129
3 2144 2172 2130
3 2135 2224 2136
3 2212 2224 2135
3 2136 2203 2137
3 2136 2223 2203
3 2136 2224 2223
3 2137 2196 2160
3 2138 2170 2139
3 2139 2170 2140
3 2141 2172 2144
3 2142 2174 2143
3 2143 2174 2154
3 2154 2214 2143
3 2143 2214 2166
3 2147 2149 2148
3 2149 2150 2148
3 2150 2151 2148
3 2151 2154 2148
3 2149 2191 2150
3 2191 2226 2150
3 2152 2214 2151
3 2151 2214 2154
3 2200 2236 2152
3 2204 2214 2152
3 2152 2236 2204
3 2175 2206 2157
3 2166 2214 2204
3 2198 2206 2175
3 2181 2225 2176
3 2176 2227 2181
3 2182 2236 2200
3 2216 2236 2182
3 2184 2213 2183
3 2184 2224 2212
3 2204 2236 2216
4 2235 2943 2187 3039
4 1771 1758 3175 3438
4 2260 2786 2607 3412
4 495 496 430 3012
4 2321 2414 2739 3095
4 1973 1729 1935 2648
4 2058 3127 2212 3234
4 312 310 313 3242
4 2315 2982 2479 3145
4 1628 2889 1588 3563
4 1560 1658 1620 2911
4 2305 3090 2365 3235
4 1746 1920 1922 2849
4 1973 1729 2648 2934
4 2399 3071 2710 3243
4 1771 1758 1772 3175
4 1183 956 2943 3039
4 2078 2946 2103 3288
4 2432 2706 2570 3370
4 1249 1246 1252 3214
4 498 640 443 2898
4 2263 2570 2432 2706
4 1628 2834 2889 3563
4 2247 2894 2477 2895
4 2238 2713 2283 3261
4 1255 1361 1251 3210
4 615 280 278 2772
4 2452 2734 2458 2833
4 1360 1293 2895 3064
4 1676 1418 1222 3580
4 428 452 399 2965
4 741 2518 738 2786
4 1714 2752 1639 2919
4 2302 2253 2447 3073
4 2326 2245 3114 3399
4 2204 2806 2655 3226
4 448 447 414 3395
4 453 589 387 3096
4 1694 1670 1589 3668
4 300 303 595 3560
4 2770 2874 2363 3418
4 1599 1600 2594 3661
4 2047 2053 2865 3078
4 829 2854 2672 2984
4 1719 1624 1401 1702
4 1535 1533 1612 3137
4 2058 2624 3127 3234
4 273 271 272 3575
4 2047 2053 2781 2865
4 2465 2949 2803 3340
4 2424 2962 2738 3505
4 2228 3157 948 3441
4 2474 3147 2307 3410
4 2253 2687 2447 3073
4 23 212 227 3168
4 2324 2738 2424 2962
4 328 287 288 3206
4 2853 2964 2597 3212
4 249 248 247 3513
4 1639 2752 1411 2919
4 2663 2921 2644 3303
4 1255 2815 1361 3210
4 2334 2462 2361 2684
4 895 881 875 3225
4 2637 2881 2454 3144
4 2253 2302 2288 2687
4 1517 1516 1524 3122
4 2426 2975 2521 3482
4 1771 3175 2605 3438
4 2433 3200 2642 3304
4 2283 2713 2301 3261
4 1561 1673 2712 3495
4 258 257 254 3434
4 632 424 493 3674
4 2240 2874 2770 3418
4 2333 2521 2426 2975
4 3221 3375 745 3514
4 2412 2623 2697 3352
4 1682 1675 1524 3021
4 2228 2107 3157 3441
4 2409 2729 2510 2929
4 1719 1401 1624 2646
4 300 595 299 3049
4 1790 1809 1791 3572
4 1717 2693 1467 3450
4 1249 2549 1246 3214
4 2454 2881 2637 3033
4 994 1010 1097 2930
4 2766 3152 1881 3271
4 650 207 3018 3415
4 2247 2949 2465 3340
4 1187 1126 1056 3224
4 1293 2895 3064 3113
4 2307 2474 3036 3147
4 1542 1549 1633 3478
4 2287 2549 2375 3104
4 1247 2549 1249 3210
4 2253 2288 2302 2390
4 2443 2638 2299 3359
4 2339 2552 2527 3146
4 2315 3145 2479 3233
4 2268 2315 2592 3145
4 1010 1097 2930 3125
4 796 2827 3067 3221
4 898 2705 802 3313
4 2249 2558 2621 3253
4 1628 2834 2646 2889
4 2254 2311 2905 3260
4 1284 2519 1273 2775
4 2268 2479 2982 3145
4 1920 1922 2849 3166
4 956 2187 2943 3039
4 1486 1484 1487 3459
4 2247 2894 2895 3183
4 394 519 410 3431
4 354 359 593 2976
4 2260 2685 2296 2906
4 2350 2712 2517 2793
4 2060 2781 2053 3259
4 1628 2646 1588 2889
4 727 725 729 3574
4 2348 2506 2480 3401
4 839 838 2811 3193
4 721 2583 2492 2790
4 2268 2982 2315 3145
4 757 756 745 3375
4 1118 1145 2591 3009
4 2358 2710 2399 3071
4 632 493 637 2995
4 1658 2694 1620 2911
4 1809 3222 1791 3572
4 738 741 890 2518
4 1020 1127 1013 3681
4 2246 2422 2283 2713
4 1012 1111 2857 3329
4 356 354 355 3621
4 2693 3021 1587 3140
4 2317 2322 2665 3000
4 732 866 728 3388
4 2365 3090 2678 3235
4 586 523 681 3642
4 2279 2638 2443 3359
4 356 357 675 3594
4 2803 2949 2465 3599
4 1754 3253 1893 3618
4 2204 2655 2959 3226
4 2471 2634 2294 2845
4 1544 1546 2890 3687
4 1484 2924 1487 3459
4 294 415 587 3476
4 973 972 2921 3333
4 796 858 2827 3221
4 2242 2654 2299 2875
4 487 520 539 3444
4 404 403 405 3607
4 2408 2720 2538 3110
4 2517 2712 2350 2948
4 1789 1788 1807 3558
4 813 2839 2861 3648
4 1020 1013 2864 3681
4 1731 695 894 2563
4 1804 1803 1802 3522
4 2299 2654 2242 2941
4 1920 3075 1747 3590
4 2443 2299 2638 3630
4 1611 1629 1499 3488
4 722 721 2583 2888
4 2363 3304 2770 3418
4 565 349 375 3457
4 796 782 858 3221
4 745 2786 2607 3221
4 1589 2693 1587 3140
4 626 379 424 3171
4 2803 2949 2313 3340
4 1618 1617 1563 3459
4 2313 2949 2803 3599
4 2518 2880 2840 3059
4 1527 1513 1526 2520
4 2528 2964 2853 3212
4 2529 2591 2417 2941
4 531 525 506 2830
4 830 829 2672 2984
4 2360 2558 2435 2876
4 2446 2252 2598 3192
4 2678 2949 2247 3500
4 2375 2549 2259 3104
4 1618 1563 3269 3459
4 2623 2413 2697 3352
4 2385 2371 2571 2842
4 1674 1714 1639 2919
4 626 424 632 3423
4 1404 1316 1450 3050
4 2520 2598 2252 3192
4 1247 3210 1249 3436
4 2510 2900 2409 2929
4 1183 1139 956 3039
4 2310 2480 2348 2506
4 1411 2752 1343 2919
4 1484 2732 1487 2924
4 1249 1252 2792 3214
4 2278 2513 2299 2913
4 2492 2583 721 2888
4 1758 1772 3175 3438
4 1282 1280 1278 3113
4 2649 2843 1060 2957
4 2326 2858 2245 3399
4 2247 2949 2678 3534
4 2803 3340 2313 3599
4 872 941 2751 2919
4 1118 2591 1145 3324
4 2283 3105 2238 3261
4 1498 2530 1499 3274
4 1729 1154 2648 2934
4 1674 2872 2752 2919
4 2752 2872 2497 2919
4 1360 1293 1383 2895
4 830 2730 2672 3236
4 2474 3410 2307 3658
4 2770 2988 2874 3367
4 727 3225 2634 3574
4 2246 2306 2422 2713
4 2809 2920 2713 3054
4 2360 2689 2416 3128
4 516 226 209 3395
4 740 2722 733 2908
4 296 299 295 3049
4 2448 875 3028 3225
4 1658 1574 1636 2911
4 1754 3330 3253 3618
4 2507 2619 3042 3335
4 2272 2365 2305 3090
4 391 313 509 3242
4 1443 1226 1999 2675
4 2300 3167 3020 3402
4 2770 3304 2240 3418
4 2907 2962 2424 3505
4 1424 1657 1467 2780
4 2745 2553 3050 3591
4 1099 3008 2719 3125
4 1892 1760 2896 2901
4 2518 2683 738 2786
4 1624 1401 1428 2646
4 2412 2697 2677 3352
4 2470 2807 2430 3199
4 2438 2607 2583 2831
4 2672 2730 830 2984
4 2452 2366 2734 2833
4 2263 2432 2570 2776
4 2321 2642 3200 3304
4 2278 2591 2529 2941
4 2453 3016 1626 3201
4 2047 2865 2781 3078
4 2282 2949 2678 3500
4 2317 2665 2469 3000
4 1547 1546 1544 3687
4 2302 2687 2253 3073
4 2339 2527 2834 3146
4 2156 2060 2053 3539
4 2537 2587 2310 3608
4 2480 2506 2310 3401
4 2418 2786 3139 3514
4 2279 2766 2401 3359
4 2607 2786 745 3412
4 802 2705 2608 3313
4 2583 2607 2260 2831
4 1499 2530 1498 2835
4 1443 2675 1999 2866
4 2713 2809 2283 2920
4 1127 1028 1013 3681
4 2288 2881 2493 3144
4 2078 2742 2946 3288
4 1467 2780 1657 3450
4 881 3028 875 3225
4 1532 1533 1534 2527
4 2242 2654 2875 3052
4 1517 1524 2490 3122
4 1071 2708 1072 2728
4 2146 2508 2042 2821
4 1032 1024 2951 3200
4 2024 2028 2170 2537
4 1748 2876 3075 3209
4 1040 1099 2719 3125
4 1612 1572 1606 2778
4 2401 2663 3372 3433
4 1561 2712 2911 3495
4 2514 2839 2455 2960
4 2642 1060 2843 2957
4 1837 2802 2899 3507
4 719 2583 721 2790
4 1837 2899 2802 3647
4 1360 1383 1419 2428
4 1091 1062 1117 3581
4 2395 2921 2663 3303
4 2321 2785 2414 3095
4 1018 1009 1019 2529
4 1126 2851 1056 3224
4 2242 2941 2654 3052
4 2393 2337 2676 2861
4 2510 2594 2295 2905
4 2195 1999 1226 3580
4 1600 2740 2594 3661
4 2424 2907 2324 2962
4 2175 2866 2096 3539
4 2288 2302 2522 3047
4 2060 2047 2053 2781
4 1618 3269 1563 3645
4 1646 1684 1479 3097
4 2770 2874 2289 3367
4 1012 3200 1025 3329
4 1014 2838 2459 2937
4 994 2930 1097 3125
4 2238 2301 2713 3261
4 601 279 274 3378
4 875 3225 2448 3376
4 2260 2607 2786 2906
4 2508 2581 3092 3381
4 211 536 24 3532
4 2497 2872 2751 2919
4 956 1139 2187 3039
4 2360 2416 2897 3128
4 1278 2894 1282 2895
4 1071 1047 1072 2708
4 2555 2819 2291 3133
4 2276 2510 2457 2729
4 757 745 3221 3375
4 2604 2766 1881 3271
4 261 235 237 3101
4 1278 1296 1282 2894
4 2170 2537 2028 2837
4 725 727 2634 3574
4 2317 3197 2441 3533
4 2284 2770 2240 3343
4 2459 2838 1014 3125
4 1807 1788 3278 3558
4 727 729 3225 3574
4 2300 2309 2252 3402
4 220 221 207 2670
4 1062 3008 1117 3581
4 2300 3034 2309 3402
4 1682 2818 1675 3021
4 2426 2521 2333 2938
4 1028 2452 1013 3681
4 1626 2769 1555 2799
4 3020 3402 3167 3593
4 1560 1620 2799 2911
4 2300 3020 2747 3402
4 2287 2259 2549 2715
4 472 650 207 3018
4 1479 2561 1718 3132
4 2157 2175 2096 3539
4 1401 1719 1702 2902
4 2510 2740 2594 2905
4 2261 2294 2634 2845
4 1020 2864 3515 3681
4 1511 3192 1597 3446
4 796 795 782 2533
4 2393 2854 816 2984
4 738 2683 2518 3087
4 2466 2943 2235 3039
4 2484 2723 2645 2927
4 2295 2262 2530 2900
4 586 681 483 3642
4 1791 3222 3151 3572
4 2276 2900 2510 2929
4 2303 2504 2250 2871
4 1014 1007 2838 2937
4 1580 3002 2561 3264
4 2503 3024 2652 3099
4 2300 2394 3167 3172
4 1583 1657 2752 3450
4 2152 2204 2959 3226
4 2170 2537 2587 3135
4 1629 3299 2530 3488
4 1850 1849 1973 3278
4 2523 2722 2634 3388
4 2803 3599 2465 3697
4 2268 2465 3599 3697
4 2567 3116 2743 3636
4 732 733 740 2722
4 3020 2747 3402 3593
4 2276 2510 2729 2929
4 2699 3128 2897 3238
4 2444 2909 2291 3133
4 2170 2587 2537 2837
4 738 2518 890 3087
4 745 3375 756 3514
4 1249 2792 2549 3214
4 2363 2874 2770 2988
4 2284 2315 2494 2554
4 2284 2494 2376 2554
4 2804 2912 2526 3089
4 2394 3020 2300 3167
4 1062 2843 3008 3581
4 2557 2866 1318 3387
4 1882 2934 2743 3636
4 1933 1731 894 2563
4 2361 2785 2284 3340
4 1925 1803 1806 3522
4 898 3164 2705 3313
4 2260 2685 3131 3644
4 1011 1012 2857 2951
4 2438 2607 2831 2906
4 2172 2144 2130 3627
4 1161 1045 2756 3455
4 1885 1848 1921 3636
4 2284 2376 2770 3343
4 1848 2917 1921 3636
4 2469 2665 2328 3000
4 1255 1251 2575 3210
4 3092 3393 2581 3487
4 809 824 808 3449
4 454 382 402 3282
4 2408 2768 2720 3110
4 1763 1761 1896 3156
4 2253 2390 2320 3033
4 1883 2934 1882 3636
4 1674 2752 1714 2919
4 918 819 882 3635
4 2307 3036 2474 3658
4 1615 1714 1674 2752
4 2372 2747 2291 2794
4 2529 2591 2278 2868
4 2712 2793 2350 2990
4 2694 2799 1620 2911
4 2519 2771 1273 2775
4 521 422 657 3032
4 2732 1484 2958 3459
4 2454 3033 2637 3070
4 1826 2876 1748 3209
4 1018 2529 1019 2852
4 2335 2250 2763 2953
4 1396 3084 2942 3508
4 1973 2934 2648 3278
4 2621 2963 2249 3253
4 2287 3104 2488 3524
4 2316 2488 2287 3104
4 2418 3221 745 3514
4 2053 2781 2505 3259
4 1670 1431 1211 2693
4 1748 3075 1924 3209
4 2675 2862 2096 2866
4 2042 2146 2171 2508
4 1572 1606 2778 3119
4 2393 2676 2717 2861
4 2562 2103 2946 3288
4 2405 2743 2567 3116
4 2245 2326 2377 2858
4 2597 2853 2332 2964
4 1388 3214 3320 3424
4 1298 1303 2646 3294
4 2881 3033 2454 3144
4 1618 3269 2450 3459
4 2262 2295 2530 3345
4 2746 2917 1848 3636
4 630 207 650 3415
4 573 498 644 3561
4 2408 2538 2720 2768
4 2507 3042 2323 3335
4 1676 1222 1478 3580
4 2679 2713 2490 3203
4 825 746 770 3174
4 2278 2299 2369 2913
4 2268 2465 2949 3599
4 1370 3050 2745 3422
4 728 866 3208 3388
4 2403 2564 2245 2660
4 2247 2465 2949 3534
4 2249 2558 3253 3268
4 1118 3009 2591 3324
4 2259 2566 2283 2920
4 1045 1161 1164 3455
4 1361 2815 2762 3210
4 206 641 25 3168
4 1345 1344 1341 3506
4 778 2630 2839 3094
4 2907 3050 2553 3591
4 2477 2696 1278 2894
4 1318 3387 2866 3624
4 2288 2687 2302 3047
4 2401 2766 2279 3196
4 2190 2675 2096 2866
4 838 2511 841 3375
4 2266 2372 2291 2794
4 2523 2582 2257 3367
4 1338 2823 2744 3583
4 2722 2908 740 3276
4 2441 3197 2278 3533
4 2047 2046 2053 3078
4 2360 2435 2558 2629
4 1389 2991 1437 3357
4 398 467 481 3474
4 779 838 841 3375
4 2243 2944 2408 3263
4 2345 2573 2637 2981
4 2121 2508 2146 2782
4 1501 1599 1600 2594
4 2339 2834 2902 3146
4 2265 2785 2361 3340
4 2088 2159 2212 2543
4 745 2418 2786 3221
4 2335 2953 2763 3235
4 1629 2530 1499 3488
4 2505 2781 2053 2865
4 232 604 219 3100
4 2430 2807 2470 3627
4 2248 2441 2317 3197
4 2732 2924 1484 3459
4 1249 1247 1246 2549
4 2637 3033 2406 3070
4 2623 2697 2413 3270
4 771 3028 881 3650
4 1012 2857 2433 3329
4 2235 2466 2114 2943
4 1894 3061 2694 3068
4 2187 2235 2114 2943
4 2453 1626 2769 3201
4 2169 2045 3078 3510
4 923 808 824 3071
4 771 881 806 3650
4 2555 2291 2909 3133
4 1278 1282 2477 2895
4 1940 1870 3061 3068
4 2284 2240 3136 3343
4 2444 2291 2819 3133
4 16 683 214 3017
4 2246 2306 2286 2422
4 2094 2798 2946 3426
4 2821 3092 2042 3347
4 2908 3248 754 3529
4 1782 2573 1766 2901
4 2401 2663 2787 3372
4 2267 2310 2537 3393
4 2479 2982 2315 3233
4 2042 2821 2508 3092
4 2263 2506 2348 3401
4 1013 2452 1028 3414
4 1690 1598 3202 3446
4 1018 1009 2529 3390
4 2624 2687 2447 3077
4 1920 2621 2460 3590
4 988 992 1125 2482
4 885 2840 878 3313
4 1404 1450 2761 3050
4 923 824 2744 3071
4 2442 2838 2482 2961
4 1046 2852 2625 3360
4 2321 2739 2477 3095
4 2288 3033 2881 3144
4 1706 1626 1621 3061
4 2293 2250 2504 2871
4 1527 2520 1526 2967
4 2897 3128 2416 3238
4 2058 2212 2159 3234
4 369 368 366 3096
4 2049 2045 2500 2969
4 2594 2835 1498 3274
4 2739 2885 2619 3042
4 1215 1450 2553 2761
4 2572 2681 3144 3490
4 813 2625 2839 3648
4 2259 2436 2283 2566
4 2429 2252 2520 2598
4 2049 2036 2045 2969
4 1005 1012 1111 2857
4 1132 868 2728 3251
4 2247 2895 2477 3160
4 1298 1303 1312 2646
4 1667 2712 1673 2948
4 1222 2675 1478 3580
4 2287 2375 2316 3104
4 2455 2514 2337 2839
4 1600 2690 2594 2740
4 2267 2537 2310 3608
4 872 921 941 2919
4 2288 2493 2320 3144
4 2094 2946 2087 3426
4 1657 2780 2752 3450
4 1215 2553 2201 2761
4 2291 2747 2243 2794
4 2292 2682 2374 3246
4 1617 3269 1563 3459
4 2114 2821 2943 3486
4 1852 1826 1919 3209
4 1383 1419 2428 2968
4 2303 2335 2250 2504
4 2470 2430 2871 3199
4 1368 2935 1334 3392
4 563 216 235 2994
4 2655 2806 2204 3510
4 1274 1284 2935 3468
4 2580 3317 2720 3699
4 973 2921 976 3333
4 2287 2259 2375 2549
4 732 2523 866 3388
4 1694 1589 3140 3668
4 662 617 521 3123
4 2743 2934 1882 3278
4 2880 3139 2786 3514
4 2441 3145 2591 3544
4 2374 2292 3246 3250
4 1134 986 983 3544
4 720 2790 721 3148
4 2530 1498 2835 3274
4 1527 1513 2520 3216
4 1675 2490 1524 3021
4 1587 2693 1589 3021
4 2694 2799 2341 3061
4 2583 2607 2438 3342
4 2644 2663 2346 2921
4 2594 3048 2690 3382
4 1467 2693 1211 3450
4 2322 2328 2665 3000
4 595 654 299 2998
4 1920 2460 3075 3590
4 2342 2392 2304 2707
4 2748 2956 927 3406
4 1912 2645 2177 2702
4 2339 2527 2552 3626
4 1071 1047 2708 3181
4 972 2917 971 2921
4 1341 3506 3371 3523
4 2467 2713 2679 3203
4 2270 3156 2572 3283
4 816 2717 2393 2984
4 1746 2460 1920 2849
4 2238 2283 2713 2809
4 839 2811 2716 3193
4 2907 2962 3505 3586
4 1942 1721 2197 2632
4 2253 2320 2797 3033
4 2690 3048 2446 3382
4 1061 1060 2649 2843
4 309 310 308 3437
4 1278 2696 2477 3095
4 2464 2628 2272 3036
4 1345 3506 1341 3523
4 2265 2361 2334 3340
4 2384 2582 2523 3367
4 2898 2733 3338 3440
4 1439 2991 1325 3387
4 2438 2607 2906 3254
4 2917 2921 972 3333
4 2447 2687 2624 3073
4 2321 2433 2642 3304
4 1883 1938 1882 2934
4 2144 3493 2130 3627
4 2337 2393 2676 2784
4 2170 2024 2537 3135
4 2371 2385 2295 2842
4 884 802 2705 3244
4 2253 2447 2687 3077
4 2716 927 2956 3406
4 328 3206 288 3444
4 2251 2880 2518 3059
4 1424 1467 1211 2780
4 221 220 222 3041
4 2418 2786 3131 3139
4 975 2559 976 2921
4 1533 2527 1532 3137
4 1620 2694 1708 3061
4 563 18 216 2850
4 816 2854 2393 2861
4 2690 2794 2501 3663
4 2514 2625 1046 2852
4 2464 2628 3036 3320
4 721 2790 2492 3148
4 1312 1298 2646 3294
4 2254 2905 2457 3260
4 2244 3090 2305 3235
4 2300 3167 2252 3172
4 2517 2350 2793 3461
4 2316 2791 2575 3165
4 2201 2761 2553 3677
4 2094 2798 2700 2946
4 292 294 295 3118
4 1288 1300 1301 2556
4 1535 2527 1533 3137
4 2266 2295 2594 2905
4 617 480 408 3423
4 2317 2278 3197 3533
4 1040 2719 2851 3125
4 2637 2981 2573 3496
4 2374 2541 2396 2828
4 1401 2646 1719 2902
4 977 976 975 2559
4 331 333 332 2829
4 1255 2575 2815 3210
4 2678 2949 2442 3534
4 1646 1479 2176 3097
4 2465 2803 2247 3340
4 2514 2708 1071 2728
4 2348 2506 2263 3625
4 1046 2625 1106 3360
4 2401 3359 2766 3433
4 1894 2694 2848 3068
4 2291 2266 2355 2372
4 2186 2229 3039 3223
4 1018 2529 2676 3390
4 992 2482 988 2822
4 1232 3050 1404 3447
4 2256 2988 2770 3367
4 2243 2408 3057 3263
4 1761 1896 3156 3490
4 2045 2049 2500 3510
4 2339 2902 2552 3146
4 830 831 829 2984
4 2837 2581 3393 3487
4 1694 1434 1670 3668
4 813 2861 815 3648
4 1658 1636 2694 2911
4 2572 3144 3043 3490
4 2284 2462 2361 3340
4 260 502 256 3462
4 1018 2676 2873 3390
4 1006 2864 998 3379
4 898 805 3164 3313
4 472 207 221 3041
4 1467 1211 2780 3450
4 1548 1543 2890 3478
4 2474 3270 3147 3410
4 2358 2399 2759 3071
4 2549 3104 2287 3524
4 2284 2376 2494 2770
4 2243 2768 2408 2944
4 2291 2243 2747 3245
4 486 658 485 3553
4 2442 2482 2282 2961
4 2264 2396 2541 2828
4 1670 2693 1589 3668
4 2338 2713 2490 3054
4 2284 2494 2315 2770
4 2203 1934 1950 2940
4 1558 1673 1561 3495
4 1648 1628 1588 3563
4 1826 1748 1924 3209
4 1558 1561 2911 3495
4 573 364 377 3338
4 816 2393 2717 2861
4 1536 1628 2834 2902
4 2245 2326 2298 2377
4 1546 3201 2890 3687
4 2457 2769 2740 3126
4 2264 2396 2828 3246
4 2254 2662 2311 3260
4 2264 2396 3246 3623
4 2637 2881 2406 3033
4 868 939 2728 3251
4 1431 2693 1670 3668
4 2693 3523 2775 3668
4 2782 2907 2553 2950
4 2259 2316 2575 3165
4 1032 2507 2951 3083
4 1382 1302 1300 2556
4 2287 2316 2375 2488
4 2399 2710 2358 3051
4 1536 1610 1628 2902
4 1956 2644 949 2917
4 2114 2821 2110 2943
4 1547 3201 1546 3687
4 1032 2951 2507 3200
4 1184 1056 1057 2657
4 2247 2313 2949 3340
4 619 664 468 3323
4 732 2722 740 3276
4 1516 2889 1529 3021
4 1486 1487 2924 3459
4 884 802 898 2705
4 2337 2393 2784 2861
4 2239 2413 2697 3250
4 1187 2547 1126 3224
4 1183 2943 2466 3039
4 1612 2778 1606 3014
4 986 1134 3053 3544
4 1360 1383 2428 2895
4 2675 2866 1319 3035
4 2747 2794 2372 3034
4 371 364 363 3380
4 2828 2264 3246 3623
4 2311 2327 2254 2550
4 1629 1611 1576 2616
4 1885 2746 1848 3636
4 2284 3136 2376 3343
4 2605 2777 2275 3175
4 1668 2690 1600 3687
4 2327 2254 2550 3428
4 2244 2736 2305 3090
4 1010 2930 2442 3125
4 1154 1140 2648 2934
4 2547 2851 1126 3224
4 586 2913 2918 3642
4 2253 2320 2390 2797
4 1203 1181 1108 2717
4 895 2615 881 3225
4 745 2786 2418 3514
4 2176 1479 1997 2561
4 1026 1109 1053 2789
4 2315 2592 3145 3233
4 2246 2713 2920 3054
4 1549 2526 1633 3478
4 2360 2416 2629 2897
4 1396 2564 3084 3508
4 2302 2447 2253 3470
4 2570 2706 2263 3615
4 2479 3053 2268 3545
4 2350 2948 2814 3495
4 1626 2453 2769 2799
4 867 3289 2722 3639
4 2508 2782 2121 3374
4 328 287 3206 3680
4 2042 2508 2171 3092
4 2417 2591 2529 3291
4 2321 2642 2433 3265
4 1344 3506 1345 3523
4 2144 2867 2470 3493
4 1587 1588 1689 3140
4 2860 2933 2601 3341
4 1615 2752 1674 2872
4 2392 2510 2276 2900
4 2156 2053 2865 3539
4 1888 1929 2601 2748
4 898 802 805 3313
4 2346 3372 2663 3433
4 2790 3238 715 3389
4 1334 2935 2825 3392
4 2865 3078 2053 3675
4 2239 2692 2413 3250
4 1841 1881 2604 2766
4 2975 3263 2521 3482
4 2399 2759 3071 3243
4 2341 2793 2512 3222
4 2358 2399 2640 2759
4 2549 2792 2696 3214
4 2410 2794 2690 3663
4 621 441 659 3597
4 2510 2729 2409 3003
4 2343 2856 3224 3619
4 2284 2785 2361 3136
4 211 24 25 3168
4 2363 2481 2874 2988
4 1424 2752 1657 2780
4 2298 2326 2245 3114
4 889 924 2878 3430
4 2699 715 3238 3389
4 1804 1802 2538 3522
4 2343 2738 2856 3619
4 2266 2594 2740 2905
4 2529 2868 2278 3233
4 2293 2335 2250 2763
4 2693 1432 2780 3523
4 2495 2895 2894 3183
4 2476 3021 2693 3140
4 1761 3156 2572 3490
4 1012 2433 3200 3329
4 2358 2710 2744 2823
4 1062 1091 2843 3581
4 2326 3114 2845 3399
4 2345 2573 2981 3496
4 2533 3067 2827 3221
4 894 695 822 2563
4 2286 2306 2246 3081
4 1532 2527 1534 2834
4 630 650 560 3377
4 1580 2669 2561 3002
4 1046 2625 2514 3435
4 2458 2833 2734 3589
4 2360 2897 2699 3128
4 2321 2477 2785 3095
4 1673 2948 2712 3495
4 2096 2866 2862 3539
4 420 496 495 3179
4 2293 2250 2335 2504
4 2452 2562 2366 2833
4 1166 2833 3427 3681
4 2573 2401 3196 3271
4 1479 1718 1678 3132
4 2922 2991 1439 3387
4 452 428 608 3570
4 2607 2260 2831 2906
4 1747 1746 1745 3075
4 1852 2563 2876 3209
4 2257 2299 2516 2654
4 2311 2905 2355 3126
4 2282 2313 2949 3500
4 2384 2481 2672 2988
4 2261 2634 2722 3388
4 2276 2588 2659 3102
4 1385 1278 2696 2894
4 770 825 3174 3639
4 2466 2886 1183 3039
4 894 1933 2563 2884
4 2262 2926 2385 3161
4 779 841 3029 3375
4 2368 2537 2310 3393
4 2416 2360 2629 3504
4 2311 2254 2905 3126
4 2372 2291 2747 3245
4 1018 1008 1009 3390
4 2442 2678 2282 2949
4 455 680 533 3613
4 865 830 2672 3236
4 1633 2526 1549 3264
4 1132 2688 868 3251
4 2085 2069 2054 3675
4 795 2533 796 3067
4 1305 1380 1379 2552
4 1341 3371 2780 3523
4 2223 1950 1725 2671
4 1920 2849 2460 3166
4 1750 1920 1747 3590
4 2271 2441 2620 3188
4 2333 2521 2975 3263
4 2278 2529 2654 2941
4 1583 2752 2585 3450
4 2507 2619 2885 3042
4 2300 2252 3167 3402
4 1345 1341 2780 3523
4 1479 2561 2176 3097
4 1516 1529 1524 3021
4 2744 2823 2710 3606
4 2416 2689 2360 3504
4 1690 2959 1598 3446
4 2476 2889 2646 3186
4 255 625 661 2870
4 1366 1389 1437 3357
4 868 939 699 2728
4 1933 1853 1731 2563
4 1616 1665 2751 2919
4 2197 1721 1982 2632
4 2491 2662 2341 2848
4 2517 2948 2350 3495
4 2282 2482 2442 2949
4 1954 2597 1901 2798
4 938 2717 816 2984
4 2412 2697 2623 3086
4 2272 2678 2365 3090
4 333 335 336 3503
4 2442 3008 1010 3125
4 923 2744 2667 3071
4 2518 3059 2840 3657
4 1561 1673 1667 2712
4 1478 2675 1222 2887
4 640 473 443 2898
4 2301 2262 2385 3161
4 2295 2262 2385 3345
4 1295 1275 2701 3150
4 696 2667 923 2744
4 2247 2495 2894 3183
4 2341 2485 2793 3222
4 2262 2295 2385 2900
4 2491 3231 2777 3351
4 2246 2422 2286 3489
4 2046 2053 3078 3675
4 1819 1818 1820 2724
4 2172 2867 2144 3627
4 1706 2453 1626 3061
4 3253 3330 2766 3618
4 2343 2547 2738 3619
4 1501 2594 1600 3382
4 2534 2720 2580 3317
4 1012 2433 2857 2951
4 2418 3139 2610 3514
4 1690 2661 2959 3446
4 2608 2705 802 3244
4 696 923 824 2744
4 2453 2341 2799 3061
4 2493 2881 2258 3144
4 2401 3433 3372 3456
4 2238 2283 2809 3105
4 1243 2636 1245 2715
4 2460 2621 1920 3166
4 1804 2538 1802 2723
4 1606 3014 2778 3119
4 2595 3077 2359 3085
4 1766 1782 1774 2573
4 2689 2416 3128 3238
4 2743 3116 2345 3636
4 1419 1360 2428 3064
4 2267 2368 2310 3393
4 2188 2589 1223 2761
4 2418 3375 3221 3514
4 1995 1215 2201 2761
4 2519 2935 1284 3468
4 1099 1057 1040 2719
4 1324 1439 1325 3387
4 2625 2861 2839 3648
4 696 1410 2667 2744
4 1059 1091 2642 2843
4 2237 2734 2452 2903
4 2696 2792 1252 3214
4 3270 3410 2474 3658
4 1011 2857 2569 2951
4 2302 2348 2480 3401
4 1690 3202 2661 3446
4 1060 1059 2642 2843
4 2501 2690 2266 2794
4 778 2839 2630 3411
4 1431 1670 1434 3668
4 2363 2874 2481 3418
4 2743 3278 1788 3558
4 1920 1750 2621 3590
4 1306 2557 1318 3387
4 2267 2581 3381 3393
4 1980 1873 1876 3222
4 1544 2890 2501 3687
4 1343 2752 2497 2919
4 589 453 547 3319
4 1183 2943 1105 3239
4 865 3236 2672 3248
4 1999 2675 1226 3580
4 2295 2510 2392 2900
4 2646 2834 1628 2902
4 2128 2129 3327 3366
4 2452 2734 2366 2903
4 455 533 545 3680
4 1132 2728 3120 3251
4 2789 3199 2718 3441
4 2358 2640 2399 3051
4 2392 2276 2510 2905
4 608 497 676 3570
4 2245 2403 2660 2783
4 2498 2889 2834 3563
4 2107 3157 3441 3588
4 1183 2466 2943 3239
4 2329 2413 2576 2985
4 2333 2723 2484 2927
4 658 662 657 3553
4 1789 1807 2528 3558
4 1852 2876 1826 3209
4 2591 3145 2868 3544
4 2238 2713 2301 3106
4 464 432 465 3363
4 2268 2592 2314 3145
4 992 2930 995 3093
4 2291 2355 2266 2794
4 1804 2538 1803 3522
4 2144 2737 2470 2867
4 1623 2226 2661 2904
4 1057 1040 2719 2851
4 2538 2768 2408 3057
4 2320 2390 2288 3033
4 687 1159 908 2717
4 2468 3060 2720 3699
4 2619 2957 2739 3614
4 1684 3097 1569 3264
4 2467 2490 2713 3203
4 2553 2745 2362 3591
4 1675 2818 2490 3021
4 2491 2662 2848 3231
4 2405 2345 2743 3116
4 1320 1319 2675 2866
4 1521 1522 1520 2945
4 2823 3371 2497 3583
4 2214 2806 2204 3226
4 238 476 206 2869
4 1402 889 693 2878
4 2245 2377 2280 2858
4 2320 3033 2288 3144
4 2414 2321 2739 2885
4 2246 2713 2283 2920
4 1318 2866 2557 3035
4 2281 2734 2383 2931
4 2260 2685 2906 3131
4 1839 3297 3317 3699
4 2638 2941 2299 3359
4 2260 2906 2786 3131
4 223 683 16 2480
4 1479 1997 2561 3132
4 976 2559 2643 2921
4 2341 2793 2485 3231
4 2717 1108 3306 3700
4 976 2559 977 2643
4 2262 2301 3106 3161
4 2361 2462 2334 3340
4 1383 2428 2895 2968
4 2459 3125 1014 3660
4 2514 2625 2839 2960
4 2838 2937 1007 3497
4 2374 2828 2396 3246
4 1935 1736 1979 2648
4 351 352 350 3628
4 2681 2454 3144 3490
4 2269 2368 2537 3521
4 894 2563 822 3664
4 1852 1919 2563 3209
4 2261 2600 2294 2845
4 2045 2500 2969 3078
4 2350 2948 2712 2990
4 2222 2700 2094 2798
4 1346 2752 1424 2780
4 1848 2917 2746 3303
4 612 359 361 3553
4 1018 2676 2529 2852
4 976 2921 2643 3333
4 2572 2681 2270 3144
4 2383 2734 2303 2931
4 2740 2769 2501 3126
4 2485 2848 2341 3231
4 1746 2849 1745 3075
4 2182 1987 1695 3466
4 2302 2263 2348 3401
4 2182 1695 2655 3466
4 998 2864 2620 3379
4 1466 1695 1987 3466
4 1012 2433 2951 3200
4 2343 3224 2547 3619
4 21 209 226 3354
4 2385 2571 2371 3345
4 2289 2494 2376 2770
4 2341 2662 2491 3241
4 2453 3061 1870 3068
4 778 2839 2455 3094
4 2045 2969 2036 3078
4 1056 2657 1184 3224
4 2490 2713 2246 3054
4 1853 2563 1933 3647
4 1725 1986 2223 3318
4 2262 3106 2926 3161
4 2586 2679 1644 2945
4 2511 3029 841 3375
4 3042 3334 2674 3335
4 1061 1060 1074 2649
4 1045 3455 1164 3587
4 1248 2623 3564 3578
4 719 722 721 2583
4 2523 3208 866 3388
4 1626 3016 1593 3201
4 2458 2734 2452 3279
4 2228 2107 1981 3157
4 2144 2867 3493 3627
4 2188 1223 2589 3223
4 1662 1671 1579 3509
4 1675 2490 2818 3203
4 1004 1124 1011 2569
4 2343 2719 2442 3125
4 1018 2873 1008 3390
4 3131 3204 2683 3247
4 1307 1318 1306 2557
4 2637 2881 2345 2981
4 2528 2332 2853 2964
4 1993 2235 2187 3039
4 2258 2573 3196 3271
4 2530 2594 2295 3274
4 1245 2636 2549 2715
4 2257 2516 2349 2654
4 1126 2851 2547 2886
4 2410 2266 2690 2794
4 2269 2537 2368 3393
4 2085 2611 2069 3675
4 2708 2514 3181 3252
4 1340 1343 3371 3583
4 1865 1860 3056 3156
4 2088 2543 2212 3127
4 2323 3042 2674 3335
4 2339 2646 2889 3186
4 2162 2979 2073 3314
4 2418 2786 2607 2906
4 586 2918 2913 3080
4 1303 2825 2646 3294
4 1684 2561 3097 3264
4 1803 2538 1806 3522
4 1302 2556 1382 3042
4 2417 2757 3181 3252
4 737 722 871 2583
4 1829 1870 1940 3068
4 1766 2573 1774 2637
4 1372 3050 1370 3422
4 1125 992 995 3093
4 2414 2785 2321 2885
4 721 2492 2888 3208
4 1213 889 2878 3430
4 2553 2647 2362 2745
4 2335 2763 2293 3235
4 2310 3401 2506 3521
4 2683 3131 2518 3204
4 2677 2697 2413 3352
4 1181 1108 2717 3700
4 992 988 991 2822
4 2510 2295 2594 3274
4 1278 2477 2894 2895
4 2259 2318 2566 2920
4 2586 2945 1644 3463
4 1437 2991 2754 3357
4 2027 2141 2867 3258
4 1536 2902 2834 3146
4 2407 2482 2838 2961
4 2581 2837 2267 3311
4 2672 2854 2393 2984
4 2343 2851 2719 3125
4 2563 1852 2876 3647
4 2114 2943 2466 3486
4 1892 2896 2604 2901
4 1041 2868 1123 3291
4 1618 2450 3269 3645
4 676 600 367 3189
4 839 2716 2811 3406
4 1527 2520 2778 3216
4 1377 1279 1397 2754
4 2097 2096 2190 2675
4 1057 2657 1056 2851
4 1684 2561 1479 3097
4 2101 2083 2579 3153
4 2395 2663 2921 3372
4 2434 3268 2279 3543
4 1882 2934 1938 3278
4 1057 2719 2657 2851
4 2763 2953 2407 2961
4 971 2917 2644 2921
4 1587 2889 1588 3140
4 2378 2531 2832 3261
4 1527 2778 2520 2967
4 751 749 846 2582
4 2393 3219 2569 3306
4 2246 2283 2422 2920
4 1103 1183 2886 3039
4 2096 2675 2097 2862
4 1071 2708 2514 3181
4 607 663 491 3055
4 2778 3014 1612 3137
4 1321 2476 2935 3668
4 1282 1278 2477 3113
4 2138 2139 2170 2587
4 2310 2537 2368 3521
4 1109 1053 2789 3404
4 1281 2739 1390 3095
4 771 3098 3028 3650
4 2530 3299 2616 3488
4 2753 2849 1922 3166
4 1819 2724 1820 3507
4 2625 2861 2717 3360
4 2422 2525 2283 2713
4 1517 1524 1675 2490
4 2306 2525 2422 2713
4 2782 2821 2146 3486
4 495 496 3012 3179
4 2447 3073 2624 3314
4 1439 2922 2664 2991
4 2290 2270 2572 3283
4 1132 3120 2688 3251
4 1865 1859 1860 3156
4 2316 2436 2791 3165
4 1360 2895 2428 3064
4 1530 1587 1589 3021
4 2239 2697 2413 2836
4 3127 3234 2624 3549
4 2247 2895 3160 3183
4 2266 2794 2355 3126
4 849 715 717 2790
4 2519 2775 1284 2935
4 1735 964 1142 3455
4 210 223 17 3526
4 973 972 971 2921
4 1684 1693 1569 3097
4 2918 3080 586 3249
4 2953 2961 2763 3235
4 693 889 924 2878
4 2345 2637 2573 2881
4 1014 2838 1003 3125
4 2615 3028 881 3225
4 1760 2572 2896 2901
4 2321 3200 2507 3304
4 2719 3008 2843 3534
4 809 808 2710 3449
4 2266 2372 2794 3034
4 1850 1973 2648 3278
4 878 2840 2450 3313
4 1629 2616 1576 3299
4 791 817 2840 3569
4 2244 2305 2736 3235
4 2045 2169 2049 3510
4 1377 1371 2745 3612
4 2355 2794 2291 3126
4 1511 2520 3192 3446
4 2054 2069 2865 3675
4 2392 2510 2295 2905
4 261 2994 235 3101
4 2452 2864 1013 3681
4 2302 3047 2687 3073
4 2573 2637 1766 2901
4 2461 2275 2605 2777
4 1161 2756 2971 3455
4 1404 3050 2761 3447
4 2248 2317 2441 2952
4 2598 2915 2804 3402
4 1589 1587 1715 3140
4 1010 2442 2930 3008
4 2039 2043 2168 3627
4 1139 1993 2187 3039
4 2868 3233 2529 3390
4 2464 3036 2636 3320
4 2275 2777 3231 3351
4 2401 3372 2787 3456
4 2428 2649 3113 3160
4 2438 2831 2695 2906
4 1312 1428 1401 2646
4 1281 1271 1280 3095
4 1166 2833 2639 3427
4 2393 2988 2569 3219
4 1300 2556 1288 3275
4 2254 2457 3241 3260
4 2287 2259 2715 3658
4 2441 2278 2591 3145
4 722 723 721 2888
4 1526 2967 2520 3446
4 986 2545 983 3544
4 2078 2103 2180 3288
4 1301 1288 2556 3408
4 2311 2276 2905 3260
4 1089 2546 3083 3236
4 737 722 2583 2683
4 1980 3222 1876 3419
4 2007 2561 2005 2702
4 2508 2736 2581 3381
4 868 699 1132 2728
4 2261 2634 2523 2722
4 1281 3095 1280 3113
4 2298 2832 2531 3261
4 1522 2666 1520 2945
4 1632 2824 1504 3216
4 2169 3078 2781 3510
4 2290 2320 2502 2670
4 1925 3297 2720 3522
4 1754 1893 1880 3618
4 1188 1104 1126 2886
4 2190 2096 2175 2866
4 2457 2510 2276 2905
4 1448 1223 2589 2761
4 1094 973 976 3333
4 2517 2911 2712 3495
4 2793 2350 2990 3461
4 1005 1111 1100 3545
4 1516 2889 3021 3525
4 2086 2140 2139 2587
4 227 212 266 3665
4 2306 2713 2246 3453
4 2438 2906 2695 3254
4 385 343 620 3584
4 2039 2168 3347 3627
4 260 599 670 2973
4 2482 2822 992 2930
4 2436 3105 2791 3165
4 2301 2525 2262 2713
4 1112 2567 1866 2917
4 1321 1425 2825 3140
4 2508 2907 2782 2950
4 2505 2865 2053 3539
4 1688 1583 1657 2752
4 1371 1370 2745 3422
4 1984 1623 2226 2661
4 2426 2975 2750 3327
4 2311 3069 2662 3351
4 2749 1924 3075 3209
4 1584 1548 1601 3622
4 1691 3006 2220 3580
4 2101 2083 2155 2579
4 259 283 479 3634
4 1706 1626 2453 3016
4 2507 2885 2323 3042
4 1077 2674 2812 3498
4 891 701 943 2751
4 1251 1254 1255 2575
4 2296 2342 2685 3644
4 2417 3181 3052 3252
4 1309 2623 1248 3578
4 2814 2924 2350 3646
4 972 973 1094 3333
4 1979 2648 1736 3502
4 2248 2441 3197 3649
4 1321 2825 2476 3140
4 2247 2894 2495 3211
4 2286 3246 2396 3623
4 2267 3311 2837 3608
4 2527 2552 2347 3146
4 2482 2838 2442 2930
4 1295 1275 1290 2701
4 2912 3245 2432 3593
4 2313 2247 2949 3500
4 2271 2620 2817 3188
4 2292 2478 2374 2682
4 2429 2520 2252 3228
4 849 715 2790 3238
4 2170 2138 2587 2837
4 1807 3278 2528 3558
4 1053 1026 2789 3398
4 2553 2761 1450 3050
4 2401 3152 2766 3271
4 453 589 3096 3319
4 2527 2834 1532 3137
4 646 629 557 3528
4 1125 2482 992 3093
4 2260 2607 2583 3412
4 988 2482 1125 3290
4 3052 3181 2514 3252
4 2477 3095 2739 3113
4 1126 2851 2886 3660
4 2942 3084 2564 3508
4 1775 1776 3175 3469
4 2256 2770 2289 3367
4 239 217 504 3230
4 2451 2482 2282 3328
4 2345 2405 2743 3111
4 1516 3122 2889 3525
4 2430 2470 2867 3627
4 1810 1791 2485 3341
4 2722 3174 867 3639
4 1126 1034 2851 3660
4 2623 3352 2412 3392
4 2490 1517 3122 3480
4 778 3094 2455 3541
4 1079 2674 1077 3498
4 2058 2135 3127 3195
4 2384 2672 2481 2908
4 1321 3140 2476 3668
4 2112 2146 2042 2821
4 2754 2991 1437 3612
4 1398 1380 1429 3484
4 1145 2591 3009 3556
4 2338 2809 2713 3054
4 1320 1319 1413 2675
4 1213 889 1402 2878
4 1323 1432 2693 3523
4 879 1898 1726 3662
4 1973 1849 1938 2934
4 2448 875 3376 3692
4 1841 2766 2604 3330
4 2041 2032 2040 2581
4 2450 2840 878 2879
4 1543 1548 1542 3478
4 963 703 3038 3498
4 2562 2833 2452 3681
4 2243 2408 2768 3057
4 1950 2223 2203 2671
4 2448 3028 875 3692
4 1011 1004 2569 2857
4 1891 1767 2981 3070
4 2500 3078 2045 3510
4 534 406 442 3597
4 2593 2866 3387 3624
4 2545 3145 3053 3328
4 1039 1006 998 3379
4 2299 2278 2369 2654
4 2428 2649 3064 3113
4 2383 2734 2281 3047
4 1181 2717 1203 2984
4 1323 3523 2693 3668
4 1912 1948 1951 3596
4 2594 2690 1600 3382
4 2396 2515 2422 2816
4 741 758 759 2880
4 2011 2863 2009 3124
4 2744 2823 2497 3583
4 2708 3181 2757 3252
4 2642 2843 1091 3581
4 1300 1382 2556 3275
4 2534 3040 2720 3297
4 1419 2428 2977 3064
4 707 869 1416 3038
4 1281 2739 3095 3113
4 2475 2526 2912 3089
4 2247 2477 2894 2966
4 1385 2894 2696 3537
4 2511 2811 838 3193
4 1308 2825 2677 3392
4 927 704 944 2716
4 740 3276 2908 3529
4 2252 2446 2309 2828
4 2384 2874 2481 2988
4 2409 2924 2814 3646
4 2172 2141 2144 2737
4 2607 2786 2418 3221
4 1581 2818 1528 3062
4 2314 2268 2420 2592
4 2346 2921 2663 3372
4 2003 1691 2220 3580
4 2485 3151 1791 3222
4 894 2884 2563 3664
4 2473 2858 2370 3343
4 2340 2912 2804 3089
4 1687 1653 3089 3202
4 1665 872 2751 2919
4 2095 2579 2083 3259
4 2007 2561 2702 2974
4 2556 2739 1382 3042
4 932 805 878 2450
4 2440 2522 2302 3047
4 1279 1397 2754 3670
4 2201 1995 2761 3677
4 2454 2270 2681 3144
4 2260 2683 2786 3412
4 1219 1657 1424 2752
4 746 2536 770 3174
4 1219 1424 1346 2752
4 791 2840 2880 3569
4 2907 3505 3090 3586
4 1648 2834 1628 3563
4 2538 3040 2768 3057
4 1273 1264 2815 3468
4 2321 2803 2642 3265
4 2385 2926 2304 3161
4 2605 3175 2275 3283
4 1866 2567 1112 2934
4 2237 2452 2734 3279
4 1888 2748 2601 2860
4 2553 2907 2324 3050
4 2636 2715 1243 3564
4 2413 2692 2239 3232
4 2661 3167 2727 3226
4 791 817 773 2840
4 1311 2619 2739 3614
4 1396 1353 3084 3309
4 2316 2375 2259 3104
4 818 2546 781 2989
4 3372 3433 2638 3456
4 2266 2446 2690 3048
4 2553 2362 2907 3591
4 2282 2482 2451 2953
4 1321 2476 2825 2935
4 2485 2933 2860 3341
4 1849 2934 1973 3278
4 2654 2941 2529 3052
4 2277 3410 3270 3658
4 2451 2953 2482 3328
4 2027 2028 2537 3487
4 2321 3265 2433 3304
4 3175 3283 2605 3438
4 2140 2587 2086 2741
4 2329 2576 2413 2692
4 1637 1716 1580 3002
4 1140 2648 2934 3326
4 2704 2982 2268 3545
4 2222 2714 2700 2798
4 520 328 288 3444
4 2424 3050 2907 3591
4 2172 2737 2144 2867
4 2273 2741 2969 3293
4 2527 2836 2552 3626
4 1030 2507 1064 2957
4 2599 2741 2025 2969
4 2507 3083 2812 3418
4 1662 1562 2732 2948
4 2299 2941 2638 3630
4 2353 2580 2534 2720
4 1385 1296 1278 2894
4 2253 2288 2390 3033
4 1061 2649 1074 3064
4 1972 1870 3016 3061
4 2128 3327 2927 3366
4 1870 1814 1871 3016
4 720 719 721 2790
4 1081 1166 1129 2833
4 1308 1292 2677 2825
4 741 759 2518 2880
4 988 2822 2482 3290
4 1811 1812 3063 3152
4 1618 2450 2879 3459
4 2491 3241 2662 3351
4 1382 2739 2556 3275
4 1814 1871 3016 3699
4 2610 2511 2990 3375
4 1725 2223 2671 3318
4 1839 2720 3297 3699
4 2153 2950 2209 3579
4 2296 2445 2342 3644
4 2348 2319 2698 2994
4 2811 2990 2511 3375
4 328 347 346 2613
4 1046 1165 2625 3435
4 2634 2635 2471 3225
4 2243 2291 2944 3245
4 1660 701 891 2751
4 1784 3152 1786 3353
4 1379 1305 2552 3294
4 2413 2239 2836 3232
4 2267 2310 2472 2627
4 2321 2477 2739 3113
4 2358 2423 2759 3611
4 2000 1912 2177 2702
4 1215 1995 1400 2761
4 2720 3317 3297 3699
4 1726 690 879 3662
4 2262 2525 2306 2713
4 2019 2599 2025 2969
4 2468 2810 3060 3699
4 2697 3250 2413 3270
4 2058 3127 2624 3195
4 2466 2987 2380 3239
4 1956 1897 949 2644
4 1020 3515 2833 3681
4 2814 2929 2350 3495
4 3253 3590 1893 3618
4 1509 2732 1562 2948
4 2690 2740 1600 3687
4 2523 2582 2384 3276
4 971 949 2644 2917
4 2398 2718 3199 3441
4 751 2582 846 2861
4 2337 2514 2455 3052
4 1363 1245 1393 2715
4 1072 2728 2708 3120
4 2514 2625 2337 2839
4 1716 2669 1580 3002
4 2611 2865 2069 3675
4 1953 2669 1840 2702
4 2757 2802 2724 3507
4 2110 2943 2821 3346
4 2464 3320 3214 3424
4 1419 2428 2968 2977
4 1030 1032 1064 2507
4 412 411 410 3032
4 1380 1379 2552 3035
4 2530 2262 2616 3299
4 1802 2723 2538 3522
4 2764 2960 2728 3252
4 737 2583 871 3412
4 1584 3002 1548 3622
4 1881 1880 1817 3152
4 1443 1320 2675 2866
4 2366 2562 2452 2903
4 961 1132 699 2728
4 2000 1737 2702 3132
4 2676 2717 1108 3306
4 1580 1679 1718 2669
4 1544 2501 2890 3138
4 2441 2952 2317 3533
4 2804 2915 2410 3402
4 2294 2600 2404 2845
4 2399 3243 2710 3592
4 2745 3050 2553 3422
4 1393 2715 2762 3578
4 2278 2654 2299 2941
4 1295 2701 2660 3150
4 1939 1721 1942 2632
4 2300 2372 2309 3034
4 2479 2268 3053 3145
4 2712 2990 2948 3509
4 2526 2804 1633 3478
4 1911 3110 2808 3452
4 1396 1332 2942 3084
4 817 2958 2879 3569
4 2672 3248 2908 3529
4 2337 2784 2676 3219
4 2479 2268 2982 3545
4 2341 2491 3068 3241
4 893 3209 2749 3655
4 2251 3059 2518 3657
4 2563 2884 1933 3647
4 2083 2579 3153 3259
4 1620 2799 2694 3061
4 2076 2645 2131 2927
4 2435 2629 2360 2910
4 2470 2914 2144 3493
4 2001 2229 2186 3223
4 2393 2676 2784 3219
4 2262 2679 2616 3299
4 2265 2361 2785 3136
4 1282 2894 1296 2895
4 819 2760 882 3635
4 2257 2299 2654 2875
4 2039 3347 3487 3627
4 2266 2690 2594 3048
4 1472 1692 1994 3006
4 1538 2915 2804 3202
4 2662 3069 2311 3102
4 2655 3228 2806 3510
4 2391 2778 2527 2846
4 2366 2734 2833 3589
4 1005 2857 1111 3545
4 2358 2710 2823 3051
4 1706 3016 2453 3061
4 2295 2900 2530 3274
4 878 932 2450 3164
4 2309 2540 2300 3673
4 2095 2155 2083 2579
4 1295 2660 2701 3292
4 2412 3352 2677 3392
4 2163 1202 2639 3427
4 1954 1836 1901 2597
4 1912 1951 2645 3596
4 2330 2601 2533 3240
4 2543 3234 3127 3549
4 2152 2214 2204 3226
4 2104 2222 2094 2798
4 791 2840 773 2880
4 2332 2543 2597 2964
4 2243 2432 2912 3245
4 1056 2851 2657 3224
4 1471 1917 3256 3317
4 1522 2945 1521 3603
4 1154 1140 962 2648
4 1443 1320 1226 2675
4 977 3103 2643 3324
4 1407 2619 1311 3614
4 1685 3003 2729 3205
4 1308 1334 2825 3392
4 1396 2942 1332 3508
4 1111 1012 1025 3329
4 1007 1003 1014 2838
4 2338 2585 2431 2780
4 1633 2804 2526 3264
4 2699 3238 2790 3389
4 2103 2218 3288 3427
4 2634 3225 2471 3574
4 2138 2139 2587 3465
4 2270 2681 2572 3156
4 1393 2762 2715 3210
4 2409 2350 3266 3646
4 1377 2745 2754 3612
4 1124 2569 1004 2873
4 1324 2922 1439 3387
4 893 2749 3128 3655
4 1102 1103 1183 2886
4 2457 2769 3126 3241
4 2593 2866 2557 3387
4 1881 1786 1784 3152
4 2341 2662 2793 3231
4 846 2582 749 2854
4 722 2583 2683 2888
4 1901 2798 2597 2853
4 2085 3005 2611 3675
4 2452 2864 2458 3279
4 2426 2671 3077 3085
4 2146 2782 2508 2821
4 1865 2535 1859 3156
4 1870 2810 1814 3016
4 2399 3051 2640 3344
4 1061 2843 2649 3064
4 2720 3060 2353 3699
4 388 445 470 3169
4 2785 2885 2414 3265
4 1915 2808 1911 3110
4 2039 3487 2043 3627
4 2241 2418 2990 3254
4 2655 2806 2429 3226
4 639 562 561 3018
4 2549 3214 2696 3524
4 2289 2770 2376 3343
4 2471 2294 2634 2888
4 986 3053 2545 3544
4 818 814 781 2546
4 2547 2343 2851 3224
4 2508 2581 2362 3374
4 1721 1982 2632 2940
4 2315 2420 2268 2592
4 2203 1950 2671 2940
4 2535 3175 2275 3351
4 1548 2890 2526 3478
4 2310 2368 2472 2627
4 986 3053 987 3290
4 2281 3047 2734 3279
4 2456 3311 2267 3608
4 2343 2856 2657 3224
4 2428 3064 2895 3113
4 2950 3422 2209 3579
4 2455 2839 778 3541
4 2025 2741 2599 3349
4 2491 2254 3241 3351
4 1181 2717 2984 3700
4 2457 3187 2799 3260
4 2823 3051 2710 3606
4 278 281 615 3527
4 2242 2299 2941 3359
4 792 774 789 2755
4 2086 2587 2139 3465
4 805 2450 932 3164
4 1032 2812 2507 3083
4 2457 2729 2510 3205
4 3043 3144 2454 3490
4 1213 2878 1441 3430
4 2295 2510 2900 3274
4 2418 3131 2685 3139
4 1245 1393 2715 3210
4 2647 2745 2553 3422
4 2724 2757 2435 2802
4 1427 2664 1459 3130
4 2674 1079 3038 3498
4 563 2850 216 2994
4 1384 2856 1349 3159
4 2864 3379 1006 3515
4 1875 1949 1889 2748
4 1183 1105 1102 3239
4 2539 2802 2757 3507
4 2482 2817 3290 3328
4 1363 1243 1245 2715
4 946 2879 817 2958
4 2305 2472 2267 3381
4 2263 2483 2568 3245
4 2762 2920 2519 3468
4 2880 3131 2786 3139
4 2114 2466 2235 3486
4 2558 3253 2766 3618
4 3151 3222 2485 3572
4 2339 2552 2836 3626
4 1525 1614 2872 3062
4 2089 2210 2075 2922
4 2608 2705 3088 3313
4 2617 2828 2446 3192
4 1028 2855 2452 3681
4 2452 2855 1028 3414
4 1754 2766 3330 3618
4 839 945 838 3193
4 738 2786 2683 3412
4 453 387 443 2578
4 1813 2848 2694 3222
4 2426 2333 2975 3327
4 1398 2887 1380 3484
4 1112 1866 1722 2917
4 2539 2756 1045 3455
4 2177 2702 2645 3652
4 1477 2716 704 2956
4 2969 3172 2273 3293
4 2281 2373 2317 2952
4 2724 2802 1820 3507
4 2362 2647 2553 2950
4 1692 1994 3006 3466
4 2278 2441 2591 3197
4 2347 2552 2527 2836
4 1408 1229 1399 2547
4 2373 2317 2952 3533
4 2332 2597 2543 3426
4 1366 1437 2754 3357
4 2273 2969 2599 3129
4 2434 2766 3196 3268
4 2128 2927 2131 3366
4 1032 2951 1024 3083
4 2243 2944 2776 3245
4 703 933 3038 3498
4 989 1093 2822 3545
4 2253 2595 3077 3617
4 2421 2568 2483 3245
4 2979 3267 2073 3314
4 2646 2834 2339 2889
4 2413 3250 2692 3270
4 2188 2192 1223 3223
4 1474 1707 1640 3672
4 2270 2454 2681 2797
4 260 502 3170 3666
4 2107 3441 2718 3588
4 2254 2327 2311 3004
4 2863 2974 2009 3124
4 2720 2768 2538 3040
4 2730 3236 2546 3248
4 3156 3283 2270 3535
4 2280 2377 2245 3568
4 1722 1121 1112 2917
4 715 717 2790 3389
4 2601 2860 2330 2933
4 2363 2672 2481 2988
4 834 865 2672 3248
4 2175 2157 2206 2593
4 1407 1311 1435 3614
4 1538 1602 2598 3202
4 2646 2825 2476 3186
4 815 2861 2717 3648
4 2284 2376 2361 2841
4 2350 2610 2418 3139
4 1644 2679 1564 2945
4 2713 2809 2338 3698
4 1045 2539 3455 3587
4 2507 2812 1032 3335
4 2310 2587 2537 3257
4 2256 2349 2654 3367
4 1004 2569 2857 3653
4 2110 2114 2113 2821
4 1814 3016 2810 3699
4 637 636 457 3554
4 1014 3239 2459 3660
4 1737 1953 2702 3132
4 1013 2864 2452 3414
4 1389 1272 1392 2576
4 1122 1118 1145 3324
4 1865 3056 2535 3156
4 1126 1038 1034 3660
4 2412 2920 2762 3468
4 2430 3393 3092 3487
4 2407 2953 2482 2961
4 1761 2572 3043 3490
4 1111 3329 1100 3545
4 2163 954 1202 3427
4 2176 1997 2225 2561
4 2408 2270 2681 2797
4 1840 2702 2669 2947
4 2401 2573 3196 3632
4 1841 1880 1881 2766
4 2358 2942 2423 3611
4 2172 2027 2141 2867
4 2279 3359 2401 3456
4 2717 2861 2625 3648
4 2409 2814 2350 3646
4 2055 2162 2073 3314
4 2245 2564 2403 2791
4 2256 2349 2315 2369
4 2120 2589 2188 2761
4 2756 2757 2708 3181
4 2693 3140 1589 3668
4 2423 2358 2759 3559
4 886 801 800 3313
4 1496 1498 1499 3274
4 867 2908 2722 3289
4 1888 2860 2601 3341
4 2812 3083 1078 3498
4 2284 2240 2770 3265
4 2480 3401 2310 3521
4 2358 2423 2942 3559
4 2535 3283 3175 3438
4 2719 2843 2428 3534
4 2490 2713 2679 3453
4 2263 2706 2432 3020
4 1956 2644 2917 3303
4 1894 2694 1813 2848
4 1972 1940 1870 3061
4 1145 3291 2591 3556
4 2295 2385 2371 3345
4 1392 1272 1268 2576
4 1903 1771 1907 3300
4 1538 2598 2915 3202
4 1004 2873 2569 3653
4 2798 2714 3425 3502
4 2470 2737 2144 2914
4 800 3313 3098 3350
4 2359 3077 2671 3085
4 2418 2685 2241 3461
4 1053 3398 2789 3404
4 908 938 687 2717
4 2341 2799 3187 3260
4 1675 1517 2490 3480
4 948 2207 2228 2718
4 2296 2906 2685 3102
4 1308 1368 1334 3392
4 2341 2848 2662 3231
4 1071 1046 2514 3435
4 2348 3257 2506 3625
4 741 738 739 2786
4 1109 3404 2789 3441
4 1030 1064 1150 2957
4 721 2492 804 3148
4 2583 737 2683 3412
4 2969 3129 2273 3172
4 1616 1674 1665 2919
4 2086 2741 2587 3465
4 722 2683 724 2888
4 2252 2309 2300 3673
4 661 551 255 3378
4 2556 1288 3275 3408
4 1245 2549 2636 3214
4 881 3028 2615 3650
4 1662 2732 2511 2948
4 1295 2701 1290 3292
4 1011 2951 2569 3536
4 2488 2641 2361 3104
4 1739 1946 1640 3672
4 1950 1957 1725 2671
4 2112 2821 2042 3347
4 2460 2849 1746 3075
4 1311 2739 2619 3042
4 1686 1692 3006 3466
4 886 3313 800 3350
4 2261 2523 2634 3538
4 2269 2883 2303 3073
4 2263 2432 2776 3020
4 992 2822 991 2930
4 2533 2933 2990 3254
4 2285 2381 2294 3538
4 1558 2911 2517 3495
4 2132 3267 2706 3370
4 2267 2310 2627 3608
4 2373 2509 2847 2931
4 1897 970 949 2644
4 1111 2857 3329 3545
4 2658 1635 2716 3307
4 1448 1223 1228 2589
4 549 628 462 3561
4 1318 2557 1307 3035
4 839 838 788 2811
4 1536 1609 2902 3146
4 891 943 2705 2751
4 1363 1309 1248 3578
4 2027 2031 2028 3487
4 2466 2943 2821 3486
4 938 816 831 2984
4 2661 2429 3167 3226
4 633 396 540 3440
4 2674 3038 2989 3498
4 2526 2912 2804 3325
4 2278 2654 2529 3233
4 2310 2506 2348 3257
4 2523 2257 2972 3367
4 1894 1940 3061 3068
4 2747 3245 2912 3593
4 2843 3008 2719 3685
4 2781 3153 2357 3259
4 1378 3387 1318 3624
4 641 206 476 2869
4 1876 3222 2694 3419
4 1019 2529 1009 3291
4 2283 2436 2259 3165
4 2948 2990 2511 3509
4 427 498 443 2578
4 2340 2429 2661 3202
4 817 2879 2397 3569
4 2103 2218 2180 3288
4 1393 2762 1362 3578
4 1349 3159 2856 3605
4 2279 2322 2638 3456
4 2340 2410 2804 3325
4 2243 2776 2944 3263
4 2458 2584 3302 3379
4 1509 2814 2732 2948
4 2752 2780 2585 3450
4 2529 2941 2417 3052
4 3053 3145 2268 3328
4 2009 2974 2863 3557
4 1621 2453 2799 3061
4 2584 2953 2817 3093
4 834 865 830 2672
4 805 885 878 3313
4 1581 2818 3062 3603
4 587 296 294 2588
4 2404 2471 2294 2845
4 1626 2453 1621 3061
4 1912 2645 2702 3596
4 2289 2494 2256 3367
4 2132 2124 3267 3370
4 2269 2303 2440 3073
4 660 549 669 3671
4 2072 2144 2914 3493
4 2336 2563 2764 2910
4 2399 2615 2448 3028
4 2412 2259 2762 2920
4 2186 3039 965 3223
4 2435 2360 2876 2910
4 786 778 862 2839
4 2032 2040 2581 3092
4 2360 2563 2876 2910
4 1215 1400 1450 2761
4 1271 1281 1390 3095
4 2802 2876 2563 2910
4 2264 2541 2309 2828
4 2257 2381 2299 3383
4 2397 2840 817 3569
4 1784 3271 3152 3353
4 2373 2847 2271 2931
4 2530 2835 2594 3274
4 2335 2271 2847 2931
4 1686 1692 1472 3006
4 2138 2587 2837 3465
4 2762 2815 2575 3210
4 1118 2559 3009 3324
4 2443 3012 2513 3630
4 2657 2851 2343 3224
4 1881 3152 1784 3271
4 1782 2573 2901 3271
4 2579 2357 3153 3259
4 770 3174 2536 3639
4 2883 3047 2303 3073
4 2481 754 2908 3248
4 1273 2815 2519 3468
4 2253 3077 2595 3482
4 2267 2837 2581 3393
4 2414 3095 2785 3332
4 2419 2261 2722 3174
4 2696 2792 2549 3524
4 2324 2553 2782 2907
4 1855 2802 1820 3517
4 1652 2658 1635 2716
4 2019 2020 2025 2599
4 1474 1640 1946 3672
4 1081 2639 1166 2833
4 2781 3078 2865 3149
4 1377 2745 1279 2754
4 1805 1879 1890 2595
4 844 2753 845 3213
4 1311 2739 1435 3614
4 2497 3371 1343 3583
4 426 610 488 3323
4 2479 3233 2868 3390
4 2335 2847 2509 2931
4 927 704 2716 2956
4 2182 2655 1987 3466
4 2719 3008 2442 3125
4 2241 2685 2418 2906
4 797 2764 2728 3251
4 2817 2953 2482 3093
4 2666 2945 1522 3603
4 2739 2957 2321 3614
4 2256 2494 2349 3367
4 2052 2072 2144 2914
4 2273 2741 2599 2969
4 2265 2785 2696 3095
4 2520 2828 2617 3192
4 2497 2752 1343 3371
4 1279 2754 2745 3670
4 731 734 867 3174
4 2625 2337 2861 3360
4 595 2998 299 3049
4 695 2563 1731 3209
4 2304 2392 2276 2900
4 2481 2755 2419 3289
4 568 352 593 3483
4 1098 2977 2719 3685
4 2073 3314 3267 3512
4 2285 3442 2381 3538
4 1685 2510 3003 3205
4 2131 2927 2645 3366
4 2332 2798 2597 3426
4 2256 2349 2369 3233
4 2345 2405 3111 3116
4 1255 2575 1254 3121
4 2448 2399 2759 3511
4 1413 1222 2675 2887
4 2482 2930 992 3093
4 1014 2937 2459 3239
4 1912 1728 2177 2645
4 2039 3347 3092 3487
4 1138 1044 2756 3181
4 2284 2803 3265 3697
4 2430 2763 2871 3199
4 2298 2245 2377 2791
4 2317 2469 2281 3000
4 2710 3344 2399 3592
4 2517 2350 2929 3495
4 2649 2321 3113 3160
4 1866 1971 2567 2934
4 2293 2472 2305 3381
4 2256 2479 2857 2873
4 786 778 2839 3541
4 1900 1886 1892 2604
4 2465 3008 2843 3581
4 2452 2833 2458 3515
4 2279 3268 2766 3359
4 2370 2858 2261 3343
4 1408 2547 1399 3224
4 2455 2839 2630 3094
4 2638 3456 2322 3630
4 2840 3350 2518 3657
4 287 328 345 3680
4 2350 2418 2685 3139
4 1884 2746 2663 3303
4 2663 2746 1884 3353
4 2562 2946 2742 3288
4 2567 2917 2746 3636
4 1861 1911 2808 3452
4 2718 2789 2380 3199
4 1875 2658 1949 2748
4 2632 2333 2927 3366
4 1892 1760 1757 2896
4 2681 2572 3156 3490
4 2359 3212 2801 3272
4 2291 2297 2909 2944
4 2291 2297 2421 2909
4 1715 1694 1589 3140
4 2242 2638 2941 3694
4 2763 2953 2250 3576
4 2242 2757 2638 3694
4 2737 2867 2141 3258
4 1380 2887 1398 3035
4 779 3029 2610 3375
4 2561 2005 2702 3132
4 797 2728 925 3251
4 1855 2876 2802 3517
4 1718 2669 1679 3132
4 2362 2553 2907 2950
4 2418 2241 2990 3461
4 770 2536 2970 3639
4 2307 3147 2255 3410
4 2321 2885 2785 3265
4 2125 2706 2132 3267
4 3015 3148 804 3208
4 758 741 744 3514
4 2303 2368 2269 2650
4 2450 3088 2705 3313
4 2343 2738 2547 2962
4 2446 2828 2617 3048
4 1101 1032 1024 3083
4 2470 2807 2398 3493
4 2305 2997 2267 3358
4 2407 2953 2763 3576
4 977 2643 2559 3324
4 1390 3095 2739 3275
4 2303 3047 2440 3073
4 2500 2806 2049 2969
4 2286 2422 2396 2515
4 1215 2201 2553 3422
4 2119 2229 2120 2589
4 1011 1012 1005 2857
4 2649 2843 2321 3160
4 2245 2298 2640 2791
4 2448 3028 2615 3225
4 2575 2815 2762 3165
4 2604 2901 2258 3271
4 2305 2736 2267 2997
4 1550 3002 1580 3264
4 2240 2284 3136 3265
4 2002 2215 1743 2714
4 2253 3263 2297 3470
4 1375 1427 1459 3130
4 869 2758 1221 3038
4 1066 1078 2812 3083
4 1774 2637 2573 3496
4 1314 1353 2660 3084
4 2417 2757 2756 3181
4 2275 2777 2461 3231
4 2409 2350 2929 3266
4 2238 2640 3051 3344
4 2394 3625 3019 3691
4 1035 2676 1018 2852
4 2485 2341 2848 3222
4 758 2786 741 3514
4 1041 1146 1123 2868
4 2434 2766 2604 3196
4 2890 3201 2501 3687
4 1660 891 2705 2751
4 3139 3266 2350 3646
4 2326 2473 2377 2858
4 2647 2745 1371 3612
4 2380 3239 2987 3577
4 2136 2137 2940 3195
4 239 233 217 2633
4 2272 3036 2628 3690
4 2280 2377 2473 2858
4 2291 2372 2355 2725
4 2276 2729 2457 3260
4 2728 2764 797 2960
4 687 947 1159 2717
4 1412 953 1420 2977
4 2503 3099 2652 3161
4 2663 1811 3063 3152
4 2465 2803 2642 2843
4 803 858 827 2607
4 2058 2135 2212 3127
4 1029 1017 1135 2789
4 1841 1881 1900 2604
4 606 500 499 3280
4 1319 1398 1413 2887
4 1245 2715 2549 3210
4 881 2615 806 3650
4 2672 3236 2730 3248
4 964 2899 2688 3120
4 2316 2259 2436 3165
4 2460 3166 2753 3213
4 1528 2818 1582 3450
4 2700 2798 2714 3425
4 1687 3089 2661 3202
4 2339 2889 2498 3186
4 2342 2392 2707 3403
4 2302 2348 2263 2483
4 964 1143 1142 3455
4 2256 2654 2784 3367
4 2508 2171 3092 3374
4 2351 2753 3166 3213
4 1771 1907 2605 2777
4 2740 2769 2457 3416
4 1870 2810 2453 3068
4 1247 1249 1250 3436
4 745 870 827 2607
4 2428 2843 2649 3160
4 2263 2568 2300 3245
4 1629 1496 1499 2530
4 732 2523 2722 3276
4 2441 2248 2952 3649
4 2114 2113 2821 3486
4 2284 2361 2462 2841
4 2257 2299 2381 2516
4 1888 1889 1929 2748
4 2370 2473 2261 2858
4 2446 2598 2252 3402
4 2359 2597 3212 3272
4 2498 2339 2834 2889
4 1875 2658 2748 2860
4 866 748 847 3208
4 2539 2899 2802 3507
4 1776 1775 1792 3469
4 1098 1057 1085 2719
4 517 555 265 3363
4 1555 2769 1554 2799
4 2785 3095 2265 3332
4 2038 2161 2126 2927
4 1840 1969 1908 2947
4 2718 2807 2398 3199
4 742 740 733 2908
4 2490 2713 2338 3698
4 2518 2786 741 2880
4 2290 2320 2270 2502
4 2263 2776 2570 3615
4 2241 2461 2695 2933
4 1158 1736 1935 2648
4 2616 2824 2264 3488
4 1498 1501 1500 3382
4 2401 2766 2604 3271
4 1548 2890 1601 3622
4 2467 2679 2713 3106
4 2100 2153 2209 3579
4 819 2989 2760 3635
4 401 332 580 2592
4 927 944 840 3406
4 1393 1362 1363 3578
4 805 878 2450 3313
4 2457 2905 2254 3126
4 2256 2569 2988 3219
4 2256 2654 2349 3233
4 750 2630 2582 3411
4 2542 2760 2758 3635
4 2271 2620 2441 3302
4 327 326 325 3550
4 867 743 733 2908
4 2533 2990 2418 3254
4 2268 2465 2704 2822
4 2269 2867 2737 3258
4 2802 2876 1852 3647
4 2172 2141 2737 2867
4 2253 3263 2975 3482
4 2689 2764 2563 2910
4 1471 1705 2534 3256
4 1538 2804 1545 3202
4 2429 2598 2520 3446
4 2452 2458 2864 3515
4 2336 2764 2563 3664
4 1901 2853 2597 3212
4 2624 3073 2411 3314
4 2743 2934 2567 3636
4 1511 1526 1513 2520
4 1098 2657 1057 2719
4 2259 2412 2762 3086
4 866 732 748 2523
4 1067 1162 1116 2584
4 2453 3016 1870 3061
4 2290 2270 3283 3535
4 1804 2538 2723 3596
4 2137 3195 2070 3571
4 2250 2734 2303 2883
4 787 821 2689 2764
4 1693 1569 3097 3264
4 1487 2732 1509 2924
4 2482 2949 2282 3328
4 1822 1804 2947 3297
4 2286 2318 2277 3489
4 2418 2786 2906 3131
4 2055 3314 2073 3512
4 2468 2353 2720 3060
4 2597 2798 1954 3540
4 2539 1045 2756 3587
4 743 2908 867 3289
4 2518 2880 2251 3131
4 2034 2030 2033 2612
4 2253 2390 2297 2797
4 1504 2824 2617 3216
4 2844 3036 2437 3147
4 3047 3279 2281 3284
4 254 257 256 3462
4 2720 3297 2538 3522
4 1662 2511 1579 2948
4 1463 1690 1623 2959
4 1724 1144 970 2971
4 2414 2739 2556 2885
4 2528 3278 2743 3558
4 1651 1652 1635 2716
4 2258 3196 2604 3271
4 959 1188 1187 3448
4 2491 3175 2535 3351
4 2259 2920 2283 3165
4 2746 3116 2567 3636
4 2241 2990 2933 3254
4 2297 2944 2291 3245
4 1596 1471 1705 2534
4 2570 2776 2432 3361
4 2333 2426 2632 3327
4 2000 2702 2005 3132
4 817 2840 2397 2879
4 2398 3493 2807 3588
4 1953 1840 1948 2702
4 980 998 997 2620
4 696 922 1410 2744
4 2443 2322 3012 3630
4 2398 3199 2789 3441
4 2304 2342 2276 2392
4 2539 2757 2724 3507
4 1495 3003 1494 3274
4 2482 2953 2282 2961
4 2292 2374 2686 3250
4 2049 2806 2500 3510
4 2429 3167 2598 3202
4 1479 1678 1997 3132
4 501 582 661 3191
4 990 975 2921 3009
4 2655 2429 2959 3226
4 2256 2369 2315 3233
4 846 2582 2854 2861
4 2291 2421 2297 3245
4 2340 2475 3089 3417
4 2330 2748 2601 3240
4 1825 1850 2853 3278
4 2487 3350 2840 3657
4 1781 1798 1799 2521
4 2032 2581 2041 2837
4 2033 2029 2162 2612
4 1379 2552 2993 3294
4 2285 3178 2492 3538
4 2868 3291 1041 3390
4 1035 1018 1019 2852
4 1312 2646 1401 2902
4 2646 2825 1425 3140
4 2279 2638 3359 3456
4 1059 1062 1091 2843
4 1588 1628 1689 2646
4 2270 2320 2290 3144
4 1754 1880 2766 3618
4 1098 2719 1085 3685
4 2181 2225 2974 3557
4 2299 2513 2278 2941
4 2454 2797 2320 3033
4 2351 2695 2461 2933
4 1818 1855 1820 3517
4 2265 3095 2696 3332
4 1662 2511 2732 3029
4 776 2811 757 3221
4 1836 1901 2597 3212
4 2285 2294 2381 2578
4 2281 2952 2317 3000
4 1580 1718 2561 2669
4 2573 2258 3196 3632
4 776 775 757 2811
4 995 2930 2838 3093
4 454 402 645 3460
4 2510 2409 2900 3003
4 2991 3130 1427 3612
4 2137 2940 3195 3571
4 1528 2818 2585 3062
4 2360 3075 2876 3209
4 2535 2275 3175 3283
4 1676 1478 1699 3580
4 763 3559 2980 3692
4 1929 1888 2601 3341
4 738 739 2786 3412
4 2432 3124 3361 3566
4 3124 3370 2013 3548
4 2501 3138 1544 3687
4 725 2634 726 2888
4 2282 2961 2953 3235
4 2297 2253 2797 3263
4 1396 3084 2564 3309
4 1662 1579 2511 3509
4 1106 1046 1165 2625
4 1123 2868 2591 3291
4 2269 2537 2867 3258
4 1379 2993 2552 3035
4 1503 1504 1502 2617
4 2377 2791 2245 3568
4 2408 2797 2681 3452
4 2451 2949 2420 3328
4 2270 2290 2572 3144
4 2827 3254 2438 3362
4 2322 2328 2258 2606
4 2327 3004 2254 3428
4 925 2728 797 2960
4 1393 1363 2715 3578
4 2295 3048 2530 3345
4 1912 2000 1737 2702
4 1188 1126 2547 2886
4 2567 1921 2917 3636
4 2442 2343 3125 3586
4 2277 2318 2286 2389
4 1919 1852 2563 3647
4 2341 2848 2694 3068
4 2277 3250 2697 3270
4 1060 1061 1059 2843
4 536 522 23 3532
4 1329 2932 2942 3084
4 2681 3156 1896 3490
4 879 2753 1898 3662
4 1410 2667 2744 3519
4 2490 2818 2467 3698
4 1554 2799 2769 3416
4 1787 1920 1750 2621
4 2475 2340 2863 3417
4 2182 2216 1987 2655
4 1823 2860 1810 3222
4 2853 3278 2648 3336
4 981 3103 979 3544
4 2557 2593 2347 2866
4 1584 1601 3479 3622
4 1915 1861 1911 2808
4 2785 2966 2696 3095
4 1581 1528 1523 3062
4 2492 804 3148 3208
4 2491 3175 1776 3469
4 1813 2694 1876 3222
4 2009 2863 2011 3557
4 2266 2690 2446 3034
4 1989 2177 1728 2645
4 2373 2656 2509 2931
4 2341 2512 2793 2911
4 2735 2823 2431 3051
4 2715 3564 2623 3578
4 1248 2623 3065 3564
4 741 759 890 2518
4 2288 2302 2390 2522
4 953 1190 1420 2977
4 2201 2123 1995 3677
4 1063 1084 1062 2843
4 2537 2867 2027 3487
4 1527 2967 1571 3119
4 758 741 2786 2880
4 2190 1999 2675 2866
4 1383 1350 1419 2968
4 2557 2866 2347 3035
4 2452 2903 2562 3229
4 1295 1367 3150 3309
4 964 1910 2688 2899
4 243 237 236 2698
4 1558 2517 2911 3187
4 1822 1806 1804 3297
4 621 469 652 3273
4 813 780 815 2861
4 1525 1528 1614 3062
4 2359 3077 2595 3617
4 1018 2676 1008 2873
4 1323 1376 1432 3523
4 2338 2771 2431 2809
4 2370 2261 3255 3343
4 2397 2732 2958 3459
4 2535 3283 3156 3535
4 2235 3039 2115 3486
4 1644 2679 2586 3299
4 2649 2843 2428 3064
4 1232 2738 3050 3447
4 2101 2579 2155 3466
4 787 2764 2689 3541
4 1378 1306 1318 3387
4 2225 2005 2007 2561
4 1855 1852 2802 2876
4 2035 2052 2144 2914
4 2546 2760 781 2989
4 2361 2376 2284 3136
4 2089 2922 2075 3582
4 2428 2843 2719 3685
4 260 3170 502 3462
4 2076 2645 2927 3652
4 2753 2827 845 3213
4 709 868 969 2688
4 1498 2594 1500 2835
4 2517 3187 1558 3495
4 1870 2453 2810 3016
4 1662 2511 1671 3509
4 2150 2661 2226 2904
4 1171 1910 1742 2688
4 1126 2886 1038 3660
4 959 3224 1399 3448
4 2508 2362 2907 2950
4 2206 2082 2210 2593
4 2454 2797 2270 3144
4 1538 1602 1512 2598
4 2808 3056 1860 3156
4 2294 3178 2285 3538
4 797 925 799 3251
4 821 850 787 2689
4 774 2755 792 3635
4 22 23 522 2673
4 2430 2867 2470 2871
4 2450 2711 2397 3459
4 1555 1552 1554 2769
4 2238 3106 2301 3261
4 2013 3124 2012 3370
4 2262 2586 2530 2900
4 1886 2604 1900 3271
4 2020 2025 2599 3349
4 962 1158 1935 2648
4 2662 3241 2254 3351
4 2619 3334 3042 3335
4 2439 2754 2576 3147
4 1971 1866 1913 2934
4 2010 3124 2974 3652
4 2095 2862 2579 3259
4 1058 1059 1091 2642
4 2922 2329 2991 3387
4 2419 2755 2481 3368
4 2567 2779 2405 3116
4 2340 2804 2912 3325
4 2495 3505 3211 3690
4 1890 1805 2595 3085
4 1632 1506 1504 2824
4 2542 2878 924 3430
4 1754 1751 1893 3253
4 2584 2271 3302 3379
4 1906 3068 2848 3572
4 2285 2492 3442 3538
4 2252 2598 2429 3167
4 1286 1291 1321 2935
4 2434 3196 2279 3268
4 1146 2868 1041 3390
4 2347 2505 2862 3539
4 1707 2658 1640 3672
4 2368 2303 2504 2650
4 2457 3126 2254 3241
4 2508 3092 2821 3347
4 2507 2321 2957 3200
4 297 318 372 3575
4 981 1115 980 2620
4 2589 3039 2229 3223
4 1158 1736 2648 3502
4 2534 2353 2720 3040
4 2292 2319 2478 2682
4 2637 2981 1767 3070
4 2357 2846 2781 3259
4 2292 2374 2478 2686
4 1104 2886 1188 3448
4 1215 2553 1450 3422
4 2556 2739 2414 3275
4 3008 3473 1117 3581
4 2295 2524 2385 2900
4 1771 2777 2605 3175
4 2423 3511 2759 3611
4 1169 2886 1104 3448
4 1477 1652 2716 2956
4 2426 2253 2975 3482
4 1987 2655 2216 3466
4 858 2607 803 2827
4 2279 3196 2766 3268
4 2388 3103 2643 3391
4 1429 1305 1433 3294
4 2103 3288 2562 3427
4 1431 1323 1211 2693
4 2396 2422 2306 2816
4 1064 2507 1032 3335
4 959 1187 2547 3448
4 2778 2846 2391 3295
4 2038 2161 2927 3370
4 260 2686 3170 3462
4 2862 3006 2579 3348
4 1030 1032 2507 3200
4 1095 1096 1155 2567
4 677 586 3080 3249
4 1881 2766 1880 3152
4 2431 2585 2338 3698
4 2101 3153 2579 3466
4 2345 3116 2746 3636
4 2393 2784 2988 3219
4 2685 2906 2241 3102
4 1017 1135 2789 2937
4 1745 2849 2749 3075
4 2286 2396 2306 3081
4 1931 1835 1964 2534
4 1176 2957 1064 3335
4 1098 2657 2719 2977
4 1213 1402 1441 2878
4 2286 2277 3250 3489
4 996 3473 1093 3581
4 2237 2734 2903 3432
4 1221 1416 869 3038
4 1080 1081 2833 3404
4 1030 1024 1032 3200
4 2484 2927 2076 3124
4 2424 2324 2907 3050
4 223 16 17 2480
4 2304 2652 2503 3024
4 1030 2507 2957 3200
4 1495 1492 1494 3003
4 2887 3035 1380 3484
4 2526 3089 2475 3264
4 989 2822 3053 3545
4 2107 2228 2207 2718
4 1194 948 3157 3441
4 959 2547 1187 3224
4 2620 2864 998 3391
4 2270 2408 2681 3472
4 2380 2807 2718 3199
4 2635 2845 2471 3225
4 2027 2028 2024 2537
4 2690 2915 2446 3034
4 599 670 2973 3665
4 2126 2074 3267 3327
4 2250 2303 2871 2883
4 694 3236 931 3498
4 2372 2421 2291 3245
4 1534 1533 1535 2527
4 2276 3102 2685 3461
4 869 928 2758 3038
4 1682 1643 2818 3021
4 1314 1353 1295 2660
4 1550 1548 3002 3264
4 1808 1825 2853 3278
4 2418 2610 2990 3375
4 1496 1499 2530 3274
4 1255 2815 2575 3121
4 1908 1822 2947 3297
4 2620 3103 2388 3391
4 2316 2641 2488 3104
4 927 2748 916 2956
4 870 2607 745 3412
4 750 2582 2630 3015
4 1389 2576 1392 2991
4 2685 3102 2276 3266
4 2661 3089 2904 3417
4 1596 1705 1584 2534
4 2261 2473 2326 2858
4 1244 1241 1388 3320
4 1807 1808 1789 2528
4 2097 2862 2675 3006
4 1359 1293 3064 3113
4 2182 1695 1698 2655
4 2245 2403 2783 3568
4 938 687 2717 2984
4 2254 3004 2311 3351
4 2452 3336 2855 3414
4 1236 1370 3050 3182
4 2485 2330 2860 2933
4 2827 3067 2533 3254
4 745 2607 827 3221
4 2333 3366 2632 3439
4 2317 2373 2281 2469
4 2660 3084 1353 3309
4 2705 3164 2450 3313
4 2385 2524 2295 2842
4 1810 3222 2860 3341
4 2440 3047 2302 3073
4 1912 2702 1948 3596
4 2267 2736 2305 3381
4 1313 1314 2660 3084
4 1687 1649 1623 2904
4 1081 2639 2833 3404
4 1168 2001 2186 3223
4 2330 2533 2601 2933
4 2597 2798 2332 2853
4 1399 2547 1229 3448
4 1936 916 2748 2956
4 1628 1719 2646 2902
4 1495 2586 3274 3299
4 827 2607 858 3221
4 2088 2543 3127 3426
4 404 405 3010 3607
4 1066 1089 1078 3083
4 2330 2511 2716 2811
4 2508 2362 2950 3374
4 2336 2764 2728 3252
4 731 867 2722 3174
4 2643 2952 3116 3649
4 2330 2511 2990 3509
4 2340 2804 2598 3202
4 2585 2872 1614 3062
4 1810 2485 3222 3341
4 2408 2521 2797 3452
4 1380 2552 1429 3484
4 2569 3219 2873 3306
4 2257 2654 2349 3367
4 3147 3270 2576 3286
4 2361 2684 2462 2841
4 1248 1309 1260 2623
4 1683 2729 1685 3003
4 2294 2471 2404 3247
4 2388 3111 3000 3279
4 2357 2579 2846 3259
4 1804 2947 2538 3596
4 1084 3008 2843 3685
4 1441 2878 2542 3430
4 1368 2935 3392 3468
4 1412 2657 953 2977
4 1108 2717 2676 3360
4 2103 2946 2158 3552
4 1060 1059 1031 2642
4 980 2620 997 3103
4 2728 2960 2514 3252
4 2386 2311 3069 3102
4 2243 2291 2768 2944
4 2325 2561 3002 3264
4 2824 3216 1632 3373
4 2271 2482 2817 2953
4 1688 2585 1583 2752
4 2100 2209 3422 3579
4 2075 2922 2210 3217
4 2391 2846 2527 3626
4 1550 1580 1569 3264
4 2257 2784 2654 3367
4 2252 2300 3172 3673
4 685 610 514 3099
4 2267 2310 2368 2472
4 1538 1545 1602 3202
4 2418 2241 2906 3254
4 2276 2685 3266 3461
4 2267 2581 2736 3381
4 2490 2246 2713 3453
4 2351 3254 2827 3362
4 2358 2823 2735 3051
4 2050 2061 2051 2703
4 621 659 477 2650
4 2324 2424 2738 3050
4 987 989 1093 2822
4 926 862 2839 2960
4 2471 2635 2634 2845
4 2347 2593 2505 3539
4 763 765 783 3559
4 1662 1579 1562 2948
4 2303 2734 2383 3047
4 2246 2936 2286 3081
4 2353 2501 3060 3126
4 2529 2873 2676 3390
4 1866 2567 1921 2917
4 2388 3111 2452 3414
4 1771 2605 1907 3300
4 1135 2937 1017 3497
4 1954 1901 1902 2798
4 2722 3174 2261 3388
4 732 2722 2523 3388
4 2140 2587 2741 3349
4 2038 2126 2570 2927
4 2518 3087 2683 3204
4 1760 1757 2896 3438
4 1623 2661 1984 2959
4 2114 2110 2234 2943
4 2822 3053 2268 3328
4 1495 2586 3003 3274
4 839 2811 788 3406
4 1272 2576 1389 3357
4 1959 2714 2215 2798
4 2436 2283 3105 3165
4 246 254 253 3462
4 1176 1150 1064 2957
4 1471 3256 2534 3317
4 2353 2794 2501 3126
4 2648 2853 1850 3278
4 2260 2583 2683 3412
4 2424 2745 3050 3591
4 811 902 2751 3244
4 263 583 236 2698
4 2491 2848 2341 3068
4 1875 2748 1889 2860
4 1063 1084 2843 3685
4 3095 3315 2696 3332
4 2362 2581 2508 2736
4 2079 2946 2742 3234
4 2119 2229 2589 3039
4 880 2563 695 3209
4 3111 3336 2452 3414
4 1312 2646 2902 3294
4 1040 1097 1099 3125
4 1929 1831 1888 3341
4 2393 2676 3219 3306
4 2482 2271 2817 3328
4 1392 2576 1268 3682
4 2279 2401 3196 3456
4 2482 2930 2442 2949
4 931 814 2546 3248
4 2261 2972 2523 3538
4 2340 2727 2661 3167
4 1463 1623 1984 2959
4 1811 2663 1786 3152
4 2514 2728 1071 3435
4 455 3613 533 3680
4 2357 3228 2655 3510
4 1628 1610 1719 2902
4 2272 2464 3036 3443
4 1475 701 1660 2751
4 2384 2908 2722 3276
4 2481 3026 2240 3368
4 997 2620 998 3391
4 2243 2912 2747 3245
4 2881 3111 2345 3481
4 845 2827 2753 3067
4 2776 2944 2297 3245
4 980 981 2620 3103
4 2481 2240 2874 3368
4 866 2523 748 3208
4 2666 1520 2945 3269
4 2330 2990 2712 3509
4 2397 2924 2732 3459
4 1527 2778 2967 3119
4 2199 2120 2761 3079
4 813 777 780 2861
4 2855 3336 2405 3414
4 2429 2806 2655 3228
4 2448 2615 2399 3114
4 2291 2909 2444 2944
4 2879 2958 2397 3569
4 418 549 660 3171
4 2895 2968 2495 3605
4 2466 3239 2380 3620
4 227 3168 212 3665
4 1721 2632 1939 2940
4 2276 2311 2588 3102
4 2162 2612 2029 3678
4 2881 3284 3111 3481
4 1879 1858 2801 3070
4 2519 2412 2935 3468
4 1479 1684 1718 2561
4 2468 2768 2353 3060
4 2507 1064 2957 3335
4 2360 2749 3075 3209
4 2391 3295 2846 3626
4 1530 1589 2693 3021
4 1551 1552 1626 3201
4 2511 2330 2716 3509
4 2576 2754 2439 2991
4 1295 1313 1314 2660
4 795 2533 3067 3240
4 1938 2934 1849 3278
4 2276 2304 2900 3266
4 2287 2549 2636 2715
4 2287 2636 2464 3036
4 2754 2991 2576 3357
4 2526 3325 3040 3566
4 1552 2769 1626 3201
4 880 822 695 2563
4 2527 3014 2778 3137
4 2442 2949 2930 3473
4 2461 2820 3166 3362
4 875 735 848 3376
4 2481 2908 2672 3248
4 1473 1657 1219 2752
4 2720 2768 2468 3110
4 2601 2748 1929 3281
4 1552 3201 1547 3687
4 2271 3188 2545 3533
4 1490 1489 1488 2992
4 2370 2609 2473 3343
4 814 781 2546 3248
4 2315 2349 2256 2494
4 2282 2603 2451 2949
4 3214 3424 1388 3537
4 905 703 933 3038
4 931 2546 3236 3248
4 971 972 949 2917
4 1635 2716 3307 3509
4 1584 3479 3002 3622
4 2030 2612 2034 3310
4 2243 2432 2776 3361
4 1291 1321 2935 3668
4 1536 1609 1610 2902
4 2533 3221 2827 3254
4 599 267 670 3665
4 1022 1162 1067 2584
4 2319 3172 2300 3673
4 2640 3114 2399 3261
4 1894 1829 1940 3068
4 2448 3114 2399 3511
4 1203 1159 947 2717
4 2868 3053 1134 3544
4 2296 2685 2342 3102
4 2461 2820 2351 2933
4 3000 3111 2388 3116
4 2407 2937 2789 3199
4 2358 2759 2640 3611
4 2250 2335 2303 2931
4 1581 3062 1523 3603
4 2848 2485 3222 3572
4 2642 2843 2803 3160
4 2275 2461 2605 2963
4 683 214 3017 3185
4 2410 2915 2690 3034
4 2236 2655 2200 2959
4 1427 2991 2664 3130
4 2732 2814 1509 2924
4 727 2635 2634 3225
4 2293 2267 2472 3381
4 1313 2548 1328 3084
4 2244 2678 3090 3235
4 1248 2623 1260 3065
4 752 860 750 2630
4 1528 2585 1614 3062
4 2248 2317 2952 3000
4 1154 1090 1140 2934
4 2106 2718 3346 3588
4 677 494 586 3249
4 1763 1896 2681 3156
4 2320 2454 3033 3144
4 1917 1964 3256 3317
4 1062 2843 1084 3008
4 582 431 551 2725
4 1113 2779 2643 3391
4 1578 1509 1562 2948
4 787 2689 850 3541
4 2374 2396 2286 3246
4 964 1143 3455 3587
4 1067 2584 1116 2817
4 987 3053 2822 3290
4 2664 2922 2329 2991
4 1843 1932 2899 3647
4 2276 2342 2304 3266
4 1690 1598 1603 3202
4 2558 2629 2435 3268
4 2155 2579 2095 3006
4 2605 1756 3438 3610
4 2432 3245 3020 3593
4 2338 2818 2490 3698
4 1881 1900 2604 3271
4 2738 2962 2343 3505
4 2255 3270 3147 3286
4 2768 3060 2468 3428
4 2694 3222 2512 3419
4 487 419 426 2652
4 2461 2621 3166 3595
4 2235 2466 3039 3486
4 1388 3214 2636 3320
4 2352 2493 2258 3144
4 869 698 1442 2758
4 1720 688 710 2749
4 2526 3002 1548 3264
4 2340 2661 2429 3167
4 1839 3297 1931 3317
4 1375 1427 3130 3612
4 1879 1890 2595 2801
4 1704 2580 1928 3317
4 2257 2582 2784 3367
4 1626 1552 1555 2769
4 2530 2835 1499 3488
4 1448 2761 2589 3447
4 1104 2886 1169 3039
4 885 817 878 2840
4 1751 1893 3253 3590
4 2261 2722 2523 3255
4 867 733 2722 2908
4 1272 1268 2576 3065
4 786 2839 862 2960
4 2271 2817 2620 3379
4 2358 2942 2667 3559
4 2921 3009 2346 3458
4 2446 2835 2617 3420
4 1892 2604 1886 2901
4 2311 2662 2254 3351
4 2448 3225 2635 3376
4 2722 3289 2419 3639
4 2292 2478 2319 2486
4 1578 1667 1673 2948
4 2245 2783 2280 3568
4 2451 2282 2949 3328
4 1725 2671 1957 3318
4 2323 2507 2812 3418
4 674 211 653 2813
4 2422 2515 2286 3489
4 2150 2226 2191 2904
4 725 2634 2888 3574
4 3211 3505 3090 3690
4 2539 2336 2757 2802
4 2885 3136 2414 3265
4 795 776 782 2533
4 1786 3152 2663 3353
4 2724 3063 1812 3152
4 2243 2776 2432 3245
4 596 0 609 3604
4 1095 2567 1112 2917
4 364 463 357 3287
4 1104 1103 2886 3039
4 1956 1847 2644 3303
4 2155 3006 1994 3466
4 2273 2319 2292 3293
4 1169 2886 2589 3039
4 2332 2798 3425 3502
4 2501 2769 2740 3687
4 2061 2703 2050 3374
4 2501 3138 2690 3663
4 1698 2959 2655 3667
4 2552 1380 3035 3484
4 2435 2802 2757 2910
4 1811 1785 1786 2663
4 1502 2617 1504 3488
4 1647 1732 1476 3256
4 2729 3003 2510 3205
4 2671 2426 3077 3195
4 2535 3175 1772 3438
4 2444 2909 2297 2944
4 2681 2797 2521 3452
4 1603 1653 1687 3202
4 405 444 659 3607
4 2701 3275 1288 3408
4 2477 2696 2966 3095
4 986 987 985 3290
4 2537 2027 2867 3258
4 2262 2713 2679 3106
4 2258 2493 2328 2881
4 2607 2827 858 3221
4 2907 2424 3090 3505
4 2857 2873 2569 3445
4 2751 3244 2331 3449
4 1093 3473 2822 3581
4 2283 2525 2301 2713
4 401 677 586 3080
4 2500 2969 2741 3293
4 2580 2720 2353 3699
4 1129 2833 1166 3681
4 220 221 2670 3041
4 1115 2620 981 3188
4 2300 3129 2394 3172
4 1731 1853 1919 2563
4 2338 2490 3021 3054
4 2347 2862 2579 3348
4 2534 3297 2720 3317
4 2643 3116 2395 3372
4 1633 3089 2804 3264
4 2175 2593 2206 2866
4 740 2908 742 3529
4 247 252 249 2870
4 2305 2365 2272 2614
4 1229 2547 1408 3619
4 2136 2940 2671 3195
4 2448 3114 2245 3399
4 2526 2912 3325 3566
4 2299 2875 2257 3383
4 1211 1323 1432 2693
4 752 778 784 2630
4 1798 1799 2521 2996
4 1936 2748 1949 2956
4 2249 2621 2558 3337
4 947 2717 687 2984
4 1859 2535 1772 3438
4 964 3455 2899 3587
4 1791 3151 2485 3341
4 1690 2661 1623 2959
4 2716 2811 2511 3193
4 1687 2904 2661 3089
4 1872 1839 3317 3699
4 981 3188 3103 3544
4 2875 3052 2654 3321
4 2036 2969 2741 3078
4 2539 2971 2756 3455
4 781 2760 2546 3248
4 2319 2682 2292 3293
4 997 3103 2620 3391
4 249 3194 248 3513
4 563 18 2850 3526
4 2419 2261 3174 3399
4 1216 1410 922 2744
4 2350 2418 2610 2990
4 653 2813 596 3421
4 1785 1786 2663 3353
4 2259 2549 2715 3210
4 927 2716 944 3406
4 725 727 726 2634
4 2673 2925 2415 3410
4 2006 2007 2005 2702
4 2261 2370 2326 2473
4 2225 2176 2561 3097
4 2262 2301 2385 2525
4 1006 3379 1039 3515
4 931 3236 2546 3498
4 2423 2564 3218 3511
4 504 13 12 3230
4 1277 1289 1276 2993
4 3166 3213 2460 3362
4 2459 2838 2407 2937
4 2331 2497 2751 3449
4 2962 2987 2466 3239
4 2267 2627 2356 3608
4 1044 2756 3181 3556
4 2260 3131 2683 3247
4 1698 2200 2655 2959
4 2347 2579 3014 3348
4 2470 2398 3001 3493
4 2464 2272 2628 3211
4 2255 2692 3270 3286
4 2468 2720 2353 2768
4 2271 2441 3188 3533
4 1371 2745 2647 3422
4 2446 3382 2835 3420
4 1060 2642 1031 2957
4 1884 2663 1816 3303
4 983 986 985 2545
4 223 2480 17 3526
4 2561 2669 1718 3132
4 2339 2825 2646 3186
4 757 3221 2811 3375
4 757 2811 775 3375
4 1372 2553 3050 3422
4 2598 2804 2340 3402
4 1436 1327 1310 3334
4 2517 2341 2911 3187
4 1245 1243 1244 2636
4 2584 2931 2458 3302
4 2269 2368 2303 2871
4 2079 2543 2946 3234
4 1907 2605 2777 3300
4 1384 1349 1261 3159
4 2292 2319 2273 2486
4 2251 3131 2880 3139
4 2450 3269 2711 3459
4 2534 2580 2353 3479
4 2640 2791 2298 3105
4 2384 2481 2874 2908
4 1534 2834 2527 3146
4 2405 3336 3111 3414
4 1953 2669 2702 3132
4 2617 2828 2264 3048
4 2435 2910 2757 3359
4 2711 3269 1617 3459
4 1804 1806 1803 2538
4 2125 2979 2706 3267
4 1498 1500 2594 3382
4 2769 3416 2740 3687
4 2253 2975 3263 3470
4 2269 2867 2537 3393
4 2598 3167 2340 3202
4 1574 2512 1634 3419
4 838 2811 2511 3375
4 2343 2856 2738 3505
4 2458 2620 2388 2864
4 2557 2985 2413 3232
4 2620 3103 981 3188
4 2699 2897 2790 3238
4 1584 2534 1705 3002
4 1816 1884 1785 2663
4 2329 2692 2413 3232
4 1767 1766 1774 2637
4 2693 2818 1643 3021
4 2410 2340 2804 3402
4 1564 1644 1661 2679
4 399 483 616 3642
4 1687 1623 2661 2904
4 2103 2081 2158 2946
4 2392 2524 2304 2707
4 2242 2299 3359 3383
4 2683 3204 2471 3247
4 1897 1724 970 2644
4 1583 1528 1582 3450
4 2312 2898 2733 3338
4 1613 2579 1606 3119
4 1780 1879 2595 3070
4 318 600 420 3179
4 2398 2807 2470 3199
4 2886 2962 2466 3239
4 1870 1795 2810 3068
4 2281 2656 2373 2931
4 976 977 978 2643
4 2564 3511 2423 3611
4 2426 2333 2632 2938
4 2799 3241 2457 3260
4 2839 2960 786 3541
4 2290 2320 2670 3144
4 964 2688 1133 3120
4 2538 2947 1804 3297
4 864 1899 1898 2753
4 1506 2824 1632 3373
4 1744 710 874 3209
4 2546 3083 2812 3498
4 2033 2612 2162 3314
4 2186 965 1168 3223
4 588 542 654 2659
4 2461 3166 2820 3595
4 1313 2548 3084 3292
4 1169 2589 2886 3448
4 2393 2717 3306 3700
4 1090 1140 2934 3326
4 1903 2605 1771 3300
4 2280 2783 2245 2858
4 762 770 746 2536
4 2342 3102 2685 3266
4 978 997 1113 2643
4 2329 2413 2985 3232
4 1329 2932 1331 2942
4 2640 2759 2399 3511
4 2269 3401 2480 3521
4 2355 2555 2550 3428
4 1692 2221 1994 3466
4 2452 2388 2864 3279
4 1865 1772 1859 2535
4 727 848 730 2635
4 1313 3084 2660 3292
4 2881 2345 3111 3284
4 1886 1782 1766 2901
4 2740 2905 2457 3126
4 2363 2481 2672 3248
4 467 398 2733 3474
4 2710 3051 2399 3344
4 750 2630 860 3015
4 2419 2970 2755 3368
4 2365 2678 2272 3500
4 2260 2786 2683 3131
4 2331 2608 2705 3088
4 2350 2610 2511 2990
4 758 2880 2786 3514
4 2286 2306 2396 2422
4 1805 1780 1879 2595
4 1699 2675 1691 3580
4 2742 2903 2411 3549
4 496 603 430 3012
4 3090 3211 2678 3505
4 2408 2270 2797 2944
4 1177 1225 1438 3038
4 2636 3214 2464 3320
4 1371 1372 1370 3422
4 2453 2580 3016 3201
4 2573 2258 2901 3271
4 710 1744 1720 2749
4 2589 2761 2120 3079
4 2380 2789 2718 3620
4 2254 3241 2662 3260
4 2567 1155 2934 3326
4 2287 2375 2259 3658
4 2215 2222 2104 2798
4 989 2822 987 3053
4 1969 1908 2947 3256
4 2535 3156 2270 3535
4 2270 2535 2808 3156
4 2256 2315 2982 3233
4 2166 2204 2214 2806
4 1314 1396 1353 3084
4 2359 2964 2801 3212
4 2295 2355 2402 2773
4 1928 2580 1704 3016
4 2262 2530 2616 3345
4 2269 2737 2867 2871
4 1313 1440 1328 2548
4 801 3098 800 3313
4 2008 2010 2974 3652
4 2325 3256 2947 3297
4 1319 1398 2887 3035
4 2256 2982 2479 3233
4 2079 2159 2088 2543
4 651 514 306 3474
4 2336 2708 2514 2728
4 1155 1112 2567 2934
4 2526 2890 1548 3622
4 2245 2660 2564 3218
4 2495 2678 3211 3505
4 1495 2586 1492 3003
4 2281 2383 3047 3284
4 986 2545 3053 3290
4 1145 1123 1122 2591
4 2482 3093 1125 3290
4 1129 1080 1081 2833
4 759 2518 2880 3350
4 1245 2636 1244 3214
4 2035 2144 2737 2914
4 2567 2779 1155 3326
4 2529 1009 3291 3390
4 2697 3250 2277 3489
4 2282 2953 2335 3235
4 2197 1982 2196 2632
4 2341 2793 2517 2911
4 2036 2741 2037 3078
4 1890 2595 2801 3085
4 2671 3077 2359 3195
4 2360 2629 2558 3337
4 2321 2843 2642 3160
4 1528 2585 2818 3450
4 1261 3424 3159 3605
4 2204 2102 2216 3153
4 395 667 325 3683
4 2803 2843 2465 3160
4 1512 1602 1597 3446
4 1840 2669 1969 2947
4 2428 3113 2895 3160
4 2429 2340 3167 3202
4 2470 2867 2737 2871
4 2579 3014 1606 3119
4 2225 3097 2561 3557
4 1478 2675 1699 3580
4 2736 2844 2305 3090
4 2926 3106 2262 3531
4 1244 2636 1388 3214
4 959 2547 3224 3448
4 1578 2814 1509 2948
4 1620 1658 1708 2694
4 2128 2131 2129 3366
4 789 2755 774 3518
4 2410 2340 2747 3325
4 2246 2936 2498 3186
4 2341 3187 2517 3260
4 2700 2332 2798 3425
4 2553 2950 2647 3422
4 2050 2703 2051 3311
4 2333 2484 2723 3057
4 2257 2381 3383 3442
4 1808 2853 2528 3278
4 1911 3110 3452 3522
4 2904 3089 2475 3417
4 2243 2912 3361 3566
4 869 707 928 3038
4 2459 2987 2962 3239
4 2261 2634 2294 3538
4 1613 1686 1606 2579
4 2562 3427 2833 3681
4 2500 3172 2969 3293
4 2601 2748 2330 2860
4 1091 1058 2642 3581
4 759 2880 773 3350
4 2562 2452 3229 3681
4 1182 1063 2843 3685
4 2643 2779 1113 3333
4 1399 3224 2547 3448
4 1560 2911 2799 3187
4 2269 2302 2480 3401
4 2545 3188 2441 3533
4 1739 1640 2658 3672
4 2239 2846 3295 3626
4 2360 2699 2460 2749
4 2336 2802 2539 2899
4 879 864 1898 2753
4 2320 2297 2444 2633
4 2470 2871 2737 2883
4 1507 1632 1504 3216
4 2266 2355 2295 2905
4 2343 2678 2442 3183
4 784 2630 778 3094
4 895 806 881 2615
4 2342 2276 3102 3266
4 1116 2584 1162 3379
4 2295 2594 2530 3048
4 2683 3087 2471 3204
4 1781 1798 2521 3397
4 901 946 817 2958
4 964 1133 1143 3120
4 2288 2253 2687 3033
4 2256 2873 2857 3445
4 741 2786 744 3514
4 752 2630 750 3411
4 2303 2368 2504 2871
4 2770 3265 2433 3697
4 1808 1807 1825 3278
4 2558 3590 3253 3618
4 1247 1245 1246 2549
4 748 3015 847 3208
4 2563 2876 2802 3647
4 2461 2351 2820 3362
4 763 783 2980 3559
4 2922 3217 2075 3582
4 2635 2261 3174 3388
4 1760 2896 2572 3438
4 2639 2833 2631 3076
4 1208 876 913 2667
4 2259 2575 2762 3165
4 2545 3290 2817 3328
4 469 477 270 2650
4 497 2830 676 3570
4 2034 3310 2612 3640
4 2411 2742 2914 3432
4 2265 2488 2361 3104
4 2347 2836 2527 2846
4 2266 2355 2372 2725
4 1067 1022 2584 3093
4 878 2840 817 2879
4 2812 3083 2546 3418
4 2638 3372 2346 3433
4 1130 2193 967 2714
4 2270 2808 2535 3004
4 779 842 2610 3029
4 2642 2957 2321 3200
4 1761 2572 1760 3043
4 1243 2715 1363 3564
4 1182 1063 1061 2843
4 2351 3213 3166 3362
4 2255 3270 2692 3410
4 2298 2531 2274 3261
4 2243 3361 3057 3566
4 1574 1634 2512 3307
4 1197 1967 934 2688
4 2704 2822 1093 3545
4 994 2838 2930 3125
4 737 724 722 2683
4 2766 3268 2435 3359
4 2624 2687 2411 3073
4 2330 2511 2811 2990
4 1295 3150 2660 3309
4 2733 2898 2445 3440
4 2340 3089 2661 3417
4 1683 2729 3003 3542
4 2652 3099 2378 3161
4 1513 1507 1511 3216
4 2373 2765 2451 2847
4 1434 1694 3140 3668
4 2309 2828 2446 3048
4 1155 2567 1096 2779
4 2259 2762 2575 3210
4 2450 2397 2879 3459
4 2523 3015 748 3208
4 721 804 720 3148
4 2246 2286 2936 3489
4 2444 2633 2297 2909
4 3196 3369 2434 3543
4 2283 2301 2427 3261
4 1873 3222 1980 3672
4 498 427 644 3561
4 2677 2825 1292 3294
4 3028 3098 2615 3650
4 694 931 877 3498
4 2736 3235 2305 3381
4 2268 2465 2822 2949
4 356 3207 354 3621
4 2261 2523 2972 3255
4 2311 3004 2327 3351
4 2248 3116 2952 3649
4 1538 2598 1512 2915
4 641 25 3168 3396
4 2491 1776 3175 3572
4 2674 2989 2812 3498
4 1549 1548 1550 3264
4 2394 3020 3167 3593
4 2419 2481 2874 3368
4 778 2630 752 3411
4 2429 2357 2655 2967
4 759 890 2518 3350
4 397 467 398 2733
4 2320 2390 2297 2633
4 1474 3419 1707 3672
4 2526 1548 3002 3622
4 2241 2461 2933 3231
4 1534 2527 1535 3146
4 2666 3088 2705 3645
4 926 862 813 2839
4 2858 2419 3255 3343
4 2296 2241 2906 3102
4 1496 2530 1629 3299
4 2825 2935 2412 3392
4 1673 1578 2948 3495
4 1503 2617 1502 2835
4 1693 3097 3089 3264
4 2251 2880 3059 3139
4 2399 3344 3261 3693
4 2339 2834 2527 3626
4 2366 2903 2734 3432
4 2813 2954 2387 3282
4 2295 2392 2355 2773
4 2257 2381 2349 2516
4 1761 1760 1762 3043
4 1522 1566 2666 3062
4 2359 2597 2964 3212
4 2038 2927 2570 3370
4 2677 2836 2339 3294
4 1228 1448 2589 3447
4 2304 2524 2392 2900
4 807 925 2960 3435
4 1920 2621 1787 3166
4 2394 2500 2806 3172
4 2302 2480 2348 2483
4 1688 1614 1583 2585
4 447 2954 414 3395
4 2346 2971 2539 3063
4 2559 2921 975 3009
4 1513 1511 2520 3216
4 2677 2697 2339 2836
4 2250 2470 2871 3199
4 2259 2920 2412 3086
4 2243 2768 2291 2794
4 2082 2210 2593 3217
4 1593 3016 2580 3201
4 2569 2730 2393 3700
4 2658 2716 1652 2956
4 1964 2534 1835 3256
4 2393 2730 2569 2988
4 2634 2888 2294 3538
4 1734 1936 700 2748
4 2245 2640 2298 3114
4 2243 2794 2747 3325
4 2690 3138 2410 3663
4 2539 2346 2756 2971
4 1978 1928 1871 2580
4 1534 1536 2834 3146
4 2250 2871 2470 2883
4 2136 2070 2137 3195
4 2408 2808 2681 3472
4 849 720 853 3148
4 1187 1188 1126 2547
4 2276 2311 3102 3260
4 2050 2703 3311 3374
4 2049 2969 2806 3355
4 2538 2996 2723 3057
4 2005 2561 1997 3132
4 2712 2948 2517 3495
4 728 3208 2634 3388
4 1651 2716 1635 3509
4 1767 2637 1774 3496
4 2261 2326 2845 3399
4 910 1477 1650 2716
4 727 2634 2635 3388
4 1891 3070 2981 3558
4 2413 2697 2677 2836
4 2538 2408 2996 3057
4 2567 2743 2405 2934
4 1352 1412 1420 2977
4 1691 2675 1699 3006
4 2293 2368 2267 3393
4 1266 1396 2564 3309
4 1080 2833 2631 3404
4 2781 2865 2505 3149
4 865 832 830 3236
4 2225 2181 3097 3557
4 821 850 2689 3655
4 2292 2356 2273 3331
4 2343 2442 2719 3183
4 2341 3241 2799 3260
4 2519 2771 2382 3386
4 2241 2695 2461 3069
4 2529 3233 2873 3390
4 2350 2924 3139 3646
4 2476 2338 2693 3021
4 849 2790 720 3148
4 811 810 902 3244
4 2263 2297 2483 3245
4 2336 2802 2563 2910
4 875 2635 3225 3376
4 2591 3009 2559 3324
4 2663 3152 2724 3433
4 2675 3006 1691 3580
4 2129 2632 3327 3366
4 2310 3257 2273 3608
4 2388 3000 2952 3279
4 2036 2025 2741 2969
4 2718 2789 3441 3620
4 2778 3014 2579 3119
4 1997 2005 2225 2561
4 754 3248 2481 3518
4 1266 2564 1396 3508
4 997 2643 978 3103
4 2412 2519 2920 3468
4 1232 1316 1404 3050
4 978 2643 977 3103
4 2103 2562 2946 3552
4 2162 2979 2612 3678
4 1507 3192 1511 3216
4 2044 2742 2065 2914
4 2261 2858 2419 3255
4 2261 2419 2722 3255
4 2351 2461 2695 3362
4 2435 3359 2757 3433
4 2215 2714 2222 2798
4 1644 1661 2679 3299
4 2755 2970 2419 3639
4 2989 3038 933 3498
4 1618 3164 2450 3645
4 1349 1261 3159 3605
4 2460 2749 2699 3638
4 2331 2705 2666 3088
4 2369 2299 2516 2913
4 2286 2396 3081 3623
4 2529 3291 2868 3390
4 2741 3257 2599 3349
4 694 1192 955 3498
4 2437 3036 2628 3320
4 2335 2271 2451 2847
4 2279 2364 2308 3268
4 1256 2696 1278 3095
4 2247 2966 2894 3211
4 2655 3153 2216 3466
4 384 365 317 3312
4 2332 2452 2855 3229
4 2677 2825 2412 3392
4 2579 3006 2155 3466
4 2625 2337 2839 2861
4 2337 2654 2529 3052
4 1908 2947 3256 3297
4 1671 2511 1662 3193
4 1411 1415 1639 2919
4 1621 2799 1620 3061
4 3246 3295 2391 3626
4 1138 2756 2708 3181
4 1675 2490 3203 3480
4 2448 2759 2399 3028
4 1326 2542 1441 3408
4 2095 2579 2862 3006
4 1283 1307 2557 2993
4 1113 2643 997 3391
4 2076 2927 2484 3652
4 2407 2838 2482 3093
4 2807 3346 2718 3588
4 1118 2559 975 3009
4 749 2854 2582 3276
4 779 841 842 3029
4 1554 3187 2799 3416
4 2610 3029 2511 3375
4 2327 2444 2291 2819
4 1158 2648 3425 3502
4 986 985 2545 3290
4 845 2753 896 3067
4 2274 2531 2378 3261
4 1408 2547 3224 3619
4 2608 3344 2710 3592
4 1892 1886 1760 2901
4 1668 3138 2690 3687
4 2394 3020 3019 3625
4 1236 3182 3050 3573
4 2531 2845 2326 3114
4 2498 3186 2889 3525
4 2477 2895 3113 3160
4 1419 1205 1360 3064
4 1115 2620 3188 3379
4 1029 2789 1135 2937
4 1697 3089 1693 3097
4 2107 2105 3157 3588
4 2612 2411 3073 3314
4 1354 3224 2856 3619
4 748 2523 732 3276
4 1570 1693 3089 3264
4 2781 3078 2500 3510
4 2846 3149 2239 3295
4 459 678 559 3143
4 360 361 359 2796
4 813 2839 777 2861
4 2851 3125 2343 3586
4 2644 2921 2917 3303
4 1343 2919 2497 3583
4 2840 2880 2397 3059
4 1525 3062 2872 3322
4 1686 3006 2579 3466
4 1035 2676 2852 3360
4 2339 2646 2825 3294
4 1754 2766 1880 3330
4 1861 2808 2681 3452
4 207 2670 221 3041
4 2477 2966 2785 3095
4 1254 2575 1251 3436
4 1806 2538 1804 3297
4 2206 2593 2210 2922
4 2201 2553 2123 3677
4 1360 1359 1293 3064
4 2712 2793 2512 2911
4 1650 910 2716 3193
4 1305 1429 1380 2552
4 1278 1280 1271 3095
4 2874 2988 2384 3367
4 2136 2203 2223 2671
4 2417 3052 2757 3252
4 1549 2526 1548 3264
4 2325 3264 2526 3566
4 1096 2567 1095 3333
4 2014 2016 3019 3370
4 2250 2303 2734 2931
4 2300 2372 2747 3245
4 2384 2784 2582 3367
4 2628 2495 3211 3690
4 1886 2901 2604 3271
4 1600 1668 1655 2690
4 1716 1637 1647 3256
4 2761 3050 2324 3447
4 420 497 496 2665
4 2411 2624 3314 3640
4 1118 977 975 2559
4 2031 2027 2867 3487
4 2257 2582 2523 3015
4 259 479 3434 3634
4 1722 1866 1921 2917
4 2357 2778 2579 3119
4 2428 3160 2895 3183
4 818 931 2546 3498
4 2278 3145 2441 3533
4 844 896 845 2753
4 2346 2539 2724 3063
4 2303 2269 2440 2650
4 1823 1810 1809 3222
4 1274 1264 1273 3468
4 2403 2575 3309 3436
4 895 3225 903 3650
4 1811 1846 1816 3063
4 1014 1135 1007 2937
4 1959 1743 2215 2714
4 2543 2903 2742 3549
4 1685 3274 3003 3661
4 1894 1876 1813 2694
4 1308 2677 1277 3392
4 2519 2920 2762 3165
4 2277 2389 2286 3250
4 2086 3005 2741 3465
4 2209 2123 2201 2553
4 2678 3183 2495 3211
4 668 657 422 3409
4 3021 3054 2490 3525
4 2799 2911 2341 3187
4 1017 2937 2789 3497
4 2608 2710 3244 3592
4 1949 2748 2658 2956
4 2759 3511 2640 3611
4 2782 3079 2987 3486
4 2562 2903 2332 3229
4 2837 3465 2587 3608
4 2705 3088 2450 3645
4 774 3518 2755 3635
4 1045 2708 1138 2756
4 2245 2783 2660 3218
4 2687 2253 3077 3617
4 1808 2528 2853 3212
4 2563 2802 2336 3647
4 1061 1182 2843 3064
4 1762 1760 2901 3043
4 2261 2634 2635 2845
4 1182 2843 3064 3685
4 2514 2852 1046 3181
4 662 521 657 2577
4 2328 3000 2322 3632
4 997 2643 3103 3391
4 1467 1657 1701 3450
4 669 549 3066 3671
4 1308 1334 1292 2825
4 2274 2845 2531 3114
4 848 875 2635 3225
4 2894 2895 2495 3605
4 2278 2868 3145 3233
4 2547 1188 2886 3448
4 700 1734 2748 3281
4 1731 2563 1919 3209
4 2662 3102 2311 3260
4 2327 2668 2311 3535
4 1828 3056 2808 3656
4 2460 2360 2749 3075
4 1256 1385 1278 2696
4 1188 2547 1187 3448
4 2070 3195 2750 3571
4 2395 2921 2917 3333
4 1527 1571 1572 3119
4 1389 2576 2991 3357
4 727 2635 730 3388
4 2268 2420 2949 3328
4 1244 1388 2636 3320
4 495 430 2800 3012
4 1162 2584 1022 3398
4 2165 2706 2125 2979
4 2466 2886 2324 2962
4 522 2955 23 3532
4 2599 3625 2394 3691
4 2561 2974 2225 3557
4 2459 2987 3239 3577
4 2778 2846 2579 3014
4 1301 1300 1302 2556
4 487 488 585 3323
4 1852 1820 1855 2802
4 1250 1254 1251 3436
4 2360 2689 2563 2910
4 2271 3302 2441 3533
4 1914 1744 874 3209
4 2679 2713 2262 3453
4 2394 2806 2500 2969
4 630 650 2622 3415
4 2552 2339 2836 3294
4 2411 2737 2612 3073
4 848 2635 727 3225
4 1035 1037 1018 2676
4 271 3237 272 3575
4 1707 3419 3307 3672
4 2323 2542 2758 3301
4 2896 3438 1756 3610
4 2170 3135 2587 3349
4 2162 2612 2979 3314
4 1377 1371 1279 2745
4 2325 2526 3040 3566
4 2742 3234 2543 3549
4 1104 1169 1103 3039
4 1584 2534 3002 3479
4 2324 2589 2547 2886
4 633 634 473 3501
4 2250 2883 2470 3076
4 2477 2895 1282 3113
4 2276 2659 2342 3102
4 1618 2879 2450 3164
4 1283 1379 1307 2993
4 2201 2209 2553 3422
4 2338 2476 2693 2775
4 1984 2226 2150 2661
4 2477 3113 2321 3160
4 2331 2710 2497 3449
4 2640 2399 3114 3511
4 2452 3111 2388 3279
4 2745 3050 1370 3182
4 2395 2746 2567 2917
4 2426 3195 2940 3571
4 1465 1963 2694 3419
4 2431 3308 2238 3698
4 2388 2952 2643 3103
4 1647 1476 2669 3256
4 1228 2589 1223 3223
4 2776 3020 2432 3245
4 1971 1883 2567 2934
4 2439 3147 2576 3286
4 520 2928 328 3444
4 2430 3199 2807 3385
4 1253 2696 1256 3315
4 2677 2993 2836 3294
4 773 2880 2840 3350
4 2265 2488 3104 3524
4 235 2994 237 3101
4 2245 3218 2564 3511
4 2873 3233 2479 3390
4 2124 2126 2074 3267
4 965 3039 1169 3223
4 1759 2572 1761 3156
4 1429 2552 1305 3294
4 2271 2931 2584 3302
4 2027 2537 2024 3258
4 2530 2900 2586 3274
4 2710 2331 3244 3449
4 1621 1620 1708 3061
4 2393 2717 2676 3306
4 2467 2713 2490 3698
4 1763 1896 1861 2681
4 2266 2410 2690 3034
4 2608 2710 2331 3244
4 1828 2808 3110 3656
4 2289 2874 2770 3343
4 1283 1307 1306 2557
4 2300 2747 3034 3402
4 1011 1023 1012 2951
4 608 3012 497 3570
4 1270 1276 1283 2993
4 2625 3360 2717 3648
4 3060 3126 2769 3241
4 2355 2311 2588 2905
4 2429 2967 2520 3228
4 1876 1963 1730 3419
4 2469 2328 2665 3176
4 2414 3136 2885 3454
4 1785 2663 1884 3353
4 2591 2868 2529 3291
4 279 2891 274 3378
4 2342 2659 2392 3403
4 2305 2267 2472 3358
4 2165 2132 2125 2706
4 2491 3231 2848 3572
4 2351 3166 2820 3362
4 2258 2881 2637 3144
4 2431 2238 3082 3698
4 2237 3111 2452 3279
4 1498 2594 1501 3382
4 2354 2755 2970 3368
4 493 638 637 2774
4 849 2790 3148 3238
4 1808 2528 1807 3278
4 2366 2914 2742 3432
4 2384 2722 2523 3276
4 1969 2947 2669 3256
4 2256 2873 2569 3219
4 1487 1509 1488 2924
4 2253 3033 2595 3617
4 2323 2758 2542 2760
4 1253 1252 2696 2792
4 2338 2809 2431 3698
4 2431 2735 3051 3308
4 3121 3309 2575 3436
4 2256 2569 2873 3445
4 1267 3275 3150 3315
4 2270 2944 2408 3472
4 2865 3078 2400 3149
4 2435 2757 2724 3433
4 1410 913 696 2667
4 2411 2883 2737 3073
4 2247 3160 2465 3534
4 855 2748 927 3406
4 1841 1880 2766 3330
4 558 577 251 2541
4 3222 3419 1980 3672
4 3085 3397 2595 3482
4 1825 1849 1850 3278
4 2527 2347 3014 3146
4 422 657 3032 3409
4 2324 2886 2466 3079
4 818 931 814 2546
4 2381 3442 2257 3538
4 2266 3034 2446 3048
4 1019 2852 2529 3291
4 2432 3361 2912 3566
4 2259 2575 2316 3104
4 2727 3019 2174 3355
4 2452 2332 2903 3229
4 2284 2982 3599 3697
4 2547 2589 2324 3447
4 1659 1660 2705 2751
4 1256 1253 1252 2696
4 990 3009 2921 3458
4 2261 2326 2600 2845
4 2467 2818 2490 3203
4 1079 963 3038 3498
4 2276 2588 2392 2659
4 1138 1045 1174 2708
4 2407 2937 3199 3577
4 2405 3111 2779 3414
4 2519 2382 2815 3386
4 2295 2371 3048 3345
4 2994 3296 263 3492
4 1845 2971 1961 3507
4 2246 2920 2422 3489
4 1101 1024 2951 3083
4 2097 3006 2675 3580
4 2256 2857 2479 2982
4 734 3174 731 3388
4 549 3045 628 3561
4 2442 2282 2678 2961
4 1928 2580 1978 3317
4 2561 2669 2325 3002
4 2330 2533 2933 2990
4 2354 2542 3026 3408
4 2250 2734 2883 3589
4 2455 2764 2689 3252
4 849 3148 853 3238
4 2266 2295 2355 2402
4 2564 2660 2403 3309
4 1655 1539 1654 2690
4 2570 3267 2124 3370
4 2594 2835 2530 3048
4 2417 2941 2591 3197
4 1718 1684 1580 2561
4 2249 2695 2438 2831
4 2280 3136 2361 3332
4 2248 2787 3116 3372
4 2337 2625 2514 2852
4 1624 2646 1428 3140
4 2170 2028 2138 2837
4 3000 3111 2345 3284
4 2785 2414 3136 3265
4 1592 1577 1686 3348
4 1155 1112 1095 2567
4 1619 2889 1516 3122
4 780 816 815 2861
4 1303 1425 2646 2825
4 2293 2267 2368 2472
4 2534 3256 2325 3297
4 1029 3441 2789 3620
4 1766 1762 2901 3043
4 2369 2516 2299 2654
4 2495 3183 2678 3505
4 2952 3302 2373 3533
4 2266 2794 2410 3034
4 926 2839 2625 2960
4 2336 2728 2514 3252
4 2285 2294 2578 3178
4 2411 2903 2742 3432
4 2728 2960 925 3435
4 3000 3456 2322 3632
4 2347 2866 2675 3035
4 2388 2620 2952 3103
4 2526 3264 2475 3566
4 1411 1343 1415 2919
4 2766 3253 2434 3330
4 2447 2302 3073 3401
4 2647 3422 2950 3579
4 2419 3174 2722 3639
4 2610 3139 2880 3514
4 2298 2274 2531 3114
4 2756 2971 2346 3458
4 1724 970 2644 2971
4 1429 2552 3294 3484
4 1696 3119 2655 3466
4 2738 2324 3050 3447
4 3068 3241 2491 3516
4 2413 2692 2576 3270
4 2374 2478 2319 2682
4 2429 2520 2967 3446
4 1169 3039 2589 3223
4 1492 1644 1491 2992
4 2336 2563 2884 3664
4 617 408 2841 3423
4 2292 2273 2356 2486
4 1925 2720 3110 3522
4 2412 2677 2697 3186
4 1008 1018 1120 2676
4 2963 3268 2434 3543
4 694 955 3236 3498
4 2300 2540 2319 3673
4 2297 2390 2320 2797
4 1583 2585 1528 3450
4 1539 1654 2690 2915
4 1695 1585 1698 2655
4 1138 1136 1044 3181
4 635 437 671 3339
4 1291 2935 2775 3668
4 1244 2636 1241 3320
4 2701 3150 1267 3275
4 2243 3057 2776 3263
4 1471 2534 1596 3317
4 2247 2803 2465 3160
4 2264 2824 2616 3081
4 1499 1498 1500 2835
4 436 575 529 3409
4 2343 2442 2678 3586
4 2325 3040 2534 3297
4 1312 1433 1298 3294
4 2616 1576 3299 3480
4 2245 2791 2403 3568
4 1699 2675 1478 2887
4 1948 2702 1840 2947
4 1191 1088 832 3236
4 1093 2822 2704 3581
4 859 3565 789 3639
4 903 3225 3087 3650
4 2808 3110 2408 3452
4 2448 2845 2635 3225
4 2280 3332 2361 3568
4 2438 3254 2695 3362
4 2317 3456 2248 3630
4 855 916 927 2748
4 1361 1264 2762 2815
4 2238 3051 2431 3082
4 487 2928 520 3444
4 1805 1780 2595 3397
4 1067 2817 1149 3093
4 2766 3359 2435 3433
4 2275 2461 3069 3231
4 2492 3148 3015 3208
4 1577 3014 1686 3348
4 1492 2586 1644 2992
4 2439 2754 3147 3198
4 1145 1041 1123 3291
4 2174 3019 2727 3548
4 2481 2908 754 3518
4 1247 1250 3210 3436
4 1765 1768 1764 3043
4 1594 2580 1704 3317
4 1147 2728 1072 3120
4 2696 2785 2265 2966
4 2278 2941 2513 3630
4 1277 1308 1292 2677
4 2100 3422 2647 3579
4 2126 3267 2570 3327
4 2259 2715 2762 3210
4 2556 2885 2739 3042
4 255 661 2725 2870
4 2884 2899 1932 3647
4 941 811 2751 3449
4 1176 2619 2957 3335
4 2248 3000 2952 3116
4 310 3091 308 3437
4 753 3213 2827 3389
4 2367 2992 3463 3531
4 2269 2737 2871 2883
4 2595 3033 2253 3482
4 2348 2486 2319 2994
4 1922 1878 1918 2753
4 2971 3063 1961 3507
4 364 3338 3287 3380
4 1870 1829 1795 3068
4 2927 3327 2632 3366
4 2563 2336 2884 3647
4 926 813 2625 2839
4 2287 3036 2464 3443
4 1781 2521 1799 3452
4 2507 3304 3083 3418
4 2409 2350 2814 2929
4 714 893 2749 3128
4 2338 2693 2780 3523
4 356 359 354 2796
4 2250 2883 3076 3589
4 2484 3361 3124 3566
4 2239 3295 3246 3626
4 2572 2901 1760 3043
4 2338 2775 2693 3523
4 1615 1674 1616 2872
4 683 2480 223 3184
4 2366 2833 3076 3589
4 2481 2755 3026 3368
4 2338 2771 2519 2775
4 2411 3314 2612 3640
4 2295 2266 2594 3048
4 16 682 225 3017
4 2411 3234 2742 3549
4 1482 1944 1640 2956
4 1441 2542 1326 3430
4 1683 2814 2729 3542
4 928 819 918 2989
4 2278 2868 2591 3145
4 1890 3085 2801 3272
4 1866 1971 1921 2567
4 2538 2408 3110 3522
4 1121 1095 1112 2917
4 2317 2322 3456 3630
4 2388 2452 2864 3414
4 2770 2433 2982 3697
4 2209 2950 2122 3677
4 2782 2950 2121 3374
4 3014 3146 2347 3348
4 2438 2699 2460 3337
4 1554 2769 1552 3416
4 2102 3153 2204 3510
4 2106 3346 2807 3588
4 2260 2312 2445 3644
4 553 334 642 2829
4 2587 3135 2537 3257
4 722 724 723 2888
4 2308 3268 2963 3543
4 565 375 3356 3457
4 2315 2369 2349 2918
4 751 2582 2861 3411
4 811 3244 2751 3449
4 2243 2768 3040 3057
4 1419 2977 1205 3064
4 2801 3070 1858 3558
4 2394 3172 2806 3228
4 1690 1605 1598 2959
4 1737 1953 1948 2702
4 3019 3625 2706 3691
4 2558 2435 2766 3268
4 2434 3196 2604 3369
4 708 916 1740 2956
4 1520 1522 1607 2666
4 2465 2822 2949 3473
4 2639 2833 2562 3427
4 731 3174 2722 3388
4 724 2888 2683 3574
4 2258 2328 2322 3632
4 1500 2835 2594 3382
4 2448 2615 2845 3225
4 1147 1071 1072 2728
4 944 704 910 2716
4 1115 3188 2817 3379
4 2286 3250 2697 3489
4 952 691 2625 3435
4 1668 1655 2690 3138
4 2487 3350 3204 3650
4 1436 1310 3042 3334
4 2500 2357 2781 3510
4 953 1098 1190 2977
4 1054 2730 1089 3083
4 1959 2714 2798 3502
4 1149 1125 3093 3290
4 2388 2620 2458 3302
4 1879 2801 2595 3070
4 1585 1696 1571 2655
4 1539 2915 2690 3138
4 969 868 1132 2688
4 1464 1660 891 2705
4 531 2830 506 3570
4 694 877 1192 3498
4 2930 2949 2822 3473
4 2523 748 3015 3276
4 2346 2724 2539 2757
4 1744 2749 710 3209
4 941 921 811 3449
4 2353 3060 2768 3428
4 1638 861 2879 3164
4 2161 3124 2927 3370
4 1618 1638 2879 3164
4 2245 2791 2640 3611
4 1273 2815 1263 3386
4 1215 1450 1372 3422
4 2289 2609 2370 3343
4 2730 2984 1088 3236
4 1275 1267 2701 3150
4 2889 3186 2476 3525
4 2284 3599 2803 3697
4 2347 2862 2675 2866
4 1762 1766 1765 3043
4 776 2533 2811 3221
4 1507 1504 2617 3216
4 2264 3081 2396 3623
4 2341 2799 2694 2911
4 2674 1327 3334 3633
4 1171 964 1910 2688
4 2411 2687 2624 3549
4 2484 2645 2723 3477
4 2528 2801 2406 3617
4 2124 2132 2038 3370
4 2431 3051 2238 3308
4 646 286 284 2816
4 990 975 974 2921
4 800 3350 3098 3650
4 2573 2345 2881 3632
4 480 408 3423 3554
4 2382 3105 2791 3611
4 2028 2837 2537 3487
4 2517 2729 2457 3187
4 2455 3052 2875 3321
4 2250 2871 2763 3199
4 2907 2987 2962 3586
4 2583 3342 871 3412
4 2358 3051 2735 3308
4 1596 2534 1584 3479
4 2466 2380 2821 2943
4 2310 2587 3257 3608
4 2674 2812 2323 3335
4 2980 3559 2759 3692
4 2016 2706 3451 3691
4 2044 2742 2914 3310
4 2237 3111 3284 3481
4 2495 2968 2895 3183
4 1118 975 990 3009
4 1325 2991 2985 3387
4 1000 3053 3390 3653
4 1130 1998 2193 2714
4 2013 3370 2014 3548
4 1559 1593 1594 3479
4 1008 2676 1120 3306
4 2240 3026 2481 3418
4 1527 1572 2778 3119
4 3000 3279 3111 3284
4 1798 2521 2938 2996
4 2569 2873 2857 3653
4 901 2958 817 3569
4 1959 1902 1962 3502
4 2426 3397 3085 3482
4 2580 2534 3317 3479
4 2237 3284 3471 3481
4 2505 2846 2862 3259
4 2388 2779 3111 3414
4 2119 2589 2120 3079
4 1554 1556 2799 3187
4 2530 3345 2835 3488
4 2405 2934 2743 3278
4 1780 2595 2983 3070
4 1959 1962 2714 3502
4 1277 2993 1276 3352
4 1353 1295 2660 3309
4 910 704 1477 2716
4 1639 1473 1411 2752
4 2756 2346 3009 3458
4 2458 3379 2864 3515
4 2787 3000 2248 3116
4 2770 2874 2240 3343
4 2779 3111 2405 3116
4 2271 2953 2451 3328
4 1872 1839 1931 3317
4 2397 2711 2450 3059
4 2677 3352 1277 3392
4 2466 2380 2943 3620
4 1539 2690 1655 3138
4 982 981 979 3544
4 1037 2676 1035 3360
4 1908 1835 1822 3297
4 2294 2888 2471 3247
4 2044 3234 2742 3310
4 2395 2746 2917 3303
4 1556 1560 2799 3187
4 2269 2871 2867 3393
4 1912 1737 1948 2702
4 1525 2872 1567 3322
4 2542 2323 3026 3301
4 2545 3053 2822 3328
4 1022 2584 3093 3398
4 2093 2009 2011 3557
4 2789 2937 2380 3199
4 2579 2862 2846 3259
4 2159 2543 2079 3234
4 1318 1319 2866 3035
4 1130 2700 1998 2714
4 975 976 973 2921
4 1959 2798 1902 3502
4 753 716 3213 3389
4 1659 1475 1660 2751
4 2949 3473 2442 3534
4 2320 2444 2297 2797
4 2579 3006 1686 3014
4 2300 2263 3020 3129
4 1261 1355 3159 3424
4 2617 1502 2835 3488
4 2996 3057 2408 3263
4 2586 1644 2992 3463
4 453 2788 547 3319
4 2240 2481 2874 3418
4 2471 2845 2404 3204
4 1364 1253 1258 3315
4 2872 3062 2331 3322
4 1489 2924 1488 2992
4 1087 2730 1088 3236
4 1450 2553 1372 3422
4 2261 2858 2326 3399
4 624 623 585 2832
4 2412 2920 2519 2935
4 466 631 1 3616
4 2332 2903 2562 2946
4 2833 3515 2631 3589
4 1385 1296 2894 3537
4 1011 1023 2951 3536
4 2643 2921 2559 3372
4 875 848 2635 3376
4 1789 2528 1808 3212
4 1197 934 969 2688
4 2238 2809 2713 3698
4 2628 3159 2495 3505
4 2367 2767 3059 3161
4 2320 2270 2797 3144
4 2377 2436 2298 2791
4 893 711 714 2749
4 1268 2576 3065 3682
4 2337 2625 2852 3360
4 1566 2666 3062 3322
4 2340 2475 2863 2912
4 2564 2942 2423 3084
4 2562 2332 2946 3229
4 464 3030 432 3363
4 2530 2586 2262 3299
4 1440 2548 1313 3292
4 2938 2996 2333 3439
4 2821 2943 2380 3346
4 2647 3198 3173 3579
4 2431 2780 2752 3371
4 2500 2806 3172 3228
4 2858 3255 2261 3343
4 640 633 473 2898
4 1574 1634 1636 3419
4 2569 2873 1124 3306
4 2340 2410 2747 3402
4 2293 2763 2250 2871
4 2203 2671 2136 2940
4 2289 2370 3255 3343
4 332 331 2829 3550
4 1959 2215 1996 2798
4 3261 3344 2767 3693
4 1891 1767 1779 2981
4 2631 3076 2833 3589
4 2321 2785 2477 3160
4 2621 2461 3166 3362
4 2368 3023 2480 3184
4 878 2450 2879 3164
4 1847 1897 1956 2644
4 2648 2934 2405 3278
4 2204 2806 2166 3510
4 2498 2936 2339 3186
4 2458 3515 2833 3589
4 1647 1476 1716 2669
4 1579 2948 2511 3509
4 2260 3131 2312 3644
4 2563 2764 2689 3664
4 1286 1274 1284 2935
4 2185 2131 2076 3652
4 2569 2730 2363 2988
4 2354 2548 3218 3695
4 232 219 3017 3100
4 807 2960 926 3435
4 1307 2993 1379 3035
4 241 240 239 2909
4 1883 2567 2934 3636
4 21 3354 226 3598
4 2070 2750 2160 3571
4 2373 2952 2281 3302
4 573 3287 364 3338
4 2353 2768 2794 3428
4 2009 2974 2010 3124
4 2394 2806 3167 3228
4 1761 1759 1760 2572
4 2455 2337 3052 3321
4 2293 2305 3235 3381
4 2505 3217 2593 3641
4 1312 2902 1433 3294
4 2783 3150 2701 3332
4 948 1148 1194 3157
4 2442 3125 2459 3586
4 2740 2905 2510 3205
4 2278 2317 3197 3630
4 1118 1068 1145 3009
4 2264 2371 2309 2541
4 2497 2823 2744 3606
4 2007 2225 2561 2974
4 1759 1761 1763 3156
4 2657 2856 1354 3224
4 2562 2639 2366 2833
4 1270 1283 2985 2993
4 2245 3511 2564 3611
4 631 464 597 3415
4 2512 2712 2330 2793
4 2242 2757 2910 3359
4 2405 2648 3278 3336
4 1116 2817 2584 3379
4 2459 2442 2961 3125
4 1643 2818 2693 3450
4 294 3013 415 3476
4 1122 1145 2591 3324
4 1686 3014 3006 3348
4 1846 1816 3063 3303
4 2263 2483 2348 2568
4 1338 1458 2744 3519
4 1552 1551 1547 3201
4 2196 2632 1982 2940
4 2550 2555 2327 3428
4 2289 2349 2494 3367
4 2069 2111 2080 2611
4 276 476 238 2869
4 2151 3226 2661 3417
4 1607 1522 1566 2666
4 2835 3345 2264 3488
4 2441 2545 3145 3544
4 2681 2808 2408 3452
4 1601 2890 3479 3622
4 2305 2844 2272 3090
4 3147 3270 2255 3410
4 1511 3192 2520 3216
4 2465 2843 2642 3581
4 2538 2996 2408 3522
4 2330 2933 2793 2990
4 2491 2535 3056 3516
4 1794 2743 1778 3496
4 2269 2302 2440 2480
4 2329 2985 2557 3232
4 1145 1123 2591 3291
4 1132 2728 1147 3120
4 2694 2848 2341 3222
4 1149 3093 2817 3290
4 2756 2417 3181 3556
4 498 443 2578 2898
4 2648 3229 2855 3425
4 1606 2579 1686 3014
4 1552 2769 3201 3687
4 370 624 619 2832
4 2461 3151 2933 3231
4 2347 2505 2593 3232
4 472 3018 207 3041
4 1392 2985 1325 2991
4 1697 1570 1693 3089
4 2438 2249 3337 3362
4 546 291 282 2773
4 2256 2479 2873 3233
4 2346 2724 2663 3063
4 1313 2660 1295 3292
4 2278 2591 2941 3197
4 2519 2920 2809 3054
4 2628 3505 2495 3690
4 2124 2038 2126 2570
4 1929 2601 1831 3341
4 1155 951 1112 2934
4 1491 2992 1644 3463
4 2644 3063 2971 3458
4 2336 2802 2899 3647
4 762 2536 746 3376
4 2249 2438 2695 3362
4 2441 3302 2952 3533
4 1637 3002 1705 3256
4 2430 2871 2763 3381
4 706 872 1680 2919
4 1763 2681 1861 3156
4 1352 1351 1354 2657
4 623 347 585 2928
4 2711 2367 2992 3463
4 2204 2216 2655 3153
4 2723 3057 2484 3477
4 1774 1782 1783 2573
4 11 220 207 2670
4 2339 2834 2646 2902
4 1323 2693 1431 3668
4 2706 3267 2570 3370
4 891 692 1464 3164
4 2685 2350 3139 3266
4 2330 3240 2533 3406
4 2428 2843 3160 3534
4 2346 2663 2724 3433
4 1303 1321 1425 2825
4 880 2563 3209 3655
4 2460 2849 2753 3166
4 2508 2950 2782 3374
4 760 2672 829 3529
4 3001 3493 2398 3588
4 2585 2818 2467 3062
4 2407 2838 2459 2961
4 953 2657 1098 2977
4 2520 2967 2357 3228
4 2820 2933 2461 3151
4 2485 2793 2241 3231
4 1354 2657 1351 2856
4 1835 2534 1931 3297
4 2708 2756 1045 3587
4 2585 2752 2431 2780
4 1501 1498 1599 2594
4 2639 3076 2631 3404
4 776 782 2533 3221
4 2458 2864 2388 3279
4 1685 3003 2510 3661
4 2036 2025 2037 2741
4 517 3230 3285 3363
4 1768 1764 3043 3490
4 719 3342 2583 3389
4 2421 2483 2297 3245
4 2158 2946 2700 3552
4 1798 1800 1799 2996
4 2354 3408 3026 3454
4 2634 3208 2523 3388
4 1067 2584 2817 3093
4 1329 2942 1332 3084
4 818 781 819 2989
4 2619 3405 2957 3614
4 880 822 2563 3655
4 2612 2737 2411 3310
4 735 2635 848 3376
4 1405 1210 2178 2664
4 2397 2840 2450 2879
4 684 224 19 3526
4 2237 2452 3111 3336
4 2340 2475 2912 3089
4 2962 3239 2886 3660
4 926 2960 2625 3435
4 2242 2757 2417 3052
4 2734 3076 2883 3589
4 1396 1329 1332 3084
4 2148 3226 2151 3417
4 2546 2730 2363 3083
4 2416 3383 2897 3442
4 2330 2485 2793 2933
4 399 452 2913 2965
4 3098 3313 2487 3350
4 2407 2459 2937 3577
4 2512 2694 2341 3222
4 2339 2552 2902 3294
4 776 2811 2533 3240
4 1173 1077 2674 2812
4 3173 3198 2703 3579
4 2300 3020 2394 3129
4 2791 3105 2640 3611
4 719 2583 2790 3389
4 2952 3000 2388 3116
4 1736 1170 1945 2714
4 1765 1768 3043 3070
4 2580 2353 3060 3699
4 2789 3398 2631 3404
4 1770 1749 3075 3618
4 1352 2657 1412 2977
4 2617 2824 2391 3216
4 2311 2668 2386 3535
4 2397 3059 2880 3139
4 1493 1683 1685 3003
4 1973 1935 1850 2648
4 2312 3131 3204 3657
4 2360 2897 2629 3337
4 1089 3083 2730 3236
4 2419 2858 2261 3399
4 2472 2489 2305 3115
4 2587 3257 2741 3349
4 1798 2938 1800 2996
4 2507 2323 2812 3335
4 1351 2657 1352 2968
4 2333 3057 2996 3263
4 2331 2710 2608 3344
4 2908 3276 2384 3529
4 2682 2239 3149 3295
4 750 3015 748 3276
4 2246 2498 2936 3081
4 943 2751 902 3244
4 2814 2948 1578 3495
4 776 2533 795 3240
4 2355 2588 2392 2905
4 2970 3368 2419 3669
4 2446 2617 2835 3048
4 2133 2741 2086 3005
4 2573 2881 2637 3632
4 985 983 2545 3188
4 2398 2631 2789 3576
4 2323 3301 2758 3633
4 1484 1666 1487 2732
4 2283 2427 3105 3261
4 2542 2878 1441 3408
4 1787 3166 2621 3595
4 2527 3014 1535 3146
4 2303 2509 2383 2931
4 1956 2917 1970 3303
4 659 477 2650 3141
4 1325 2985 1294 3387
4 1739 1977 1946 3672
4 3103 3324 979 3544
4 2269 2368 2871 3393
4 2052 2067 2072 2914
4 2476 3186 3054 3525
4 2079 2078 2742 2946
4 653 596 508 3421
4 916 700 1936 2748
4 2312 3204 3131 3247
4 2450 2367 2711 3269
4 1277 2677 1289 2993
4 686 1462 863 2879
4 1286 2775 1291 2935
4 876 2667 1208 2932
4 2724 3063 2539 3507
4 2687 3432 2964 3549
4 1643 1682 1530 3021
4 2460 2699 2438 3213
4 2279 2443 2364 3383
4 1566 1607 2666 3645
4 2666 1522 3062 3603
4 1592 1686 3006 3348
4 1985 1119 1141 2718
4 1519 1644 1564 2945
4 1532 3137 2834 3373
4 1525 1614 1567 2872
4 2245 2564 2791 3611
4 2527 2846 2836 3626
4 751 750 749 2582
4 2931 2953 2584 3576
4 2917 2921 2395 3303
4 1871 2580 1928 3016
4 2310 3257 2537 3521
4 2510 3205 1685 3661
4 784 3094 853 3148
4 2299 2381 2499 3383
4 2484 2974 2702 3566
4 2459 3125 2851 3586
4 2457 2905 2740 3205
4 2375 2488 2316 2641
4 2384 2874 2722 2908
4 2781 2846 2505 3259
4 2764 2910 2689 3252
4 2369 3145 2592 3233
4 1848 2746 1884 3303
4 2771 3308 2735 3506
4 1259 3065 3037 3564
4 1390 1257 3095 3275
4 1748 2876 1770 3075
4 1412 953 2657 3224
4 2529 2654 2337 3219
4 2366 2833 2639 3076
4 2199 3079 2761 3677
4 2124 2038 2570 3370
4 2242 2875 2455 3052
4 1361 2762 1393 3210
4 2760 2989 2758 3635
4 2259 2375 2436 2566
4 2316 2436 2377 2791
4 947 1203 2717 2984
4 2298 2791 2436 3105
4 1700 1222 1421 2887
4 2776 2297 3263 3470
4 2399 3261 3114 3693
4 2534 3256 1964 3317
4 2271 2817 2584 2953
4 2455 3052 2514 3252
4 2485 2933 3151 3231
4 2616 2264 3345 3488
4 2254 2491 3241 3516
4 2322 2258 2352 2606
4 2016 3451 2018 3691
4 1720 688 2749 2849
4 2606 2665 2328 3176
4 803 2827 2607 3342
4 2457 2510 2905 3205
4 2881 3471 3284 3481
4 970 971 949 2644
4 2308 2249 2963 3268
4 1631 1638 861 2879
4 1593 2580 1594 3479
4 3037 3065 1259 3357
4 2629 2360 2910 3504
4 2246 2490 3054 3525
4 2361 2841 2376 3032
4 2382 2771 2519 2809
4 2351 3067 2827 3254
4 2706 3019 2016 3370
4 2806 2969 2394 3355
4 2363 2481 3248 3418
4 2124 2570 2126 3267
4 2426 2521 2938 3397
4 519 643 410 2684
4 2529 2852 2417 3291
4 2267 2472 2356 2627
4 1123 1122 2591 3324
4 2366 2742 2562 2903
4 2437 2754 2745 3198
4 913 876 837 2667
4 219 605 682 3100
4 587 2588 294 3476
4 1388 1239 1355 3424
4 2827 3342 753 3389
4 1772 2535 1865 3175
4 1301 2556 3301 3408
4 2256 2988 2784 3219
4 2016 2014 2132 3370
4 1912 1951 1728 2645
4 2312 2251 3131 3657
4 2663 3063 2724 3152
4 990 2921 974 3458
4 1388 3320 1239 3424
4 2140 2741 2025 3349
4 712 2849 844 3213
4 2465 3473 2949 3534
4 2265 2361 3136 3332
4 597 598 218 3415
4 2398 2807 2718 3588
4 2007 2181 2225 2974
4 863 1631 861 2879
4 2341 2517 2793 3260
4 2417 2852 2529 3052
4 2076 2131 2128 2927
4 2790 2897 2416 3238
4 586 2918 523 3642
4 554 667 594 3551
4 2277 2692 3250 3270
4 2037 2741 2133 3675
4 2242 2941 2638 3359
4 2579 2778 2357 2846
4 1666 2732 1484 2958
4 860 784 853 3148
4 1049 2648 1140 2855
4 2908 3289 754 3518
4 2412 2825 2677 3186
4 2079 2543 2088 3426
4 2253 2297 2390 3470
4 2380 3199 2937 3577
4 2697 3086 2412 3489
4 871 722 719 2583
4 2264 2824 2617 3488
4 2393 2672 2730 2988
4 1347 3424 1261 3605
4 1140 1049 1076 2648
4 1699 2675 2887 3348
4 519 2684 410 3431
4 1618 1663 3164 3645
4 1197 1171 1967 2688
4 2013 2863 2011 3124
4 1015 1014 1003 3125
4 3127 3318 2184 3426
4 1359 3064 2649 3113
4 2371 2309 2541 2891
4 2545 2817 2271 3328
4 2512 3307 1634 3419
4 2241 2296 2906 3069
4 2345 3111 3000 3116
4 1210 2178 2664 2922
4 2349 2654 2369 3233
4 1619 1529 1516 2889
4 2584 3093 3398 3497
4 659 510 477 3141
4 2353 2768 2720 3040
4 1088 2984 832 3236
4 734 730 3174 3388
4 2380 2807 3199 3385
4 1078 3236 955 3498
4 2269 2737 2883 3073
4 961 699 1152 3435
4 699 961 2728 3435
4 1258 3150 1364 3315
4 2620 2864 2458 3379
4 2312 3247 2898 3338
4 408 409 617 2841
4 792 2755 789 3565
4 2562 2903 2742 2946
4 493 2774 637 2995
4 2460 2621 3337 3590
4 2341 2793 2662 3260
4 2111 2080 2611 3494
4 2671 2940 2426 3195
4 869 1442 1221 2758
4 1615 1614 1688 2872
4 1537 2915 3192 3420
4 2605 3438 2896 3610
4 2210 2922 2593 3217
4 891 1464 2705 3164
4 1221 2758 1445 3038
4 2468 2720 3656 3699
4 1949 1936 1889 2748
4 2386 3030 2532 3535
4 2030 2737 2612 3310
4 2219 1998 960 3552
4 843 844 845 3213
4 2534 2353 3040 3622
4 2242 2638 2757 3359
4 1574 2512 2911 3307
4 1666 1662 1562 2732
4 1045 1174 2708 3587
4 2355 2392 2295 2905
4 2382 2791 2575 3121
4 2438 3213 2827 3362
4 928 2989 2758 3038
4 1850 1935 1979 2648
4 2695 2906 2296 3069
4 2484 2974 3124 3652
4 2406 2881 2637 2981
4 2621 2558 3337 3590
4 2292 2486 2356 3046
4 2556 3026 2323 3301
4 714 3128 2749 3638
4 1590 2887 1565 3348
4 1739 1640 1944 2956
4 729 3087 3225 3574
4 1108 2676 1037 3360
4 2655 3153 2357 3510
4 2277 3086 2697 3489
4 1029 2789 2937 3620
4 1253 2792 2696 3315
4 2313 2603 2282 2949
4 1033 1011 1124 2569
4 2398 2470 3076 3199
4 2649 2321 2957 3614
4 2264 2617 2835 3488
4 2115 3039 3079 3486
4 2517 2929 2350 3461
4 1886 1782 2901 3271
4 1845 3455 2971 3507
4 698 1442 2758 3430
4 663 491 3055 3365
4 759 758 773 2880
4 1136 1044 3181 3556
4 2776 3263 2975 3470
4 2366 2562 2742 3288
4 2261 2294 2972 3538
4 2575 2791 2382 3165
4 2395 2921 2643 3372
4 2338 3021 2476 3054
4 601 274 250 2726
4 2398 3076 2639 3404
4 2497 2744 2710 3606
4 2237 2964 2687 3432
4 2359 2595 3085 3272
4 2302 2483 2263 3470
4 1276 2993 1270 3682
4 1246 2549 1245 3214
4 1415 1480 1639 2919
4 1537 3382 2915 3420
4 2915 3138 1539 3478
4 2811 3240 776 3406
4 404 3180 403 3607
4 1509 1487 1562 2732
4 841 3029 2511 3193
4 2742 2946 2543 3234
4 506 525 326 2826
4 2557 2993 1307 3035
4 2367 2926 2711 2992
4 2541 2828 2374 3673
4 2346 3009 2921 3694
4 2552 3035 2887 3484
4 2937 2380 3239 3620
4 1811 1816 2663 3063
4 1899 2753 864 2849
4 1644 1492 1495 2586
4 2241 3069 2461 3231
4 2120 2589 2229 3223
4 1705 3002 2534 3256
4 2368 2440 2269 2650
4 2244 3235 2736 3381
4 2438 2249 2897 3337
4 1897 1975 1724 2644
4 218 598 517 3363
4 2184 3426 3318 3540
4 1423 2205 1983 2664
4 2239 3250 3246 3555
4 2271 2620 3302 3379
4 1687 1690 1603 2661
4 2411 2903 3432 3549
4 2363 3248 2546 3418
4 1681 704 911 2956
4 2402 2309 3034 3048
4 2617 2828 2520 3216
4 2021 3135 3451 3678
4 2037 2086 2133 2741
4 1512 2598 1602 3446
4 2243 2912 2432 3361
4 2479 2982 2857 3545
4 2474 3086 2623 3270
4 1779 1891 2981 3558
4 3026 3408 2556 3454
4 2380 2937 3239 3577
4 1343 2752 1422 3371
4 1942 1863 1939 2632
4 2021 3135 3349 3451
4 1537 2915 1512 3192
4 805 2450 3164 3313
4 1342 1343 1340 3583
4 2351 2827 3213 3362
4 2357 2500 2781 3149
4 247 2870 249 3513
4 22 522 209 3354
4 2015 3019 2174 3548
4 1179 2649 1446 3064
4 2528 3278 2853 3336
4 1519 1644 2945 3463
4 2553 2324 2761 3050
4 830 829 760 2672
4 2346 2663 2644 3063
4 1145 3009 1068 3556
4 2305 2489 2293 3235
4 711 714 2749 3638
4 2464 2636 2287 3524
4 2438 3337 2460 3362
4 2398 3199 2631 3576
4 2427 2832 2298 3261
4 2077 2079 2078 2742
4 691 952 2625 3648
4 1022 3398 3093 3497
4 2521 2797 2681 2983
4 2608 3098 2487 3693
4 1118 977 2559 3324
4 2617 3192 1507 3216
4 904 2548 812 3695
4 1313 1328 1314 3084
4 1959 1996 1733 3540
4 3267 3314 2447 3512
4 2262 2571 2385 3345
4 1707 3307 2658 3672
4 1191 1087 1088 3236
4 2447 3267 2979 3314
4 1382 1390 1281 2739
4 2528 2964 2801 3617
4 1158 3425 2714 3502
4 816 846 2854 2861
4 1884 1869 1783 2746
4 2025 2140 2086 2741
4 1581 3203 2818 3603
4 2591 3197 2441 3324
4 2338 2490 2818 3021
4 2324 2589 2886 3079
4 2607 2438 2827 3254
4 2139 2140 2170 2587
4 2280 2376 2361 3136
4 2120 2188 2199 2761
4 2333 2723 2996 3057
4 2077 2065 2044 2742
4 1699 2887 1590 3348
4 1551 1626 1593 3201
4 2287 2715 2636 3658
4 1493 1683 3003 3542
4 1096 2779 2567 3333
4 1952 3366 2645 3439
4 363 371 3380 3400
4 1173 1077 1079 2674
4 1392 1294 1325 2985
4 1947 1738 907 2688
4 2423 2564 3084 3218
4 2466 2987 3079 3486
4 2241 2906 2695 3069
4 1831 1832 3341 3384
4 516 3305 226 3395
4 1462 1631 863 2879
4 2399 3114 2615 3693
4 1158 2714 1736 3502
4 2439 3198 3147 3286
4 2276 2929 2729 3260
4 2505 2846 2347 2862
4 2804 2915 2598 3202
4 2446 3048 2835 3382
4 762 770 2536 3695
4 633 473 2898 3501
4 1889 2748 1888 2860
4 1741 1622 1905 2669
4 2629 3359 2279 3383
4 2581 2703 2362 3374
4 2077 2079 2742 3234
4 2475 2912 2526 3566
4 1072 1047 1138 2708
4 1247 1245 2549 3210
4 2395 3116 2787 3372
4 1028 3229 2855 3681
4 2757 3359 2638 3433
4 1879 1891 1858 3070
4 2379 3369 3196 3543
4 3020 3245 2747 3593
4 2605 3253 2963 3300
4 2507 2951 3083 3304
4 1585 2655 1571 3667
4 1311 1382 2739 3042
4 1780 1768 1879 3070
4 2330 2533 2811 3406
4 2257 2654 2784 3321
4 1780 2983 1768 3070
4 2657 2719 2343 2851
4 2265 2361 3332 3568
4 2735 3308 2771 3386
4 2631 2833 1080 3515
4 878 2879 861 3164
4 2357 2500 3149 3228
4 2384 2672 2908 3529
4 1353 1367 1295 3309
4 2467 2818 2585 3698
4 781 2760 819 2989
4 232 219 15 3017
4 2061 2703 3374 3579
4 1876 2694 1963 3419
4 2887 3146 1565 3348
4 2856 3159 2495 3605
4 2412 2762 3086 3578
4 2655 2204 3153 3510
4 715 3128 2699 3238
4 2374 2682 2319 3673
4 1051 3229 1028 3681
4 292 294 3118 3394
4 2971 3063 2346 3458
4 1952 2645 2723 3439
4 1571 2655 1696 3119
4 260 670 2925 2973
4 2436 2566 2375 2805
4 855 927 840 3406
4 1585 1698 2655 3667
4 2429 2357 2967 3228
4 2366 2639 2562 3288
4 1287 1361 1264 2762
4 2263 2300 3020 3245
4 19 213 684 3058
4 2305 2844 2736 2997
4 2836 2993 2552 3294
4 2530 2616 3345 3488
4 2453 3060 2580 3201
4 1032 1066 2812 3083
4 2575 3210 1251 3436
4 2629 3383 2279 3679
4 255 250 249 2726
4 2347 2836 2557 3035
4 1931 2534 1964 3317
4 1216 1458 1410 2744
4 2382 2564 2791 3121
4 2567 2746 2395 3116
4 1794 1788 1778 2743
4 2521 2333 2938 2996
4 2253 2390 2302 3470
4 2484 2702 3477 3566
4 2347 2552 2836 3035
4 1161 2971 2756 3458
4 1364 3150 1367 3309
4 1477 704 1681 2956
4 1474 1946 3419 3672
4 1008 2873 2676 3306
4 2309 2828 2541 3673
4 2266 2402 3034 3048
4 1335 1336 2735 3519
4 913 1410 1208 2667
4 2357 3149 2682 3228
4 2265 2792 2696 3524
4 2298 2531 2326 3114
4 2556 2323 2885 3042
4 750 2582 3015 3276
4 2069 2085 2111 2611
4 2315 2369 2592 3233
4 2874 3255 2419 3343
4 487 539 3112 3444
4 880 3209 893 3655
4 922 696 824 2744
4 1796 3469 3056 3656
4 2419 2908 2874 3289
4 816 2717 815 2861
4 969 934 709 2688
4 1739 2658 1640 2956
4 1892 2604 2896 3330
4 2429 2959 2661 3446
4 1768 3043 3070 3490
4 1766 2901 2637 3043
4 2336 2899 2884 3647
4 1393 1361 1362 2762
4 2487 3344 2608 3693
4 994 1003 2838 3125
4 2246 2936 3186 3489
4 2897 3442 3383 3679
4 2471 3204 2404 3247
4 2266 2372 2402 2725
4 1857 1836 1916 3272
4 2119 3039 2589 3079
4 1011 1005 1004 2857
4 351 3499 352 3628
4 2671 2940 1844 3602
4 2271 2482 2953 3328
4 1654 2915 1537 3382
4 1574 2911 1575 3307
4 2013 2863 3124 3548
4 2217 2105 2090 3588
4 1140 2855 2648 3326
4 1019 1137 1036 3291
4 1015 1014 3125 3660
4 895 2615 3225 3650
4 2332 2964 2528 3336
4 498 2578 427 3561
4 2414 2701 3332 3454
4 2245 3399 2536 3511
4 809 808 769 2710
4 2632 1939 2940 3602
4 1236 3050 1234 3573
4 3057 3477 3040 3566
4 2199 2117 2120 3079
4 1515 1576 1611 2616
4 2681 2808 1861 3156
4 3159 3505 2628 3690
4 573 3287 498 3561
4 1566 2666 3322 3645
4 844 2849 2753 3213
4 2576 2692 2329 3286
4 586 483 2913 3642
4 1591 1565 1590 2887
4 1250 1251 3210 3436
4 2272 2844 2307 3036
4 1594 1593 1704 2580
4 1427 1437 2991 3612
4 1892 2896 1755 3330
4 2481 2874 2908 3289
4 2357 2429 2655 3228
4 673 280 615 2772
4 2106 2107 2718 3588
4 2429 2252 3167 3228
4 1958 2884 2688 2899
4 1405 2178 2205 2664
4 254 505 258 2882
4 3204 3350 3087 3650
4 1522 1525 1566 3062
4 2357 2520 2778 2967
4 2327 2311 3351 3535
4 2263 2776 2297 3245
4 2559 2921 3009 3694
4 2301 3161 2274 3261
4 2094 2081 2087 2946
4 2357 3149 2846 3295
4 2303 2269 2871 2883
4 1076 1158 962 2648
4 813 942 2625 3648
4 1446 2649 1359 3064
4 2741 3005 2133 3675
4 2163 2217 2092 3157
4 1716 1647 2669 3256
4 3019 3020 2706 3625
4 1683 2729 2814 3495
4 2716 2330 2811 3406
4 1605 1598 2959 3667
4 2003 2097 2190 3580
4 2263 3020 2776 3245
4 1392 2576 2985 2991
4 1000 3053 2868 3390
4 2631 2833 2639 3404
4 2327 2291 2555 2819
4 632 493 2494 3674
4 1266 1353 1396 3309
4 1639 1714 1473 2752
4 1525 1566 3062 3322
4 385 3162 343 3584
4 2177 2006 2000 2702
4 375 2805 3457 3467
4 2192 1417 1223 3223
4 1697 1687 1653 3089
4 2239 3246 2682 3555
4 2957 3405 2649 3614
4 1394 2771 1273 3386
4 2192 2120 2229 3223
4 2722 2874 2419 2908
4 1837 2899 1960 3507
4 2243 3057 3040 3566
4 2300 2421 2372 3245
4 811 810 3244 3449
4 2241 2933 2485 3231
4 2394 3129 2969 3172
4 2245 3114 2448 3511
4 2156 2865 3217 3539
4 2881 3000 2345 3284
4 1788 2981 2743 3558
4 2269 2612 2737 3073
4 904 812 2548 3600
4 2339 2825 2677 3294
4 2856 2968 1349 3605
4 2272 2387 2307 2844
4 2741 2969 2500 3078
4 2667 2942 2423 3559
4 2398 3076 2631 3199
4 2785 2966 2477 3160
4 2332 2855 2452 3336
4 2495 2856 2968 3183
4 1894 2848 1906 3068
4 379 626 373 2609
4 2985 2991 2329 3387
4 2325 2538 3040 3297
4 2338 2519 2771 2809
4 2364 2279 3383 3679
4 2274 3161 2767 3261
4 1424 1211 1432 2780
4 2089 2664 2922 3582
4 3006 3014 2579 3348
4 586 483 544 2913
4 2014 3370 3019 3548
4 1565 1535 3014 3146
4 2431 3308 2771 3506
4 2437 2628 3036 3690
4 2265 2334 2966 3340
4 1690 1603 2661 3202
4 2305 2844 2997 3358
4 1233 2856 3573 3619
4 948 1119 2207 2718
4 1766 2637 1765 3043
4 2300 2747 2372 3034
4 1481 1699 1691 3580
4 2360 2460 2699 3337
4 983 2545 3188 3544
4 2401 3196 3456 3632
4 2267 2997 2456 3608
4 2505 2239 2846 3149
4 2756 3009 2417 3556
4 928 918 2758 2989
4 2762 2920 2259 3165
4 2069 2611 2080 3582
4 2528 2964 2406 3481
4 2811 3221 2418 3375
4 2271 2817 2545 3188
4 2324 2466 2962 2987
4 2701 2783 2660 3150
4 1333 2667 1457 3519
4 2398 2789 2631 3404
4 2535 3056 2808 3156
4 895 903 806 3650
4 2325 3002 2526 3264
4 1076 2648 1049 3425
4 337 339 338 2877
4 2324 2987 2782 3079
4 2556 3275 2701 3408
4 2620 2952 2441 3302
4 2387 3036 2551 3443
4 2762 2815 1264 3468
4 2435 2876 2802 2910
4 1445 2758 2674 3038
4 2296 2344 2260 2831
4 2700 2798 2332 2946
4 716 2699 713 3213
4 2217 2090 3157 3588
4 2284 2770 2315 2982
4 2460 3337 3075 3590
4 1400 2188 1223 2761
4 2338 2476 2775 3054
4 1076 1158 2648 3425
4 1132 961 1147 2728
4 2354 3368 2970 3669
4 1326 3301 2542 3408
4 1908 3256 1835 3297
4 2292 2273 3293 3331
4 2447 2612 3073 3314
4 2241 2793 2485 2933
4 1041 3291 1009 3390
4 2720 3040 2538 3297
4 2225 2181 2176 3097
4 2282 2678 2365 3500
4 2426 2632 3327 3571
4 2008 2076 2010 3652
4 2253 2426 2975 3077
4 2793 2933 2241 2990
4 2077 2742 2044 3234
4 1237 1261 1355 3159
4 2481 2419 2874 3289
4 2070 2059 2160 2750
4 1771 1773 2777 3175
4 2648 2855 1049 3425
4 3494 3546 3173 3547
4 1890 1834 3085 3272
4 2329 2922 2664 3582
4 2239 2505 2846 3232
4 2322 2317 2665 3630
4 2663 2746 2395 3303
4 994 1097 1003 3125
4 1019 1036 2852 3291
4 2518 2786 2880 3131
4 2752 2780 1346 3371
4 1603 1687 2661 3202
4 1759 1760 2572 3438
4 1622 1476 1905 2669
4 1770 3075 2876 3618
4 2430 3487 3347 3627
4 2315 2369 2918 3249
4 1374 2647 1371 3612
4 2576 1272 3065 3357
4 278 280 277 2891
4 2262 3106 2679 3531
4 2158 2081 2700 2946
4 2078 2081 2103 2946
4 2301 2767 3161 3261
4 1918 2753 1878 3166
4 2616 2679 2262 3453
4 529 484 668 3409
4 2247 2495 3183 3211
4 1267 1288 1275 2701
4 898 805 932 3164
4 265 515 499 2819
4 725 726 723 2888
4 2582 2784 2384 2854
4 2840 3059 2450 3313
4 2963 3253 2621 3300
4 2429 2661 3202 3446
4 1918 3166 1878 3384
4 2431 2809 3308 3698
4 1802 2996 2723 3522
4 1509 2814 1488 2924
4 677 401 580 3249
4 860 2630 784 3148
4 1457 1333 1331 2667
4 2763 3199 2430 3385
4 2468 3656 2810 3699
4 1932 2884 1958 2899
4 2016 3019 2706 3691
4 2072 2914 3001 3493
4 2966 3160 2785 3340
4 2898 3247 2596 3338
4 2305 2365 2614 3235
4 2333 2632 2927 3327
4 2265 2966 2785 3340
4 615 673 2772 3643
4 2347 2846 2579 2862
4 2579 2846 2347 3014
4 878 861 932 3164
4 655 561 562 3018
4 2263 3401 2302 3470
4 1119 1985 2207 2718
4 2365 2678 2282 3235
4 2528 2406 2964 3617
4 2667 2744 2358 3071
4 2254 3126 3060 3241
4 2307 2387 2305 2844
4 1620 1556 1560 2799
4 854 776 3240 3406
4 2300 2698 2568 3129
4 568 350 352 2618
4 1634 3307 1707 3419
4 1029 2937 1135 3620
4 2073 2074 2059 2750
4 1624 1428 1461 3140
4 2568 2698 2348 3129
4 1329 1331 1332 2942
4 2270 2808 3004 3472
4 2242 3052 2455 3252
4 1699 1478 1590 2887
4 1837 1843 1960 2899
4 1834 1957 1844 2671
4 2277 2307 3410 3658
4 1219 1411 1473 2752
4 2398 2470 3001 3076
4 2325 2947 2538 3297
4 2307 2551 2387 3036
4 1137 1036 3291 3556
4 2672 2854 829 3529
4 13 2709 12 3230
4 2687 3033 2253 3617
4 1317 2674 1445 2758
4 2769 3060 2501 3126
4 2332 2853 2648 3336
4 1737 1943 1953 3132
4 2926 3106 2367 3161
4 1868 1804 1802 2723
4 1956 1970 1847 3303
4 2593 3217 2329 3641
4 941 811 902 2751
4 2487 3059 2840 3313
4 2476 3054 3021 3525
4 312 311 310 3007
4 1108 1120 1037 2676
4 2517 2793 2712 2911
4 2815 3121 1262 3386
4 1909 1811 1812 3063
4 2129 2196 2127 3571
4 2325 3040 3477 3566
4 2552 2887 2347 3146
4 1105 3239 2943 3620
4 2301 2385 2652 3161
4 1837 1820 2802 3507
4 1566 3322 1608 3645
4 1858 3070 1891 3558
4 2305 2614 2489 3235
4 267 599 479 2731
4 2131 2645 2076 3652
4 2887 2347 3146 3348
4 2393 2730 2672 2984
4 2624 3234 2058 3640
4 2391 2828 2617 3216
4 2000 2005 2004 3132
4 921 3449 2919 3583
4 2059 2073 2750 3512
4 2553 2209 2950 3422
4 387 427 443 2578
4 1642 1483 917 3029
4 1321 2825 1334 2935
4 2209 2553 2950 3677
4 1512 2915 2598 3192
4 2468 3110 2768 3472
4 2399 3098 2608 3693
4 2239 3149 2505 3232
4 2250 2931 2734 3589
4 1071 1165 1046 3435
4 474 404 406 2859
4 2536 2970 3669 3695
4 318 3176 600 3179
4 1565 2887 1591 3146
4 2426 2521 3397 3482
4 1869 1783 2746 3496
4 1984 2661 2151 2959
4 2337 2654 3052 3321
4 2006 2005 2000 2702
4 1843 1838 1932 3647
4 3003 3274 2510 3661
4 2563 2360 2876 3209
4 2518 3204 3131 3657
4 394 410 2841 3431
4 1538 1540 2804 2915
4 2689 2910 2360 3504
4 1942 2632 2197 3366
4 2242 2875 2299 3383
4 2122 2121 2782 2950
4 2035 2914 2737 3310
4 2491 3004 2535 3516
4 2408 2768 3110 3472
4 2285 3383 2381 3442
4 1607 1520 2666 3269
4 2272 2305 2387 2844
4 332 333 580 2592
4 1390 2739 1382 3275
4 1162 3379 2584 3688
4 2599 2741 2273 3257
4 1862 1802 1800 2723
4 2249 2831 2438 2897
4 2561 2702 2669 3132
4 2549 3104 2792 3436
4 3122 3373 1510 3563
4 274 279 278 2891
4 1836 2597 1916 3272
4 2657 2968 2719 2977
4 2217 3157 2105 3588
4 2465 3473 3008 3581
4 2792 3104 2549 3524
4 1878 2753 1922 3166
4 517 3133 3230 3363
4 2363 2730 2569 3536
4 3057 3361 2484 3566
4 242 241 499 2909
4 1333 2942 2667 3519
4 2347 2675 2887 3035
4 2292 3025 2356 3331
4 888 925 807 3435
4 2784 2854 2582 2861
4 2241 2793 2662 3231
4 220 2709 222 3041
4 2533 2601 2351 3067
4 1613 1606 1572 3119
4 2050 2041 2040 2581
4 641 206 2869 3168
4 1928 1727 1703 3317
4 409 394 410 2841
4 399 2913 483 3642
4 2257 2630 2582 3015
4 802 2608 772 3313
4 2325 2702 2561 2974
4 1392 2985 2576 3682
4 2681 2797 2454 2983
4 1110 3441 1029 3620
4 1647 1637 1705 3256
4 1959 2798 1996 3540
4 2543 2597 2359 3127
4 2308 2364 2279 2379
4 2163 2639 2092 3427
4 1369 2735 1336 3506
4 2351 2533 3067 3254
4 2367 3059 2926 3161
4 2072 2914 2067 3001
4 1349 2856 1351 2968
4 2433 2857 2704 3329
4 2185 2645 2131 3652
4 1701 1717 1467 3450
4 2584 3497 3398 3576
4 322 320 389 3520
4 2397 2450 2840 3059
4 833 917 1483 3029
4 3059 3161 2767 3657
4 1883 1921 1971 2567
4 2270 2681 2808 3472
4 1302 1301 2556 3301
4 1364 2792 1253 3315
4 1462 2879 686 2958
4 1321 1322 3140 3668
4 797 799 2764 3251
4 1364 1367 1395 3309
4 1383 2895 1350 2968
4 2397 2880 2840 3569
4 2523 3255 2384 3367
4 391 509 3154 3242
4 2497 3371 2823 3606
4 1907 2777 1864 3595
4 2824 2391 3216 3373
4 2058 2057 2135 3195
4 2297 2776 2263 3470
4 2115 2114 2235 3486
4 1041 1019 1009 3291
4 1337 1457 1410 3519
4 771 3028 3098 3243
4 853 3148 3094 3238
4 1989 2185 2177 2645
4 1662 2732 1666 3029
4 1036 1046 2852 3181
4 1306 1283 2557 3387
4 2093 2863 3417 3557
4 2848 3068 2491 3572
4 437 635 578 3227
4 2631 3199 3076 3576
4 1120 2676 1108 3306
4 1267 3150 1258 3315
4 1171 1742 1967 2688
4 2363 3083 3304 3418
4 2351 2695 3254 3362
4 2426 2750 3195 3571
4 2363 2988 2770 3445
4 2492 3148 2790 3442
4 359 2796 361 3553
4 2150 2151 1984 2661
4 2663 3063 1816 3303
4 2723 2333 2996 3439
4 1266 3121 2564 3508
4 2240 2885 3136 3454
4 1430 876 1208 2932
4 2320 2797 2454 3144
4 2729 2409 3003 3542
4 2097 2675 2190 3580
4 3152 3271 2401 3353
4 2294 2261 2370 2600
4 2354 2542 2755 3026
4 2719 2968 2657 3183
4 2783 3332 2701 3454
4 1189 1141 1119 2718
4 2534 1835 3256 3297
4 1036 2852 3291 3556
4 13 2633 3107 3227
4 2683 2786 2518 3131
4 2584 2817 2271 3379
4 1130 960 1998 2700
4 2771 2431 3506 3523
4 1919 2563 1853 3647
4 1083 1166 2639 3427
4 2188 1400 1995 2761
4 2643 2921 2395 3333
4 2262 2586 2900 2926
4 1598 3446 2959 3667
4 1262 2815 1255 3121
4 1237 1355 2628 3159
4 2398 3001 2639 3076
4 2549 3210 3104 3436
4 2446 3034 2915 3402
4 2952 3000 2281 3279
4 2448 2845 3114 3399
4 2330 2658 2748 3406
4 2312 2274 3161 3657
4 1270 2993 2985 3682
4 2591 3009 2417 3197
4 2500 3228 2357 3510
4 2628 3159 1355 3424
4 3087 3225 2615 3650
4 2258 2573 2637 3632
4 2331 3062 2872 3082
4 2443 2513 2299 3630
4 2612 2737 2030 3258
4 1909 1812 2724 3063
4 2907 2244 2987 3586
4 2437 3198 2745 3591
4 2209 2123 2553 3677
4 2347 2593 2557 3232
4 615 2772 278 2842
4 2674 2758 1317 3633
4 1390 1257 1271 3095
4 2683 3087 738 3574
4 1054 1087 1089 2730
4 371 3338 364 3380
4 2360 2699 2897 3337
4 1545 2804 1653 3202
4 2325 2669 2561 2702
4 2386 2502 2668 3030
4 2464 3424 3214 3537
4 2260 2296 2831 2906
4 2431 3082 2585 3698
4 2476 3140 2693 3668
4 2532 3030 2290 3535
4 1981 2107 2105 3157
4 2277 2415 2925 3410
4 2382 2771 3308 3386
4 984 2817 1115 3188
4 726 2888 2634 3208
4 1877 3166 1787 3595
4 2330 2716 2658 3406
4 2666 2331 3062 3322
4 2403 2660 2783 3150
4 2321 2803 2785 3160
4 789 3565 2755 3639
4 1652 1651 1477 2716
4 2016 2132 2706 3370
4 2262 2301 2713 3106
4 2325 3477 2702 3566
4 926 2625 691 3435
4 2558 2621 3253 3590
4 2275 2532 2290 3535
4 1351 2856 2657 2968
4 2237 2903 2452 3336
4 2338 2585 2780 3450
4 2304 2652 2385 3161
4 1615 1688 2752 2872
4 2690 2915 1654 3382
4 565 3022 349 3457
4 777 2861 2839 3411
4 2011 2009 2010 3124
4 2240 3136 2885 3265
4 2479 3145 2868 3233
4 2323 2812 2546 3418
4 2350 2511 2610 2732
4 2542 2323 2760 3026
4 2013 2011 2012 3124
4 2648 2332 3229 3425
4 2388 2458 3279 3302
4 2330 2811 2533 2990
4 1749 3590 3075 3618
4 2671 1844 3085 3602
4 2350 2814 2732 2924
4 2461 2621 2963 3362
4 2593 3387 2922 3624
4 300 3158 303 3560
4 2647 2362 3198 3579
4 922 2744 909 3583
4 1619 2889 3122 3563
4 2432 3370 3124 3548
4 2266 2690 2501 2740
4 2647 2754 2745 3612
4 2349 2516 2369 2654
4 952 1200 1165 2625
4 1407 1436 1311 2619
4 2308 2590 2386 3069
4 2094 2700 2081 2946
4 926 813 942 2625
4 1338 1337 1458 3519
4 2221 2155 1994 3466
4 1643 1530 2693 3021
4 1286 1284 2775 2935
4 890 3087 2518 3350
4 1357 3468 3392 3578
4 2441 3324 3197 3649
4 1534 1535 1565 3146
4 2442 3473 3008 3534
4 608 428 497 3012
4 1228 1223 1417 3223
4 2014 2013 2012 3370
4 784 2630 3094 3148
4 251 274 277 2891
4 2177 2006 2702 3652
4 1741 1622 2669 3132
4 698 869 918 2758
4 2324 2962 2907 2987
4 2093 2011 2863 3557
4 2704 1100 3329 3545
4 2036 2019 2025 2969
4 2410 2794 2747 3034
4 2442 3183 2678 3534
4 2412 3392 2935 3468
4 955 1078 1089 3236
4 1130 1163 1201 2700
4 2377 2618 2436 2893
4 2418 2990 2811 3375
4 2930 3008 2442 3473
4 2337 2529 2852 3052
4 218 517 3285 3363
4 2426 3327 2750 3571
4 802 772 801 3313
4 2418 2811 2533 3221
4 2165 2706 2979 3451
4 2840 2880 2518 3350
4 1583 1614 1528 2585
4 2857 2982 2704 3545
4 2674 3334 3042 3633
4 1058 3329 2642 3581
4 2346 2539 2756 2757
4 2321 2507 2885 3304
4 2810 3016 2580 3699
4 1587 1529 2889 3021
4 1130 1163 2700 2714
4 2321 2642 2803 3160
4 1083 954 1166 3427
4 2031 2027 2172 2867
4 2685 2929 2350 3266
4 2703 2362 3374 3579
4 2335 2565 2282 3235
4 1586 1685 2729 3205
4 2575 2815 2382 3121
4 395 3180 667 3683
4 1141 1985 2718 2943
4 1815 1915 1911 3110
4 2329 2664 2991 3582
4 242 499 2555 2909
4 2101 2071 2083 3153
4 2401 3152 2663 3433
4 2174 2727 2056 3548
4 1739 2658 1977 3672
4 2470 2883 2914 3076
4 2662 3260 2793 3461
4 2293 2763 2871 3381
4 2331 2751 2497 2872
4 2353 3060 2501 3201
4 2615 3028 2399 3098
4 2373 2451 2271 2847
4 2346 3433 2757 3694
4 2348 2698 2319 3129
4 2414 3315 3095 3332
4 1758 1756 1757 3438
4 1623 1690 1687 2661
4 2449 2513 2278 2913
4 2559 3009 2591 3197
4 943 2705 2751 3244
4 2646 2339 2902 3294
4 2321 3113 2739 3614
4 2755 3565 792 3635
4 1796 2810 3469 3656
4 1783 1884 2746 3353
4 2632 2940 2196 3571
4 1335 1336 1369 2735
4 2206 2866 2593 3624
4 2354 2660 2548 3292
4 2290 2670 2352 3144
4 2276 3266 2929 3461
4 1044 1045 1138 2756
4 1787 2621 3300 3595
4 2285 2499 2381 3383
4 1759 1757 1760 3438
4 2662 3241 2341 3260
4 753 716 843 3213
4 1630 1669 1564 3203
4 2475 3097 2561 3264
4 2438 2790 2583 3389
4 2460 2360 3075 3337
4 2273 2348 3129 3257
4 2489 2614 2365 3235
4 2065 2078 2180 3288
4 2730 3083 2546 3236
4 608 428 3012 3570
4 1971 1938 1883 2934
4 1283 2557 2985 2993
4 2417 2941 2242 3052
4 2584 3093 3497 3576
4 2900 3003 2586 3274
4 2275 2461 2963 3069
4 2457 2729 2517 3260
4 783 2980 3559 3601
4 214 15 16 3017
4 2750 3267 2074 3327
4 2059 2750 2070 3512
4 1266 1396 1391 3508
4 2729 2814 2409 3542
4 1864 1907 1777 2777
4 2529 2676 2337 2852
4 2390 2709 2288 3227
4 915 868 2688 3251
4 1446 1447 1359 2649
4 2964 3471 2406 3481
4 2305 2472 2293 2489
4 1828 2808 1915 3110
4 2545 3053 2868 3544
4 2603 3262 3163 3585
4 3150 3309 1364 3436
4 1768 3070 2983 3490
4 2138 2837 3311 3465
4 2417 3009 2591 3556
4 525 2826 506 2830
4 2459 3239 2962 3660
4 934 1967 1947 2688
4 2351 2827 2753 3213
4 2511 3029 1662 3193
4 2695 2831 2296 2906
4 1669 1564 3203 3603
4 2246 3186 2498 3525
4 2350 2511 2948 2990
4 2446 3034 2309 3048
4 2293 2267 3381 3393
4 2309 2264 2828 3048
4 637 2774 636 3554
4 2682 3149 2500 3228
4 2337 2455 2839 3321
4 2372 2402 2309 3034
4 2304 2503 2652 3161
4 2677 2993 1277 3352
4 2305 2272 2387 2614
4 2274 3114 2298 3261
4 2638 2757 3433 3694
4 2704 3329 2857 3545
4 3392 3468 2762 3578
4 2521 2408 2797 3263
4 2216 3153 2101 3466
4 723 2888 726 3208
4 2079 2946 2543 3426
4 1113 1114 2779 3391
4 2301 2378 2274 3161
4 246 3407 254 3462
4 1029 1135 1157 3620
4 2401 2787 2573 3632
4 622 433 602 3031
4 1911 1815 3110 3522
4 2534 1931 3297 3317
4 809 769 810 2710
4 2428 2719 2968 2977
4 2611 3494 2080 3582
4 1771 1773 1907 2777
4 2648 2332 2855 3229
4 2330 3307 2716 3509
4 2250 2953 2931 3576
4 1892 1757 1755 2896
4 1233 2856 1384 3573
4 2564 2423 2942 3611
4 2522 3227 2288 3237
4 2058 2624 2057 3195
4 1496 3274 2530 3299
4 2275 2290 2532 3543
4 601 274 2726 3378
4 750 847 748 3015
4 254 2882 258 3434
4 2359 3127 2624 3549
4 2431 2735 3308 3506
4 991 2930 2822 3473
4 2446 2915 2598 3402
4 2574 2813 2387 3282
4 2551 3036 2287 3443
4 2407 2482 2953 3093
4 2632 2938 1939 3602
4 2030 2737 2141 3258
4 2029 2612 2030 3258
4 2177 2645 2185 3652
4 2224 3127 2671 3318
4 1498 1599 2594 3661
4 2453 3241 3068 3516
4 1043 2756 990 3458
4 2234 2943 2110 3346
4 2455 3252 2689 3504
4 2315 2349 2494 2918
4 2974 3124 2863 3566
4 1044 990 1043 2756
4 453 649 547 2788
4 1129 1166 1128 3681
4 1170 1736 1158 2714
4 2915 3034 2410 3402
4 2412 2920 2935 3054
4 1191 832 930 3236
4 1161 1045 1043 2756
4 1372 1316 1370 3050
4 1887 2681 2983 3452
4 2104 1996 2215 2798
4 2687 3077 2624 3549
4 2467 3062 2818 3603
4 1053 1080 1052 2631
4 1862 2723 1800 3439
4 1527 2778 1604 3216
4 14 13 217 3107
4 1894 1895 2694 3061
4 2617 2824 1504 3488
4 2268 2704 2465 3697
4 2257 2875 2654 3321
4 2711 2992 2926 3646
4 2401 2604 2766 3196
4 3001 3157 2090 3588
4 2662 2793 2241 3461
4 2250 2335 2931 2953
4 713 716 715 2699
4 2591 1123 3324 3544
4 1887 2983 2681 3490
4 1595 2814 1578 3495
4 514 3024 306 3474
4 850 3094 2689 3238
4 261 528 563 3046
4 372 318 3179 3575
4 3159 3424 2495 3605
4 1998 2700 960 3552
4 1331 2667 1333 2942
4 2767 2367 3106 3161
4 2387 3443 2574 3500
4 1812 1818 1819 2724
4 598 3363 218 3415
4 1303 1425 1312 2646
4 259 479 2973 3434
4 2757 2802 2336 2910
4 1357 1287 3468 3578
4 1036 1047 1046 3181
4 1498 2594 3274 3661
4 2655 2967 1571 3667
4 2535 3004 2808 3056
4 2755 2760 2481 3026
4 2111 2611 2085 3546
4 2466 2987 2324 3079
4 2393 2854 2784 2861
4 1168 965 1169 3223
4 1481 1691 2003 3580
4 2401 2573 2787 3353
4 2395 2746 2663 2787
4 1798 2938 2521 3397
4 1697 2904 3089 3097
4 2269 2440 2368 2480
4 2817 3093 2482 3290
4 1697 2904 1687 3089
4 730 2635 3174 3388
4 520 347 328 2928
4 2840 3059 2487 3657
4 1717 1589 1670 2693
4 2678 3090 2272 3211
4 356 355 3380 3621
4 2325 2702 2974 3566
4 850 2689 3128 3238
4 1783 1774 2573 3496
4 1446 2649 1179 3405
4 2024 2537 3135 3258
4 2365 2387 2272 2614
4 2158 2081 2094 2700
4 1287 2762 1264 3468
4 2071 2083 3153 3259
4 2257 2784 2582 3321
4 2503 2378 3099 3161
4 2587 2741 3331 3465
4 2345 2981 2881 3481
4 2362 2703 3198 3579
4 2563 2689 2360 3655
4 1438 966 1177 3038
4 2576 3270 2692 3286
4 1557 2729 3187 3205
4 1544 2890 1543 3138
4 1580 1716 1679 2669
4 2393 2984 2717 3700
4 2387 2574 2365 3500
4 2273 3257 2587 3608
4 769 2710 808 3071
4 2244 2736 2508 3385
4 2194 1997 1678 3132
4 2640 2238 3051 3308
4 2576 3147 2754 3357
4 886 2840 3313 3350
4 2386 2590 2296 3069
4 2359 2624 3077 3549
4 2291 2355 3126 3428
4 2537 3257 3135 3521
4 2767 3059 2487 3088
4 2324 2907 2782 2987
4 2362 2703 2581 2997
4 1470 1662 3029 3193
4 1901 1902 2798 2853
4 2608 2399 3344 3592
4 2357 2781 2846 3149
4 2291 2555 2355 3428
4 1699 3006 2675 3348
4 1440 2548 3292 3600
4 1767 2981 2637 3496
4 2327 3428 2944 3472
4 2407 2961 2459 3577
4 1571 2967 2655 3119
4 2238 2713 3106 3698
4 1686 2579 1613 3466
4 2945 3603 2666 3686
4 364 3287 357 3380
4 2782 2987 2821 3486
4 1239 2628 1355 3424
4 854 788 776 3406
4 2364 2788 2499 3007
4 2487 3088 2608 3344
4 2362 2736 2508 2907
4 2822 3053 2545 3290
4 3092 3347 2430 3487
4 2256 2873 3219 3233
4 1459 1405 1423 2664
4 2338 2780 2693 3450
4 2539 3063 2971 3507
4 573 377 498 2596
4 2412 2762 3392 3468
4 2801 3085 2595 3272
4 1335 2735 2942 3519
4 3059 3088 2450 3313
4 2750 3195 2070 3512
4 1781 2983 2521 3452
4 1624 1689 1719 2646
4 2367 2926 2992 3531
4 2339 2697 2677 3186
4 2466 2943 3239 3620
4 924 2878 2542 3565
4 1783 2573 1782 3353
4 1321 1334 1286 2935
4 2321 2649 3113 3614
4 1907 3300 2777 3595
4 1155 2779 1050 3326
4 1812 1818 2724 3517
4 2514 2708 2336 3252
4 777 780 2861 3411
4 2129 2127 3327 3571
4 289 290 298 3117
4 1176 2957 2619 3405
4 2292 2478 2486 3046
4 439 440 375 2805
4 1778 2743 2981 3496
4 2514 2960 2455 3252
4 1132 1133 2688 3120
4 2327 2291 2944 3428
4 1374 1373 1371 2647
4 405 659 3010 3607
4 2335 2509 2303 2931
4 2363 2730 2672 2988
4 1910 1958 2688 2899
4 2394 3167 3172 3228
4 2739 3095 2414 3275
4 2008 2010 2009 2974
4 1047 1138 2708 3181
4 1044 3009 2756 3556
4 1994 2155 2095 3006
4 2296 2831 2695 3629
4 2292 2686 2389 3250
4 656 385 620 2565
4 1804 2723 1868 3596
4 2299 2513 2941 3630
4 2400 3005 2611 3025
4 2675 3006 2862 3348
4 2611 3546 3494 3547
4 260 2925 2686 2973
4 3005 3331 2741 3465
4 2394 2599 2969 3129
4 2435 3268 2629 3359
4 2801 2964 2528 3212
4 2285 3383 3442 3679
4 2330 3307 2512 3672
4 1094 976 1113 3333
4 1007 2937 1135 3497
4 1905 1732 1969 3256
4 1364 3150 2792 3315
4 2456 3358 3025 3608
4 2012 3124 2161 3370
4 2633 2709 13 3230
4 2262 2713 2306 3453
4 2669 2947 2325 3256
4 1457 2667 1410 3519
4 1799 2521 2996 3452
4 2297 2797 2444 2944
4 1412 1151 953 3224
4 1635 2658 1707 3307
4 2453 3068 2810 3516
4 1586 2729 1557 3205
4 2117 3079 2199 3677
4 2809 2920 2519 3165
4 1936 1740 916 2956
4 2434 2963 2605 3253
4 1624 1689 2646 3140
4 2256 2784 2654 3219
4 796 2827 845 3067
4 2521 2983 1781 3397
4 2266 2402 2372 3034
4 840 944 839 3406
4 802 884 883 3244
4 1671 2511 3193 3509
4 1161 2756 1043 3458
4 880 874 893 3209
4 2332 2648 2855 3336
4 2044 2065 2052 2914
4 638 580 336 3249
4 1162 2584 3398 3688
4 1185 2977 1086 3064
4 2178 2089 2664 2922
4 2292 2356 3025 3358
4 1411 1422 1343 2752
4 2298 2436 2377 2618
4 2487 3088 3059 3313
4 524 222 220 2709
4 1861 2808 1860 3156
4 2343 2547 2851 2962
4 1871 1978 2580 3699
4 3004 3056 2535 3516
4 1557 2729 1568 3187
4 2291 2725 2555 3155
4 2235 2119 2115 3039
4 2746 2787 2395 3116
4 2466 2821 2380 2987
4 1152 691 952 3435
4 2414 2701 3150 3332
4 1423 2664 1983 3130
4 2487 3059 2767 3657
4 1795 2810 3068 3469
4 1352 1419 1350 2968
4 426 3024 610 3323
4 1954 2798 1902 3540
4 2666 3603 3062 3686
4 895 806 2615 3650
4 1780 2983 2595 3397
4 2611 3005 2456 3025
4 295 299 542 2659
4 2149 2093 3417 3557
4 880 695 874 3209
4 2323 2674 3042 3633
4 563 2850 2627 3526
4 1473 1688 1657 2752
4 1783 3353 2746 3496
4 2408 3452 3110 3522
4 2020 2019 2018 2599
4 643 507 412 2684
4 2519 2815 2762 3468
4 1756 2896 1757 3438
4 622 3031 602 3616
4 2274 2378 2312 3161
4 2497 2710 2331 3606
4 2264 2396 2371 2541
4 1683 1586 1685 2729
4 2041 2837 2581 3311
4 2247 3183 2678 3211
4 1778 2743 1788 2981
4 238 2869 206 3168
4 1564 2679 3203 3603
4 375 2805 3356 3457
4 2484 2927 2645 3652
4 2359 2687 3077 3617
4 2340 2661 3089 3202
4 2487 3650 3204 3693
4 1447 2649 1446 3405
4 1557 1586 1568 2729
4 2753 3384 1918 3662
4 1320 1318 1319 2866
4 1885 1884 1848 2746
4 2411 2612 3310 3640
4 2843 3008 2465 3534
4 2706 3019 2432 3020
4 210 3023 223 3526
4 2268 2420 2313 2949
4 2330 2748 3240 3406
4 2535 3004 2491 3351
4 1275 1258 1267 3150
4 1540 2915 1539 3478
4 2272 3211 3090 3690
4 1834 1957 2671 3272
4 2206 2593 2922 3624
4 294 296 295 2588
4 2580 2810 2453 3016
4 1700 1478 1222 2887
4 837 2667 876 2932
4 828 2854 749 3276
4 699 888 1152 3435
4 2442 2459 2961 3586
4 1758 1859 1772 3438
4 2431 2809 2771 3308
4 2400 2611 3005 3675
4 2400 2865 2611 3675
4 2440 2795 2522 3047
4 2710 2744 2497 3449
4 2768 3040 2794 3325
4 851 3240 3067 3662
4 2697 2936 2239 3250
4 783 3559 919 3601
4 2623 2413 3352 3682
4 2527 2846 2778 3014
4 802 883 2608 3244
4 943 884 2705 3244
4 2163 2092 2639 3157
4 2669 2702 2325 2947
4 2817 3188 2620 3379
4 1031 2642 1058 3200
4 2366 2914 2883 3076
4 2644 2346 3063 3458
4 1312 1425 1428 2646
4 2266 2594 2690 2740
4 2274 2404 2845 3204
4 1054 2730 3083 3536
4 2243 2768 2794 3325
4 2359 2597 2543 2964
4 2243 3040 2768 3325
4 2308 2590 3069 3629
4 372 527 297 2606
4 2527 2347 2846 3014
4 2474 2715 2623 3086
4 2696 3214 1252 3537
4 2358 2640 3051 3308
4 2584 2458 2931 3589
4 2271 2335 2451 2953
4 2538 3110 2720 3522
4 2116 2117 2118 2782
4 3084 3485 2932 3601
4 2052 2914 2035 3310
4 1288 2701 1267 3275
4 2638 3433 2346 3694
4 1707 1635 1652 2658
4 1328 2548 1440 3600
4 2316 2575 2791 3104
4 2291 2444 2327 2944
4 2261 2294 2370 2972
4 2246 3054 3186 3525
4 2318 2515 2389 2731
4 2646 2889 2476 3140
4 1391 1396 1332 3508
4 2723 2996 2538 3522
4 1239 3320 2628 3424
4 1343 1452 2919 3583
4 904 3601 2548 3695
4 2405 2855 2648 3336
4 548 260 670 2925
4 1706 1593 1626 3016
4 2329 2593 2557 3387
4 2639 3001 2092 3288
4 3086 3270 2474 3658
4 1341 1346 2780 3371
4 2384 2722 2874 3255
4 1130 1201 960 2700
4 2490 3453 2679 3480
4 2453 2810 2580 3060
4 1216 2744 922 3583
4 1565 3146 3014 3348
4 263 3100 648 3492
4 354 2976 593 3207
4 2708 2728 2336 3120
4 2836 2846 2347 3232
4 3095 3275 1257 3315
4 2282 2365 2313 3500
4 1543 3138 2890 3478
4 1630 1564 2679 3203
4 2902 3294 2552 3484
4 2394 2599 3129 3625
4 2450 2711 2367 3059
4 2362 2581 2736 2997
4 2406 2881 2981 3481
4 318 319 600 3176
4 2318 2515 2422 3489
4 2291 2355 2555 2725
4 1812 1811 1786 3152
4 2633 2909 2444 3133
4 1953 1969 1840 2669
4 749 2582 750 3276
4 1423 1459 2664 3130
4 1338 2744 2823 3519
4 2388 2864 2620 3391
4 2783 3136 2240 3343
4 3015 3442 2492 3538
4 2498 2834 2339 3689
4 2583 2607 3342 3412
4 1086 3064 2977 3685
4 2354 2701 3408 3454
4 2604 3196 2401 3271
4 2265 3104 2361 3568
4 1110 1029 1157 3620
4 1225 1445 1438 3038
4 2822 2930 2482 2949
4 2789 3404 2398 3441
4 2382 2815 2575 3165
4 2558 2766 2435 3618
4 2582 2854 2384 3276
4 2331 2705 2608 3244
4 1229 3447 2547 3619
4 2356 3025 3358 3608
4 2345 2787 2746 3116
4 2447 2975 2253 3470
4 2739 3113 1281 3614
4 2259 3086 2715 3658
4 2791 3105 2382 3165
4 2154 2056 2174 2727
4 1283 2985 2557 3387
4 2283 2920 2809 3165
4 984 3188 985 3290
4 2423 2942 2932 3084
4 2546 2989 818 3498
4 2029 2030 2026 3258
4 1263 2815 1262 3386
4 2250 3076 2470 3199
4 1151 1412 1212 3224
4 1075 2649 1060 2957
4 2722 2908 2419 3289
4 1918 2753 3166 3384
4 242 530 240 2909
4 2357 2682 3149 3295
4 436 575 3409 3604
4 1666 2958 1483 3029
4 874 695 1914 3209
4 2416 2875 2630 3094
4 2386 3069 2496 3102
4 561 527 372 3018
4 1025 1031 1058 3200
4 1173 2812 2674 3335
4 2860 3222 2485 3341
4 2971 3455 2539 3507
4 621 659 2650 3597
4 2782 2907 2508 2987
4 1845 1960 3455 3507
4 1636 1465 2694 3419
4 1200 1106 1165 2625
4 2122 2950 2782 3677
4 2745 3182 1279 3670
4 3065 3270 2623 3682
4 2441 3145 2545 3533
4 733 732 731 2722
4 1477 1681 1652 2956
4 2621 3337 2249 3362
4 2340 2912 2747 3325
4 1699 1592 3006 3348
4 2386 3030 2668 3031
4 2468 3428 3060 3516
4 1233 1299 2856 3619
4 1311 1382 1435 2739
4 2170 2587 2140 3349
4 2407 3497 3093 3576
4 2240 2783 3343 3368
4 1238 3182 1239 3670
4 2014 3019 2015 3548
4 2179 954 2163 3427
4 2689 3094 850 3541
4 750 2582 751 3411
4 2584 2931 3576 3589
4 1627 2814 1683 3542
4 2398 3441 3157 3588
4 2505 2846 2781 3149
4 2237 3471 2964 3481
4 2439 3130 2991 3612
4 1800 2996 2938 3439
4 2264 2835 2617 3048
4 1352 1419 2968 2977
4 2341 3068 2453 3241
4 1291 1286 1284 2775
4 2628 3211 2495 3424
4 2678 3211 2272 3500
4 1234 1236 1370 3050
4 1089 2730 1087 3236
4 2403 2791 2575 3104
4 998 2864 999 3391
4 972 1094 1095 3333
4 1575 1561 1667 2712
4 2790 3148 2416 3442
4 2308 2386 2275 3069
4 1728 1937 1989 3366
4 1253 1249 1252 2792
4 2783 3332 2280 3568
4 2762 2815 2519 3165
4 2688 2899 2884 3251
4 2312 3131 2251 3644
4 2523 2722 2384 3255
4 2258 2637 2881 3632
4 2851 2962 2886 3660
4 1987 2216 2101 3466
4 1096 1113 1114 2779
4 2174 3355 3019 3691
4 2512 2330 2712 3307
4 2536 3218 2245 3511
4 1368 3392 1357 3468
4 339 570 340 2877
4 1879 1858 1890 2801
4 2341 2694 2512 2911
4 2302 3401 2447 3470
4 2687 2411 3073 3432
4 2418 2533 2811 2990
4 2353 2501 2890 3201
4 2706 2599 3451 3691
4 1831 3341 2601 3384
4 2337 2784 2654 3321
4 1575 1664 3307 3509
4 2519 2935 2920 3054
4 751 846 780 2861
4 2238 2767 3106 3261
4 2416 3442 2897 3651
4 2476 2825 2646 3140
4 2106 2718 2108 3346
4 1239 1237 2628 3182
4 1704 2580 1593 3016
4 2412 3054 2935 3186
4 851 3281 3240 3662
4 2498 2339 2936 3689
4 2117 2118 2782 3677
4 788 2811 776 3406
4 2292 3293 2682 3555
4 1947 907 934 2688
4 2325 3002 2669 3256
4 2517 3187 2457 3260
4 2271 2451 2373 2765
4 2495 2343 2856 3183
4 328 2613 3206 3444
4 2529 3219 2873 3233
4 2594 2740 2510 3661
4 2336 2708 2539 2757
4 2648 2405 2934 3326
4 719 871 2583 3342
4 2325 2534 3040 3622
4 354 2796 359 2976
4 2735 2823 1336 3506
4 2323 2556 3301 3633
4 2564 3121 1266 3309
4 2429 3202 2598 3446
4 1683 2814 1595 3495
4 1236 1235 3182 3573
4 1691 1699 1592 3006
4 2623 2715 2474 3564
4 1819 1909 1812 2724
4 1887 2983 1781 3452
4 2414 2885 2556 3454
4 1831 2601 1867 3384
4 2073 3267 2750 3512
4 352 3207 593 3483
4 1627 1488 2814 3542
4 1983 2205 2202 2664
4 976 2643 1113 3333
4 1683 1627 1595 2814
4 2448 2845 2615 3114
4 2286 3081 2936 3623
4 1348 1347 1296 3424
4 2262 2306 2571 3345
4 1557 3205 3187 3416
4 1794 2743 3496 3636
4 2756 2757 2417 3694
4 2352 3196 2379 3369
4 2356 3331 3025 3608
4 2350 2924 2732 3139
4 2256 2857 2982 3445
4 399 452 483 2913
4 2337 2861 2784 3321
4 2802 2876 2435 3517
4 2932 3084 1330 3485
4 1185 1086 1182 3064
4 2679 2945 2586 3531
4 924 2542 3430 3635
4 2316 2436 2375 2805
4 1903 1756 1771 2605
4 487 426 488 2652
4 2797 3033 2454 3482
4 1172 2562 1128 3552
4 2266 2740 2501 3126
4 2286 2389 2318 2515
4 1702 1214 1401 2902
4 2329 2985 2576 2991
4 2585 2872 3062 3082
4 2699 3213 716 3389
4 1509 1578 1595 2814
4 2422 2920 2318 3489
4 2573 2258 2637 2901
4 2950 3374 2362 3579
4 944 2716 839 3406
4 1555 1554 1556 2799
4 486 485 3483 3553
4 1844 1834 2671 3085
4 1666 2732 2958 3029
4 453 387 2578 3096
4 1065 1032 2812 3335
4 1320 1413 1226 2675
4 1311 2619 1436 3042
4 1195 1128 2562 3552
4 2439 3494 3173 3547
4 2297 2944 2776 3263
4 1892 1841 1900 2604
4 1895 1656 1465 2694
4 2630 2875 2455 3094
4 1331 2932 2667 2942
4 2838 2930 2482 3093
4 2311 2327 2550 2668
4 1033 2569 1124 3306
4 933 2989 928 3038
4 473 2788 443 2898
4 1098 1184 1057 2657
4 2528 2853 2332 3336
4 819 781 882 2760
4 1336 2823 2735 3519
4 2394 3129 3020 3625
4 791 758 857 2880
4 2335 2489 2565 3235
4 1011 2569 1033 3536
4 827 870 803 2607
4 1832 1878 2820 3384
4 2997 3025 2456 3358
4 1470 1642 697 3029
4 2411 2914 2883 3432
4 802 883 772 2608
4 2333 2927 2484 3361
4 1515 2616 1611 3488
4 2587 2273 2741 3257
4 2647 3422 2100 3659
4 1123 1122 3324 3544
4 1087 1069 1088 2730
4 2527 2778 2391 3137
4 1921 2567 1883 3636
4 1474 1634 1707 3419
4 1832 1878 1877 2820
4 753 2827 803 3342
4 412 3032 410 3074
4 1942 1863 2632 3366
4 1180 1072 1174 2708
4 2148 2727 2154 3226
4 1462 1485 2879 2958
4 1527 1604 1513 3216
4 864 2753 844 2849
4 2471 2888 2683 3247
4 2542 2760 2755 3026
4 791 2880 857 3569
4 2505 2593 3232 3641
4 2417 2591 3291 3556
4 822 2563 3655 3664
4 2418 2906 2685 3131
4 1724 2644 1975 2971
4 1850 2853 2648 3502
4 2002 2222 2215 2714
4 2591 2868 1123 3544
4 2467 2679 3106 3531
4 715 714 713 2699
4 635 671 3143 3339
4 528 613 215 3046
4 1561 2712 1575 2911
4 2863 3557 2974 3566
4 2745 2754 2647 3198
4 2865 3582 3217 3641
4 1361 1255 1264 2815
4 2629 2897 2416 3383
4 2663 3152 2401 3353
4 1438 2674 966 3038
4 3103 3188 2441 3544
4 1566 1608 1607 3645
4 2237 2964 3336 3481
4 2719 2428 3183 3534
4 1659 2751 2705 3322
4 2266 2402 2355 2725
4 2464 3443 2966 3524
4 2749 2849 2460 3075
4 335 3011 336 3503
4 2461 2963 2695 3362
4 1558 2911 1560 3187
4 2585 2818 2338 3698
4 2454 3043 2637 3144
4 2535 3056 1865 3175
4 1374 1373 2647 3659
4 500 3191 499 3280
4 696 913 923 2667
4 2296 2386 2496 2590
4 420 2665 496 3179
4 1422 2752 1346 3371
4 13 2709 2633 3227
4 2644 3063 2663 3303
4 312 316 547 3007
4 2737 2914 2411 3310
4 1395 1364 3309 3436
4 998 2620 1115 3379
4 708 927 916 2956
4 1189 1141 2718 2943
4 2156 2865 2066 3217
4 1275 1295 1367 3150
4 2295 2402 2266 3048
4 2296 3069 2590 3629
4 2288 2328 2493 2881
4 558 449 505 2882
4 459 559 273 2680
4 2088 3127 2184 3426
4 2553 2324 2782 3677
4 2270 3004 2535 3535
4 2296 2260 2344 2445
4 213 684 3058 3429
4 1575 2911 2712 3307
4 1510 3122 2824 3373
4 2363 3083 2951 3304
4 2643 2779 2388 3391
4 1998 2700 2222 2714
4 1384 1233 1299 2856
4 2474 3065 2623 3564
4 2304 2385 2652 3024
4 428 399 384 2965
4 2206 2157 2082 2593
4 1042 2937 1014 3239
4 2476 2825 2935 3186
4 2274 2378 2301 3261
4 680 3316 533 3613
4 2272 2628 3211 3690
4 25 596 211 2691
4 1096 1113 2779 3333
4 2301 2378 2832 3261
4 695 1731 1914 3209
4 1831 1867 1832 3384
4 1732 1471 1917 3256
4 2301 2832 2427 3261
4 2015 2174 2056 3548
4 1917 1931 1964 3317
4 2820 3341 1832 3384
4 1464 1608 1660 2705
4 2643 3324 3103 3649
4 2453 2769 3060 3201
4 1124 1004 1008 2873
4 2448 2980 2536 3511
4 1720 2749 1745 2849
4 1871 2580 3016 3699
4 299 2659 295 3049
4 2074 2750 2073 3267
4 269 683 223 3184
4 3204 3350 2487 3657
4 2412 3392 2762 3578
4 2608 3098 772 3313
4 2508 2736 2244 2907
4 1800 2723 1802 2996
4 2368 2480 2440 3184
4 2311 2386 3351 3535
4 1905 1969 2669 3256
4 872 1665 1680 2919
4 1540 1545 1538 2804
4 2391 2824 2617 3623
4 1495 1644 2586 3299
4 2357 3228 2682 3295
4 2249 2963 2621 3362
4 2608 3344 2399 3693
4 2834 2527 3626 3689
4 2245 2536 3399 3669
4 2253 3033 2797 3482
4 2687 3073 3047 3432
4 1958 1742 1910 2688
4 888 807 926 3435
4 677 3080 401 3249
4 1034 1056 1126 2851
4 2013 2014 2015 3548
4 1371 2647 1373 3422
4 1899 1922 2753 2849
4 2502 2290 3030 3535
4 2308 2275 2963 3069
4 1612 1527 1572 2778
4 801 772 3098 3313
4 1428 2646 1425 3140
4 2643 3372 2559 3649
4 2419 2970 2536 3639
4 2323 2885 2507 3418
4 2518 3350 3204 3657
4 1200 2625 952 3648
4 2065 2742 2078 3288
4 2545 985 3188 3290
4 1850 2648 1979 3502
4 418 3171 660 3674
4 1327 2674 1317 3633
4 1086 1182 3064 3685
4 2339 2836 2697 3626
4 2362 2745 2647 3198
4 2547 2886 2851 2962
4 2327 3351 3004 3535
4 2411 2737 2883 2914
4 1653 2804 3089 3202
4 2244 2907 3090 3586
4 2265 3104 2792 3524
4 2777 3151 1864 3595
4 2662 3231 2491 3351
4 2343 2719 2657 3183
4 1184 2657 953 3224
4 3047 3073 2883 3432
4 2330 2512 2860 3672
4 1704 1928 1703 3317
4 2125 2132 2124 3267
4 793 904 812 3695
4 2275 2386 2532 3535
4 1871 1872 1978 3699
4 1471 1647 1705 3256
4 2523 2257 3015 3538
4 924 3430 920 3635
4 566 268 613 3170
4 300 301 302 3049
4 1929 2748 1889 3281
4 2359 2624 3127 3195
4 1155 1096 1050 2779
4 1738 702 2688 2884
4 3056 3469 2810 3656
4 1544 1546 1543 2890
4 2464 2966 2696 3524
4 1763 1861 1860 3156
4 2284 2982 2315 3599
4 847 860 804 3015
4 2353 2794 2768 3040
4 984 1116 1115 2817
4 2671 3272 1957 3318
4 2863 3417 2340 3593
4 2536 3399 2448 3511
4 517 265 3133 3363
4 2309 2371 2264 3048
4 2136 2671 2224 3195
4 2353 2501 2794 3663
4 896 3067 2753 3662
4 2205 1423 1405 2664
4 1239 1238 1237 3182
4 2689 3252 2910 3504
4 502 260 548 3666
4 1877 2820 1878 3166
4 1409 906 1224 3583
4 2491 3056 2535 3175
4 2586 2679 2262 3299
4 2126 2570 2927 3327
4 1952 1868 2723 3596
4 842 2610 3029 3569
4 972 1095 2917 3333
4 2662 3102 3260 3461
4 296 587 301 3049
4 907 1738 702 2688
4 1439 1210 1405 2664
4 924 3565 2542 3635
4 2401 2787 2663 3353
4 1185 1205 2977 3064
4 2413 2836 2677 2993
4 916 855 700 2748
4 2330 2658 2716 3307
4 709 915 868 2688
4 2343 2657 2968 3183
4 2136 2224 2135 3195
4 2398 2789 3199 3576
4 2660 3084 2548 3292
4 2116 2782 2146 3486
4 2312 3204 2274 3657
4 2272 2844 3036 3690
4 2556 3042 1302 3301
4 2572 3283 3156 3438
4 1172 1128 2562 3681
4 2431 2752 2585 3606
4 2067 2052 2065 2914
4 2433 2704 2857 3697
4 2696 3315 2792 3332
4 1952 2723 1862 3439
4 2701 2556 3408 3454
4 2271 2584 2931 2953
4 2530 3274 2586 3299
4 2307 2673 2415 3410
4 1859 3156 2535 3438
4 2437 3036 2844 3690
4 2322 2328 2606 2665
4 1949 1875 1977 2658
4 2174 3019 2015 3691
4 2043 2031 2172 2867
4 2526 2804 2410 3325
4 833 1483 2958 3029
4 710 688 711 2749
4 825 867 3174 3639
4 2294 3178 2888 3247
4 590 463 628 3045
4 242 3155 2909 3191
4 1416 1221 1445 3038
4 1745 1720 1744 2749
4 13 3107 3108 3227
4 1789 2528 3212 3558
4 1836 1954 1916 2597
4 2711 2924 1489 2992
4 990 2756 3009 3458
4 2485 2848 3231 3572
4 2283 2422 2566 2613
4 884 898 943 2705
4 2495 2856 2343 3505
4 857 779 842 2610
4 3150 3275 2701 3315
4 2116 2117 2782 3079
4 2145 3465 3311 3546
4 2179 2163 2092 3427
4 2747 2794 2410 3325
4 2506 3349 3135 3451
4 1959 1962 1743 2714
4 2330 2658 3307 3672
4 1440 3292 1315 3600
4 1083 1166 1081 2639
4 1439 1210 2664 2922
4 1255 1262 1263 2815
4 2439 2991 2754 3612
4 2771 2775 2338 3523
4 1273 1264 1263 2815
4 2403 3150 2783 3332
4 1759 2572 3156 3438
4 2438 2897 2699 3337
4 2784 2861 2582 3321
4 1528 1581 1582 2818
4 2314 2451 2271 2765
4 1895 1465 1963 2694
4 1642 917 697 3029
4 2807 3347 2430 3385
4 433 432 464 3030
4 2359 3077 2687 3549
4 1977 2658 1875 3672
4 879 844 864 2753
4 2580 3060 2810 3699
4 2380 2937 2789 3620
4 711 2749 688 3638
4 2856 2738 3505 3573
4 1488 2924 2814 3542
4 726 2634 728 3208
4 1197 969 1171 2688
4 1386 693 897 2878
4 2505 2347 2846 3232
4 715 2699 716 3389
4 1627 1488 1509 2814
4 1066 1065 1032 2812
4 886 2840 885 3313
4 1999 1217 1443 2866
4 2464 3211 2628 3424
4 2338 2818 2585 3450
4 1800 2723 2996 3439
4 2804 2915 1540 3478
4 2067 2914 2065 3288
4 2808 3056 2468 3656
4 1052 2631 1080 3688
4 1282 2895 1293 3113
4 2318 3086 2277 3489
4 2190 2175 1999 2866
4 2404 2600 2326 2845
4 1403 1441 1315 3408
4 356 3380 357 3594
4 2371 2264 3048 3345
4 2523 2972 3255 3367
4 2129 2632 2196 3571
4 2439 3286 2991 3582
4 2213 3426 2184 3540
4 1775 3175 3056 3469
4 1053 1080 2631 3404
4 1633 1549 1570 3264
4 1088 2730 1069 2984
4 1492 2586 2992 3003
4 2111 3494 2611 3546
4 712 844 843 3213
4 850 3128 2689 3655
4 2569 2951 2857 3445
4 1922 1898 1899 2753
4 2617 2835 1503 3420
4 3002 3479 2534 3622
4 2741 3078 2500 3293
4 2522 2795 2383 3047
4 796 858 845 2827
4 2473 2609 2376 3343
4 2888 3178 2683 3247
4 2259 2318 2920 3086
4 2696 3095 1256 3315
4 1743 1965 2002 2714
4 1079 1077 963 3498
4 2335 2504 2303 2509
4 2038 2012 2161 3370
4 1053 2631 1052 3398
4 1229 2547 3447 3448
4 2320 2444 2270 2502
4 2354 2548 2660 3218
4 1039 3515 3379 3688
4 2873 3219 2676 3306
4 1793 3056 1796 3469
4 2558 2435 2876 3618
4 2538 3477 2723 3596
4 2461 2777 2605 3300
4 2253 2426 3077 3482
4 524 12 13 2709
4 2204 2216 2236 2655
4 1689 1628 1719 2646
4 2611 3582 2865 3641
4 1235 1237 1236 3182
4 2769 2501 3060 3201
4 2048 2057 2058 2624
4 1862 1952 1868 2723
4 2386 2496 2311 3102
4 2103 3427 2562 3552
4 1864 2777 1777 3151
4 398 3298 2733 3474
4 2033 2030 2029 2612
4 2883 2914 2366 3432
4 2381 2257 2972 3538
4 2361 2376 2577 3032
4 2251 2312 3161 3657
4 2597 3318 3127 3426
4 2508 2821 2782 2987
4 1016 1022 3093 3497
4 1406 1436 1407 2619
4 1354 1412 1352 2657
4 1412 2657 1354 3224
4 1555 1620 1621 2799
4 2300 2319 2698 3129
4 2919 3449 2497 3583
4 797 799 798 2764
4 2660 3084 2564 3218
4 2546 3248 2760 3418
4 795 3067 851 3240
4 2548 3530 812 3695
4 2405 2743 2528 3278
4 2374 2286 2686 3250
4 1739 1944 1949 2956
4 2274 2404 2531 2845
4 2292 2686 2478 3170
4 1728 1989 2645 3366
4 2014 2016 2015 3019
4 1826 1770 1748 2876
4 2116 2121 2146 2782
4 2247 3160 2966 3340
4 2332 2543 2946 3426
4 1936 1949 1740 2956
4 1708 1465 1656 2694
4 2628 3320 2464 3424
4 1952 2723 2645 3596
4 2145 3005 3465 3546
4 2586 2945 3463 3531
4 807 925 797 2960
4 617 3032 521 3123
4 2241 2933 2695 3254
4 2581 2997 2703 3311
4 1173 2674 3334 3335
4 1495 3274 1496 3299
4 2662 2241 3102 3461
4 2437 2844 3198 3591
4 2470 3493 2867 3627
4 772 768 3098 3592
4 2425 2788 2364 3007
4 2852 3052 2417 3181
4 2562 2946 2700 3229
4 1233 3573 2738 3619
4 2205 2178 2089 2664
4 401 332 2592 3080
4 212 23 22 2673
4 2792 3150 1364 3436
4 2343 2968 2856 3183
4 369 3096 366 3177
4 2100 2099 3173 3659
4 1067 1149 1125 3093
4 1532 1534 1536 2834
4 1436 2619 1406 3334
4 2271 2314 2545 3328
4 953 1184 1098 2657
4 2314 2271 2545 3533
4 2808 2468 3110 3656
4 2093 2863 2147 3417
4 2863 3548 3417 3593
4 1504 1503 1507 2617
4 562 495 429 2721
4 388 470 2998 3169
4 2375 2287 2488 2691
4 2371 2309 2891 3048
4 2257 3442 3015 3538
4 616 365 399 2965
4 1201 2700 1163 3425
4 1682 1643 1582 2818
4 233 2633 239 3027
4 2808 3004 2468 3056
4 1354 2856 1299 3619
4 592 572 385 3162
4 733 731 867 2722
4 2843 2465 3160 3534
4 474 534 656 3364
4 2884 2899 2336 3251
4 1254 3121 2575 3436
4 732 731 2722 3388
4 2071 2047 2060 2781
4 2337 2852 2676 3360
4 2936 3246 2239 3250
4 534 442 3055 3597
4 1557 3187 1554 3416
4 702 915 2688 2884
4 607 663 3055 3115
4 1636 1465 1658 2694
4 2611 3005 2085 3546
4 2785 3160 2803 3340
4 2804 3089 2526 3264
4 1831 1929 1867 2601
4 2115 3039 2119 3079
4 1857 1890 1824 2801
4 1329 1330 2932 3084
4 828 846 749 2854
4 2855 3229 1049 3425
4 945 697 841 3193
4 2715 3086 2762 3578
4 492 231 607 3115
4 2175 2866 2206 3624
4 316 312 314 3044
4 2121 2118 2122 2782
4 2148 2727 3226 3417
4 2491 2777 3231 3572
4 2697 3186 2936 3489
4 2508 3092 3347 3385
4 2356 2472 2267 3358
4 2259 2375 2316 2436
4 2267 2736 2581 2997
4 2121 2950 2062 3374
4 2487 3088 3344 3693
4 1180 1072 2708 3120
4 1909 2724 1819 3507
4 1471 1732 1647 3256
4 2456 3025 2997 3547
4 904 2548 3485 3600
4 1025 3200 1058 3329
4 2344 2578 2294 3178
4 1328 1330 3084 3485
4 1748 1770 1749 3075
4 1587 1530 1529 3021
4 441 3010 659 3597
4 2501 2740 2690 3687
4 2292 2389 2686 3170
4 869 928 918 2758
4 661 2870 625 3155
4 487 585 2928 3323
4 1123 982 1122 3544
4 2249 2308 3629 3679
4 2272 2387 2365 3500
4 2301 2283 2427 2525
4 990 2756 1044 3009
4 1609 2902 3146 3484
4 2268 3145 2314 3328
4 968 1227 3223 3448
4 2419 3174 2536 3399
4 2700 2714 1163 3425
4 1895 1656 2694 3061
4 2364 2800 2379 3242
4 1765 3043 2637 3070
4 2100 3173 2647 3659
4 927 911 704 2956
4 723 726 873 3208
4 2663 2787 2746 3353
4 2154 2143 3226 3355
4 2265 3332 3104 3568
4 2297 2263 2483 3470
4 1886 1766 1762 2901
4 2248 3197 2317 3630
4 2384 2854 2784 2988
4 2615 3087 2471 3225
4 643 412 410 2684
4 1441 2878 1315 3408
4 2092 3288 2218 3427
4 2257 3383 2875 3442
4 2947 3477 2538 3596
4 1394 1273 1263 3386
4 816 780 846 2861
4 2257 2630 3015 3442
4 850 3128 736 3238
4 1215 1414 2201 3422
4 1327 1445 1317 2674
4 726 728 866 3208
4 809 2710 810 3449
4 1564 2945 2679 3603
4 924 792 3565 3635
4 2332 2946 2798 3426
4 2329 2991 3286 3582
4 1349 1384 1351 2856
4 753 843 845 2827
4 2679 3453 2616 3480
4 2258 2881 2328 3632
4 2154 2727 2174 3355
4 2718 3441 2398 3588
4 2271 2931 2335 2953
4 1854 1828 1915 3110
4 2333 2996 2521 3263
4 493 3249 2494 3674
4 2437 3147 2754 3198
4 1534 1609 1536 3146
4 2487 2767 3088 3693
4 1201 1172 2700 3229
4 1854 1828 3110 3656
4 2412 3086 2623 3578
4 1201 1055 3229 3425
4 714 2699 715 3128
4 2895 2968 2428 3183
4 2474 3065 3037 3357
4 2347 2675 2862 3348
4 2364 3629 2308 3679
4 2237 2687 2964 3471
4 2290 2502 2270 3535
4 1394 1285 1273 2771
4 1057 1056 1040 2851
4 2261 2635 2634 3388
4 1445 2674 1438 3038
4 2583 2790 2438 3651
4 457 2995 637 3554
4 2239 3149 3232 3641
4 2331 3088 2666 3686
4 2165 2979 2164 3451
4 2388 3111 2779 3116
4 2586 3463 2992 3531
4 2965 3044 2499 3220
4 1377 1374 1371 3612
4 2736 2844 3090 3591
4 2479 3390 3053 3653
4 1347 1355 1261 3424
4 1311 1302 1382 3042
4 1165 952 2625 3435
4 2357 2967 2778 3119
4 2345 3000 2787 3116
4 1738 2688 1958 2884
4 2359 2543 3127 3549
4 2446 2915 2690 3382
4 1608 1659 1660 2705
4 1031 1059 1058 2642
4 1470 1662 1642 3029
4 2303 2795 2440 3047
4 2729 2929 2517 3260
4 2099 3130 3173 3659
4 2281 2931 2373 3302
4 1643 1530 1589 2693
4 2351 2695 2933 3254
4 2160 2074 2127 3571
4 2277 2415 2307 3658
4 2718 2807 2380 3346
4 2340 3167 2598 3402
4 2441 3103 2620 3188
4 2272 3443 2387 3500
4 2564 2382 2791 3611
4 2337 2654 2784 3219
4 1775 1865 3056 3175
4 734 825 867 3174
4 859 835 789 3565
4 1413 1398 1222 2887
4 2198 1217 1999 2866
4 2711 2926 2367 3646
4 1486 2924 1489 3459
4 959 1212 1399 3224
4 2467 3062 3603 3686
4 980 1115 998 2620
4 428 2513 452 2965
4 2364 2379 2308 2653
4 1695 1696 1585 2655
4 1877 1878 1787 3166
4 2696 2894 2477 2966
4 2472 2986 2489 3115
4 1843 1932 1958 2899
4 2460 3213 2438 3362
4 915 2688 2884 3251
4 2037 3078 2741 3675
4 2345 2573 2746 2787
4 2453 2799 2341 3241
4 1653 1545 1633 2804
4 2485 2933 2820 3151
4 3417 3548 2727 3593
4 1836 3212 2597 3272
4 2394 2969 2500 3172
4 2329 2922 2593 3387
4 2019 2018 2599 3691
4 798 2764 799 3251
4 1537 3192 1508 3420
4 2354 2660 2701 2783
4 2360 3209 2563 3655
4 2474 3147 3065 3357
4 1116 1115 2817 3379
4 1497 3274 1685 3661
4 2647 3173 2100 3579
4 2251 3161 2312 3644
4 2382 2771 2809 3308
4 2738 3573 2856 3619
4 2253 2797 3263 3482
4 3065 3147 2576 3357
4 968 1131 1227 3448
4 2439 2611 3494 3547
4 2405 2779 2567 3326
4 2041 2581 2050 3311
4 2581 3311 2703 3374
4 2242 2455 2875 3504
4 2856 3159 1384 3573
4 2129 3327 2632 3571
4 2117 2782 3079 3677
4 630 466 1 2622
4 1909 3063 2724 3507
4 2564 3084 2660 3309
4 1340 1343 1422 3371
4 447 576 665 2955
4 729 3087 903 3225
4 452 2513 428 3570
4 1688 1714 1615 2752
4 2452 2903 2332 3336
4 1652 1482 1640 2956
4 1017 2789 3398 3497
4 2351 2601 2533 2933
4 2442 2719 3183 3534
4 2783 3136 2280 3332
4 2688 3120 2899 3251
4 2431 3371 2752 3606
4 2589 3039 2886 3079
4 401 2592 580 3249
4 2412 2920 3054 3186
4 2519 2809 2338 3054
4 729 826 3087 3574
4 1053 2631 3398 3404
4 2239 2697 2836 3626
4 1352 2968 2657 2977
4 2275 2532 2308 3543
4 2518 3087 3204 3350
4 1290 1275 1288 2701
4 2547 2324 2886 2962
4 2405 2567 2934 3326
4 2573 3271 1782 3353
4 627 564 510 2795
4 3075 3337 2558 3590
4 2434 2604 2896 3369
4 2393 2784 2854 2988
4 25 641 0 3396
4 2492 3442 2790 3651
4 1067 1116 1149 2817
4 2275 2386 2308 2532
4 686 863 946 2879
4 2835 3048 2594 3382
4 2075 3217 2069 3582
4 2280 2858 2473 3343
4 2050 2581 2040 3374
4 2455 3094 2875 3504
4 2109 2807 2106 3346
4 1787 3300 1842 3595
4 2536 3669 3218 3695
4 1017 2789 1026 3398
4 1212 959 1151 3224
4 858 803 753 2827
4 1074 1060 1075 2649
4 1575 3307 2712 3509
4 2461 2963 2621 3300
4 390 391 429 2800
4 2704 2982 2857 3697
4 2966 3443 2334 3524
4 18 17 216 2850
4 2382 2564 3121 3508
4 1067 1016 1022 3093
4 1425 1321 1322 3140
4 2271 2451 2314 3328
4 2323 3042 2556 3633
4 2188 1995 2199 2761
4 2672 2854 2384 2988
4 2380 3347 2807 3385
4 2505 3217 2865 3539
4 2151 2959 2661 3226
4 943 902 884 3244
4 3318 3426 2597 3540
4 2331 2666 3062 3082
4 1752 1787 1750 2621
4 2276 2457 2905 3260
4 2202 1983 2664 3130
4 1675 1682 1581 2818
4 2331 3051 2710 3344
4 1470 3029 697 3193
4 2485 3151 2820 3341
4 2593 3217 2505 3539
4 2035 2141 2030 2737
4 2467 3603 2945 3686
4 1518 1563 1617 3269
4 2643 2952 2388 3116
4 2197 2196 2129 2632
4 2506 3451 3135 3678
4 1950 1844 1957 2671
4 1787 2621 1752 3300
4 810 2710 769 3592
4 904 3485 2548 3601
4 2548 3485 3084 3601
4 1878 3166 2820 3384
4 2065 2914 2742 3288
4 2266 2501 2794 3126
4 2643 2559 3324 3649
4 2604 2901 2896 3369
4 2245 2448 3399 3511
4 2559 3372 2921 3694
4 2419 2874 2722 3255
4 2512 3419 3222 3672
4 2276 2392 2342 2659
4 1219 1346 1422 2752
4 1812 2724 3152 3517
4 450 588 651 3474
4 686 2879 946 2958
4 2505 2865 3217 3641
4 2416 2875 3094 3504
4 2330 2712 3307 3509
4 2325 3040 2526 3622
4 1890 1834 1805 3085
4 2148 2056 2154 2727
4 211 25 2691 3168
4 1702 1469 1214 2902
4 588 654 471 2916
4 1406 2619 958 3334
4 257 2686 254 3434
4 1400 1223 1448 2761
4 1477 1651 1650 2716
4 282 291 290 3117
4 1656 1708 2694 3061
4 457 632 637 2995
4 1174 1180 2708 3587
4 2301 3106 2767 3261
4 2244 2961 2678 3235
4 368 366 3096 3220
4 2242 2757 3052 3252
4 495 3012 2721 3179
4 3159 3182 1235 3573
4 2135 2224 3127 3195
4 2285 2578 2344 3178
4 1563 1663 1618 3645
4 2664 2991 2439 3130
4 2319 3129 2300 3172
4 2257 2582 2630 3321
4 2528 2743 2405 3481
4 2886 3239 1038 3660
4 2583 2438 2831 3651
4 234 263 236 2994
4 2700 2946 2332 3229
4 2239 2936 2697 3626
4 2732 2814 2350 2948
4 1042 1135 1014 2937
4 1074 2649 1179 3064
4 783 856 2980 3601
4 2336 2910 2764 3252
4 2312 2404 2274 3204
4 2407 3199 2763 3577
4 2270 2444 2797 2944
4 1622 1679 1476 2669
4 2749 3128 2699 3638
4 1762 1760 1886 2901
4 1823 3222 1873 3672
4 2367 3059 2767 3088
4 2296 2425 2344 2831
4 210 482 223 3023
4 2467 2945 2679 3531
4 1195 1172 1128 3552
4 1965 1196 2230 2714
4 2518 3131 2251 3657
4 2593 2329 3232 3641
4 2708 2756 2539 2757
4 535 231 516 3115
4 2336 2539 2708 3587
4 2050 3311 2581 3374
4 2156 2053 2066 2865
4 2471 2888 2634 3574
4 1058 3200 2642 3329
4 2295 2392 2524 2900
4 2413 2623 3270 3682
4 2724 2802 2435 3517
4 1437 1389 1427 2991
4 1365 3037 1259 3357
4 2170 2022 3135 3349
4 2704 2433 3329 3697
4 1576 2616 1515 3480
4 2630 2839 2455 3321
4 1739 1949 2658 2956
4 262 648 604 3100
4 2586 2926 2262 3531
4 2230 2002 1965 2714
4 2567 2917 1095 3333
4 2412 2623 3392 3578
4 762 3376 747 3692
4 2273 2348 2486 3129
4 2362 2647 2950 3579
4 2045 2036 2037 3078
4 2240 3136 2783 3454
4 2021 3135 2022 3349
4 420 600 497 2665
4 2412 3086 2920 3489
4 2241 2685 3102 3461
4 2932 919 3559 3601
4 835 792 789 3565
4 2375 3086 2259 3658
4 1511 1512 1597 3192
4 1874 1823 1873 3672
4 278 2772 280 2891
4 2252 2598 3167 3402
4 2453 2810 3060 3516
4 2607 2827 2438 3342
4 1235 3159 1237 3182
4 2256 2315 2770 2982
4 2389 2277 2925 3410
4 1379 2993 1289 3294
4 2475 2904 3417 3557
4 2278 2369 2654 3233
4 453 3096 2788 3319
4 736 3128 715 3238
4 984 2817 3188 3290
4 2760 3248 2481 3418
4 2348 3129 3257 3625
4 667 395 594 2847
4 2276 3260 3102 3461
4 2365 2574 2387 3282
4 247 252 2870 3492
4 2616 3299 2679 3480
4 2194 2005 1997 3132
4 2432 3019 2706 3370
4 2258 2901 2604 3369
4 1507 3192 2617 3420
4 2413 2836 2557 3232
4 2338 2818 2693 3021
4 2411 2742 3234 3310
4 2506 3257 3349 3451
4 2305 2307 2844 3358
4 1201 3229 2700 3425
4 706 921 872 2919
4 1317 1445 1221 2758
4 2269 2440 2302 3073
4 13 2633 217 3107
4 791 773 758 2880
4 1302 3301 3042 3633
4 628 549 417 3045
4 2834 3373 3137 3689
4 3147 3198 2255 3286
4 2242 3359 2629 3383
4 311 547 649 3007
4 2333 2570 2975 3327
4 1665 872 701 2751
4 2261 2635 3174 3399
4 2269 3073 2302 3401
4 514 400 306 3024
4 19 3058 684 3429
4 755 754 3289 3518
4 1309 1356 1260 2623
4 993 1010 2930 3473
4 2471 3225 3087 3574
4 1149 984 985 3290
4 2411 2883 3073 3432
4 619 468 513 2999
4 908 2717 1159 3648
4 2376 2554 2494 2995
4 2799 3187 2457 3416
4 2239 2846 2836 3232
4 1937 2189 1989 3366
4 2247 2477 2966 3160
4 2178 2210 2089 2922
4 2035 2737 2030 3310
4 1346 1345 1341 2780
4 2997 3358 2456 3608
4 2287 3443 2464 3524
4 2514 3052 2852 3181
4 2528 3336 2964 3481
4 2031 2867 2043 3487
4 1813 1876 1873 3222
4 2997 3025 2255 3547
4 2728 2764 2336 3251
4 2464 3211 2966 3443
4 1397 3357 2754 3670
4 924 889 920 3430
4 1242 1259 3037 3564
4 2658 2860 1875 3672
4 1060 1031 1150 2957
4 2536 3174 746 3376
4 522 2673 23 2955
4 2703 2997 2456 3311
4 2671 3127 2224 3195
4 2442 2930 2838 3125
4 1079 963 1186 3038
4 2476 2935 3054 3186
4 2079 2087 2946 3426
4 2599 3349 3257 3451
4 2145 3005 2134 3465
4 1326 1441 1403 3408
4 3098 3350 2487 3650
4 860 804 3015 3148
4 2467 2818 3203 3603
4 2263 2506 3401 3615
4 857 2880 3514 3569
4 2775 2935 2476 3668
4 2240 2783 3368 3454
4 1807 1788 1882 3278
4 2119 2186 2229 3039
4 2599 2706 3625 3691
4 1206 1461 1428 3140
4 1889 1936 1734 2748
4 2474 2715 2636 3564
4 1296 1297 2895 3605
4 1084 1085 1099 2719
4 2469 2383 2680 3520
4 1834 2671 3085 3272
4 1616 2872 2751 3322
4 2296 2496 2386 3069
4 1941 1460 1723 3016
4 263 648 584 3492
4 2279 2364 3268 3679
4 1328 3084 2548 3485
4 2347 2887 2552 3035
4 1061 1074 1182 3064
4 900 3240 851 3281
4 2615 3204 3650 3693
4 2769 2799 2457 3416
4 1241 1242 3037 3564
4 1433 1312 1401 2902
4 2283 2566 2436 2613
4 2066 2865 2069 3217
4 2678 2961 2282 3235
4 2509 2373 2847 3180
4 1359 3113 2649 3614
4 1379 1289 1305 3294
4 2403 3332 2783 3568
4 2338 2775 2519 3054
4 1031 2957 2642 3200
4 2291 2372 2725 3155
4 356 2796 354 3207
4 1846 3063 2644 3303
4 1048 2855 1140 3326
4 2870 3155 2568 3491
4 909 3449 921 3583
4 1863 1939 2632 3439
4 1704 1703 1594 3317
4 2449 2592 2369 3145
4 2689 2764 2455 3541
4 2604 2766 2434 3330
4 661 625 501 3155
4 1239 1237 1355 2628
4 926 691 888 3435
4 1633 1570 3089 3264
4 2520 2598 3192 3446
4 1036 3181 2852 3556
4 2636 2715 2474 3658
4 2336 2899 2539 3587
4 246 253 244 2923
4 1781 1797 1798 3397
4 1857 3212 1836 3272
4 2639 3001 2398 3157
4 1457 1208 1410 2667
4 462 427 386 3561
4 1608 3322 2705 3645
4 2241 2296 3069 3102
4 2118 2122 2782 3677
4 2337 2852 2514 3052
4 2536 2980 2448 3692
4 2353 3040 3622 3663
4 1438 2674 1327 3334
4 2690 3138 2501 3687
4 523 586 494 2918
4 2755 2760 2542 3635
4 2279 3268 2629 3679
4 248 3513 3194 3609
4 2320 2493 2352 3144
4 2020 2599 2018 3451
4 982 979 3324 3544
4 2086 2134 3005 3465
4 2366 2883 2734 3076
4 2411 2914 2742 3310
4 667 2847 594 3551
4 2790 2897 2699 3389
4 2612 3521 3258 3678
4 2838 2961 2442 3125
4 433 392 432 3031
4 2380 3199 2763 3385
4 2475 3089 3097 3264
4 263 583 2698 3492
4 2149 3417 2904 3557
4 2460 3337 2621 3362
4 1978 3317 2580 3699
4 1039 998 1115 3379
4 1350 2895 1297 3605
4 293 415 294 3013
4 2306 2396 2264 3081
4 1081 1083 2639 3404
4 779 2610 857 3375
4 1486 1488 1489 2924
4 2357 2520 3228 3295
4 2358 2744 2710 3071
4 1460 1625 1723 3016
4 2017 2174 2015 3691
4 1875 1889 1888 2860
4 1130 967 1163 2714
4 3025 3286 2611 3641
4 1618 1663 1638 3164
4 2309 2402 2372 2726
4 1335 2942 2735 3508
4 1608 2705 1464 3164
4 1439 1459 1427 2664
4 2631 3515 1080 3688
4 2558 2876 2360 3075
4 2896 2901 2572 3369
4 1176 958 2619 3334
4 2470 2914 3001 3076
4 2463 2925 2673 3410
4 1518 1617 2711 3269
4 1965 1945 1196 2714
4 2377 2436 2316 2893
4 2719 3008 1084 3685
4 843 845 2827 3213
4 1582 2818 1643 3450
4 1406 2619 1407 3405
4 2292 2463 2356 3358
4 2389 3170 2463 3666
4 2330 2793 2712 2990
4 2481 3026 2760 3418
4 826 738 3087 3574
4 745 744 2786 3514
4 603 430 3012 3312
4 939 799 925 3251
4 559 678 3142 3143
4 1845 1923 2971 3455
4 1262 3386 3121 3508
4 1489 2924 2711 3459
4 1436 3042 2619 3334
4 312 2653 310 3242
4 926 807 862 2960
4 2863 2475 3557 3566
4 823 853 3094 3238
4 1877 2820 3166 3595
4 621 477 469 2650
4 2475 3417 2863 3557
4 237 236 2698 2994
4 2699 2749 2360 3128
4 934 907 709 2688
4 367 525 531 2830
4 2339 2677 2825 3186
4 2239 3555 3149 3641
4 2760 3248 781 3518
4 2595 3085 1805 3397
4 2629 2910 2435 3359
4 2401 2766 3152 3433
4 684 19 3429 3526
4 2852 2417 3291 3556
4 2332 2903 2543 2964
4 2094 2222 1998 2700
4 1074 1179 2649 3405
4 2067 2092 3001 3288
4 2597 3127 2543 3426
4 957 1144 1724 2971
4 2354 2755 2542 3565
4 2253 2975 2447 3077
4 942 691 926 2625
4 765 3028 2759 3692
4 2154 3226 2727 3355
4 2299 2443 2364 2499
4 2238 3106 3686 3698
4 2754 3357 3037 3670
4 1201 2700 1172 3552
4 2570 3267 2706 3615
4 2637 3043 2901 3144
4 2679 3203 2490 3480
4 668 485 657 2892
4 2400 3025 2611 3641
4 2806 3167 2727 3355
4 2357 2778 2520 3295
4 606 3191 500 3280
4 998 1006 999 2864
4 745 744 739 2786
4 563 528 19 3058
4 745 2786 739 3412
4 2678 3183 2343 3505
4 2612 3258 2029 3678
4 1033 2569 3306 3700
4 1127 1020 1129 3681
4 2252 3228 2520 3295
4 1179 1446 1426 3064
4 2797 2983 2521 3482
4 1335 1369 1265 2735
4 2206 2922 2210 3624
4 1140 1076 962 2648
4 2290 2352 2379 3369
4 359 612 593 2976
4 2423 3084 2932 3601
4 2438 2583 3342 3389
4 2244 3381 2736 3385
4 2256 3219 2654 3233
4 2414 3150 2701 3315
4 2300 2568 2421 3245
4 2401 3456 2787 3632
4 938 815 816 2717
4 479 283 478 2939
4 619 468 2999 3323
4 812 3530 2548 3600
4 249 2870 3194 3513
4 1194 3157 1082 3441
4 2834 3137 2527 3689
4 1229 1231 3447 3619
4 2736 3381 2508 3385
4 2584 3589 2631 3688
4 1738 1958 1932 2884
4 2275 3351 2386 3535
4 3058 3305 2560 3598
4 2474 2576 3065 3147
4 2579 3119 1613 3466
4 2106 2107 2108 2718
4 2464 2894 2696 2966
4 1108 1107 2717 3360
4 1084 2719 1099 3008
4 2547 2886 2589 3448
4 2459 2961 2838 3125
4 2573 2401 3271 3353
4 2406 3471 2964 3617
4 768 3243 3098 3592
4 1736 2714 1945 3502
4 2068 2100 3173 3579
4 404 3010 3180 3607
4 2255 3025 2997 3358
4 1276 3352 2993 3682
4 1347 2894 1296 3424
4 1652 1640 2658 2956
4 1395 3121 1254 3436
4 753 843 2827 3213
4 2897 3383 2629 3679
4 2026 2027 2024 3258
4 843 716 713 3213
4 1271 1256 1278 3095
4 2467 2585 3062 3082
4 2879 2958 1485 3459
4 2767 3344 3088 3693
4 237 2698 243 3101
4 1537 1512 1508 3192
4 2303 2383 2795 3047
4 714 713 2699 3638
4 2270 2444 2320 2797
4 2884 3251 2336 3664
4 667 395 2847 3180
4 2265 2696 2966 3524
4 2724 2757 2346 3433
4 1356 1260 2623 3352
4 1808 2853 1901 3212
4 2736 3090 2907 3591
4 2764 2336 3251 3664
4 1259 3065 1272 3357
4 1441 1326 1213 3430
4 2271 2373 3302 3533
4 771 3098 768 3243
4 2264 3081 2616 3345
4 2402 2891 2309 3048
4 2322 3196 2258 3632
4 3160 3183 2428 3534
4 1985 2234 2108 2943
4 2277 3270 3086 3658
4 701 1475 1665 2751
4 883 772 2608 3592
4 2367 2450 3088 3269
4 1176 1075 1150 2957
4 1941 1928 1704 3016
4 2322 3456 3196 3632
4 1631 1618 1638 2879
4 2506 3521 2612 3678
4 1645 3382 1537 3420
4 2630 3148 3015 3442
4 2272 3211 2464 3443
4 705 922 909 3583
4 2888 3178 2294 3538
4 2346 2756 3009 3694
4 3325 3622 3040 3663
4 2615 2845 2274 3114
4 2657 2856 2343 2968
4 864 688 78 1899
4 1723 3016 1625 3061
4 1354 1351 1299 2856
4 2079 2087 2081 2946
4 2615 2845 2471 3204
4 2287 2636 2549 3524
4 2419 2536 3174 3639
4 1149 988 1125 3290
4 1219 1422 1411 2752
4 2449 2513 2913 3570
4 2382 3308 2735 3386
4 2371 2891 2541 3072
4 2256 2770 2988 3445
4 2223 2224 2136 2671
4 752 784 860 2630
4 2563 2689 3655 3664
4 760 834 830 2672
4 1903 3300 1753 3610
4 2865 2400 3078 3675
4 2419 3399 2536 3669
4 2536 2448 3376 3692
4 2920 3086 2318 3489
4 688 1720 78 1899
4 1939 2938 2632 3439
4 2193 1998 2222 2714
4 2245 2783 3218 3669
4 1888 1810 1823 2860
4 16 2480 683 3017
4 766 765 3028 3243
4 2397 2732 2924 3139
4 1335 2942 1333 3519
4 771 766 3028 3243
4 283 2939 479 3634
4 2079 2081 2078 2946
4 2075 2069 2080 3582
4 1768 2983 1769 3490
4 237 235 236 2994
4 2051 2145 3311 3546
4 939 925 2728 3251
4 2715 3086 2474 3658
4 2258 2637 2901 3144
4 2295 2392 2773 3117
4 2899 3120 2336 3251
4 1033 3536 2569 3700
4 828 2854 3276 3529
4 2710 3244 810 3449
4 2453 3060 3241 3516
4 3098 3243 2399 3592
4 743 754 2908 3289
4 1857 2801 1824 3272
4 2324 2547 2738 2962
4 606 415 614 3013
4 2414 2701 3275 3315
4 2234 2108 2943 3346
4 1916 1957 3272 3318
4 285 532 478 2939
4 2641 2691 2488 3604
4 726 727 728 2634
4 2272 3036 2387 3443
4 1539 3138 1541 3478
4 2755 3518 2760 3635
4 2017 2016 2018 3691
4 1828 1860 2808 3056
4 2270 2327 2944 3472
4 1674 1639 1480 2919
4 2280 2376 3136 3343
4 2640 3105 2298 3114
4 1565 3014 1577 3348
4 233 239 240 3027
4 647 557 673 2772
4 2281 3279 3000 3284
4 2706 3615 2979 3625
4 2511 2732 2350 2948
4 1785 1811 1816 2663
4 1820 2802 1852 3647
4 702 892 915 2884
4 2444 2502 2320 2670
4 1348 1296 2894 3424
4 430 567 390 2800
4 2173 2807 2109 3347
4 1892 1841 2604 3330
4 1720 77 710 688
4 2400 3005 2741 3675
4 2424 3505 3159 3690
4 2299 2499 2364 3383
4 1226 2675 1413 3580
4 2683 2888 2583 3178
4 10 11 207 2670
4 1601 1548 1543 2890
4 1427 1375 1437 3612
4 2410 2804 2526 3478
4 1085 1057 1099 2719
4 2137 2070 2160 3571
4 2321 2885 3265 3304
4 1080 1129 1020 3515
4 2871 3381 2430 3393
4 2237 2734 3047 3279
4 2417 3197 3009 3694
4 767 3071 765 3243
4 659 2650 3010 3141
4 2382 2809 2519 3165
4 1874 1873 1980 3672
4 2495 2968 2856 3605
4 417 362 590 3045
4 1290 2701 1288 3408
4 1407 3405 2619 3614
4 2536 2970 2419 3669
4 1857 1824 3212 3272
4 2241 2662 3069 3231
4 2618 3499 2832 3628
4 1244 1243 1241 2636
4 482 230 652 3023
4 2173 2106 2109 2807
4 1657 1583 1701 3450
4 2778 3216 2520 3295
4 347 346 2613 3022
4 915 2884 892 3251
4 2397 2958 2732 3569
4 2209 2122 2123 3677
4 2593 2922 2329 3217
4 455 545 3356 3680
4 2277 2307 2415 3410
4 2406 2801 2528 3558
4 2269 2737 2612 3258
4 3124 3361 2927 3370
4 2749 2849 688 3638
4 1172 2562 3229 3681
4 2576 2991 2439 3286
4 2143 2049 2806 3355
4 2384 2854 2672 3529
4 2661 2727 2340 3417
4 1415 1343 1452 2919
4 2333 2484 3057 3361
4 786 2960 797 3541
4 2430 3347 3092 3385
4 2270 2327 2444 2944
4 2293 2489 2335 3235
4 769 3071 767 3592
4 1437 1377 1366 2754
4 2615 2471 2845 3225
4 1666 1483 1642 3029
4 1169 3223 2589 3448
4 1366 2754 1397 3357
4 850 823 3094 3238
4 1675 2818 1581 3203
4 1269 1260 3352 3682
4 2366 3001 2914 3076
4 2759 3028 765 3243
4 2385 2524 2304 2900
4 2886 3039 2466 3079
4 2610 2732 2511 3029
4 322 3520 389 3684
4 2424 3050 3182 3573
4 2617 2828 2391 3623
4 995 994 2838 2930
4 2667 2932 2423 2942
4 2762 3468 1287 3578
4 2330 2860 2658 3672
4 1332 2942 1335 3508
4 1795 1796 2810 3469
4 2090 2067 2092 3001
4 2331 2872 2497 3606
4 765 764 3028 3692
4 610 664 488 3323
4 2275 3283 2290 3543
4 2529 2337 2676 3219
4 1020 2833 1129 3681
4 2485 3231 3151 3572
4 1397 1366 1377 2754
4 1985 2108 2718 2943
4 1739 1949 1977 2658
4 630 10 207 3415
4 2035 2144 2141 2737
4 1438 1445 1327 2674
4 2361 2376 2280 2577
4 2827 3213 2438 3389
4 1887 1769 2983 3490
4 2469 2656 2383 3520
4 769 2710 3071 3592
4 1071 2728 1193 3435
4 1017 3398 1022 3497
4 1500 2835 3382 3420
4 2745 2754 2437 3670
4 347 2613 328 2928
4 1631 1462 1485 2879
4 2585 3082 2467 3698
4 1292 1289 2677 3294
4 2393 2854 2672 2988
4 2696 2894 2464 3537
4 1765 1766 1767 2637
4 1672 3205 2740 3661
4 2827 3221 2607 3254
4 2291 3126 2794 3428
4 461 391 509 3154
4 1029 1109 1026 2789
4 1867 2601 1929 3281
4 2492 2790 2583 3651
4 1495 1494 1496 3274
4 2245 2640 3114 3511
4 2358 2744 2667 3519
4 2361 2684 2841 3032
4 1335 2735 1265 3508
4 2542 3301 1326 3430
4 2409 2814 2729 2929
4 1978 1872 3317 3699
4 1118 1122 977 3324
4 579 513 363 2999
4 296 2588 587 3049
4 2387 2954 2614 3282
4 2776 2975 2570 3615
4 2329 2991 2576 3286
4 1216 1458 2744 3583
4 2495 3211 2894 3424
4 3104 3210 2575 3436
4 2292 3331 3293 3555
4 2260 2312 3131 3247
4 959 1212 127 1399
4 1170 1196 1945 2714
4 1624 1461 1689 3140
4 1537 1538 1512 2915
4 674 211 2813 3532
4 2416 2790 3442 3651
4 1259 1248 3065 3564
4 2754 3037 2437 3670
4 2584 2631 3398 3688
4 2528 2743 3481 3558
4 803 2607 870 3342
4 2339 2834 3626 3689
4 2275 2290 3283 3535
4 1515 1505 3122 3488
4 2074 3327 2127 3571
4 2068 2100 2099 3173
4 2197 2632 2129 3366
4 1484 1485 2958 3459
4 2021 2023 3135 3678
4 2461 3300 2621 3595
4 429 391 460 3154
4 2383 2680 2288 3284
4 2474 3037 3065 3564
4 700 2748 855 3281
4 2293 2871 2368 3393
4 2417 3009 2756 3694
4 2407 2937 2838 3497
4 2245 3218 2536 3669
4 797 2960 2764 3541
4 976 978 1113 2643
4 2454 2983 2797 3482
4 1916 2597 1954 3318
4 2307 2387 2272 3036
4 2339 2936 2697 3186
4 1370 1279 1371 2745
4 2474 3065 2576 3270
4 2758 2989 2674 3038
4 1651 1671 3193 3509
4 491 663 592 3365
4 2259 2762 2715 3086
4 2418 3221 2533 3254
4 774 2760 3518 3635
4 2148 2056 2727 3417
4 1515 3122 2616 3488
4 2467 3686 3106 3698
4 2926 3059 2251 3161
4 1010 3008 2930 3473
4 2616 3081 2824 3122
4 765 3071 2759 3243
4 1505 2824 1510 3122
4 1967 1742 1947 2688
4 2458 2931 2734 3302
4 960 2700 1201 3552
4 2252 2520 2828 3295
4 2357 2846 2778 3295
4 2740 3205 1672 3416
4 2258 3196 2352 3369
4 1487 1488 1486 2924
4 1539 1537 1654 2915
4 1850 1851 2853 3502
4 2639 3157 2398 3404
4 1532 3373 2834 3563
4 2348 2483 2480 3017
4 2325 2534 3002 3256
4 2292 3358 3025 3410
4 562 639 495 2721
4 1927 2940 1939 3602
4 2519 2815 2382 3165
4 2142 2969 2049 3355
4 1021 3239 1014 3660
4 2242 3252 2455 3504
4 2288 2390 2320 2709
4 2708 2757 2336 3252
4 1500 1503 2835 3420
4 294 2588 295 3118
4 689 1430 1451 2932
4 2239 2682 3246 3295
4 2237 2687 3047 3432
4 1152 888 691 3435
4 1800 2938 1830 3439
4 450 3403 588 3474
4 2685 3139 2251 3266
4 2980 3218 2536 3511
4 785 3094 778 3541
4 735 730 848 2635
4 1080 2833 1129 3515
4 1756 2605 1903 3610
4 1078 955 1192 3498
4 2970 3565 859 3639
4 2305 2560 2307 3358
4 1825 1850 1851 2853
4 743 755 754 3289
4 1265 2735 1369 3386
4 1212 959 127 1151
4 2471 3087 2615 3204
4 412 411 3032 3074
4 2164 3451 2979 3678
4 2466 3079 3039 3486
4 2138 2837 2041 3311
4 2868 3053 2479 3390
4 2921 3372 2346 3694
4 2455 2960 2839 3541
4 1903 1752 1753 3300
4 1193 2728 961 3435
4 2753 2827 2351 3067
4 995 3093 2838 3497
4 2322 2279 2443 2800
4 2498 3373 3122 3563
4 2628 3159 2424 3182
4 2521 2983 2681 3452
4 1515 3122 1517 3480
4 1282 1383 1293 2895
4 2265 2966 2334 3524
4 2685 3131 2251 3139
4 860 3015 2630 3148
4 710 1744 77 1720
4 2026 2030 2141 3258
4 1632 3137 1531 3373
4 1678 1718 1679 3132
4 2254 3060 3428 3516
4 2639 3001 2366 3076
4 750 860 847 3015
4 263 2698 236 2994
4 2354 2701 2660 3292
4 625 255 249 2870
4 549 462 3066 3561
4 1002 1000 3390 3653
4 1538 1539 1540 2915
4 691 2625 942 3648
4 1596 3317 2534 3479
4 1108 1070 3306 3700
4 1527 1612 1604 2778
4 2807 3493 2173 3588
4 2580 3317 1594 3479
4 2317 2278 2449 2513
4 333 331 334 2829
4 1241 3037 3320 3564
4 1006 1020 1013 2864
4 2355 2311 2550 2588
4 2700 2946 2562 3552
4 2750 2975 2570 3327
4 1632 3216 3137 3373
4 2359 2801 2964 3617
4 2490 3122 2616 3480
4 1085 2719 1084 3685
4 2586 2992 2926 3531
4 1677 1685 3205 3661
4 1653 2804 1633 3089
4 2706 3451 2599 3625
4 1032 1101 1066 3083
4 2458 2734 3279 3302
4 852 3289 867 3639
4 2056 2727 3417 3548
4 1532 1531 3137 3373
4 2481 2760 2755 3518
4 2455 2960 2764 3252
4 855 3240 900 3281
4 1008 1124 2873 3306
4 2424 3050 2745 3182
4 2398 2631 3076 3404
4 1890 2801 1857 3272
4 2755 3289 789 3639
4 1651 1650 2716 3193
4 2160 2750 2074 3571
4 2464 2696 3214 3524
4 1901 1851 1902 2853
4 1160 1006 1039 3515
4 1179 1426 950 3064
4 2379 2290 3369 3543
4 1574 1575 1634 3307
4 549 3066 3045 3561
4 2071 2781 2060 3259
4 617 3032 3123 3423
4 2293 2504 2368 2871
4 906 2919 1224 3583
4 1821 3151 1791 3341
4 2249 2695 2963 3362
4 824 909 922 2744
4 2517 2793 3260 3461
4 2242 2910 2629 3359
4 958 2619 1406 3405
4 1546 2890 3201 3479
4 2345 2746 2573 3496
4 2981 3481 2743 3558
4 2353 2890 2501 3663
4 1358 1281 3113 3614
4 1294 2985 1283 3387
4 2270 2808 2681 3156
4 2629 3268 2558 3337
4 2465 2642 2803 3697
4 2557 2593 2329 3232
4 2481 3289 2908 3518
4 1402 693 1386 2878
4 617 2841 3032 3423
4 2505 3232 3149 3641
4 2615 3204 3087 3650
4 2434 3369 2896 3543
4 1048 1049 1140 2855
4 2438 3342 2827 3389
4 2291 2421 2372 3155
4 79 864 1899 1898
4 2325 2974 2561 3566
4 2700 3229 1172 3552
4 1788 2743 1882 3278
4 2570 2776 2333 2975
4 2051 2061 2063 2703
4 921 2919 906 3583
4 790 893 3128 3655
4 2260 2583 2831 3178
4 2852 3181 2417 3556
4 969 1132 1133 2688
4 1851 1902 2853 3502
4 2386 2502 3030 3535
4 2298 3114 3105 3261
4 2363 2569 2951 3536
4 631 3415 1 3616
4 1880 3517 2766 3618
4 2331 3344 3088 3686
4 3105 3114 2640 3261
4 1282 1296 1297 2895
4 1296 2895 2894 3605
4 1160 3515 1039 3688
4 1092 2704 1100 3329
4 1180 3120 2708 3587
4 2312 2445 2733 2898
4 849 717 720 2790
4 2584 2458 3589 3688
4 2325 2526 3002 3622
4 1328 3485 2548 3600
4 918 698 2758 3430
4 1208 2667 1331 2932
4 2143 2049 2166 2806
4 2158 1998 2219 3552
4 2981 3070 2406 3558
4 2245 2640 3511 3611
4 1648 1536 1628 2834
4 2312 2445 2898 3247
4 431 2725 582 3191
4 431 551 2725 3378
4 2267 2356 3358 3608
4 2255 2844 2307 3358
4 886 885 801 3313
4 1894 1940 1895 3061
4 1576 1661 3299 3480
4 2358 3071 2759 3559
4 2020 2021 3349 3451
4 2275 2535 3351 3535
4 1494 3003 1685 3274
4 2067 3001 2914 3288
4 2171 2040 3092 3374
4 1749 1893 3590 3618
4 1119 948 1110 2718
4 2412 2935 2825 3186
4 2274 2615 3114 3693
4 905 933 928 3038
4 2343 3505 2962 3586
4 2089 2075 2080 3582
4 2260 2683 2583 3178
4 2520 3192 2617 3216
4 1106 2625 1200 3360
4 408 2841 3423 3554
4 2364 2443 2299 3383
4 762 746 747 3376
4 1651 1635 1664 3509
4 1721 1939 1927 2940
4 1329 1328 1330 3084
4 328 2928 2613 3444
4 1227 1228 3223 3448
4 2536 2980 762 3695
4 1334 1368 1286 2935
4 1630 1564 1661 2679
4 2382 3121 2815 3386
4 2791 3104 2403 3568
4 2758 2760 2323 2989
4 223 3023 2480 3526
4 1426 1446 1359 3064
4 770 2970 2536 3695
4 1641 1672 3205 3416
4 2389 2686 2286 3250
4 2508 2907 2244 2987
4 662 2577 657 3553
4 2608 3098 2399 3592
4 2092 2639 3288 3427
4 579 370 619 2999
4 852 743 867 3289
4 1546 3201 1559 3479
4 2601 3067 2533 3240
4 2388 2779 2643 3116
4 419 538 416 3112
4 1218 1406 1175 3334
4 603 428 384 3312
4 563 19 2627 3058
4 1882 1938 1849 3278
4 319 315 320 3176
4 1773 3175 1776 3572
4 2820 2933 2485 3341
4 80 879 1898 1726
4 2461 2605 2963 3300
4 2237 3279 3047 3284
4 1975 2971 2644 3063
4 772 3098 2608 3592
4 430 429 495 2800
4 2280 3136 2783 3343
4 2830 3215 506 3570
4 396 640 377 2898
4 2372 2421 2870 3155
4 2730 2569 3536 3700
4 864 79 879 1898
4 2690 2915 2410 3138
4 2082 2593 2157 3539
4 1835 1931 1839 3297
4 2305 2472 2560 3358
4 2782 2116 3079 3486
4 1492 3003 2992 3542
4 249 250 248 3194
4 2424 3505 2738 3573
4 909 2744 3449 3583
4 915 939 868 3251
4 2245 2858 2783 3669
4 2696 2792 2265 3332
4 2367 3106 2926 3531
4 2528 2405 3336 3481
4 1723 1972 3016 3061
4 76 874 1744 710
4 1000 2868 1146 3390
4 2340 2912 2863 3593
4 2332 3425 2648 3502
4 426 419 400 3024
4 1510 1619 3122 3563
4 2247 2678 3183 3534
4 2248 3372 2638 3456
4 280 557 556 2772
4 923 3071 2667 3559
4 1829 1894 1906 3068
4 1855 1826 1852 2876
4 1703 1727 1917 3317
4 3056 3175 2491 3469
4 1810 2860 1888 3341
4 2262 3345 2616 3453
4 879 80 690 1726
4 446 440 439 3613
4 2149 2093 2147 3417
4 1257 1256 3095 3315
4 2642 2465 3581 3697
4 2915 3382 2446 3420
4 1739 1946 163 1640
4 2839 3321 2630 3411
4 2806 3226 2143 3355
4 2266 2905 2740 3126
4 1635 3307 1664 3509
4 2364 2425 3629 3679
4 1149 2817 984 3290
4 785 850 3094 3541
4 2979 3615 2506 3625
4 2503 2916 2707 3474
4 2433 2857 2982 3697
4 2214 2143 2806 3226
4 2581 3092 2040 3374
4 2267 3358 2997 3608
4 2857 2951 2433 3445
4 2695 2963 2461 3069
4 842 857 2610 3569
4 1785 1784 1786 3353
4 2767 3261 2238 3344
4 1878 1922 1920 3166
4 2958 3029 2732 3569
4 1609 1469 2902 3484
4 1054 1089 1101 3083
4 1654 1600 2690 3382
4 2250 3576 2931 3589
4 2562 1172 3229 3552
4 697 3029 841 3193
4 2860 3222 1823 3672
4 2464 3214 2696 3537
4 1734 1889 2748 3281
4 2303 2883 2734 3047
4 2319 2486 2348 3129
4 3036 3037 2636 3320
4 705 921 906 3583
4 1387 3214 1388 3537
4 2383 2522 2288 2680
4 1672 1677 3205 3661
4 2349 2289 2602 2972
4 251 2541 577 3609
4 1315 3292 2878 3600
4 2423 2932 2667 3559
4 1387 1252 3214 3537
4 1846 2644 1847 3303
4 1616 1567 2872 3322
4 2173 3493 2807 3627
4 1939 1830 2938 3439
4 369 669 386 3066
4 2553 2761 2324 3677
4 2248 3197 2638 3372
4 1500 1503 1502 2835
4 246 253 2923 3462
4 1568 3187 2729 3495
4 406 404 405 3010
4 2406 2981 2637 3070
4 758 857 2880 3514
4 717 719 720 2790
4 1373 3422 2647 3659
4 1896 1887 1861 2681
4 919 837 2932 3559
4 2868 3145 2545 3544
4 2537 2837 2267 3393
4 1787 1752 1842 3300
4 2391 3216 2778 3295
4 2331 2608 3088 3344
4 469 3184 652 3273
4 667 327 325 3551
4 2020 3349 2599 3451
4 2326 2531 2404 2845
4 453 443 473 2788
4 1027 1028 1048 3414
4 3041 3237 271 3575
4 1065 2812 1173 3335
4 2358 3308 2735 3611
4 2719 2977 2428 3685
4 2278 2513 2317 3630
4 2128 2129 2127 3327
4 1203 1108 1107 2717
4 1507 2617 1503 3420
4 798 2764 3251 3664
4 1554 1557 1556 3187
4 2736 2244 2907 3090
4 1013 1028 1027 3414
4 300 302 303 3158
4 1468 1992 1649 2904
4 2470 2807 3493 3627
4 1075 2649 2957 3405
4 1054 3083 1101 3536
4 685 467 610 3099
4 2369 2449 2278 2913
4 2442 2961 2678 3586
4 2798 2853 1902 3502
4 2263 2506 3615 3625
4 2426 2940 2671 3602
4 1736 1945 1962 3502
4 1038 2886 1102 3239
4 724 737 738 2683
4 1356 2623 1309 3578
4 2428 2968 2719 3183
4 2057 2624 2048 3512
4 872 941 701 2751
4 676 2830 600 3189
4 2286 2936 2697 3250
4 1813 1906 1894 2848
4 1170 1158 1163 2714
4 2588 3013 294 3476
4 632 2494 493 2995
4 1171 1133 964 2688
4 1703 1471 1596 3317
4 352 2618 350 3628
4 269 469 270 3184
4 2051 3311 2703 3546
4 723 2888 724 3574
4 2413 2557 2836 2993
4 1000 1134 2868 3053
4 267 479 276 2731
4 2754 3147 3037 3357
4 761 781 3248 3518
4 1703 1917 1471 3317
4 923 836 3071 3559
4 2342 2659 2496 3102
4 2150 2661 2904 3417
4 2514 2625 2960 3435
4 2295 2842 3117 3527
4 2759 2980 2423 3559
4 2746 2787 2573 3353
4 2836 2846 2239 3626
4 2432 3124 2863 3548
4 2278 2317 2449 3533
4 1231 1232 1230 3447
4 2182 2236 2216 2655
4 2325 3040 2538 3477
4 1163 2714 1158 3425
4 2547 2324 2738 3447
4 247 583 252 3492
4 208 13 14 3108
4 2292 2463 3358 3410
4 1147 1193 1071 2728
4 1001 3545 1000 3653
4 2032 2041 2138 2837
4 596 609 3421 3604
4 1596 1584 1601 3479
4 1946 1474 163 1640
4 308 3437 3091 3464
4 2268 2949 2313 3599
4 2750 2975 2426 3077
4 1912 202 2177 1728
4 2446 3192 2915 3420
4 1292 1298 1289 3294
4 436 421 434 3074
4 1810 1821 1791 3341
4 1659 2705 1608 3322
4 2122 2062 2121 2950
4 1783 2573 3353 3496
4 1805 1797 1780 3397
4 1960 2899 1974 3455
4 2306 2246 3081 3453
4 2145 2085 3005 3546
4 2089 3494 2664 3582
4 1083 3157 2639 3404
4 790 3128 850 3655
4 1602 2598 3202 3446
4 2091 2173 3493 3588
4 1381 2758 3301 3633
4 773 2840 886 3350
4 3218 3601 2980 3695
4 276 2869 238 3665
4 2465 3008 3473 3534
4 1561 1575 1574 2911
4 2268 3599 2982 3697
4 2697 2936 2286 3489
4 2699 713 3213 3638
4 1069 2984 2730 3700
4 2438 2699 2897 3389
4 11 220 2670 3285
4 2167 3234 2044 3640
4 2314 2451 2420 3328
4 1232 1404 1230 3447
4 2298 2436 2427 3105
4 1831 1832 1821 3341
4 2851 2962 2459 3586
4 1350 1351 1352 2968
4 1798 1797 1904 2938
4 2753 2849 2460 3213
4 2282 2451 2335 2953
4 1381 3301 2758 3430
4 1350 1383 1297 2895
4 2679 2945 2467 3603
4 1029 1109 2789 3441
4 2394 3167 2806 3355
4 719 718 3342 3389
4 2242 2629 2910 3504
4 714 2699 3128 3638
4 1114 1027 1050 3414
4 2470 2883 2737 2914
4 11 12 220 3285
4 2339 2697 2936 3626
4 2410 3138 2915 3478
4 2258 2604 3196 3369
4 2288 2320 2493 2709
4 2375 2415 2318 3086
4 2138 3311 2064 3465
4 1636 1713 1465 3419
4 661 255 2725 3378
4 550 544 452 2913
4 2428 3064 2843 3685
4 1350 2968 2895 3605
4 414 447 413 2954
4 2089 2080 3494 3582
4 1991 2178 1210 2922
4 214 228 15 2651
4 2290 3144 2352 3369
4 2647 3198 2754 3612
4 2507 3200 2951 3304
4 2113 2146 2112 2821
4 1668 1544 3138 3687
4 3067 3240 2601 3662
4 1304 3301 1302 3633
4 2297 2797 2944 3263
4 1346 1424 1432 2780
4 2589 3223 1228 3448
4 918 3430 2758 3635
4 2557 2836 2347 3232
4 279 2891 3378 3527
4 1961 2971 1975 3063
4 746 734 735 3376
4 440 565 375 3356
4 493 638 2774 3249
4 851 795 796 3067
4 2206 2210 1991 3624
4 2464 2894 3211 3424
4 2066 2054 2069 2865
4 719 2790 717 3389
4 2801 3212 1824 3272
4 2201 1414 1988 3422
4 3075 3590 2558 3618
4 2319 2540 2300 2698
4 2346 2644 2921 3458
4 1975 2644 1846 3063
4 2622 650 3018 3415
4 1397 1365 3357 3670
4 1178 1209 1446 3405
4 2583 2888 2492 3178
4 3157 3404 1082 3441
4 2468 3056 2810 3656
4 2387 2813 2574 3443
4 1904 1939 2938 3602
4 2885 3304 2507 3418
4 2586 2409 2926 2992
4 2286 3246 2936 3250
4 744 741 739 2786
4 1285 1394 1344 2771
4 2358 2640 3308 3611
4 1026 1017 1029 2789
4 1989 2177 202 1728
4 2488 2641 2375 2691
4 2283 2427 2436 3105
4 2459 3239 2937 3577
4 1996 2798 2104 3540
4 501 661 2725 3191
4 2299 2499 2381 2516
4 1447 1359 2649 3614
4 2169 2047 2071 2781
4 62 1462 686 833
4 870 871 3342 3412
4 2322 2379 2279 2800
4 1292 1289 1277 2677
4 1510 2824 1506 3373
4 2367 2450 3059 3088
4 2092 2180 2218 3288
4 2400 3005 3025 3331
4 2108 2207 1985 2718
4 2248 3000 2787 3456
4 2750 3077 2426 3195
4 2743 2345 2981 3496
4 3240 3281 2601 3662
4 2570 3267 2750 3327
4 1042 3239 1105 3620
4 629 646 284 2816
4 337 339 2877 3585
4 1271 1257 1256 3095
4 3398 3497 2789 3576
4 356 360 359 2796
4 474 404 2859 3413
4 1176 1075 2957 3405
4 1635 1575 1664 3307
4 2283 2809 3105 3165
4 444 3141 659 3607
4 397 468 467 3099
4 1752 2621 1750 3590
4 2431 3051 2823 3606
4 2689 3094 2416 3238
4 2447 3314 2624 3512
4 925 699 939 2728
4 2242 3383 2629 3504
4 2165 2125 2164 2979
4 2274 2312 2378 2404
4 2313 2420 2268 3599
4 485 484 423 3483
4 3119 3153 2655 3466
4 2113 2146 2821 3486
4 614 293 431 3013
4 1395 3309 3121 3436
4 2824 3122 1505 3488
4 1654 1600 1655 2690
4 2610 2732 3029 3569
4 1612 1604 2778 3137
4 2117 2119 2120 3079
4 999 1013 1027 3414
4 1421 1222 1398 2887
4 1231 2738 1232 3447
4 2352 2379 2322 2721
4 2423 3559 2980 3601
4 2727 2340 3417 3593
4 917 1642 61 1483
4 1775 3056 1793 3469
4 1753 3300 3253 3610
4 2312 2404 3204 3247
4 666 230 492 3429
4 761 3248 754 3518
4 1439 2664 1427 2991
4 23 2673 212 3168
4 2464 3214 2636 3524
4 2125 2073 2162 2979
4 833 2958 940 3029
4 2546 2323 2760 2989
4 2490 2616 3122 3525
4 1667 2712 2948 3509
4 2456 3025 3005 3331
4 1638 65 861 692
4 1672 2740 3416 3687
4 2637 3043 2454 3070
4 1497 1494 1685 3274
4 2467 3106 2945 3531
4 2685 2350 2929 3461
4 76 874 1914 1744
4 2296 2425 2626 3169
4 2063 2051 2703 3546
4 419 2652 487 3112
4 2400 2741 3078 3675
4 949 93 1956 1121
4 2292 3025 3331 3555
4 870 3342 2607 3412
4 2095 2096 2097 2862
4 62 1462 833 1483
4 1077 1066 1078 2812
4 1890 1857 1834 3272
4 2388 2952 2620 3302
4 1129 2833 1020 3515
4 1228 3447 2589 3448
4 915 907 702 2688
4 2237 3336 3111 3481
4 1187 1056 1184 3224
4 612 2976 359 3553
4 1654 1537 1645 3382
4 1023 1101 2951 3536
4 1438 966 2674 3334
4 1847 1846 1975 2644
4 2363 2951 2569 3445
4 226 2560 209 3395
4 2347 2887 2675 3348
4 2026 2141 2027 3258
4 1602 1603 1598 3202
4 2711 2367 3059 3646
4 2245 3399 2858 3669
4 995 992 994 2930
4 2702 2947 1948 3596
4 1995 2199 2761 3677
4 239 2909 240 3027
4 2572 3283 2896 3369
4 864 844 712 2849
4 740 828 3276 3529
4 565 346 3022 3356
4 902 943 701 2751
4 1344 2771 3506 3523
4 2727 3167 2806 3226
4 2333 2632 2938 3439
4 2369 2918 2913 3642
4 1131 1220 1227 3448
4 2584 3398 2631 3576
4 2415 3086 2375 3658
4 1110 2718 3441 3620
4 686 1462 63 863
4 2043 3487 2867 3627
4 1798 1830 1800 2938
4 2043 2867 2172 3627
4 1127 1051 1028 3681
4 2562 3427 1195 3552
4 2683 3178 2260 3247
4 2570 3361 2432 3370
4 2378 2312 2733 3400
4 2491 3351 3004 3516
4 2610 857 3375 3514
4 1602 3202 1598 3446
4 2116 2117 3079 3486
4 2523 2972 2257 3538
4 2666 2705 2331 3322
4 3311 3465 2456 3546
4 2718 2943 2108 3346
4 1700 2887 1421 3484
4 2782 2950 2553 3677
4 2354 2660 2783 3669
4 2505 3149 2865 3641
4 2523 3015 2582 3276
4 2605 2434 3253 3610
4 2137 2203 2136 2940
4 2750 3327 2074 3571
4 995 994 1003 2838
4 1722 1956 93 1121
4 1005 1004 2857 3653
4 1552 3416 2769 3687
4 669 549 462 3066
4 1368 1357 1287 3468
4 582 551 661 2725
4 2636 3214 2549 3524
4 753 3342 718 3389
4 1350 1349 1351 2968
4 2238 3308 2809 3698
4 2048 2624 2058 3640
4 1385 1256 1252 2696
4 1916 3272 2597 3318
4 218 3363 3285 3415
4 1092 1100 1111 3329
4 1752 3253 1753 3300
4 1101 3083 2951 3536
4 683 2480 3184 3185
4 236 583 243 2698
4 2759 3071 765 3559
4 1377 2754 1437 3612
4 1020 2864 1006 3515
4 3292 3530 2878 3600
4 539 419 487 3112
4 2964 3432 2903 3549
4 2506 2599 3257 3451
4 897 693 912 2878
4 2570 2927 3361 3370
4 561 639 3018 3179
4 2586 2900 2409 3003
4 1570 1569 1693 3264
4 1827 1797 1805 3397
4 1515 2616 3122 3480
4 2071 2169 2781 3510
4 2314 2271 2373 2765
4 2251 3266 3139 3646
4 2166 2806 2049 3510
4 2467 2945 3106 3686
4 2673 3168 23 3532
4 2399 3098 3028 3243
4 170 1727 1703 1928
4 971 2921 2644 3458
4 1110 2718 948 3441
4 1460 1941 1704 3016
4 2344 2898 2445 3247
4 2326 2370 2261 2600
4 217 2633 233 3107
4 1631 861 64 863
4 2706 3267 2979 3615
4 1640 1707 1652 2658
4 1991 1210 1444 2922
4 2490 2246 3453 3525
4 2476 3021 2889 3525
4 250 274 251 3194
4 789 3289 2755 3518
4 764 875 3028 3692
4 227 24 23 3168
4 493 494 638 3249
4 2238 3105 2640 3261
4 1000 3545 3053 3653
4 2214 2154 2143 3226
4 2785 3136 2414 3332
4 2542 2354 2878 3408
4 909 921 705 3583
4 1545 1653 1603 3202
4 2265 3136 2785 3332
4 333 2592 332 2829
4 232 3017 15 3107
4 1797 1781 1780 2983
4 993 2930 991 3473
4 567 317 314 3044
4 2526 3622 3325 3663
4 382 454 570 3262
4 2939 2973 479 3634
4 2273 3172 2319 3293
4 1942 2197 2189 3366
4 1364 1249 2792 3436
4 487 585 520 2928
4 2315 2918 2494 3249
4 2735 1369 3386 3506
4 2366 3076 2734 3589
4 546 431 291 2773
4 1808 1825 1901 2853
4 1358 3113 1359 3614
4 833 917 61 1483
4 1007 995 1003 2838
4 2538 2947 2325 3477
4 1952 1728 2645 3366
4 1527 1526 1571 2967
4 2145 2085 2134 3005
4 2404 2733 2312 3400
4 1828 1796 3056 3656
4 2411 3432 2687 3549
4 991 988 987 2822
4 3040 3057 2538 3477
4 2312 2260 2445 3247
4 2856 3505 3159 3573
4 2647 3612 1374 3659
4 2348 2310 2486 2850
4 1622 1679 2669 3132
4 2615 3098 2399 3693
4 856 763 783 2980
4 2655 2967 2357 3119
4 2296 2626 2496 2998
4 1654 1501 1600 3382
4 2636 3036 2474 3037
4 2423 2548 3084 3601
4 1519 2945 1520 3463
4 831 830 832 2984
4 1144 1724 90 957
4 1100 1092 1093 2704
4 2418 2607 3221 3254
4 1506 1510 1505 2824
4 2103 1990 2218 3427
4 2408 2944 2797 3263
4 2018 3451 2599 3691
4 298 3117 290 3118
4 2647 2439 3198 3612
4 232 3100 3017 3107
4 2361 2377 2641 2892
4 1794 3496 1869 3636
4 617 662 618 3123
4 924 912 693 2878
4 2426 2671 3085 3602
4 2251 2926 2304 3266
4 2285 2831 2425 3679
4 2635 2845 2448 3399
4 261 563 2486 3046
4 1989 2131 2645 3366
4 2425 2445 2344 3169
4 816 846 829 2854
4 705 1216 922 3583
4 2279 2364 2443 2800
4 1285 2771 1344 3523
4 1556 1558 1560 3187
4 2584 3576 2631 3589
4 1135 2937 1042 3620
4 1638 861 64 1631
4 2164 2021 3451 3678
4 610 3024 514 3099
4 2274 2845 2615 3204
4 2088 2212 2184 3127
4 1430 1208 1331 2932
4 1184 953 1151 3224
4 1947 1958 1738 2688
4 528 3046 215 3598
4 2363 2770 3304 3445
4 2241 3069 2662 3102
4 446 439 526 3396
4 17 2480 16 3017
4 1289 2993 2677 3294
4 575 529 3409 3467
4 2480 2483 2302 3017
4 2371 2891 2402 3048
4 1535 1612 1606 3014
4 1216 705 1409 3583
4 2418 2610 3375 3514
4 636 637 336 2774
4 2648 2855 2405 3326
4 565 346 349 3022
4 2335 2451 2282 2565
4 2599 2969 2019 3691
4 1942 2189 1937 3366
4 2987 3577 2459 3586
4 2082 2156 3217 3539
4 2438 2897 2790 3389
4 2679 2467 3203 3603
4 2670 3018 207 3415
4 2419 2858 3399 3669
4 2165 2016 2132 2706
4 3071 3243 767 3592
4 1625 3016 1706 3061
4 2687 3549 2964 3617
4 810 3244 2710 3592
4 2246 3054 2920 3186
4 1789 3212 1824 3558
4 2562 3288 2639 3427
4 209 2560 226 3354
4 495 2800 2721 3012
4 2471 3087 2683 3574
4 995 2838 1007 3497
4 2333 2776 2570 3361
4 2052 2044 2914 3310
4 1928 1978 1727 3317
4 775 2811 838 3375
4 3094 3148 2416 3238
4 2409 2900 2586 2926
4 1532 1514 3373 3563
4 356 3380 3207 3621
4 2750 3267 2447 3512
4 643 454 645 3460
4 1120 1018 1037 2676
4 1290 3292 2701 3408
4 2831 3629 2425 3679
4 276 680 476 2869
4 289 3117 298 3654
4 2394 2727 3167 3355
4 2496 3069 2296 3102
4 2570 2975 2750 3267
4 966 1079 1177 3038
4 2489 2335 2565 2859
4 1159 1203 1107 2717
4 1169 1104 1188 3448
4 2666 1607 3269 3645
4 1768 1780 1769 2983
4 2028 2032 2837 3487
4 2308 2963 2275 3543
4 912 897 2878 3600
4 2364 2379 2653 3242
4 2400 2865 3149 3641
4 2665 497 3012 3570
4 2548 2354 3292 3530
4 3103 2441 3324 3544
4 2702 3477 2645 3652
4 1110 1189 2718 3620
4 2400 2611 2865 3641
4 2880 3139 2610 3569
4 1886 1900 1782 3271
4 1356 3392 2623 3578
4 2064 3311 2145 3465
4 2023 2026 3258 3678
4 1631 63 1462 863
4 1062 1084 1117 3008
4 431 582 614 3191
4 1109 1082 3404 3441
4 241 2909 239 3133
4 2701 3275 2556 3454
4 554 3551 594 3567
4 971 974 2921 3458
4 2301 2767 3106 3161
4 225 3017 682 3296
4 1559 1551 1593 3201
4 2273 3331 2356 3608
4 1887 1769 1781 2983
4 2061 2063 2703 3579
4 2109 2807 3346 3347
4 1861 2681 1887 3452
4 2244 2508 2987 3385
4 2310 2506 3257 3521
4 2692 3286 3025 3641
4 2730 2984 2393 3700
4 1241 2636 1243 3564
4 1241 3320 2636 3564
4 1860 1915 1828 2808
4 993 992 991 2930
4 438 432 407 2668
4 1832 2820 1821 3341
4 1609 1469 1610 2902
4 566 268 3170 3462
4 2508 3347 2821 3385
4 908 33 1159 687
4 1757 2896 1756 3610
4 1561 1560 1558 2911
4 474 594 404 3413
4 270 477 510 2795
4 298 290 541 3118
4 2638 3372 3197 3694
4 1945 2714 1962 3502
4 957 1724 1923 2971
4 1870 1795 1814 2810
4 536 211 674 3532
4 2323 2556 2885 3026
4 2276 2929 3260 3461
4 1242 1259 1365 3037
4 2736 2844 2362 2997
4 1856 3517 1880 3618
4 2876 3075 2558 3618
4 2400 3078 2741 3293
4 2768 2944 2291 3428
4 863 861 878 2879
4 381 369 366 3177
4 2742 2903 2366 3432
4 2413 2985 2557 2993
4 2437 3037 3036 3320
4 728 2634 727 3388
4 2247 3211 2678 3500
4 2854 2384 3276 3529
4 1924 2749 1744 3209
4 641 3168 2869 3396
4 2389 2463 2925 3666
4 2439 2991 2664 3582
4 2702 2974 2484 3652
4 2409 2992 2586 3003
4 2495 2343 3183 3505
4 729 826 903 3087
4 1341 1422 1346 3371
4 818 877 931 3498
4 1913 951 1729 2934
4 2781 2357 3153 3510
4 1078 1077 2812 3498
4 2213 2104 3426 3540
4 2695 2831 2249 3629
4 1927 1844 2940 3602
4 3019 3370 2432 3548
4 2293 3381 2871 3393
4 257 260 2686 2973
4 1643 2693 1717 3450
4 2255 3025 2692 3286
4 2595 2801 2406 3070
4 1114 1050 2779 3414
4 918 920 3430 3635
4 2286 2374 3246 3250
4 635 3237 437 3339
4 2071 3153 2781 3259
4 778 777 2839 3411
4 2296 2445 2425 3169
4 1899 1746 1922 2849
4 1910 1974 1958 2899
4 2416 3148 2790 3238
4 2521 2408 2996 3452
4 2702 2645 3477 3596
4 1866 94 1112 1722
4 924 912 2878 3565
4 1074 2649 1075 3405
4 2277 2415 2318 2731
4 1394 3386 1369 3506
4 2275 2963 2605 3543
4 855 2748 3240 3281
4 2450 3164 2705 3645
4 1913 95 951 1866
4 1547 1551 1546 3201
4 2324 2761 2589 3079
4 367 531 676 2830
4 1720 1745 1746 2849
4 3121 3386 2382 3508
4 1867 2601 3281 3662
4 207 3018 2670 3041
4 1296 2894 1347 3605
4 2023 2026 3135 3258
4 1609 3146 1591 3484
4 2447 2624 3077 3512
4 1550 1637 1580 3002
4 2721 2800 2322 3012
4 2329 2557 2985 3387
4 1514 1510 3373 3563
4 1241 1242 1240 3037
4 222 2709 3227 3237
4 666 3273 230 3429
4 1180 1147 1072 3120
4 952 691 1167 3648
4 13 3107 14 3108
4 1141 2187 1985 2943
4 2292 3250 2389 3410
4 2354 3218 2660 3669
4 1339 1369 1336 3506
4 2576 3147 2474 3270
4 838 775 788 2811
4 2279 2379 2364 2800
4 751 2861 780 3411
4 794 835 859 2970
4 1646 1479 178 2176
4 2323 2546 2812 2989
4 692 1638 65 1464
4 940 3029 2958 3569
4 1651 3193 2716 3509
4 1667 2948 1579 3509
4 2364 2425 2308 3629
4 558 577 2541 3407
4 1214 2902 1469 3484
4 2131 2185 1989 2645
4 1280 1358 1281 3113
4 2521 3263 2797 3482
4 1857 1916 1957 3272
4 705 906 1409 3583
4 2257 2875 2630 3442
4 491 534 442 3055
4 2029 3258 2026 3678
4 1212 1412 1354 3224
4 1728 201 1989 1937
4 1471 172 1732 1917
4 2783 2858 2280 3343
4 542 2659 588 3403
4 979 3103 977 3324
4 2855 3229 2452 3681
4 1952 1937 1728 3366
4 2254 3351 2491 3516
4 2858 3343 2783 3368
4 2807 3347 2173 3627
4 1905 1953 1741 2669
4 813 815 942 3648
4 2329 3217 2922 3582
4 2289 2376 2609 3343
4 2484 3124 2974 3566
4 2476 2935 2775 3054
4 2370 2602 2289 2972
4 553 2829 642 3567
4 2294 2381 2972 3538
4 2692 3025 2255 3410
4 2395 2787 2663 3372
4 2510 3003 2900 3274
4 2631 3398 2789 3576
4 2419 3343 2858 3368
4 2366 3001 2639 3288
4 1775 1865 1793 3056
4 2382 3105 2809 3165
4 209 3354 2955 3395
4 1404 2761 1448 3447
4 2548 3530 3292 3600
4 2173 3347 2168 3627
4 1665 1674 1680 2919
4 2416 3148 2630 3442
4 2546 2760 2323 3418
4 2143 2166 2214 2806
4 2576 2985 2413 3682
4 385 344 343 3162
4 3009 3197 2559 3694
4 2679 3299 1661 3480
4 325 2765 326 3683
4 328 3206 2613 3680
4 2277 2318 2389 2731
4 938 831 687 2984
4 2755 2354 2970 3565
4 1451 689 2932 3485
4 1828 1865 1860 3056
4 2416 2629 3383 3504
4 1899 864 688 2849
4 3150 3315 2414 3332
4 982 3324 1122 3544
4 1406 958 1175 3334
4 2437 3037 2754 3147
4 2324 2761 3079 3677
4 94 1112 1722 1121
4 308 310 311 3091
4 1666 1484 1483 2958
4 2522 2651 2390 3108
4 1899 688 1720 2849
4 1804 1833 2947 3596
4 2292 2463 2389 3170
4 1905 1476 173 1732
4 2580 3060 2353 3201
4 2545 2441 3188 3544
4 1265 3386 1262 3508
4 675 360 356 3594
4 2354 2542 2878 3565
4 2733 3099 467 3474
4 2397 3139 2880 3569
4 1795 3068 1829 3469
4 2340 3089 2804 3202
4 2498 2824 3122 3373
4 2689 3128 2360 3655
4 1827 3085 1844 3602
4 1212 1151 126 1412
4 1973 1938 1729 2934
4 626 2609 379 3171
4 1647 173 1476 1732
4 1000 986 1134 3053
4 2468 3004 3428 3516
4 2187 1141 956 2943
4 2683 2888 2471 3574
4 995 1016 3093 3497
4 2062 2061 3374 3579
4 2288 2493 2680 3237
4 2514 2960 2728 3435
4 1925 1839 2720 3297
4 2363 2546 3083 3418
4 1553 3416 1552 3687
4 2457 3187 2729 3205
4 2302 2390 2522 2651
4 426 2652 419 3024
4 475 669 369 3177
4 546 2773 282 3527
4 433 432 3030 3031
4 891 943 898 2705
4 2506 2599 3451 3625
4 2377 2316 2791 3568
4 2539 2756 2708 3587
4 2831 3178 2583 3651
4 1348 2894 1296 3537
4 2359 3085 2671 3272
4 2201 1988 2209 3422
4 1848 1884 1816 3303
4 994 993 1010 2930
4 2467 3106 2713 3698
4 1237 3159 2628 3182
4 2382 2564 3508 3611
4 2966 3211 2334 3443
4 2322 2379 2352 3196
4 2636 3037 2474 3564
4 2357 3119 2579 3153
4 1919 1853 1852 3647
4 2743 3111 2405 3481
4 249 2726 250 3194
4 1216 1342 1458 3583
4 2273 3129 2319 3172
4 1558 3187 1568 3495
4 1220 959 1399 3448
4 723 725 2888 3574
4 2920 3186 2412 3489
4 551 601 255 3378
4 306 450 651 2707
4 2964 3471 2687 3617
4 2142 2036 2049 2969
4 2304 2926 2251 3161
4 1462 1484 1485 2958
4 3090 3505 2678 3586
4 1169 968 3223 3448
4 1038 3239 1021 3660
4 1489 1518 1617 2711
4 798 799 892 3251
4 2367 2945 3106 3531
4 597 218 10 3415
4 790 736 850 3128
4 599 2731 267 3665
4 296 295 2588 3049
4 1630 2679 1661 3480
4 2312 3161 2503 3644
4 1380 1307 1379 3035
4 788 775 776 2811
4 2787 3456 3000 3632
4 2951 3200 2433 3304
4 2318 2286 2515 3489
4 1315 2878 3292 3408
4 707 869 42 1416
4 1101 1024 1023 2951
4 574 628 463 3287
4 2279 3196 2322 3456
4 257 599 260 2973
4 2406 3070 2801 3558
4 3136 3332 2783 3454
4 2498 3623 3373 3689
4 1378 2922 3387 3624
4 1557 1641 3205 3416
4 2768 2944 3428 3472
4 2488 2691 2551 2813
4 2638 2346 3372 3694
4 1412 1151 126 953
4 2237 3047 2687 3471
4 1123 2868 1134 3544
4 2705 3322 2666 3645
4 2362 2844 2736 3591
4 501 500 582 3191
4 2763 3199 2407 3576
4 2332 2648 2853 3502
4 2904 3097 2227 3557
4 2507 2957 2619 3335
4 2643 3103 2952 3649
4 3156 3283 2535 3438
4 312 310 2653 3007
4 2776 2263 3470 3615
4 949 1956 92 1897
4 1546 1601 2890 3479
4 2710 3243 3071 3592
4 2152 2236 2200 2959
4 1108 1181 1070 3700
4 2573 2787 2345 3632
4 1391 1332 1335 3508
4 2134 2133 2086 3005
4 1028 2855 1048 3414
4 897 1386 46 693
4 2336 3120 2899 3587
4 2424 3159 2628 3690
4 2293 2472 2368 2986
4 2296 2626 2445 3169
4 563 2486 2850 2994
4 2973 3434 479 3634
4 2416 3094 2630 3148
4 2328 2288 2680 3284
4 2660 3218 2783 3669
4 2332 2543 2903 2946
4 474 3364 656 3413
4 2271 2373 2931 3302
4 2149 2904 2227 3557
4 487 3112 2928 3444
4 1896 1887 2681 3490
4 2340 3167 3402 3593
4 2597 1954 3318 3540
4 1381 2758 1442 3430
4 2306 2371 2264 2396
4 1923 1845 1960 3455
4 1915 1860 1861 2808
4 1017 1026 1022 3398
4 1267 1257 3275 3315
4 777 862 778 2839
4 1102 1038 1103 2886
4 1566 1525 1567 3322
4 2256 2988 2569 3445
4 1732 1647 172 1471
4 1055 1049 3229 3425
4 561 372 639 3179
4 2661 3226 2727 3417
4 999 2864 1013 3414
4 1229 3447 1228 3448
4 2126 2927 2128 3327
4 2587 2741 2273 3331
4 833 940 917 3029
4 607 535 663 3115
4 1587 1529 1588 2889
4 1833 1948 2947 3596
4 2500 3078 2781 3149
4 2317 2373 2826 3533
4 2095 2862 2097 3006
4 321 525 367 3189
4 412 410 2684 3074
4 2747 3020 2300 3245
4 2158 2700 1998 3552
4 1038 1126 1104 2886
4 2333 2927 2570 3327
4 897 1386 2878 3600
4 11 10 218 3285
4 738 724 2683 3574
4 986 989 987 3053
4 2350 2732 2610 3139
4 2474 3037 3147 3357
4 971 974 973 2921
4 971 970 1156 2644
4 738 2683 737 3412
4 2495 3159 2628 3424
4 2390 2288 2522 3227
4 2745 3198 2362 3591
4 2808 2468 3004 3472
4 2373 2469 2317 2826
4 250 2726 274 3194
4 879 896 844 2753
4 2763 2961 2244 3235
4 947 1181 1203 2984
4 510 2795 477 3141
4 2419 2874 3343 3368
4 2278 2449 2369 3145
4 2437 3320 2628 3670
4 1265 2735 3386 3508
4 278 615 2842 3527
4 1439 1324 1210 2922
4 2757 2910 2336 3252
4 2380 3346 2943 3620
4 1546 1559 1601 3479
4 1444 1991 2922 3624
4 2945 3269 1520 3463
4 1457 1331 1208 2667
4 2803 3160 2247 3340
4 820 3087 890 3350
4 1728 1951 1952 2645
4 1543 1541 3138 3478
4 2013 2147 2011 2863
4 1682 1524 1530 3021
4 2356 3058 2560 3598
4 2461 2777 3300 3595
4 2718 2943 3346 3620
4 1519 1521 1520 2945
4 766 765 764 3028
4 465 438 555 3363
4 399 616 2965 3642
4 2447 2979 2612 3314
4 1676 144 1222 1418
4 1460 1723 168 1941
4 2438 2790 2897 3651
4 2433 3265 2770 3304
4 2148 2154 2151 3226
4 1430 689 876 2932
4 2063 3173 2703 3579
4 1953 1741 2669 3132
4 881 764 875 3028
4 2708 3120 2336 3587
4 282 2773 291 3117
4 605 682 3100 3296
4 469 2650 270 3184
4 1356 1269 1260 3352
4 2515 2686 2389 2973
4 3234 3310 2044 3640
4 277 558 251 3072
4 464 465 598 3363
4 25 0 596 2691
4 2325 2947 2702 3477
4 857 3514 2610 3569
4 2498 3081 2246 3525
4 2397 2924 2711 3646
4 1507 1508 3192 3420
4 2270 3004 2327 3472
4 2632 3366 1863 3439
4 815 938 908 2717
4 404 3010 2847 3180
4 786 807 797 2960
4 3187 3205 2457 3416
4 2598 2915 2446 3192
4 2173 2106 2807 3588
4 2510 3274 2594 3661
4 881 771 766 3028
4 599 259 479 2973
4 534 2859 406 3597
4 2340 3402 2747 3593
4 234 235 216 2994
4 1174 1072 1138 2708
4 2778 3137 1604 3216
4 2727 3226 2806 3355
4 2759 3511 2980 3692
4 397 467 2733 3099
4 835 924 792 3565
4 2394 3019 2727 3355
4 2210 2922 1991 3624
4 1100 2704 1093 3545
4 2263 3401 3470 3615
4 2611 3025 2456 3547
4 2784 2988 2256 3367
4 51 696 1410 913
4 2386 2668 2502 3535
4 2877 3262 2313 3585
4 2082 3217 2593 3539
4 2624 2359 3077 3195
4 2824 3081 2498 3122
4 2526 3478 2890 3663
4 2175 2198 1999 2866
4 1157 1135 1042 3620
4 2331 2666 3082 3686
4 2073 2979 2125 3267
4 2367 2666 2945 3269
4 1394 1344 2771 3506
4 389 559 678 3142
4 2456 3005 2611 3546
4 2346 2757 2756 3694
4 826 738 890 3087
4 2517 3260 2929 3461
4 2487 3313 2840 3350
4 702 1933 894 2884
4 2734 2931 2458 3589
4 2244 2678 2961 3586
4 2560 2305 2955 3395
4 2642 3581 3329 3697
4 2264 2306 3081 3345
4 836 765 3071 3559
4 2572 2290 3283 3369
4 736 714 715 3128
4 1895 1976 1656 3061
4 2374 2828 3246 3673
4 2980 3218 2423 3601
4 2367 3106 2945 3686
4 2322 2352 2258 3196
4 1176 1073 958 3334
4 2362 2997 2844 3198
4 2693 2775 2476 3668
4 1110 1157 1189 3620
4 1594 3317 1596 3479
4 1903 2605 3300 3610
4 1221 1442 1381 2758
4 1793 1828 1796 3056
4 622 552 433 3031
4 2724 3433 3152 3517
4 1937 201 1989 2189
4 2474 3036 2636 3658
4 379 362 417 3171
4 401 380 332 3080
4 855 3240 2748 3406
4 966 2674 1079 3038
4 2285 2492 3178 3651
4 422 521 411 3032
4 3081 3122 2616 3525
4 2307 2415 2551 3658
4 261 2486 2994 3101
4 2384 3255 2874 3367
4 2032 2039 2040 3092
4 2071 2781 3153 3510
4 2314 2592 2449 3145
4 771 772 768 3098
4 2548 3601 3218 3695
4 1972 1870 1871 3016
4 2406 3033 2881 3471
4 1088 929 832 2984
4 2315 2982 2268 3599
4 1898 1922 1918 2753
4 1697 1468 2904 3097
4 613 215 3046 3170
4 2414 3332 3136 3454
4 378 397 398 2733
4 1272 1259 1268 3065
4 2354 3026 2755 3368
4 552 302 392 3031
4 1262 1255 1254 3121
4 987 2822 988 3290
4 2925 2973 670 3665
4 1339 3371 1341 3506
4 570 2877 339 3585
4 1814 2810 1796 3656
4 2443 2322 2800 3012
4 2024 3135 2026 3258
4 1904 1939 1830 2938
4 2572 3144 2290 3369
4 2323 2758 2674 3633
4 1729 951 1154 2934
4 2374 3246 2682 3673
4 2900 2926 2409 3266
4 1767 1778 2981 3496
4 1616 2751 1659 3322
4 1112 951 95 1866
4 1908 1822 1840 2947
4 1462 686 833 2958
4 2735 2431 2823 3506
4 796 845 896 3067
4 1156 2971 1161 3458
4 2437 2628 3182 3670
4 1812 3152 1817 3517
4 2343 2962 2851 3586
4 2634 3208 2888 3538
4 2439 3173 2647 3198
4 1019 1036 1035 2852
4 623 624 370 2832
4 1897 92 949 970
4 331 642 334 2829
4 1694 1461 1206 3140
4 2310 2480 2368 3023
4 2251 3161 3059 3657
4 2332 2853 2798 3502
4 1339 1336 2823 3506
4 409 408 394 2841
4 2265 2334 2488 3524
4 2309 2891 2726 3194
4 213 231 492 3305
4 1209 1447 1446 3405
4 2290 2379 2352 2622
4 633 3169 634 3501
4 2258 2352 3144 3369
4 222 524 578 3227
4 555 515 265 2819
4 2269 3258 2612 3521
4 2460 2849 2749 3638
4 2288 2522 2383 3047
4 2628 3182 2424 3690
4 2447 3073 2612 3401
4 1562 1487 1666 2732
4 2191 1649 1992 2904
4 2110 2113 2112 2821
4 1804 1833 1822 2947
4 517 518 218 3285
4 2521 2996 2408 3263
4 2533 3240 2811 3406
4 1401 1214 1433 2902
4 2484 3477 3057 3566
4 1812 1817 1818 3517
4 2406 3471 2881 3481
4 241 239 264 3133
4 2936 3246 2391 3626
4 1176 2619 958 3405
4 2252 2682 3228 3295
4 2252 2828 2309 3673
4 2264 2371 2306 3345
4 746 3174 734 3376
4 1565 1535 1577 3014
4 434 412 507 3074
4 2407 3199 2789 3576
4 544 586 2913 3080
4 2798 3426 2104 3540
4 2388 3279 2952 3302
4 1002 3390 1008 3653
4 1827 1805 3085 3397
4 2896 3369 3283 3543
4 2189 1937 200 1942
4 2674 2758 2323 2989
4 2324 2589 2761 3447
4 807 786 862 2960
4 2776 3470 2975 3615
4 2277 2318 2415 3086
4 2023 3258 3135 3678
4 333 2774 2592 3503
4 2454 2983 3070 3490
4 646 557 2816 3528
4 1404 1450 1400 2761
4 332 2592 3215 3550
4 2252 2682 3295 3673
4 2849 3213 712 3638
4 1364 1250 1249 3436
4 767 769 808 3071
4 798 3251 892 3664
4 904 914 812 3600
4 2170 2022 2024 3135
4 1395 1266 3121 3309
4 2363 3304 2951 3445
4 1672 3416 1553 3687
4 2647 3173 3130 3659
4 2441 2952 2620 3103
4 1462 833 1483 2958
4 2285 2344 2831 3178
4 2861 3321 2839 3411
4 2654 3219 2529 3233
4 1232 3050 2738 3573
4 471 388 470 2998
4 2103 1990 3427 3552
4 623 347 2928 3628
4 2259 2318 2375 2566
4 1942 199 2197 1721
4 1505 1504 2824 3488
4 767 836 765 3071
4 497 496 2665 3012
4 2434 2896 2605 3543
4 2741 3005 2400 3331
4 2878 3292 2354 3530
4 2246 3186 2920 3489
4 2249 2963 2695 3629
4 2454 2681 2983 3490
4 2317 2513 2449 3570
4 2506 3401 2612 3521
4 2244 2961 2763 3577
4 625 252 584 3492
4 2359 3549 2687 3617
4 2321 2785 2803 3265
4 611 627 510 3141
4 1643 1589 1717 2693
4 919 783 837 3559
4 2580 3201 2353 3479
4 575 3467 3409 3604
4 1744 1924 1745 2749
4 1093 991 987 2822
4 2285 2344 2425 2831
4 1506 1505 1504 2824
4 855 854 3240 3406
4 2262 2679 2586 3531
4 2498 3122 2889 3563
4 2240 3304 2885 3418
4 2876 3517 1855 3618
4 2261 2845 2635 3399
4 2319 3172 2682 3293
4 2499 2299 2965 3220
4 2269 2612 3401 3521
4 2290 2622 2352 2670
4 1159 2717 1107 3648
4 1560 1574 1658 2911
4 2257 2630 2875 3321
4 1796 1814 1795 2810
4 240 530 262 3491
4 2414 2556 3275 3454
4 1591 3146 2887 3484
4 2588 3013 2355 3394
4 1035 1036 1046 2852
4 1941 1871 1928 3016
4 2165 2016 2706 3451
4 1173 1079 966 2674
4 2413 3270 2576 3682
4 2345 3111 2743 3481
4 2215 192 2002 1743
4 1550 1548 1584 3002
4 263 605 648 3100
4 2821 2987 2466 3486
4 29 961 699 1152
4 3111 3336 2405 3481
4 2278 3145 2369 3233
4 2589 3447 2547 3448
4 2408 3110 2808 3472
4 1266 1254 1395 3121
4 2500 2806 3228 3510
4 2754 3198 2439 3612
4 2711 2992 1489 3463
4 2624 3314 2048 3512
4 2456 3465 3005 3546
4 2474 3037 3036 3147
4 237 243 244 3101
4 2264 2828 2617 3623
4 2406 3033 2595 3070
4 2824 3373 2498 3623
4 2359 2964 3549 3617
4 168 1625 1723 1460
4 2316 3104 2791 3568
4 2287 2636 3036 3658
4 2631 3576 3076 3589
4 1921 1848 1970 2917
4 2508 3092 2581 3374
4 1374 3612 3130 3659
4 2616 3122 2824 3488
4 2490 3453 2616 3525
4 2324 3079 2782 3677
4 1904 2938 1797 3397
4 1178 1446 1179 3405
4 2063 2145 2051 3546
4 1253 1364 1249 2792
4 1368 1274 1286 3468
4 1956 1722 1970 2917
4 1638 692 861 3164
4 661 501 2725 3155
4 2443 2499 2299 2965
4 2692 3250 2292 3410
4 906 54 1409 1224
4 2244 3577 2987 3586
4 1230 1404 1448 3447
4 2344 2445 2260 3247
4 2537 3258 2269 3521
4 541 295 542 3403
4 2595 3033 2454 3070
4 2288 2881 3033 3471
4 373 2609 626 3423
4 1080 3515 1160 3688
4 2275 2605 3283 3543
4 1925 1806 1839 3297
4 885 886 773 2840
4 1257 1253 1256 3315
4 1332 1331 1333 2942
4 2241 2695 2906 3254
4 1074 1075 1179 3405
4 563 3046 528 3058
4 711 893 710 2749
4 1147 961 1193 2728
4 1306 1294 1283 3387
4 2293 2489 2472 2986
4 2274 3114 3261 3693
4 2330 2748 2658 2860
4 354 593 352 3207
4 784 778 785 3094
4 2416 3094 2689 3504
4 2418 2906 2607 3254
4 1935 1729 97 962
4 2167 2058 3234 3640
4 166 1895 1465 1963
4 2352 2670 2320 3144
4 310 3007 311 3091
4 1752 3253 2621 3590
4 2025 2086 2037 2741
4 376 423 484 2893
4 1798 1797 2938 3397
4 2874 3255 2289 3367
4 2534 3479 2353 3622
4 1146 1000 1134 2868
4 624 2832 585 3323
4 2264 2617 2824 3623
4 1773 2777 3175 3572
4 1779 2981 1788 3558
4 365 2965 317 3312
4 2298 2377 2326 2618
4 2913 2918 2369 3080
4 1241 3037 1240 3320
4 2313 2365 2282 2603
4 783 919 856 3601
4 454 2574 382 3282
4 2277 2415 2389 2925
4 1042 2937 3239 3620
4 485 668 484 2892
4 428 2965 384 3312
4 1610 1702 1719 2902
4 2416 2630 2875 3442
4 1729 1154 97 962
4 347 348 346 3022
4 2437 3036 3037 3147
4 1697 1693 1468 3097
4 2351 2601 2820 3384
4 887 908 1159 3648
4 2021 2023 2022 3135
4 980 997 978 3103
4 2929 3266 2685 3461
4 1515 1505 1510 3122
4 1260 1259 1248 3065
4 654 2659 299 2998
4 1757 1755 2896 3610
4 684 3429 224 3526
4 784 823 853 3094
4 3338 3380 371 3400
4 2263 3020 3129 3625
4 2652 2832 2378 3323
4 3173 3494 2098 3546
4 1108 1037 1107 3360
4 2750 2975 2447 3267
4 2333 2975 2776 3263
4 2288 3047 2383 3284
4 30 1152 691 952
4 1914 1924 1744 3209
4 2481 3248 2760 3518
4 1052 3398 2631 3688
4 1995 2123 2199 3677
4 1002 1000 1146 3390
4 481 467 685 3474
4 361 360 362 3277
4 2649 3405 1447 3614
4 1795 1793 1796 3469
4 979 978 977 3103
4 1698 1463 2200 2959
4 1333 1335 1332 2942
4 1092 1093 2704 3581
4 2569 2393 3306 3700
4 2024 2023 2026 3135
4 2338 2693 2818 3450
4 1455 1224 906 2919
4 2484 3477 2702 3652
4 2506 2612 3401 3678
4 1132 1147 1133 3120
4 2368 2440 2650 3184
4 1201 1055 1172 3229
4 2433 2951 3304 3445
4 883 2608 3244 3592
4 1146 1134 1123 2868
4 940 842 3029 3569
4 301 3049 587 3475
4 676 367 2830 3189
4 2251 2304 3161 3644
4 2367 3088 2666 3269
4 1202 1148 2163 3157
4 357 356 355 3380
4 22 503 212 3354
4 2308 3069 2963 3629
4 3217 3582 2329 3641
4 1061 1062 1059 2843
4 2457 2799 2769 3241
4 1274 2935 1286 3468
4 1252 1385 2696 3537
4 2857 2873 2479 3653
4 2449 2913 2369 3080
4 2358 2735 2942 3611
4 656 385 2565 3364
4 2065 2077 2078 2742
4 2259 2375 2318 3086
4 2691 3168 25 3396
4 406 2859 404 3010
4 2286 2936 3246 3623
4 2088 2184 2213 3426
4 2405 2779 3326 3414
4 789 3289 852 3639
4 255 2726 249 2870
4 909 2744 824 3449
4 1090 2934 1155 3326
4 231 3115 492 3305
4 2242 2875 3383 3504
4 2458 2584 3379 3688
4 2047 2045 2046 3078
4 525 323 326 2826
4 125 953 1190 1420
4 2252 3295 2828 3673
4 2348 2263 3129 3625
4 2426 2632 2940 3602
4 2695 3069 2296 3629
4 2039 3092 2032 3487
4 1662 1666 1642 3029
4 2480 2850 17 3526
4 299 654 542 2659
4 2257 2349 2972 3367
4 535 3115 516 3395
4 837 2667 2932 3559
4 2371 2541 2396 3072
4 2454 2983 2595 3070
4 1885 1869 1884 2746
4 700 855 900 3281
4 1755 3330 2896 3610
4 2492 3178 2888 3538
4 1844 1934 1927 2940
4 1265 1369 1394 3386
4 1797 1781 2983 3397
4 522 2955 209 3354
4 2872 3082 2585 3606
4 2112 2110 2821 3346
4 1616 1567 1615 2872
4 2439 2647 3130 3612
4 3037 3357 1365 3670
4 1200 3360 2625 3648
4 1596 1594 1703 3317
4 1660 67 891 701
4 1667 1579 1664 3509
4 1797 2983 1780 3397
4 2391 3373 2824 3623
4 1052 1080 1160 3688
4 337 2877 338 3503
4 499 2909 241 3133
4 2643 3116 2779 3333
4 2263 2706 3020 3625
4 279 278 2891 3527
4 2559 3197 2591 3324
4 2500 3078 3149 3293
4 2111 2098 3494 3546
4 623 585 2832 2928
4 2431 2585 3082 3606
4 1319 1380 1398 3035
4 2894 3424 1347 3605
4 2261 2972 2370 3255
4 1829 1906 1792 3068
4 1753 3253 1754 3610
4 533 478 532 3316
4 2150 2904 2149 3417
4 2429 2661 2959 3226
4 1141 111 1985 2187
4 2250 3199 2763 3576
4 523 3642 2918 3671
4 437 635 3227 3237
4 2302 2522 2440 2651
4 1156 2644 2971 3458
4 558 2541 251 3072
4 1207 1374 3130 3659
4 2558 3075 2360 3337
4 2439 3130 2647 3173
4 2543 2964 2903 3549
4 1925 3110 2720 3656
4 506 2826 326 3215
4 1075 1060 1150 2957
4 1516 1510 1619 3122
4 2343 2678 3505 3586
4 1541 1539 1655 3138
4 2366 2734 2883 3432
4 544 401 586 3080
4 734 746 825 3174
4 322 3190 320 3520
4 373 362 379 3277
4 1847 1975 1897 2644
4 659 3141 3010 3607
4 2742 2903 2543 2946
4 980 979 981 3103
4 1926 2720 1839 3699
4 495 639 420 3179
4 1382 1281 1435 2739
4 2475 2561 3097 3557
4 2227 2904 1992 3097
4 2501 3201 2769 3687
4 2238 3106 2767 3686
4 913 1410 51 1208
4 2962 2987 2459 3586
4 521 657 2577 3032
4 2398 3157 3001 3588
4 3004 3351 2535 3535
4 2323 2812 2674 2989
4 1876 1730 1980 3419
4 2197 2189 200 1942
4 2785 3136 2284 3265
4 1878 1920 1787 3166
4 2437 2745 3182 3591
4 1204 1328 1440 3600
4 480 626 632 3423
4 501 530 242 3155
4 1368 1286 2935 3468
4 1709 1480 1455 2919
4 2389 2925 2463 3410
4 956 1105 1183 2943
4 517 265 264 3133
4 1945 1965 1743 2714
4 1318 1307 1319 3035
4 820 3087 3350 3650
4 2028 2031 2032 3487
4 2455 2689 3094 3504
4 1232 1234 3050 3573
4 2443 2800 2364 3242
4 3204 3657 2487 3693
4 1515 1516 1517 3122
4 563 2486 3046 3058
4 2630 2455 2875 3321
4 2403 3104 2575 3436
4 1146 1041 1009 3390
4 262 604 233 3027
4 2559 3197 3324 3649
4 2301 2652 2378 3161
4 2503 2445 2916 3298
4 1362 2762 1287 3578
4 497 428 496 3012
4 503 215 672 3666
4 1950 196 2223 1725
4 1649 1687 1697 2904
4 1671 1662 1470 3193
4 350 2618 568 3457
4 1321 1303 1334 2825
4 2270 2327 3004 3535
4 2499 2965 2443 3044
4 1928 1703 170 1704
4 1173 1065 1077 2812
4 2500 3172 2682 3228
4 953 125 1412 1420
4 1436 1406 1218 3334
4 900 795 851 3240
4 2187 1141 111 956
4 2491 3175 2777 3572
4 1294 1270 1283 2985
4 2979 3401 2612 3678
4 517 264 518 3230
4 2441 2591 3324 3544
4 1944 1640 162 1482
4 387 589 368 3096
4 2735 3386 2771 3506
4 1734 1929 1889 3281
4 1747 1745 1748 3075
4 1061 1063 1062 2843
4 2280 2473 2376 3343
4 1914 874 75 695
4 466 630 560 3377
4 2304 2926 2900 3266
4 2327 3004 3428 3472
4 1280 1282 1293 3113
4 1167 887 1159 3648
4 3293 3331 2400 3555
4 2351 2820 2601 2933
4 1331 1329 1330 2932
4 2359 3127 2671 3195
4 2337 2839 2861 3321
4 1449 1988 1414 3422
4 563 2486 2627 2850
4 2735 2358 2942 3519
4 1641 1672 1677 3205
4 566 613 261 3046
4 2448 2980 3511 3692
4 2331 3082 3344 3686
4 1887 1781 1799 3452
4 400 419 416 3109
4 2439 3494 2611 3582
4 2273 2486 2319 3129
4 3040 3325 2526 3622
4 1524 1529 1530 3021
4 1173 2674 966 3334
4 781 774 882 2760
4 2249 2558 3268 3337
4 2423 2932 3559 3601
4 643 3262 454 3460
4 392 432 3031 3475
4 2002 2230 2193 2714
4 684 213 492 3429
4 326 2765 325 3550
4 2776 3057 2333 3263
4 1801 2996 1802 3522
4 2660 3150 2403 3309
4 2372 2421 2300 2870
4 2354 2783 2701 3454
4 2391 3626 2527 3689
4 1907 1842 3300 3595
4 1533 1532 1531 3137
4 2161 2128 2126 2927
4 2358 2667 3071 3559
4 2268 2420 2315 3599
4 2367 2945 2666 3686
4 1821 2820 3151 3341
4 2363 2569 2988 3445
4 2605 2896 2434 3610
4 2391 2527 3137 3689
4 957 1724 90 1923
4 2810 3469 3056 3516
4 2365 2565 2489 3235
4 453 2578 443 2788
4 2703 3173 2063 3546
4 588 2659 654 2916
4 296 300 299 3049
4 2434 2896 2604 3330
4 2454 3070 3043 3490
4 773 886 759 3350
4 2369 3080 2918 3249
4 2730 2363 3083 3536
4 1315 3292 1403 3408
4 2429 2806 3167 3226
4 212 548 266 2925
4 1189 2943 2718 3620
4 3055 3115 663 3365
4 1339 1341 1344 3506
4 1193 961 1152 3435
4 494 2918 586 3249
4 418 417 549 3171
4 568 2618 352 3483
4 2314 3145 2545 3328
4 2903 2964 2332 3336
4 639 2721 562 3018
4 788 840 839 3406
4 1267 1258 1257 3315
4 2775 2935 2519 3054
4 1723 1940 1972 3061
4 1005 3545 1001 3653
4 336 637 638 2774
4 1577 1606 1686 3014
4 1982 1721 198 1934
4 2407 2763 2961 3577
4 2611 2329 3582 3641
4 1992 180 1468 1649
4 284 2816 286 3206
4 912 2878 3530 3600
4 1335 1333 1336 3519
4 1008 2873 1004 3653
4 2758 3301 2542 3430
4 878 817 946 2879
4 693 1402 45 889
4 2249 3268 2629 3337
4 1287 1362 1361 2762
4 948 2228 108 1148
4 2285 3442 2492 3651
4 212 2925 266 3665
4 1229 1231 1230 3447
4 338 393 636 3011
4 742 733 743 2908
4 2890 3478 3138 3663
4 692 1638 1464 3164
4 3025 3331 2456 3608
4 2269 2612 3073 3401
4 1492 1493 3003 3542
4 2414 3275 2701 3454
4 2400 3149 3078 3293
4 1489 1518 2711 3463
4 2284 2315 2554 3599
4 1291 2775 1376 3668
4 1229 1230 1228 3447
4 1859 1759 1763 3156
4 345 565 545 3680
4 1912 2177 203 2000
4 1190 1185 1420 2977
4 2378 2503 2312 3161
4 2362 2736 2907 3591
4 2810 3656 1814 3699
4 1170 967 1196 2714
4 1692 1686 1613 3466
4 1989 2189 2131 3366
4 2407 2789 3497 3576
4 2576 3270 3065 3682
4 1479 1997 178 2176
4 2329 2692 3232 3641
4 2629 2249 3337 3679
4 2416 2897 2790 3651
4 2289 2972 2349 3367
4 281 511 615 2842
4 789 755 3289 3518
4 2260 2831 2344 3178
4 1844 1827 1834 3085
4 2202 3130 2664 3494
4 1604 1531 1632 3137
4 2734 3047 2883 3432
4 2250 3076 3199 3576
4 1476 174 1622 1905
4 1650 910 58 1477
4 2763 3199 2380 3577
4 904 3485 914 3600
4 280 556 277 3072
4 2291 2327 2555 3428
4 2285 3178 2831 3651
4 1794 1882 1788 2743
4 449 2882 558 3528
4 373 374 361 3277
4 1856 1817 1880 3517
4 91 970 1724 1144
4 2444 2709 2633 3230
4 2238 2640 3105 3308
4 320 322 321 3190
4 742 2908 754 3529
4 2295 2773 2402 3117
4 2822 2949 2482 3328
4 1659 1616 1475 2751
4 1228 1230 1448 3447
4 1991 2210 2178 2922
4 223 2480 3023 3184
4 1500 3382 1645 3420
4 301 302 3049 3475
4 2738 3447 1231 3619
4 2265 2334 2361 2488
4 2288 2680 2522 3237
4 1131 959 1220 3448
4 400 306 3024 3654
4 2431 2823 3371 3606
4 2268 2949 2822 3328
4 3258 3521 3135 3678
4 506 2830 2826 3215
4 128 1220 959 1399
4 247 583 3492 3513
4 2291 2555 2909 3155
4 1767 1774 1778 3496
4 208 437 578 3227
4 1792 1795 1829 3469
4 1491 1489 2992 3463
4 406 534 474 2859
4 1375 3130 1374 3612
4 2447 3077 2750 3512
4 3015 3148 2492 3442
4 2274 2767 3161 3657
4 835 859 2970 3565
4 1964 1835 1908 3256
4 835 2970 794 3565
4 1895 1876 1894 2694
4 1617 1489 2711 3459
4 2703 3311 2456 3546
4 123 950 1426 1185
4 672 215 3170 3666
4 2470 3001 2914 3493
4 432 3030 2668 3363
4 745 756 744 3514
4 1394 2771 3386 3506
4 499 265 2819 3133
4 1655 1668 1544 3138
4 2421 2568 2300 2870
4 814 761 781 3248
4 2410 3034 2747 3402
4 1933 702 1738 2884
4 1544 1543 1541 3138
4 1356 1308 1277 3392
4 410 411 409 3032
4 60 1642 917 697
4 3109 3631 2842 3637
4 1833 1948 1840 2947
4 339 340 338 2877
4 1709 1455 937 2919
4 633 540 2898 3440
4 1618 2879 1485 3459
4 2042 2171 2040 3092
4 2475 3089 2904 3097
4 2281 2469 2328 3000
4 2611 3286 2329 3641
4 1156 1144 1161 2971
4 1961 1975 1846 3063
4 2449 2913 3080 3570
4 2397 2711 3059 3646
4 2362 3198 2844 3591
4 1856 1855 3517 3618
4 1279 3182 1238 3670
4 505 2882 254 3407
4 2405 3326 2855 3414
4 1206 1428 1425 3140
4 1205 123 1426 1185
4 234 263 2994 3296
4 2202 2664 2089 3494
4 2282 2565 2365 3235
4 2273 2587 3331 3608
4 2007 2008 2974 3652
4 2705 3164 1608 3645
4 2390 2483 2302 3470
4 459 272 635 3237
4 777 813 862 2839
4 2548 2423 3218 3601
4 2869 3168 238 3665
4 1021 1042 1014 3239
4 573 2596 498 3287
4 2926 3059 2367 3646
4 1926 1925 1839 2720
4 450 542 588 3403
4 2391 3373 3623 3689
4 787 797 798 2764
4 2359 2964 2543 3549
4 2274 2404 2378 2531
4 2243 2776 3057 3361
4 662 521 2577 3123
4 815 2717 908 3648
4 1428 1624 140 1401
4 635 671 459 3143
4 2729 2929 2814 3495
4 2868 3053 2545 3145
4 995 1016 1125 3093
4 2071 3153 2102 3510
4 255 2725 2726 2870
4 2351 2933 2533 3254
4 3081 2616 3453 3525
4 2098 2063 3173 3546
4 1775 1776 1773 3175
4 343 344 342 3163
4 1433 2902 1214 3484
4 67 1660 1475 701
4 515 499 2819 3280
4 600 3176 319 3189
4 3137 3216 2391 3373
4 2715 2623 3086 3578
4 2881 3000 2328 3632
4 661 2725 2870 3155
4 1227 1220 1228 3448
4 2283 2427 2525 2613
4 3025 2400 3331 3555
4 1794 1778 1869 3496
4 2601 3341 2820 3384
4 2605 2963 2434 3543
4 2354 3026 3368 3454
4 1731 1914 75 695
4 1752 2621 3253 3300
4 2381 2544 2294 2972
4 1358 1293 1359 3113
4 1658 1465 1708 2694
4 250 255 601 2726
4 800 801 772 3098
4 2057 3195 2624 3512
4 1251 1361 1393 3210
4 785 850 823 3094
4 174 1741 1622 1905
4 549 417 3045 3171
4 1771 1772 1773 3175
4 1502 1499 2835 3488
4 1246 1245 1244 3214
4 1207 1374 1375 3130
4 1246 1387 1252 3214
4 2395 2567 3116 3333
4 848 895 875 3225
4 622 3437 3031 3616
4 251 2891 277 3072
4 1867 1929 1930 3281
4 334 2829 553 3503
4 2385 2571 2525 3112
4 1156 971 2644 3458
4 1683 1568 1586 2729
4 2077 2159 2079 3234
4 1169 1131 968 3448
4 2665 2830 497 3570
4 2138 2028 2032 2837
4 2545 3145 2314 3533
4 2629 3337 2897 3679
4 771 806 800 3650
4 1005 2857 3545 3653
4 2903 2964 2237 3432
4 908 1159 32 887
4 983 981 982 3188
4 2281 2328 2469 2680
4 260 2925 548 3666
4 1941 1723 1972 3016
4 619 2832 624 3323
4 332 330 331 3550
4 1740 708 84 916
4 2270 2444 2327 2502
4 2295 2402 2842 3527
4 243 583 247 3513
4 923 2667 837 3559
4 2291 2794 2768 3428
4 587 3049 2588 3476
4 274 2891 251 3194
4 1348 3424 2894 3537
4 2426 2938 2632 3602
4 1008 3390 2873 3653
4 284 286 285 3206
4 2810 3056 2468 3516
4 2147 2863 2013 3548
4 956 112 2187 1139
4 2304 2251 3266 3644
4 1778 1788 1779 2981
4 278 277 274 2891
4 2442 3008 2719 3534
4 1821 3151 2820 3595
4 712 711 688 3638
4 599 479 2731 2973
4 2237 3111 3279 3284
4 985 984 983 3188
4 659 3010 2650 3597
4 2285 2425 2344 2788
4 1802 1862 1868 2723
4 1834 1857 1957 3272
4 1325 1439 1427 2991
4 2728 2336 3120 3251
4 885 773 817 2840
4 698 1442 43 869
4 2248 3456 2638 3630
4 2506 3257 3135 3349
4 1084 1099 1010 3008
4 395 404 594 2847
4 565 3356 3022 3457
4 421 422 411 3409
4 808 923 836 3071
4 2745 2437 3182 3670
4 1612 1533 1604 3137
4 2689 2455 3094 3541
4 2682 3149 2239 3555
4 2496 2590 2386 3158
4 1499 1500 1502 2835
4 2160 2059 2074 2750
4 493 2774 2494 3249
4 887 1159 32 1167
4 687 33 1159 947
4 1468 1649 1697 2904
4 290 3117 291 3394
4 2807 2380 3346 3347
4 2459 2962 2851 3660
4 1262 1266 1391 3121
4 220 2670 2709 3041
4 1498 3274 1497 3661
4 1068 3009 1044 3556
4 238 206 227 3168
4 1926 1925 2720 3656
4 757 745 827 3221
4 1303 1292 1334 2825
4 274 2891 2726 3378
4 691 887 1167 3648
4 2528 3481 2406 3558
4 3135 3257 2587 3349
4 776 757 782 3221
4 2168 2173 2109 3347
4 1869 3496 2746 3636
4 2056 3417 2147 3548
4 2240 2770 3265 3304
4 382 570 342 3163
4 1349 2968 1350 3605
4 1540 1539 1541 3478
4 1381 3301 1304 3633
4 2503 3161 2304 3644
4 2497 2752 3371 3606
4 1934 1982 1721 2940
4 1993 2187 112 1139
4 2331 3082 2872 3606
4 1468 1992 2904 3097
4 270 2650 477 2795
4 2712 2911 2512 3307
4 993 1117 1010 3473
4 2496 2626 2590 3158
4 2599 2506 3257 3625
4 1824 3212 2801 3558
4 2914 3001 2366 3288
4 919 837 876 2932
4 206 25 24 3168
4 1721 199 2197 1982
4 2177 2185 2006 3652
4 297 372 2606 3575
4 2270 2502 2327 3535
4 2724 2435 3433 3517
4 2703 2997 2362 3198
4 2503 2916 2445 3644
4 2526 2410 3478 3663
4 1269 3352 1276 3682
4 2093 2011 2147 2863
4 383 382 344 3163
4 754 742 743 2908
4 1247 1393 1245 3210
4 316 547 3007 3319
4 633 540 634 3169
4 2297 2483 2390 3470
4 2294 2544 2381 2578
4 2254 3060 3126 3428
4 2484 2645 3477 3652
4 1244 1388 1387 3214
4 1408 1399 1212 3224
4 709 27 969 868
4 2979 3451 2506 3678
4 2608 3088 2487 3313
4 923 913 837 2667
4 286 646 435 3134
4 2335 2489 2293 2859
4 563 2627 2486 3058
4 475 660 669 3671
4 650 472 655 3018
4 849 736 715 3238
4 1402 46 1386 693
4 2184 3318 2183 3540
4 431 546 551 3378
4 314 312 313 3242
4 2325 3002 2534 3622
4 2364 2499 2443 3044
4 1604 3137 1632 3216
4 1772 1865 1775 3175
4 843 712 3213 3638
4 2379 2322 2721 2800
4 558 2882 505 3407
4 267 276 238 3665
4 1633 2804 1540 3478
4 2632 2426 2940 3571
4 382 2574 454 3262
4 2062 3374 2950 3579
4 2487 3098 2608 3313
4 298 3117 3118 3654
4 843 713 712 3638
4 2281 2469 2383 2680
4 1384 3159 1235 3573
4 578 272 222 3237
4 388 3169 2998 3560
4 2292 3250 2692 3555
4 1324 1325 1294 3387
4 2867 2871 2430 3393
4 1231 1233 1232 2738
4 280 673 557 2772
4 1266 1391 3121 3508
4 2847 594 3551 3567
4 499 241 265 3133
4 2294 2544 2370 2972
4 2512 3222 2860 3672
4 3253 3330 1754 3610
4 2727 3019 2394 3593
4 952 691 31 1167
4 1821 1864 3151 3595
4 1109 1194 1082 3441
4 2112 3346 2821 3347
4 2447 2975 2750 3077
4 2238 3686 3082 3698
4 970 1897 91 1724
4 1247 1250 1251 3210
4 1867 3384 2601 3662
4 23 2955 2673 3532
4 2380 2987 2821 3385
4 2726 2870 2540 3194
4 2007 2006 2008 3652
4 2764 2960 2455 3541
4 3287 3338 2600 3380
4 2248 2638 3197 3630
4 1455 906 937 2919
4 714 790 893 3128
4 1761 3043 1764 3490
4 2004 204 2000 1943
4 1001 989 1000 3545
4 1952 2645 1951 3596
4 1986 2223 196 1725
4 340 2877 570 3262
4 247 3492 2870 3513
4 2213 2184 2183 3540
4 646 2816 629 3528
4 139 1624 1428 1461
4 1542 1633 1540 3478
4 842 841 940 3029
4 2438 2897 2831 3651
4 600 2665 420 3179
4 498 2596 2578 3561
4 1642 60 1470 697
4 1164 1174 1045 3587
4 2405 3278 2528 3336
4 2249 2831 2897 3679
4 519 643 2684 3262
4 2421 2568 3155 3491
4 2339 3626 2936 3689
4 2240 2885 3026 3418
4 2464 2894 2966 3211
4 1640 1944 162 1739
4 439 2805 375 3467
4 2711 2924 2397 3459
4 1152 699 29 888
4 912 835 794 3565
4 982 3188 981 3544
4 918 920 698 3430
4 1716 1476 1679 2669
4 1475 1616 1665 2751
4 410 409 2841 3032
4 2272 3090 2844 3690
4 706 872 69 1680
4 2752 2872 2585 3606
4 900 851 899 3281
4 222 2709 524 3227
4 1981 108 2228 1148
4 286 2816 646 3134
4 2159 2167 2058 3234
4 1836 1808 1901 3212
4 1434 1323 1431 3668
4 228 437 208 3108
4 782 827 858 3221
4 2542 3565 2755 3635
4 431 614 3013 3191
4 606 499 515 3280
4 300 3049 302 3158
4 617 2841 409 3032
4 1221 42 869 1416
4 1224 2919 1452 3583
4 588 471 591 2916
4 1857 1824 1836 3212
4 2718 3346 2380 3620
4 1222 1478 144 1676
4 1325 1389 1392 2991
4 2979 3401 2506 3615
4 365 616 366 3220
4 2387 2955 2305 3395
4 2665 3012 496 3179
4 399 2965 2913 3642
4 2252 2682 3172 3228
4 1356 1277 3352 3392
4 2491 3056 3469 3516
4 2275 3283 2535 3535
4 621 2650 469 3273
4 2264 2824 3081 3623
4 582 2725 661 3191
4 280 277 2891 3072
4 1421 1700 143 1222
4 2108 2107 2207 2718
4 2552 3146 2902 3484
4 2480 683 3017 3185
4 221 222 271 3041
4 2490 2616 3453 3480
4 1357 1362 1287 3578
4 2684 519 3262 3431
4 984 1115 981 3188
4 2747 2912 2340 3593
4 2924 2992 2409 3542
4 671 564 627 3143
4 2291 2909 2421 3155
4 1859 1759 3156 3438
4 2897 3337 2249 3679
4 2255 2844 2997 3198
4 2814 2924 2409 3542
4 2333 2570 2927 3361
4 1420 1185 1205 2977
4 1257 1390 1267 3275
4 1121 949 972 2917
4 2277 2389 3250 3410
4 1916 1954 1955 3318
4 480 457 408 3554
4 2755 3565 2970 3639
4 281 2842 615 3527
4 1045 1044 1043 2756
4 427 2578 387 3096
4 2248 2787 3372 3456
4 668 2892 657 3409
4 299 2998 2659 3049
4 2288 3033 2687 3471
4 3100 3491 648 3492
4 1961 1845 1923 2971
4 951 1729 96 1913
4 661 2725 551 3378
4 2605 3283 2896 3438
4 903 3087 820 3650
4 314 3044 312 3242
4 950 1074 1179 3064
4 2611 3286 2439 3582
4 937 706 1680 2919
4 1069 1087 1054 2730
4 1742 1171 87 1910
4 1012 1023 1024 2951
4 2468 3060 2810 3516
4 2334 3211 2966 3500
4 1850 1979 1851 3502
4 683 3184 269 3185
4 649 311 3007 3501
4 2071 2102 2169 3510
4 615 2842 3637 3643
4 2286 2686 2515 2882
4 2400 3293 2741 3331
4 1408 3224 1354 3619
4 2385 3109 2842 3637
4 2560 3058 2356 3305
4 2175 2206 2198 3624
4 1680 1709 937 2919
4 1925 1854 3110 3656
4 2187 2114 2234 2943
4 1053 1052 1026 3398
4 2295 3117 2402 3527
4 2792 3104 2265 3332
4 648 3491 584 3492
4 518 504 12 3230
4 1392 1270 2985 3682
4 2863 2912 2432 3593
4 2082 2156 2066 3217
4 1691 1472 2220 3006
4 2506 3135 3521 3678
4 2020 2021 2022 3349
4 3283 3369 2290 3543
4 2423 2980 2759 3511
4 2315 2494 2774 3249
4 1578 1562 1579 2948
4 1669 3203 1581 3603
4 1651 1671 1650 3193
4 1619 1588 1529 2889
4 1336 1338 2823 3519
4 228 214 229 3185
4 979 1122 982 3324
4 2738 3050 2424 3573
4 2893 3457 2805 3467
4 558 505 577 3407
4 1765 1891 1768 3070
4 435 288 286 3444
4 464 3030 3363 3415
4 2423 3218 2980 3511
4 440 375 2805 3356
4 569 470 540 3298
4 2257 2349 2381 2972
4 1794 1882 2743 3636
4 2281 2383 2328 2680
4 239 2633 217 3230
4 2074 2126 2127 3327
4 2513 2299 2913 2965
4 2592 3080 332 3215
4 989 1100 1093 3545
4 2438 3213 2699 3389
4 1623 2226 182 1984
4 1110 1189 1119 2718
4 484 2892 668 3409
4 883 768 772 3592
4 2700 3229 2332 3425
4 432 392 407 3475
4 1770 1893 1749 3618
4 1381 1326 3301 3430
4 1401 1624 140 1702
4 2057 2048 2055 3512
4 426 488 2652 3323
4 403 404 395 3180
4 490 492 607 2986
4 287 286 288 3206
4 361 2796 360 3277
4 2221 1994 187 1692
4 2735 2823 2358 3519
4 652 469 482 3184
4 793 3601 904 3695
4 2597 2359 3127 3272
4 665 537 447 2954
4 2698 2994 263 3492
4 1792 1829 3068 3469
4 240 241 242 2909
4 1629 1576 1661 3299
4 793 762 856 3695
4 2203 1982 198 1934
4 1281 1435 2739 3614
4 1960 1843 1974 2899
4 610 426 514 3024
4 2384 2988 2784 3367
4 965 1103 1169 3039
4 2090 3493 3001 3588
4 3127 3272 2671 3318
4 2279 2629 3268 3359
4 3025 3555 2692 3641
4 619 624 664 3323
4 748 749 750 3276
4 2655 2959 2429 3667
4 1300 1288 1267 3275
4 1777 1907 1773 2777
4 2268 2982 2704 3697
4 1336 1337 1338 3519
4 2746 3353 2573 3496
4 729 848 727 3225
4 1656 166 1895 1465
4 317 2965 365 3220
4 2403 3150 2792 3436
4 2115 2119 2117 3079
4 1789 1808 1824 3212
4 692 66 891 1464
4 2529 2676 2873 3219
4 2386 2668 2311 3475
4 2687 3047 2288 3471
4 437 3237 3227 3339
4 648 3100 262 3491
4 392 302 301 3475
4 797 2764 787 3541
4 463 3045 590 3594
4 2468 2768 3428 3472
4 1070 1033 1124 3306
4 2059 2055 2073 3512
4 2344 2425 2296 2445
4 2372 2309 2726 2870
4 295 3118 2659 3403
4 1911 3452 1801 3522
4 2456 3331 3005 3465
4 2993 3352 2413 3682
4 828 749 740 3276
4 1477 910 58 704
4 1040 3125 2851 3660
4 1040 1015 3125 3660
4 1326 1403 3301 3408
4 924 835 912 3565
4 2390 2633 2320 2709
4 2385 2525 2301 2652
4 1683 1568 2729 3495
4 1688 1473 1714 2752
4 592 3162 385 3364
4 529 376 484 3467
4 2378 2404 2312 3400
4 258 505 449 2882
4 2555 2725 2355 3191
4 1172 3229 1051 3681
4 618 374 373 3123
4 2255 3358 2307 3410
4 1232 2738 1233 3573
4 904 919 689 3601
4 814 865 834 3248
4 1619 1588 2889 3563
4 2612 2979 2447 3401
4 667 2765 325 3683
4 1301 1403 1288 3408
4 1586 1677 1685 3205
4 2294 2370 2544 2600
4 293 3013 294 3394
4 957 1161 2971 3455
4 2213 1996 2104 3540
4 1302 1304 1301 3301
4 2617 3192 2446 3420
4 651 685 514 3474
4 2709 3230 2444 3285
4 327 325 2765 3550
4 2022 2170 2140 3349
4 923 837 836 3559
4 1322 1434 3140 3668
4 2329 3286 2692 3641
4 517 3133 264 3230
4 1494 1492 1493 3003
4 382 570 3163 3262
4 1262 3121 1391 3508
4 687 929 947 2984
4 1042 1102 1105 3239
4 2684 2841 410 3431
4 605 219 604 3100
4 2555 3155 2725 3191
4 2673 212 3168 3665
4 2568 2870 2421 3155
4 234 216 225 3296
4 262 604 3027 3100
4 2413 2993 2677 3352
4 2829 2978 2451 3567
4 1492 2992 1490 3542
4 2273 3129 2599 3257
4 1631 1485 1618 2879
4 3253 3300 2605 3610
4 2167 2077 2044 3234
4 781 774 2760 3518
4 319 320 321 3189
4 2309 2402 2726 2891
4 771 768 766 3243
4 1801 1800 1802 2996
4 1525 1523 1528 3062
4 1070 1033 3306 3700
4 229 228 3185 3339
4 1463 1984 2200 2959
4 1460 1706 1625 3016
4 1869 2746 1885 3636
4 2285 2425 2364 3679
4 548 670 266 2925
4 740 748 732 3276
4 1472 187 1994 1692
4 576 447 448 3395
4 2404 3247 2312 3338
4 2821 3346 2380 3347
4 1936 83 1734 700
4 2274 3261 2767 3693
4 1194 1148 1082 3157
4 232 217 233 3107
4 2227 2149 1992 2904
4 517 3230 518 3285
4 656 2565 620 3413
4 2410 2915 2804 3478
4 1867 3281 1930 3662
4 1735 1960 1974 3455
4 2019 2017 2018 3691
4 1227 968 129 1131
4 2755 2419 3289 3639
4 1220 1131 128 959
4 2068 3173 2063 3579
4 765 766 767 3243
4 2326 2298 2618 3207
4 2254 3428 3004 3516
4 2292 3025 2692 3410
4 646 2816 557 3134
4 1284 1376 2775 3523
4 1418 1226 1413 3580
4 2369 2913 2516 3642
4 2480 2302 2651 3017
4 2439 3173 3198 3547
4 2007 2009 2181 2974
4 229 437 228 3339
4 2377 2326 2618 2976
4 222 3041 2493 3237
4 793 794 770 3695
4 1630 3203 2679 3480
4 2048 3314 2624 3640
4 1069 2730 1054 3536
4 1925 3110 1815 3522
4 973 974 975 2921
4 2454 3033 2595 3482
4 1098 1086 2977 3685
4 329 317 365 3220
4 2239 3246 2936 3626
4 401 3080 2592 3249
4 625 249 252 2870
4 2437 3591 3182 3690
4 2582 3321 2861 3411
4 1289 1379 1276 2993
4 2788 3007 547 3319
4 2422 2515 2318 2939
4 2424 3182 3159 3573
4 535 3365 3115 3395
4 2395 2917 2567 3333
4 239 3133 2633 3230
4 1121 972 1095 2917
4 2333 3057 2776 3361
4 2516 2913 2299 2965
4 2089 2202 2205 2664
4 2896 3283 2605 3543
4 2251 2926 3266 3646
4 1495 1661 1644 3299
4 823 849 853 3238
4 107 2163 1202 1148
4 2404 2531 2326 2600
4 1082 3157 1083 3404
4 627 2795 510 3141
4 2394 3019 3355 3691
4 1469 1702 1610 2902
4 591 471 470 3298
4 2250 3076 3576 3589
4 3104 3332 2403 3568
4 843 3213 713 3638
4 2342 2296 2496 2998
4 2287 2551 2415 3658
4 2208 2100 1988 3659
4 234 2994 216 3296
4 1 631 597 3415
4 1315 2878 1386 3600
4 2361 2641 2377 3568
4 901 817 791 3569
4 1557 1568 1558 3187
4 524 220 12 2709
4 1440 1315 1386 3600
4 17 2850 18 3526
4 302 3031 552 3562
4 566 244 253 3101
4 1455 1480 1415 2919
4 631 3030 464 3415
4 2572 2896 3283 3438
4 983 3188 982 3544
4 531 506 550 3570
4 340 570 519 3262
4 1315 1290 1403 3292
4 990 1044 1068 3009
4 2454 2595 2983 3482
4 1861 1887 1911 3452
4 2242 2910 2757 3252
4 487 2652 488 3323
4 2703 3198 3173 3547
4 1117 3008 1010 3473
4 2936 3081 2498 3623
4 1366 1397 1365 3357
4 362 3045 417 3171
4 2143 2142 2049 3355
4 2858 3368 2783 3669
4 1430 49 689 1451
4 1511 1507 1508 3192
4 1148 1981 2163 3157
4 2416 3383 2875 3504
4 2353 3201 2890 3479
4 1258 1367 1364 3150
4 2622 2670 2502 3415
4 2284 2803 2785 3265
4 1860 1859 1763 3156
4 2091 3493 2090 3588
4 1096 1094 1113 3333
4 412 2684 507 3074
4 2812 2989 2546 3498
4 2168 2112 2042 3347
4 1463 1623 182 1984
4 310 2653 3091 3437
4 771 800 3098 3650
4 239 2909 2633 3133
4 2219 103 960 1998
4 1137 3291 1145 3556
4 391 2800 390 3242
4 1213 45 1402 889
4 177 1997 1479 1678
4 691 1152 30 888
4 2099 3173 3130 3494
4 989 3053 1000 3545
4 2100 3422 1988 3659
4 412 421 411 3074
4 2361 2577 2377 2892
4 1605 1690 1463 2959
4 1290 1403 3292 3408
4 1027 1114 999 3391
4 2603 2313 3262 3585
4 854 776 795 3240
4 1225 1438 117 1177
4 1556 1620 1555 2799
4 3042 3301 2556 3633
4 596 2813 2691 3421
4 892 3251 2884 3664
4 2615 3650 3098 3693
4 298 3118 3403 3654
4 2292 2389 2463 3410
4 219 682 3017 3100
4 2175 2198 2866 3624
4 1398 1421 2887 3484
4 1934 2203 1982 2940
4 1113 997 1114 3391
4 2247 2313 3340 3500
4 2483 2651 2302 3017
4 2985 2993 2413 3682
4 1689 1715 1587 3140
4 368 329 366 3220
4 2641 3467 3396 3604
4 1616 1659 1567 3322
4 2328 2680 2383 3284
4 761 834 754 3248
4 1521 2945 1564 3603
4 2282 2565 2451 2603
4 2488 2551 2287 2813
4 2328 2881 2288 3284
4 2323 2760 3026 3418
4 656 592 385 3364
4 1217 2866 2198 3624
4 2678 2244 3090 3586
4 2281 2952 3279 3302
4 3077 3195 2750 3512
4 2789 2937 2407 3497
4 2158 2094 1998 2700
4 1637 1584 1705 3002
4 2564 2942 3508 3611
4 1786 1881 1817 3152
4 2237 3047 2734 3432
4 2358 2823 2744 3519
4 1994 2220 1472 3006
4 373 379 2609 3277
4 180 1992 2191 1649
4 1993 965 2186 3039
4 2142 2019 2969 3691
4 1934 197 2203 1950
4 397 513 468 3400
4 1496 1629 1495 3299
4 209 522 576 2955
4 895 729 903 3225
4 3059 3139 2397 3646
4 1066 1101 1089 3083
4 203 1912 2000 1737
4 2963 3069 2695 3629
4 850 736 823 3238
4 2483 2390 2651 3107
4 1204 3485 1328 3600
4 1090 1155 1050 3326
4 2651 3108 2522 3339
4 564 2795 627 3143
4 2048 2034 2033 3640
4 2901 3043 2572 3144
4 712 688 2849 3638
4 357 363 364 3380
4 793 812 3530 3695
4 2356 2560 2472 3358
4 1250 1395 1254 3436
4 270 3184 2795 3185
4 2633 2909 239 3027
4 2171 2121 2062 3374
4 2506 3401 2979 3678
4 2623 3065 2474 3270
4 666 652 230 3273
4 2266 2355 2905 3126
4 1875 2860 1823 3672
4 244 2923 253 3101
4 2787 3000 2345 3632
4 1791 3151 1777 3572
4 1773 1777 2777 3572
4 218 3285 10 3415
4 2492 2888 3208 3538
4 2394 3167 2727 3593
4 223 3023 482 3184
4 770 859 825 3639
4 2579 3153 3119 3466
4 578 3227 635 3237
4 1874 1875 1823 3672
4 719 718 871 3342
4 1027 3326 1050 3414
4 633 2898 540 3169
4 2548 2423 3084 3218
4 2365 2387 2614 3282
4 1098 1085 1086 3685
4 2076 2128 2161 2927
4 1490 1491 1489 2992
4 2453 2769 2799 3241
4 1050 3326 2779 3414
4 2495 3159 2856 3505
4 2599 3257 3129 3625
4 2394 2969 2599 3691
4 1694 1206 1434 3140
4 1892 1755 1841 3330
4 1726 1918 1867 3662
4 2247 3183 3160 3534
4 2241 2793 2990 3461
4 1094 1096 1095 3333
4 3062 3082 2666 3686
4 2298 3105 2427 3261
4 1360 1205 1426 3064
4 1614 1615 1567 2872
4 660 2602 549 3671
4 1890 1858 1824 2801
4 1623 181 2226 1649
4 1770 2876 1855 3618
4 2277 3250 2692 3410
4 132 1415 1480 1639
4 2766 3517 2435 3618
4 316 3007 312 3044
4 2449 2826 2765 3533
4 423 484 2893 3483
4 1356 3352 2623 3392
4 2100 2209 1988 3422
4 581 515 438 3280
4 2380 2821 3347 3385
4 2447 3470 3401 3615
4 1050 1096 1114 2779
4 1027 1114 3391 3414
4 74 894 1731 695
4 425 523 494 2918
4 655 562 560 3377
4 2885 3026 2556 3454
4 2503 2733 2445 3298
4 2020 2140 2025 3349
4 2249 3629 2831 3679
4 2532 3030 2386 3031
4 2035 2030 2034 3310
4 295 2659 542 3403
4 243 244 3101 3513
4 1232 1234 1316 3050
4 610 3024 3099 3323
4 1300 1390 1382 3275
4 396 633 640 2898
4 2779 3391 1114 3414
4 997 998 999 3391
4 294 3013 2588 3394
4 1881 1784 1900 3271
4 2118 2121 2116 2782
4 818 2989 933 3498
4 1663 1608 1464 3164
4 2188 1400 148 1995
4 2504 2650 2509 3010
4 2548 3084 2660 3218
4 2375 2641 2805 3396
4 2489 3162 2365 3365
4 1027 3391 999 3414
4 261 3046 2486 3101
4 982 1123 1134 3544
4 2404 2596 3247 3338
4 2329 3286 2611 3582
4 952 1167 1200 3648
4 2048 3314 2055 3512
4 1313 1295 1290 3292
4 919 2932 689 3485
4 1895 1963 1876 2694
4 649 543 311 3501
4 1392 1270 1294 2985
4 1952 1863 3366 3439
4 917 841 697 3029
4 1667 1578 1579 2948
4 2274 2767 3657 3693
4 555 2819 265 3363
4 1210 156 2178 1991
4 1693 1684 1646 3097
4 2500 3149 2682 3293
4 575 376 529 3467
4 957 2971 1923 3455
4 1848 1970 2917 3303
4 2501 2890 3138 3663
4 1206 139 1428 1461
4 1265 1263 1262 3386
4 458 508 645 3460
4 1521 1519 1564 2945
4 1545 1540 1633 2804
4 2304 2503 2342 2707
4 2823 3371 1339 3506
4 2283 2525 2422 2613
4 2148 2147 2056 3417
4 2243 2747 2912 3325
4 1008 1120 1124 3306
4 899 3281 851 3662
4 2051 2041 2050 3311
4 1704 1593 1460 3016
4 1027 1048 3326 3414
4 663 3115 535 3365
4 2292 2692 3025 3555
4 1841 1754 1880 3330
4 2109 2106 2108 3346
4 2458 3302 2620 3379
4 2290 2502 2622 2670
4 2293 2489 2986 3055
4 859 789 852 3639
4 208 3108 437 3227
4 2251 3059 2926 3646
4 2369 2516 2918 3642
4 2334 3443 3211 3500
4 2601 2933 2820 3341
4 50 913 1208 876
4 2540 2726 2309 2870
4 2064 2138 2041 3311
4 2318 2415 2375 2869
4 499 2555 2909 3133
4 2682 3172 2500 3293
4 1752 1751 3253 3590
4 2542 2758 3430 3635
4 2916 3298 591 3474
4 1404 1400 1448 2761
4 2012 2010 2161 3124
4 475 669 3177 3671
4 2397 2958 2879 3459
4 1136 3181 1036 3556
4 1264 1255 1263 2815
4 2638 3197 2941 3694
4 2448 2536 3376 3399
4 2951 3083 2363 3536
4 2497 2872 2752 3606
4 1433 1214 1429 3484
4 2611 2439 3286 3547
4 547 311 312 3007
4 2448 3511 2759 3692
4 363 579 2999 3621
4 1729 96 1154 951
4 2665 3176 2606 3179
4 2342 3266 2685 3644
4 2788 2425 3169 3501
4 429 562 2721 3377
4 2785 2803 2284 3340
4 803 870 871 3342
4 950 1185 1182 3064
4 2237 2964 2903 3336
4 2181 2974 2009 3557
4 1753 1754 1755 3610
4 2052 2035 2044 3310
4 2370 2972 2289 3255
4 2334 3443 2488 3524
4 309 509 310 3437
4 525 2830 367 3189
4 1673 1595 1578 3495
4 2323 3026 2885 3418
4 1955 3318 1954 3540
4 1302 3042 1310 3633
4 1660 891 66 1464
4 1682 1582 1581 2818
4 365 2965 616 3220
4 1478 143 1700 1222
4 2294 2578 2344 2596
4 1391 1335 1265 3508
4 2249 2629 3268 3679
4 1378 2922 1324 3387
4 2545 3188 2817 3290
4 1523 3062 1522 3603
4 293 431 3013 3394
4 2296 2590 2496 2626
4 566 253 268 3462
4 2729 2517 2929 3495
4 882 2760 774 3635
4 1133 1180 1143 3120
4 2126 2128 2127 3327
4 1757 1756 1755 3610
4 1832 1918 1878 3384
4 588 3403 2916 3474
4 644 574 573 3561
4 2152 2959 2151 3226
4 314 317 316 3044
4 2810 3068 3469 3516
4 1265 1262 1391 3508
4 1737 2000 204 1943
4 2901 3144 2572 3369
4 2311 2588 2496 3049
4 2441 2952 3103 3649
4 887 31 691 1167
4 1591 1478 1700 2887
4 2317 2449 2830 3570
4 2537 2837 3393 3487
4 957 1161 1144 2971
4 437 3227 3108 3339
4 378 396 377 3440
4 1821 2820 1877 3595
4 820 3350 800 3650
4 2691 2869 2415 3168
4 1663 1608 3164 3645
4 2611 2456 3546 3547
4 524 2709 13 3227
4 2538 3057 2723 3477
4 2468 3056 3004 3516
4 940 2958 901 3569
4 762 2980 856 3695
4 2406 2801 2595 3617
4 1301 3301 1403 3408
4 547 2788 649 3007
4 2711 2924 2992 3646
4 1348 1388 3424 3537
4 2188 148 1400 1223
4 471 2916 654 2998
4 2494 2995 632 3674
4 1027 1048 1050 3326
4 1506 1632 1531 3373
4 1233 2738 1231 3619
4 2315 2592 2369 3249
4 343 3163 342 3585
4 596 2691 0 3604
4 2328 3000 2881 3284
4 2855 3326 1048 3414
4 2251 3131 2685 3644
4 1283 1276 1379 2993
4 2863 2912 2475 3566
4 999 3391 2864 3414
4 2284 3340 2803 3599
4 1733 1954 1902 3540
4 1767 1778 1779 2981
4 2331 2751 2705 3244
4 224 18 19 3526
4 2425 2831 2296 3629
4 407 301 587 3475
4 2409 3266 2926 3646
4 1648 1532 1536 2834
4 1439 1405 1459 2664
4 1143 3120 1180 3587
4 2642 3200 2433 3329
4 141 1401 1702 1214
4 532 285 287 3206
4 2800 3012 430 3312
4 1751 1749 1893 3590
4 2424 3182 2745 3591
4 2480 3023 2310 3526
4 633 2898 396 3440
4 1291 1284 1376 2775
4 652 482 3023 3184
4 567 430 603 3312
4 658 486 612 3553
4 1310 1311 1436 3042
4 2356 2463 2292 3046
4 637 2995 2774 3554
4 2390 2483 2297 3107
4 2357 2655 3119 3153
4 419 416 3109 3112
4 443 2788 2578 2898
4 2277 2389 2415 2731
4 734 731 730 3388
4 2182 184 1698 1695
4 1330 1451 1430 2932
4 561 3018 372 3179
4 2051 2145 2064 3311
4 1301 1326 1403 3301
4 1820 1852 1838 3647
4 701 941 902 2751
4 2505 3259 2862 3539
4 674 458 537 2813
4 516 231 226 3305
4 756 757 775 3375
4 2334 2574 3443 3500
4 2602 3045 549 3066
4 855 840 854 3406
4 415 3013 606 3280
4 1139 1183 1103 3039
4 2287 2813 2551 3443
4 870 745 739 3412
4 1906 2848 1790 3572
4 1210 156 1991 1444
4 391 390 313 3242
4 232 15 14 3107
4 2492 2583 3178 3651
4 1142 88 964 1735
4 962 98 1935 1158
4 1722 1921 1970 2917
4 2636 3320 3037 3564
4 1590 1565 1577 3348
4 1202 1083 1148 3157
4 2870 3491 2568 3492
4 2652 2928 2832 3323
4 2892 3483 485 3553
4 912 794 3530 3565
4 2238 2767 3344 3686
4 437 3108 228 3339
4 2277 3086 2415 3658
4 370 2832 619 2999
4 12 3230 2709 3285
4 1553 1554 1552 3416
4 343 3162 344 3163
4 2568 2698 2300 3492
4 2239 2692 3250 3555
4 869 1442 43 1221
4 552 3031 622 3562
4 2463 2307 2673 3354
4 1969 1953 1905 2669
4 718 753 803 3342
4 2308 2963 2249 3629
4 215 3046 3170 3598
4 794 2970 770 3695
4 2545 2822 3290 3328
4 2043 2173 2168 3627
4 1082 1053 1109 3404
4 2354 3292 2878 3408
4 1365 1259 1272 3357
4 453 473 649 2788
4 820 886 800 3350
4 2697 2412 3186 3489
4 2268 2314 2420 3328
4 2692 3270 2277 3410
4 434 436 3074 3421
4 470 2998 3169 3298
4 1304 1302 1310 3633
4 705 53 1216 1409
4 384 2965 365 3312
4 254 3407 2686 3462
4 14 15 228 3108
4 2281 2328 2383 3284
4 1595 1627 1509 2814
4 463 2600 357 3287
4 1621 1625 1706 3061
4 1532 1514 1531 3373
4 416 3112 538 3637
4 2238 3105 2809 3308
4 2278 2449 3145 3533
4 1832 1877 1821 2820
4 237 2994 2698 3101
4 1172 1051 1128 3681
4 1065 1064 1032 3335
4 297 2606 527 3041
4 2391 2828 3246 3623
4 2113 2114 2115 3486
4 471 2998 470 3298
4 1752 1750 1751 3590
4 2383 2469 2281 2656
4 246 2923 3407 3462
4 569 398 591 3298
4 400 3024 419 3109
4 397 468 3099 3400
4 919 3485 689 3601
4 2889 3122 2498 3525
4 1409 1224 1452 3583
4 907 915 709 2688
4 2117 2199 2118 3677
4 674 653 458 2813
4 2424 3090 3505 3690
4 566 3170 3101 3462
4 1846 1847 1816 3303
4 1051 1055 1049 3229
4 2080 2202 2089 3494
4 1858 1824 2801 3558
4 2326 2531 2298 3207
4 1625 1976 1723 3061
4 2977 3064 2428 3685
4 919 876 689 2932
4 525 321 323 3190
4 1381 1317 1221 2758
4 1648 1532 2834 3563
4 1420 1190 124 1185
4 2419 3368 2858 3669
4 290 291 292 3394
4 297 527 271 3041
4 851 896 690 3662
4 1643 1717 1701 3450
4 1677 1497 1685 3661
4 2461 3151 2777 3595
4 2403 3309 3150 3436
4 99 1736 1170 1945
4 392 3031 302 3475
4 254 2686 257 3462
4 753 718 716 3389
4 321 525 3189 3190
4 2351 3067 2601 3384
4 2385 3024 2707 3109
4 147 2192 1417 1223
4 2382 3508 2735 3611
4 2075 2066 2069 3217
4 2560 226 3354 3598
4 352 3499 2618 3628
4 1591 2887 1700 3484
4 820 903 890 3087
4 1444 2922 1378 3624
4 533 3316 532 3680
4 261 237 566 3101
4 276 3316 2869 3665
4 747 3376 875 3692
4 2777 1777 3151 3572
4 1557 1554 1641 3416
4 2209 2153 2122 2950
4 2271 2314 2373 3533
4 2610 3514 2880 3569
4 2420 2877 2313 2978
4 541 298 3118 3403
4 2356 2560 2463 3598
4 2367 3463 2945 3531
4 1021 1038 1102 3239
4 2240 3265 2885 3304
4 2376 2284 2554 2841
4 811 809 810 3449
4 2227 3097 2181 3557
4 730 728 727 3388
4 320 321 3189 3190
4 2274 3204 2615 3693
4 2335 2293 2504 2859
4 2404 2378 2999 3400
4 2211 1423 1983 3130
4 214 2651 15 3017
4 2138 2064 2139 3465
4 732 728 731 3388
4 1091 1117 996 3581
4 1187 1151 959 3224
4 1995 1400 149 1215
4 1715 1461 1694 3140
4 1131 129 1227 1220
4 585 347 520 2928
4 2109 3346 2112 3347
4 2432 3548 2863 3593
4 2851 3125 2459 3660
4 477 2795 2650 3141
4 319 3176 320 3189
4 3176 3179 318 3575
4 396 2898 377 3440
4 1492 1491 1490 2992
4 2173 2091 2106 3588
4 433 3030 602 3031
4 1609 1591 1469 3484
4 288 3206 286 3444
4 2429 2959 3446 3667
4 1514 1510 1506 3373
4 809 909 824 3449
4 438 2668 3280 3363
4 445 540 470 3169
4 770 2970 859 3639
4 1105 2943 1189 3620
4 2408 2944 2768 3472
4 273 2680 559 3575
4 455 3356 3613 3680
4 2262 2306 3345 3453
4 2174 2017 2142 3355
4 429 2800 391 3154
4 490 607 491 3055
4 2377 2473 2326 2976
4 1158 98 1935 1736
4 329 368 589 3319
4 602 3031 3030 3616
4 192 2215 1959 1743
4 1284 1285 1376 3523
4 57 911 1681 704
4 2468 2808 3110 3472
4 1206 1694 138 1461
4 2526 3325 2410 3663
4 778 752 777 3411
4 2281 3000 2328 3284
4 2320 2633 2444 2709
4 1438 1327 1218 3334
4 356 2796 3207 3380
4 2847 3413 594 3567
4 2358 2667 2942 3519
4 368 369 386 3096
4 2048 2033 3314 3640
4 1958 1947 1742 2688
4 2513 2913 452 2965
4 2062 2061 2050 3374
4 2240 3343 2874 3368
4 467 3099 685 3474
4 550 380 544 3080
4 2084 2096 2862 3539
4 2400 3555 3025 3641
4 1443 1217 1320 2866
4 513 2999 468 3400
4 2176 2181 2227 3097
4 963 39 1186 703
4 2710 3051 2331 3606
4 2301 2832 2652 2928
4 1998 103 960 1130
4 2365 2565 2282 2603
4 393 636 3011 3554
4 507 434 3074 3421
4 655 3018 562 3377
4 2342 2445 2916 3644
4 2562 3229 2700 3552
4 2165 2164 2021 3451
4 2318 2731 2415 2869
4 2223 2203 197 1950
4 1238 1279 1236 3182
4 2513 2665 2317 3630
4 1423 1375 1459 3130
4 527 2606 372 3018
4 11 2670 10 3285
4 2086 2139 2134 3465
4 530 2909 242 3155
4 574 628 3287 3561
4 544 483 452 2913
4 2371 2571 2306 3345
4 3082 3686 2467 3698
4 215 3598 3170 3666
4 1317 2758 1381 3633
4 363 2999 513 3400
4 1 10 630 3415
4 2386 2311 3049 3475
4 2072 2067 2090 3001
4 764 765 763 3692
4 2751 2872 2331 3322
4 870 737 871 3412
4 1605 2959 1698 3667
4 2374 2686 2286 2882
4 332 2829 2592 3550
4 2316 2893 2805 3467
4 1762 1764 1761 3043
4 2443 2364 3044 3242
4 756 779 857 3375
4 1576 1630 1661 3480
4 1069 2730 3536 3700
4 390 2800 567 3242
4 2463 2292 3046 3170
4 2224 1986 2184 3318
4 2453 3060 2769 3241
4 1997 177 2194 1678
4 532 2939 285 3206
4 102 1130 2193 967
4 2328 2288 2493 2680
4 350 568 358 3457
4 2001 2186 114 1168
4 1904 3397 1797 3602
4 1037 1035 1106 3360
4 719 717 718 3389
4 2349 2289 2494 2602
4 2924 2397 3139 3646
4 516 3115 231 3305
4 2440 2651 2522 3339
4 618 373 626 3423
4 2774 3011 636 3554
4 2701 3292 2354 3408
4 479 2939 2731 2973
4 2966 3340 2334 3500
4 2255 3025 3358 3410
4 2650 2795 2303 3141
4 1378 1444 1210 2922
4 2368 2627 3023 3429
4 1440 1313 1315 3292
4 2445 2342 2916 2998
4 2143 2154 2174 3355
4 2655 2429 2967 3667
4 492 607 2986 3115
4 2248 2559 3197 3372
4 2364 2499 2285 3383
4 1573 1585 1571 3667
4 2729 3187 2517 3495
4 2509 3010 2650 3141
4 2392 2588 2355 3394
4 2540 2309 2726 3194
4 1685 1494 1493 3003
4 2801 3212 2528 3558
4 750 751 752 3411
4 617 409 521 3032
4 777 751 780 3411
4 2375 2415 2287 2691
4 578 222 3227 3237
4 423 358 568 3483
4 2596 2898 2344 3247
4 1068 1118 990 3009
4 951 1155 1090 2934
4 219 16 15 3017
4 380 550 506 3215
4 858 753 845 2827
4 1409 705 54 906
4 362 3171 379 3277
4 1602 1545 1603 3202
4 2924 2409 2992 3646
4 1591 1590 1478 2887
4 2468 3428 3004 3472
4 2248 2559 3372 3649
4 390 567 314 3242
4 2287 2415 2375 3658
4 1702 1469 141 1214
4 364 573 463 3287
4 245 244 243 3513
4 1016 995 1007 3497
4 1906 1813 1790 2848
4 1605 1463 1698 2959
4 2624 3549 3234 3640
4 546 279 601 3378
4 1732 1917 1964 3256
4 1926 1839 1872 3699
4 2019 2036 2142 2969
4 663 535 456 3365
4 715 716 717 3389
4 300 2496 3158 3560
4 1918 3384 1867 3662
4 316 589 547 3319
4 2869 3168 2691 3396
4 2197 2129 2189 3366
4 738 737 739 3412
4 790 880 893 3655
4 1024 1030 1025 3200
4 2703 3173 3546 3547
4 1799 2996 1801 3452
4 330 506 326 3215
4 2244 2763 3235 3381
4 2342 2707 2503 2916
4 1092 996 1093 3581
4 1801 3452 2996 3522
4 2192 147 2188 1223
4 1432 1345 1346 2780
4 1430 49 876 689
4 439 526 3396 3467
4 2420 2451 2829 2978
4 2479 3053 2868 3145
4 1546 1551 1559 3201
4 1318 2866 1217 3624
4 2682 3172 2319 3673
4 2115 3079 2117 3486
4 2489 2504 2293 2859
4 390 429 430 2800
4 294 2588 3118 3394
4 576 2955 447 3395
4 3285 3363 2502 3415
4 2611 3286 3025 3547
4 258 259 257 3434
4 762 747 763 3692
4 2098 2111 2063 3546
4 929 1088 947 2984
4 572 3162 592 3365
4 2421 2297 2633 2909
4 1500 1645 1503 3420
4 2322 2665 2606 3179
4 2416 2875 3383 3442
4 2165 2018 2016 3451
4 1481 189 2003 1691
4 2414 3275 3095 3315
4 478 2939 532 3316
4 2552 2887 3146 3484
4 1384 1299 1351 2856
4 1942 1937 1863 3366
4 2202 2099 3130 3494
4 1248 1243 1363 3564
4 1291 1376 1323 3668
4 1675 3203 1630 3480
4 1496 1497 1498 3274
4 1104 1103 1038 2886
4 17 225 216 2850
4 2595 3033 2406 3617
4 1007 1135 1017 3497
4 2020 2018 2021 3451
4 2498 2936 3623 3689
4 83 1936 916 700
4 2072 3001 2090 3493
4 2742 2914 2366 3288
4 2458 3379 3515 3688
4 628 3045 463 3287
4 556 449 558 3528
4 289 3631 3117 3654
4 1216 922 53 705
4 1116 1162 1039 3379
4 1290 1288 1403 3408
4 427 387 386 3096
4 904 689 3485 3601
4 2099 2098 3173 3494
4 2149 2150 2191 2904
4 1507 1503 1508 3420
4 606 3013 614 3191
4 876 1208 50 1430
4 1945 1743 1962 2714
4 2179 1990 105 3427
4 421 3074 436 3409
4 415 606 581 3280
4 2353 3622 2890 3663
4 1727 1917 171 1703
4 2834 2498 3563 3689
4 2191 2226 181 1649
4 3182 3591 2424 3690
4 2494 2602 2289 2609
4 679 641 476 2869
4 363 513 371 3400
4 1856 1770 1855 3618
4 1149 1116 984 2817
4 2296 2342 2496 3102
4 3198 3286 2439 3547
4 2304 3266 2342 3644
4 901 686 946 2958
4 2377 2641 2316 3568
4 2395 3116 2643 3333
4 380 332 3080 3215
4 2171 2050 2040 3374
4 2867 3487 2430 3627
4 2289 3255 2874 3343
4 422 3032 411 3409
4 569 3298 540 3440
4 2516 2965 2299 3220
4 2602 2349 3177 3671
4 1523 1525 1522 3062
4 2938 3397 1904 3602
4 2391 3246 2828 3295
4 1117 3473 996 3581
4 2417 2941 3197 3694
4 1034 1040 2851 3660
4 498 2578 2596 2898
4 2256 2982 2770 3445
4 600 2665 3176 3189
4 3108 3185 228 3339
4 2234 1985 2187 2943
4 2310 2627 2486 2850
4 459 559 2680 3143
4 1863 1830 1939 3439
4 1827 1797 3397 3602
4 2031 2043 2039 3487
4 569 398 3298 3440
4 633 2898 3169 3501
4 429 2721 495 2800
4 1754 1753 1751 3253
4 74 894 1933 1731
4 638 336 2774 3249
4 1754 3330 1755 3610
4 439 575 526 3467
4 1520 3269 1518 3463
4 1484 1486 1485 3459
4 134 1219 1473 1657
4 2831 3651 2897 3679
4 579 370 2999 3499
4 2285 2344 2578 2788
4 2838 3093 2407 3497
4 348 3022 347 3628
4 2287 2551 2488 2691
4 2382 2735 3308 3611
4 3067 3384 2753 3662
4 694 1192 37 955
4 853 720 804 3148
4 907 1947 72 1738
4 855 854 900 3240
4 590 3045 362 3594
4 539 435 538 3444
4 1139 965 1993 3039
4 1269 1277 1276 3352
4 2163 107 1981 1148
4 2765 2826 2373 3533
4 2371 2842 2402 3527
4 755 852 789 3289
4 2735 2382 3386 3508
4 779 775 838 3375
4 1066 1077 1065 2812
4 2487 3657 2767 3693
4 2779 3116 2567 3333
4 1519 1520 1518 3463
4 1156 974 971 3458
4 1799 1800 1801 2996
4 2926 2992 2409 3646
4 2207 1119 110 1985
4 1573 1571 2967 3667
4 269 3184 270 3185
4 1002 1009 1008 3390
4 2987 3385 2380 3577
4 2707 3024 306 3654
4 396 569 540 3440
4 1407 1447 3405 3614
4 851 3067 896 3662
4 2588 2659 2496 3049
4 2310 2368 2627 3023
4 2462 2574 2313 3262
4 2251 3139 3059 3646
4 566 613 3046 3170
4 2082 2075 2210 3217
4 702 894 892 2884
4 2307 2463 2673 3410
4 2603 2313 3163 3262
4 361 2796 3277 3553
4 2345 2743 2981 3481
4 2252 3172 2682 3673
4 492 3305 3115 3429
4 624 585 488 3323
4 285 478 283 2939
4 2499 3007 2788 3319
4 1406 1407 1209 3405
4 983 982 1134 3544
4 2673 2925 212 3665
4 2254 3241 3060 3516
4 1519 1491 1644 3463
4 1451 2932 1330 3485
4 306 450 2707 3654
4 2432 3361 3124 3370
4 2498 3122 3081 3525
4 675 463 590 3594
4 1958 1974 1843 2899
4 1040 1015 1097 3125
4 509 2653 310 3437
4 384 399 365 2965
4 613 672 215 3170
4 1768 1891 1879 3070
4 873 866 847 3208
4 1762 1765 1764 3043
4 2272 3211 3443 3500
4 1122 979 977 3324
4 1646 179 1468 3097
4 2824 2498 3081 3623
4 279 3378 546 3527
4 2096 2095 2084 2862
4 1936 1740 84 916
4 2536 3218 2980 3695
4 2499 2516 2299 3220
4 2627 2310 3023 3526
4 1368 1308 1357 3392
4 466 2622 630 3377
4 2162 2055 2033 3314
4 1691 189 2003 2220
4 2568 2300 2870 3492
4 1990 1153 105 3427
4 2403 3104 2792 3332
4 1517 1576 1515 3480
4 1489 1491 1518 3463
4 261 566 3046 3101
4 431 293 291 3394
4 440 455 545 3356
4 1392 1268 1270 3682
4 1269 1268 1260 3682
4 88 1910 964 1735
4 2348 2698 2568 2994
4 2378 2531 2404 2999
4 1043 990 974 3458
4 499 2819 2555 3133
4 435 286 3134 3444
4 337 2877 3503 3585
4 1566 1659 1608 3322
4 1927 1827 1844 3602
4 1821 1864 1791 3151
4 550 544 2913 3080
4 593 612 486 2976
4 2550 2311 2668 3475
4 1023 1054 1101 3536
4 961 1132 28 699
4 2224 2184 3127 3318
4 230 482 210 3023
4 1192 37 877 694
4 1502 1611 1499 3488
4 348 350 349 3457
4 1396 1314 1329 3084
4 245 246 244 2923
4 1241 1243 1242 3564
4 1133 1171 969 2688
4 1505 1502 1504 3488
4 2247 3340 2966 3500
4 1242 1248 1259 3564
4 2705 2751 2331 3322
4 383 402 382 3282
4 1907 1842 1903 3300
4 567 2800 430 3312
4 1505 1515 1611 3488
4 2218 2179 2092 3427
4 322 3190 3520 3684
4 342 3163 570 3585
4 2258 3144 2901 3369
4 434 609 436 3421
4 2975 3267 2570 3615
4 2370 2289 2602 2609
4 1207 1423 2211 3130
4 2046 3078 2037 3675
4 1617 1486 1489 3459
4 2398 3404 3157 3441
4 593 486 568 3483
4 492 490 666 2986
4 2711 1518 3269 3463
4 2289 3255 2972 3367
4 1056 1034 1040 2851
4 819 933 818 2989
4 284 3206 285 3634
4 2251 2685 3266 3644
4 550 2913 452 3570
4 2478 3046 2292 3170
4 2671 3127 2359 3272
4 2255 2997 2844 3358
4 1360 1426 1359 3064
4 3234 3549 2411 3640
4 826 729 725 3574
4 2997 3198 2703 3547
4 2354 2878 3530 3565
4 428 2513 2965 3012
4 2537 3393 2867 3487
4 2429 3167 2806 3228
4 656 620 474 3413
4 2480 2310 2850 3526
4 600 3176 2665 3179
4 1181 2984 1069 3700
4 3019 3020 2394 3593
4 802 801 805 3313
4 2152 1984 2151 2959
4 2345 3000 2881 3632
4 2285 2578 2499 2788
4 1025 1058 1111 3329
4 1205 1420 124 1185
4 354 2796 2976 3207
4 762 763 2980 3692
4 13 3108 208 3227
4 541 3118 295 3403
4 2378 2733 2503 3099
4 2582 2630 3321 3411
4 2463 2560 2307 3354
4 264 3133 239 3230
4 1768 1769 1764 3490
4 2116 2115 2117 3486
4 420 372 318 3179
4 1420 1419 1352 2977
4 833 901 940 2958
4 1981 2105 2217 3157
4 447 665 2954 2955
4 2602 3066 549 3671
4 2302 2483 2390 2651
4 2932 3485 919 3601
4 1016 1017 1022 3497
4 2313 2462 2334 2574
4 2829 2451 3551 3567
4 1827 3397 3085 3602
4 487 2652 2928 3112
4 2142 2017 2019 3691
4 2279 2379 2322 3196
4 1645 1537 1508 3420
4 2354 3530 2970 3565
4 1 630 2622 3415
4 2173 2130 3493 3627
4 2201 1215 150 1414
4 1926 1814 1796 3656
4 1210 1324 1378 2922
4 1627 1490 1488 3542
4 234 605 263 3296
4 1672 1641 1553 3416
4 1447 1358 1359 3614
4 1801 1802 1803 3522
4 1088 35 1191 832
4 2633 3027 233 3107
4 431 3013 2773 3191
4 2435 3517 2876 3618
4 1952 1862 1863 3439
4 957 1164 1161 3455
4 332 3215 330 3550
4 2668 3030 432 3031
4 789 774 755 3518
4 1888 1823 1875 2860
4 132 1415 1639 1411
4 2287 2488 2813 3443
4 781 761 774 3518
4 1215 149 1995 2201
4 958 1406 1209 3405
4 270 510 564 2795
4 2353 3479 2890 3622
4 2017 3355 2174 3691
4 2389 2515 2286 2686
4 2130 2091 2173 3493
4 868 27 969 1132
4 1366 1272 1389 3357
4 380 330 332 3215
4 1451 48 689 3485
4 2831 2285 3651 3679
4 25 0 2691 3396
4 829 846 828 2854
4 2301 2525 2427 2928
4 369 3066 386 3096
4 2430 3347 2807 3627
4 599 2973 2731 3665
4 2137 2196 1982 2940
4 304 309 308 3562
4 1372 1414 1215 3422
4 1154 951 1090 2934
4 2053 2054 2865 3675
4 884 902 810 3244
4 1916 1725 1957 3318
4 413 537 458 2954
4 738 826 724 3574
4 509 461 3154 3437
4 1761 1764 1896 3490
4 2008 2009 2007 2974
4 2244 2763 3381 3385
4 667 3180 2765 3683
4 593 3207 2976 3483
4 785 787 850 3541
4 1233 1384 1235 3573
4 805 801 885 3313
4 446 641 679 3613
4 2317 2826 2449 3533
4 762 793 770 3695
4 213 3305 492 3429
4 425 493 424 3674
4 2326 2370 2600 2796
4 567 3044 314 3242
4 2436 2618 2427 3022
4 503 21 215 3598
4 2560 3305 226 3598
4 2084 3259 2060 3539
4 2352 2493 2320 2670
4 2526 2890 3622 3663
4 2704 3329 1092 3581
4 1261 1235 1384 3159
4 1219 134 1424 1657
4 659 441 405 3010
4 1698 2200 184 2182
4 229 3185 270 3339
4 393 3011 338 3431
4 2248 3197 2559 3649
4 2377 2641 2892 2893
4 44 698 889 3430
4 429 3154 460 3377
4 404 2859 2847 3010
4 857 756 3375 3514
4 1546 1601 1543 2890
4 448 535 516 3395
4 1023 1011 1033 3536
4 343 3162 3163 3584
4 35 930 1191 832
4 2813 3443 2488 3460
4 2433 2770 2982 3445
4 366 3177 3096 3220
4 1592 1686 1472 3006
4 368 3096 589 3319
4 899 1930 82 3281
4 2809 3105 2382 3308
4 1212 1354 1408 3224
4 647 2772 673 3643
4 659 444 510 3141
4 1985 1119 110 1141
4 229 269 270 3185
4 2064 2145 2134 3465
4 1156 1161 1043 3458
4 1669 1581 1523 3603
4 1132 868 28 699
4 1586 1557 1641 3205
4 523 475 381 3671
4 2618 2976 2326 3207
4 1821 1877 1864 3595
4 2017 2142 3355 3691
4 1181 1088 1069 2984
4 1868 1952 1951 3596
4 1747 3075 1749 3590
4 491 3364 3055 3365
4 708 1740 1968 2956
4 2447 3267 2975 3615
4 450 298 3403 3654
4 393 338 340 3431
4 2472 2627 2368 3429
4 289 281 3527 3631
4 460 391 461 3154
4 1648 1514 1532 3563
4 2193 2222 2002 2714
4 2399 3028 2759 3243
4 427 386 3066 3096
4 1073 1173 3334 3335
4 1790 1791 1777 3572
4 651 306 2707 3474
4 2062 2950 2153 3579
4 249 2870 2726 3194
4 1349 1347 1261 3605
4 279 546 282 3527
4 479 2939 478 3316
4 1928 169 1941 1704
4 2278 3197 2941 3630
4 2340 2727 3167 3593
4 665 522 536 3532
4 2061 2068 2063 3579
4 2147 3417 2863 3548
4 2465 2704 3581 3697
4 1613 3119 1696 3466
4 2054 2066 2053 2865
4 1779 1788 1789 3558
4 2354 3368 2783 3454
4 1339 1336 1338 2823
4 389 611 571 3142
4 1209 1178 120 958
4 828 829 2854 3529
4 1137 1145 1068 3556
4 2367 3269 2945 3463
4 742 754 760 3529
4 383 382 3163 3282
4 2355 2588 2550 3013
4 519 340 3262 3431
4 635 3143 3237 3339
4 1268 3065 1260 3682
4 2313 2574 2334 3500
4 2365 3162 2614 3365
4 2144 2072 2130 3493
4 1402 1315 1441 2878
4 329 316 317 3319
4 1028 1049 1048 2855
4 679 476 680 2869
4 2437 3182 2628 3690
4 2597 3272 3127 3318
4 213 19 20 3058
4 1862 1800 1830 3439
4 1910 1171 87 964
4 1675 1630 1517 3480
4 1348 1387 1388 3537
4 1653 1633 1570 3089
4 213 3058 3305 3429
4 2433 3304 2770 3445
4 570 3163 3262 3585
4 333 2829 334 3503
4 723 724 725 3574
4 183 2200 1698 1463
4 1178 958 1209 3405
4 1170 1163 967 2714
4 2369 2516 2349 2918
4 3151 3231 2777 3572
4 755 761 754 3518
4 519 454 643 3262
4 1664 1671 1651 3509
4 1431 1211 136 1670
4 629 275 449 3528
4 1069 3536 1033 3700
4 1297 1296 1347 3605
4 82 700 899 3281
4 1607 1563 1520 3269
4 1877 1787 1842 3595
4 1572 1571 1696 3119
4 1006 1013 999 2864
4 1968 936 708 2956
4 466 460 461 3616
4 2494 2774 493 2995
4 2448 2759 3028 3692
4 786 785 778 3541
4 669 3066 369 3177
4 2555 2819 499 3280
4 523 381 681 3642
4 2273 2741 3293 3331
4 1849 1825 1807 3278
4 1452 1224 1415 2919
4 1932 1933 1738 2884
4 2067 2065 2180 3288
4 228 2651 214 3185
4 1837 1819 1820 3507
4 1406 1209 120 958
4 577 2541 3407 3609
4 270 564 229 3339
4 1177 1453 1225 3038
4 2460 2699 3213 3638
4 376 2893 484 3467
4 2084 2157 2096 3539
4 2196 2940 2137 3571
4 1835 1806 1822 3297
4 2297 2633 2483 3027
4 1858 1789 1824 3558
4 1385 1348 1296 3537
4 1930 1734 82 3281
4 82 1734 700 3281
4 2574 3163 2313 3262
4 1823 1809 1873 3222
4 506 3215 550 3570
4 560 460 466 3377
4 2067 2180 2092 3288
4 617 3123 618 3423
4 317 3044 567 3312
4 2244 2961 3577 3586
4 549 2602 660 3171
4 2457 3205 2740 3416
4 2670 3285 2502 3415
4 2491 3469 3068 3516
4 334 553 337 3503
4 1814 3656 1926 3699
4 468 3099 2999 3323
4 222 2709 2493 3041
4 2367 2711 3269 3463
4 452 2913 2513 3570
4 2342 2707 2916 3403
4 740 742 828 3529
4 2820 3151 2461 3595
4 643 507 2684 3460
4 2252 3172 3167 3228
4 1438 1218 966 3334
4 2547 3447 2738 3619
4 652 3023 230 3273
4 1896 1769 1887 3490
4 1236 1234 1235 3573
4 1904 1927 1939 3602
4 2550 3049 3475 3476
4 278 2842 2772 2891
4 109 2228 948 2207
4 3098 3650 2487 3693
4 1232 1233 1234 3573
4 2613 3356 346 3680
4 2293 2986 2504 3055
4 1925 1815 1803 3522
4 3081 3453 2246 3525
4 1846 1811 1909 3063
4 337 341 339 3585
4 1618 1485 1617 3459
4 2364 2653 2425 3007
4 1770 1826 1855 2876
4 2234 2110 2108 3346
4 2726 2891 274 3194
4 383 3163 344 3696
4 2240 3026 2885 3454
4 2424 3159 3505 3573
4 219 682 16 3017
4 1047 1136 1138 3181
4 2513 3012 428 3570
4 1493 1492 1490 3542
4 860 853 804 3148
4 2331 3082 3051 3344
4 1507 1513 1632 3216
4 2460 2621 3166 3362
4 2494 2918 2602 3674
4 2456 2997 2703 3547
4 587 3475 3049 3476
4 2550 3049 2311 3475
4 1907 1864 1842 3595
4 2130 2043 2172 3627
4 243 2698 583 3513
4 1015 1003 1097 3125
4 2431 3082 3051 3606
4 333 2592 2829 3503
4 1773 1776 1777 3572
4 2294 2596 2344 3247
4 1381 1326 1304 3301
4 2403 2792 3150 3332
4 2093 2149 2227 3557
4 1619 1510 1514 3563
4 794 793 3530 3695
4 2415 2551 2287 2691
4 595 471 654 2998
4 2560 3354 209 3395
4 2367 2767 3106 3686
4 1731 1919 1914 3209
4 2334 3340 2313 3500
4 1783 1869 1774 3496
4 414 2954 413 3282
4 2334 2462 2313 3340
4 495 2721 639 3179
4 1137 1136 1036 3556
4 2370 2609 2602 3171
4 2813 3282 2574 3460
4 1592 1699 1590 3348
4 1107 2717 3360 3648
4 1794 1883 1882 3636
4 1130 1998 102 2193
4 2411 3310 3234 3640
4 2136 2135 2070 3195
4 1906 1790 1776 3572
4 44 1442 698 3430
4 933 819 928 2989
4 2698 243 3101 3513
4 2391 3246 2936 3623
4 2309 2541 2891 3194
4 254 2686 2882 3434
4 1733 1959 193 1996
4 501 2725 3155 3191
4 557 647 646 3134
4 1405 155 2205 2178
4 1779 1858 1891 3558
4 1544 1668 1547 3687
4 1116 1039 1115 3379
4 2313 2365 2603 3163
4 367 600 319 3189
4 2472 2560 2356 3305
4 1076 1163 1158 3425
4 341 337 553 2978
4 1675 1581 1669 3203
4 1005 1001 1004 3653
4 2408 2996 3452 3522
4 2255 3286 3198 3547
4 1008 1004 1002 3653
4 1252 1387 1385 3537
4 342 341 343 3585
4 2162 2164 2979 3678
4 359 2976 2796 3553
4 248 245 247 3513
4 1864 1777 1791 3151
4 310 2653 3007 3091
4 1845 1909 1819 3507
4 1239 3320 1240 3670
4 226 213 20 3305
4 1285 1344 1345 3523
4 627 3141 611 3142
4 2523 3208 2634 3538
4 289 281 282 3527
4 648 605 604 3100
4 2495 3424 2894 3605
4 2150 2149 2148 3417
4 3197 3372 2559 3694
4 154 1983 1423 2205
4 222 2493 2709 3237
4 1810 1888 1831 3341
4 2183 195 1955 3318
4 570 3262 2877 3585
4 282 290 289 3117
4 503 3598 215 3666
4 284 285 283 3634
4 2731 2925 2415 3665
4 1452 1343 1342 3583
4 1749 1747 1748 3075
4 212 3354 503 3666
4 1917 1471 171 1703
4 2364 3383 2285 3679
4 2361 2488 2334 2684
4 2295 2371 2402 3048
4 480 3423 2995 3554
4 2212 2135 2224 3127
4 2404 2312 2733 3338
4 317 3220 3044 3312
4 643 645 507 3460
4 2403 2792 3104 3436
4 2842 2891 278 3527
4 2592 2829 2449 3550
4 1211 1467 136 1670
4 481 651 588 3474
4 2313 2574 2365 3163
4 566 3101 253 3462
4 2624 2411 3549 3640
4 1711 1622 1741 3132
4 378 398 569 3440
4 960 1201 1172 3552
4 1191 930 955 3236
4 2387 2305 2614 3395
4 251 577 248 3609
4 2551 2813 211 3532
4 2082 2157 2156 3539
4 2577 3032 657 3409
4 1002 1001 1000 3653
4 438 3280 2668 3476
4 2792 3315 3150 3332
4 1926 1854 1925 3656
4 1175 1218 119 1406
4 2084 2060 2156 3539
4 1039 3379 1162 3688
4 1500 1501 1645 3382
4 39 905 1186 703
4 2992 3003 2409 3542
4 1327 1317 1310 3633
4 466 3377 460 3616
4 872 1665 69 1680
4 183 2200 1463 1984
4 1162 1022 1052 3398
4 3053 3545 2479 3653
4 1315 1402 1386 2878
4 2178 1405 155 1210
4 1239 1388 1241 3320
4 2740 3205 2510 3661
4 1432 1345 2780 3523
4 1983 2211 153 1423
4 792 924 920 3635
4 912 3530 2878 3565
4 3135 3257 2506 3521
4 1240 3037 1365 3670
4 1619 1648 1588 3563
4 987 988 985 3290
4 935 707 1416 3038
4 14 3107 15 3108
4 652 489 621 3273
4 337 3503 2978 3585
4 2334 2574 2462 3262
4 1240 1365 1397 3670
4 10 2670 207 3415
4 1235 1261 1237 3159
4 533 3613 2566 3680
4 2293 3235 2763 3381
4 1959 2215 193 1996
4 1070 1120 1108 3306
4 2083 2071 2060 3259
4 2057 2070 3195 3512
4 2723 3477 2645 3596
4 335 636 336 3011
4 303 304 307 3560
4 306 298 450 3654
4 479 2731 2939 3316
4 579 353 370 3499
4 2294 2344 3178 3247
4 576 522 665 2955
4 1048 1140 1090 3326
4 2702 3477 2947 3596
4 2085 2133 3005 3675
4 1083 1082 1148 3157
4 498 3287 2596 3561
4 954 2179 105 3427
4 35 1088 929 832
4 489 490 442 3597
4 113 1993 965 2186
4 2577 2976 2892 3553
4 2618 2832 2427 3628
4 2864 3391 2388 3414
4 2970 3530 794 3565
4 169 1460 1941 1704
4 2011 2010 2012 3124
4 389 3520 3142 3684
4 496 428 603 3012
4 1913 1729 1938 2934
4 2642 3329 2433 3697
4 347 2613 2928 3022
4 2124 2074 2073 3267
4 2296 2590 2425 3629
4 2509 2650 2303 3141
4 1909 1961 1846 3063
4 1609 1565 1591 3146
4 623 348 347 3628
4 142 1700 1421 3484
4 2568 3296 2994 3492
4 602 464 631 3030
4 417 590 628 3045
4 1539 1538 1537 2915
4 2062 2153 2061 3579
4 1827 1904 1797 3602
4 1041 1145 1137 3291
4 954 105 1153 3427
4 3090 3591 2844 3690
4 258 449 275 3434
4 1320 1217 1318 2866
4 427 3066 386 3561
4 1329 1314 1328 3084
4 22 212 2673 3354
4 1697 1653 1570 3089
4 1992 1468 179 3097
4 1646 2176 179 3097
4 2927 3124 2484 3361
4 2361 2377 2280 3568
4 1976 1625 1656 3061
4 605 3100 263 3296
4 431 2773 2725 3191
4 2975 3470 2447 3615
4 292 293 294 3394
4 1015 1021 1014 3660
4 541 450 298 3403
4 2842 3109 2524 3631
4 1281 1358 1435 3614
4 436 3409 3074 3604
4 2307 3358 2463 3410
4 267 2731 276 3665
4 1683 1595 1568 3495
4 2376 3123 3032 3423
4 2112 2109 2110 3346
4 671 564 3143 3339
4 2788 3096 2578 3319
4 20 226 3305 3598
4 2459 3577 2961 3586
4 1673 1558 1568 3495
4 2367 3088 2767 3686
4 1993 2119 2235 3039
4 1523 1522 1521 3603
4 2361 2280 2377 2577
4 2162 2029 2164 3678
4 1750 1747 1749 3590
4 2821 2987 2508 3385
4 12 2709 220 3285
4 1553 1552 1547 3687
4 2816 3528 3434 3634
4 2164 2023 2021 3678
4 1664 1579 1671 3509
4 1815 1925 1854 3110
4 259 599 257 2973
4 480 617 618 3423
4 364 371 377 3338
4 1136 1047 1036 3181
4 1373 1449 3422 3659
4 2304 2342 2503 3644
4 302 3158 3049 3475
4 2618 3457 350 3628
4 1993 2186 2119 3039
4 2966 3211 2247 3500
4 557 556 2772 3528
4 1136 1068 1044 3556
4 793 856 3601 3695
4 400 305 306 3654
4 1814 1872 1871 3699
4 293 614 415 3013
4 545 533 532 3680
4 2421 2909 2633 3027
4 797 787 786 3541
4 1143 1164 1142 3455
4 1397 1279 1238 3670
4 3117 3118 2392 3394
4 421 411 3074 3409
4 1926 3656 2720 3699
4 530 501 625 3155
4 1016 1067 1125 3093
4 2348 2480 2310 2850
4 568 358 3457 3483
4 1275 1367 1258 3150
4 2627 2850 2310 3526
4 1919 1826 1924 3209
4 414 413 383 3282
4 1081 1082 1083 3404
4 1543 1542 1541 3478
4 2053 2046 2054 3675
4 3031 3437 622 3562
4 3134 3206 2422 3444
4 645 508 507 3460
4 2588 2659 295 3118
4 615 511 512 3637
4 479 276 2731 3316
4 620 3413 2565 3584
4 1042 1105 1157 3620
4 759 820 890 3350
4 2023 2029 2026 3678
4 2439 2664 3494 3582
4 1449 1414 1373 3422
4 2687 3471 3033 3617
4 490 2986 607 3055
4 2046 2037 2133 3675
4 2430 3381 2763 3385
4 2707 3024 2503 3474
4 1783 1785 1884 3353
4 1053 1081 1080 3404
4 527 561 472 3018
4 918 882 920 3635
4 1327 1436 1218 3334
4 195 1725 1955 3318
4 2319 2540 2923 3673
4 2788 2898 473 3501
4 1349 1350 1297 3605
4 1921 1883 1885 3636
4 431 2725 2773 3378
4 1238 1239 1240 3670
4 326 3215 2826 3550
4 2481 2755 3289 3518
4 2205 1423 154 1405
4 1167 1159 1107 3648
4 655 472 561 3018
4 402 413 458 3282
4 2436 2618 3022 3457
4 2352 2379 2721 3377
4 1189 1105 1141 2943
4 1055 1051 1172 3229
4 1408 1354 1299 3619
4 1034 1015 1040 3660
4 2502 2670 2444 3285
4 280 2772 556 3072
4 627 611 678 3142
4 1091 1092 1058 3581
4 1669 1521 1564 3603
4 2509 2656 2373 3180
4 2779 2388 3391 3414
4 1955 1733 194 3540
4 2244 2763 3385 3577
4 2494 3249 2918 3674
4 2113 2116 2146 3486
4 1477 57 1681 704
4 877 703 38 1192
4 2326 2473 2370 2796
4 911 936 1710 2956
4 2315 2554 2420 3011
4 1825 1851 1901 2853
4 2183 1986 195 3318
4 2460 3213 2849 3638
4 1055 1076 1049 3425
4 1199 1453 1177 3038
4 254 2882 2686 3407
4 1710 1968 1944 2956
4 2195 2003 2190 3580
4 48 914 689 3485
4 906 921 706 2919
4 1229 1408 1231 3619
4 2720 3110 2468 3656
4 2379 2532 2290 3543
4 1694 1434 137 1670
4 2391 3137 2778 3216
4 1599 1677 1672 3661
4 600 2830 2665 3189
4 1220 1399 1229 3448
4 341 553 451 3584
4 457 480 632 2995
4 312 3007 2653 3242
4 680 2869 276 3316
4 1005 1100 1001 3545
4 1395 1353 1266 3309
4 467 468 610 3099
4 2475 3097 2904 3557
4 3047 3284 2288 3471
4 2445 2503 2312 2733
4 2303 2509 2504 2650
4 794 793 812 3530
4 458 3282 2813 3460
4 2432 3019 3548 3593
4 389 3142 571 3684
4 528 215 20 3598
4 1931 1978 1872 3317
4 415 3280 581 3476
4 507 508 434 3421
4 930 955 36 1191
4 571 403 324 3684
4 883 3244 810 3592
4 2274 3657 3204 3693
4 935 1416 1453 3038
4 511 281 289 3631
4 499 3191 2555 3280
4 356 2796 3380 3594
4 329 3220 368 3319
4 1812 1786 1817 3152
4 318 315 319 3176
4 121 1446 1178 1209
4 619 513 579 2999
4 306 3024 2707 3474
4 747 735 875 3376
4 1431 137 1434 1670
4 2489 2565 2365 3162
4 1092 3329 1058 3581
4 257 2973 2686 3434
4 347 3022 2928 3628
4 435 538 3444 3643
4 432 407 2668 3475
4 2826 3189 525 3190
4 2385 2842 2571 3637
4 2805 3396 2641 3467
4 2601 3240 2748 3281
4 2183 1955 194 3540
4 2727 3548 3019 3593
4 1298 1433 1305 3294
4 2361 2488 2684 3074
4 2288 3284 2881 3471
4 2046 2045 2037 3078
4 1179 122 1426 1446
4 2390 2297 2633 3107
4 389 571 322 3684
4 1282 1297 1383 2895
4 2980 3601 856 3695
4 2664 3130 2439 3494
4 1033 1069 1054 3536
4 1874 1980 3419 3672
4 2504 2509 2335 3010
4 528 261 613 3046
4 2319 2923 2374 3673
4 794 3530 2970 3695
4 275 3434 449 3528
4 2773 3117 282 3527
4 1711 1741 1966 3132
4 2392 2355 2773 3394
4 1794 1869 1885 3636
4 226 3305 2560 3395
4 2084 2862 3259 3539
4 2494 3423 2995 3674
4 703 963 38 1192
4 1455 1415 1224 2919
4 2686 3407 2923 3462
4 1258 1253 1257 3315
4 302 552 304 3562
4 669 462 386 3066
4 1893 1856 1880 3618
4 534 3055 2859 3597
4 2233 1966 1943 3132
4 2057 2059 2070 3512
4 2085 2054 2133 3675
4 2433 2982 2857 3445
4 625 584 3491 3492
4 906 706 937 2919
4 1613 1696 1466 3466
4 429 460 562 3377
4 2312 2503 2445 3644
4 1680 1480 1709 2919
4 2319 2478 2374 2923
4 2489 2365 2614 3365
4 1827 1805 1834 3085
4 642 331 327 3550
4 1563 3269 1607 3645
4 2242 2910 3252 3504
4 1086 1190 1098 2977
4 380 3080 550 3215
4 1710 1944 1482 2956
4 2721 3012 2665 3179
4 2365 3163 3282 3696
4 1025 1030 1031 3200
4 2211 1207 153 1423
4 2102 2204 2166 3510
4 2091 2072 2090 3493
4 2923 3407 2541 3609
4 821 822 3655 3664
4 1986 1725 195 3318
4 2087 2079 2088 3426
4 1911 1799 1801 3452
4 2765 2847 667 3551
4 618 3123 373 3423
4 453 2578 2788 3096
4 2166 2049 2169 3510
4 353 355 354 3621
4 1938 1971 1913 2934
4 2131 2189 2129 3366
4 2451 3567 2978 3584
4 1549 1550 1569 3264
4 419 3024 2652 3112
4 1302 1311 1310 3042
4 887 815 908 3648
4 2834 3563 3373 3689
4 329 317 3220 3319
4 3307 3419 2512 3672
4 2244 3385 2987 3577
4 246 505 254 3407
4 1553 1668 1672 3687
4 1597 1602 1598 3446
4 492 3115 2986 3429
4 519 394 340 3431
4 410 2841 2684 3032
4 335 337 338 3503
4 1952 1863 1937 3366
4 534 3055 491 3364
4 1420 1205 1419 2977
4 1234 1370 1316 3050
4 1175 966 1218 3334
4 1736 1158 99 1170
4 2102 2101 2216 3153
4 2233 1943 2004 3132
4 615 2772 2842 3643
4 955 930 694 3236
4 2238 3344 3082 3686
4 2385 2525 2652 3112
4 349 358 375 3457
4 1627 1683 1493 3542
4 1561 1574 1560 2911
4 2420 2451 2314 2829
4 2668 3031 432 3475
4 863 878 946 2879
4 1470 59 1650 3193
4 671 437 564 3339
4 911 1710 1681 2956
4 325 324 395 3683
4 1107 3360 1200 3648
4 2122 2153 2062 2950
4 221 527 472 3041
4 352 3207 2618 3499
4 1162 3398 1052 3688
4 292 295 541 3118
4 625 2870 252 3492
4 2071 2101 2102 3153
4 1980 1946 1874 3419
4 315 318 297 3575
4 504 264 239 3230
4 758 744 857 3514
4 1534 1565 1609 3146
4 2907 3090 2424 3591
4 2152 2151 2214 3226
4 1137 1019 1041 3291
4 470 3169 540 3298
4 349 346 348 3022
4 1756 1903 1753 3610
4 571 611 444 3607
4 1398 1429 1421 3484
4 2436 2893 2618 3457
4 2449 3080 3215 3570
4 825 852 867 3639
4 279 281 278 3527
4 325 326 323 3683
4 2523 3015 3208 3538
4 406 441 442 3597
4 427 2578 3096 3561
4 1981 2217 2163 3157
4 2577 2892 657 3553
4 703 1192 877 3498
4 1269 1276 1270 3682
4 2355 2725 2402 2773
4 12 518 3230 3285
4 516 3115 3305 3395
4 2298 2427 2618 2832
4 2820 3166 2351 3384
4 2703 3546 2456 3547
4 2492 3208 3015 3538
4 884 810 883 3244
4 1498 1497 1599 3661
4 2374 2923 2540 3673
4 271 273 297 3575
4 1353 1395 1367 3309
4 2095 2097 1994 3006
4 2307 2560 2463 3358
4 2063 2068 2098 3173
4 1593 1706 1460 3016
4 889 1213 44 3430
4 374 662 658 3553
4 1194 1110 948 3441
4 419 3109 3024 3112
4 1209 1407 1447 3405
4 629 275 3528 3634
4 1472 1994 188 2220
4 142 1421 1214 3484
4 566 3046 3101 3170
4 828 760 829 3529
4 1804 1868 1833 3596
4 1142 957 89 3455
4 1934 1721 1927 2940
4 1417 1227 1228 3223
4 764 747 875 3692
4 2624 3195 3077 3512
4 194 1733 1996 3540
4 667 325 2765 3551
4 2286 2396 2374 2882
4 1372 1371 1373 3422
4 1953 1943 1741 3132
4 431 2773 546 3378
4 352 351 353 3499
4 2653 3154 509 3242
4 520 288 539 3444
4 491 592 3364 3365
4 1622 1678 1679 3132
4 1180 1133 1147 3120
4 330 3215 326 3550
4 485 2892 484 3483
4 996 993 991 3473
4 2186 965 114 1168
4 2969 3355 2142 3691
4 1775 1793 1792 3469
4 410 3032 2684 3074
4 2145 2111 2085 3546
4 2650 2795 270 3184
4 1426 950 122 1179
4 702 907 72 1738
4 2255 3025 3286 3547
4 1395 1250 1364 3436
4 2038 2132 2014 3370
4 2461 2777 3151 3231
4 667 2847 2765 3180
4 1131 1188 959 3448
4 1238 1236 1237 3182
4 2425 2590 2296 2626
4 842 791 857 3569
4 692 898 932 3164
4 1798 1904 1830 2938
4 351 623 370 3628
4 223 482 269 3184
4 240 262 3027 3491
4 1228 1220 1229 3448
4 2566 2613 2422 3680
4 2342 2916 2659 3403
4 1727 1931 1917 3317
4 2202 2099 1983 3130
4 1951 1948 1833 3596
4 1930 899 81 3662
4 3027 3100 2568 3491
4 302 3031 3158 3475
4 394 408 393 3554
4 2255 3198 2997 3547
4 2237 3284 3047 3471
4 629 2816 284 3634
4 302 304 303 3158
4 2525 2613 2427 2928
4 2436 2613 2566 3356
4 2449 3215 2830 3570
4 354 352 353 3207
4 687 831 929 2984
4 2376 3032 2841 3423
4 2194 1711 2233 3132
4 2798 2597 3426 3540
4 2314 3145 2449 3533
4 2753 2351 3166 3384
4 253 3101 2923 3462
4 2437 3037 3320 3670
4 963 1192 703 3498
4 1029 1110 1109 3441
4 1182 1074 950 3064
4 2317 2830 2513 3570
4 15 2651 228 3108
4 2221 186 1466 1692
4 308 543 307 3676
4 450 651 2707 3474
4 2378 2733 3099 3400
4 433 464 602 3030
4 2390 2522 3108 3227
4 2135 2057 2070 3195
4 559 3143 3142 3520
4 2164 2125 2162 2979
4 3066 3177 669 3671
4 581 3280 438 3476
4 533 2566 3316 3680
4 59 910 1650 3193
4 2666 3088 2367 3686
4 2297 2483 2421 3027
4 2525 3134 2422 3444
4 2352 2622 2379 3377
4 1988 2201 150 1414
4 1854 1915 1815 3110
4 2371 2396 2306 2772
4 251 2891 3072 3194
4 2467 3082 3062 3686
4 548 212 503 3666
4 89 957 1923 3455
4 679 680 455 3613
4 327 2765 325 3551
4 2402 3117 2773 3527
4 864 712 688 2849
4 628 574 462 3561
4 1513 1604 1632 3216
4 880 821 822 3655
4 1219 1411 133 1473
4 404 2847 395 3180
4 48 1451 1204 3485
4 2087 2213 2104 3426
4 113 1993 1139 965
4 1470 697 59 3193
4 231 535 607 3115
4 289 298 305 3654
4 616 366 3220 3642
4 530 625 584 3491
4 616 381 366 3642
4 1089 1087 955 3236
4 1469 1700 142 3484
4 2516 2499 3177 3220
4 2483 3027 2633 3107
4 1735 1142 89 3455
4 2425 3007 2653 3091
4 487 2928 2652 3323
4 2342 2916 2503 3644
4 300 2496 3049 3158
4 882 774 792 3635
4 1856 1855 1818 3517
4 2765 2826 326 3683
4 2844 3591 2437 3690
4 2449 2765 2314 3533
4 2167 2048 2058 3640
4 594 2847 404 3413
4 194 1996 2183 3540
4 438 2668 407 3476
4 224 230 210 3526
4 394 2841 408 3554
4 1119 109 948 2207
4 2486 2348 2850 2994
4 623 2928 2832 3628
4 358 423 376 2893
4 509 622 461 3437
4 291 3117 2773 3394
4 1175 958 1073 3334
4 993 994 992 2930
4 2301 2427 2832 2928
4 539 538 419 3112
4 883 810 769 3592
4 372 3179 2606 3575
4 548 2925 212 3666
4 2651 3017 214 3185
4 1911 1801 1815 3522
4 286 3206 3134 3444
4 2315 2420 2774 3011
4 532 3316 2939 3680
4 2773 3117 2392 3394
4 636 393 457 3554
4 2999 3099 468 3400
4 1411 1639 133 1473
4 1573 3446 1598 3667
4 955 36 694 930
4 1781 1769 1780 2983
4 931 694 865 3236
4 2578 2596 2544 3561
4 3373 3563 2498 3689
4 2531 2600 2404 3380
4 2733 3298 398 3440
4 271 297 3041 3575
4 2482 3290 2822 3328
4 2941 3197 2638 3630
4 322 324 323 3683
4 2551 2691 211 2813
4 1710 936 1968 2956
4 2444 2502 3285 3363
4 2449 2829 2314 3550
4 1675 1669 1630 3203
4 1508 1512 1511 3192
4 636 2774 336 3011
4 381 3177 366 3642
4 378 2733 398 3440
4 1164 3455 1143 3587
4 1752 1751 1753 3253
4 431 291 2773 3394
4 1213 1442 44 3430
4 2315 2774 2592 3249
4 2202 2098 2099 3494
4 2390 3108 3107 3227
4 427 3096 3066 3561
4 1306 1378 1324 3387
4 1394 1369 1344 3506
4 1378 1318 1217 3624
4 1933 894 73 702
4 2365 3282 2614 3696
4 1899 1720 1746 2849
4 1233 1231 1299 3619
4 672 502 548 3666
4 2504 2859 2489 3055
4 2297 2421 2633 3027
4 2283 2436 2427 2613
4 17 2850 2480 3017
4 2194 2004 2005 3132
4 1573 1598 1605 3667
4 1940 1976 1895 3061
4 603 3012 428 3312
4 794 859 770 2970
4 371 397 378 3400
4 2772 2816 2306 3134
4 251 3194 2541 3609
4 1992 179 2176 3097
4 1963 1465 165 1713
4 357 3287 2600 3380
4 1656 1621 1708 3061
4 935 1453 1199 3038
4 2716 3193 2511 3509
4 1681 1482 1652 2956
4 1198 2232 2001 3223
4 2432 3020 3019 3593
4 1274 1287 1264 3468
4 512 416 538 3637
4 2447 3401 2979 3615
4 3045 3171 362 3277
4 255 2726 2725 3378
4 554 553 642 3567
4 2191 1992 2149 2904
4 2263 3615 2706 3625
4 2765 2826 2449 3550
4 2134 2085 2133 3005
4 1151 1187 1184 3224
4 210 17 18 3526
4 320 559 389 3520
4 1571 1526 1573 2967
4 1199 1186 935 3038
4 1656 1895 166 1976
4 2448 3376 2635 3399
4 656 3364 2565 3413
4 1711 2194 1678 3132
4 462 386 3066 3561
4 213 3058 20 3305
4 1701 1582 1643 3450
4 558 3072 2882 3407
4 572 344 385 3162
4 2540 2541 2374 3673
4 235 234 236 2994
4 615 2842 511 3637
4 2829 553 3503 3567
4 1696 1613 1572 3119
4 525 323 2826 3190
4 602 461 622 3616
4 2308 2532 2379 3543
4 1304 1317 1381 3633
4 2311 2496 2386 3049
4 1902 1851 1962 3502
4 1701 1583 1582 3450
4 2385 2707 2524 3109
4 220 2709 2670 3285
4 363 3380 2999 3400
4 1691 1592 1472 3006
4 2238 3051 3082 3344
4 549 3045 2602 3171
4 762 763 856 2980
4 2479 3545 2857 3653
4 405 403 444 3607
4 361 3277 374 3553
4 1946 1874 3419 3672
4 440 2805 439 3613
4 708 911 927 2956
4 320 3176 315 3520
4 657 2892 2577 3409
4 2254 3004 3351 3516
4 1105 956 1141 2943
4 1809 1813 1873 3222
4 2381 2499 2285 2578
4 765 836 783 3559
4 2847 2859 404 3413
4 934 26 1197 969
4 2497 3449 2744 3583
4 2524 2842 2385 3109
4 1467 1424 135 1657
4 474 2859 534 3364
4 1946 1977 1874 3672
4 915 799 939 3251
4 326 2826 323 3683
4 960 104 2219 3552
4 524 13 208 3227
4 1153 3427 1990 3552
4 726 866 873 3208
4 910 945 839 3193
4 320 3190 3189 3520
4 533 3316 2566 3613
4 526 3467 575 3604
4 2539 2899 3455 3587
4 2406 3481 2981 3558
4 2304 2707 2385 3024
4 426 400 514 3024
4 2826 2830 525 3189
4 588 2659 2916 3403
4 1822 1833 1840 2947
4 2391 2936 3626 3689
4 1434 1206 1322 3140
4 415 3013 3280 3476
4 1691 1472 188 2220
4 2516 3177 2349 3671
4 2309 2541 2540 3673
4 3045 3277 362 3594
4 3130 3612 2647 3659
4 2472 2368 2986 3429
4 1165 1152 952 3435
4 2420 3011 2554 3599
4 1157 1105 1189 3620
4 2682 3293 3149 3555
4 601 2726 255 3378
4 1185 1190 1086 2977
4 2451 2314 2829 3551
4 1724 1975 1961 2971
4 360 362 3277 3594
4 2819 3133 265 3363
4 714 711 713 3638
4 2306 3081 3345 3453
4 585 2832 2928 3323
4 2427 2436 2298 2618
4 516 209 576 3395
4 1425 1322 1206 3140
4 2373 2281 2469 2656
4 2299 2513 2443 2965
4 531 608 676 3570
4 1466 2221 1692 3466
4 373 3123 374 3277
4 674 2813 537 3532
4 20 21 226 3598
4 1365 1240 1242 3037
4 1469 142 1214 3484
4 2402 2725 2372 2726
4 1341 1339 1340 3371
4 275 283 259 3634
4 2084 2083 2060 3259
4 2524 2707 2392 3403
4 2434 2896 3330 3610
4 840 788 854 3406
4 2314 2592 2420 2829
4 152 2208 1449 3659
4 2221 1466 186 1987
4 2430 2867 3393 3487
4 405 441 406 3010
4 1362 1309 1363 3578
4 2012 2038 2014 3370
4 2909 3155 2555 3191
4 295 2659 2588 3049
4 631 3030 3415 3616
4 2444 3285 3230 3363
4 2627 3429 19 3526
4 268 256 502 3462
4 3169 3501 2626 3676
4 887 691 942 3648
4 1153 1195 3427 3552
4 2349 2602 2381 2972
4 2633 2390 3107 3227
4 447 537 413 2954
4 413 2954 458 3282
4 1355 1348 1388 3424
4 517 598 555 3363
4 270 3185 2795 3339
4 2986 3055 2489 3115
4 2109 2112 2168 3347
4 363 2999 3380 3621
4 397 2733 378 3400
4 2105 2091 2090 3588
4 966 117 1438 1177
4 412 434 421 3074
4 662 3123 2577 3553
4 1740 1949 1944 2956
4 2308 2425 2364 2653
4 1483 1484 1462 2958
4 639 2721 3018 3179
4 1430 1331 1330 2932
4 2618 3207 352 3483
4 2425 2344 2788 3169
4 2107 2106 2105 3588
4 296 301 300 3049
4 2294 2404 2596 3247
4 989 986 1000 3053
4 245 577 246 3609
4 1674 1480 1680 2919
4 59 697 910 3193
4 2211 3130 2099 3659
4 211 2691 2551 3168
4 915 892 799 3251
4 81 899 690 3662
4 2305 3115 2614 3395
4 558 2541 3072 3407
4 1034 1038 1021 3660
4 360 2796 356 3594
4 326 2826 2765 3550
4 2463 2560 2356 3358
4 1874 1977 1875 3672
4 811 921 909 3449
4 2795 3141 627 3143
4 1711 1966 2233 3132
4 209 2955 576 3395
4 475 369 381 3177
4 2614 3365 456 3395
4 2260 3178 2344 3247
4 1179 1075 1178 3405
4 2073 2125 2124 3267
4 388 307 445 3676
4 905 928 707 3038
4 1201 1163 1055 3425
4 428 3012 2965 3312
4 1518 1520 1563 3269
4 439 375 376 3467
4 303 388 595 3560
4 426 2652 3024 3323
4 1585 1605 1698 3667
4 436 3074 3421 3604
4 89 1923 1735 3455
4 2351 2753 3067 3384
4 2387 2551 2813 3443
4 2376 2473 2280 2577
4 1218 118 1438 966
4 138 1434 1694 1206
4 1557 1558 1556 3187
4 2295 2402 2371 2842
4 1085 1084 1063 3685
4 1423 1207 1375 3130
4 557 2772 647 3134
4 531 676 2830 3570
4 2373 2314 2765 3533
4 118 1218 1175 966
4 502 672 613 3170
4 625 3491 2870 3492
4 240 262 233 3027
4 570 454 519 3262
4 523 2918 425 3671
4 2371 2402 2891 3527
4 571 3142 611 3607
4 1726 1930 81 3662
4 532 2939 3206 3680
4 1107 1106 1200 3360
4 2869 3316 680 3613
4 2097 2220 1994 3006
4 557 629 556 3528
4 591 2916 471 3298
4 348 350 3457 3628
4 2200 1984 2152 2959
4 708 85 1968 1740
4 2665 2721 2322 3012
4 312 3044 3007 3242
4 216 2994 2850 3296
4 851 796 896 3067
4 2665 2830 2469 3189
4 2099 2098 2068 3173
4 2829 3551 642 3567
4 546 3378 2773 3527
4 484 2893 2892 3467
4 479 478 276 3316
4 2425 2653 2590 3091
4 287 532 3206 3680
4 48 1204 914 3485
4 969 934 26 709
4 1793 1865 1828 3056
4 227 238 3168 3665
4 511 2842 281 3631
4 1084 1010 1117 3008
4 216 2850 225 3296
4 2375 2641 2316 2805
4 2794 2410 3325 3663
4 1169 968 1168 3223
4 881 766 764 3028
4 459 635 3143 3237
4 454 3262 2574 3460
4 2391 3623 2936 3689
4 2231 2195 1454 3580
4 489 666 490 3273
4 2735 3508 2942 3611
4 2381 2602 2544 2972
4 2380 3385 2763 3577
4 250 251 248 3194
4 642 2829 331 3550
4 1406 119 1175 958
4 471 595 388 2998
4 618 662 374 3123
4 1849 1807 1882 3278
4 486 485 423 3483
4 2396 2541 2374 2882
4 2301 2378 2652 2832
4 936 85 1968 708
4 254 256 253 3462
4 2691 2375 2869 3396
4 3017 3100 682 3296
4 3190 3683 2373 3684
4 1987 2101 2155 3466
4 343 3584 3163 3585
4 2111 2098 2080 3494
4 1497 1496 1494 3274
4 2031 2039 2032 3487
4 230 3273 3023 3429
4 1073 1065 1173 3335
4 2378 2832 2531 2999
4 2383 2303 2795 3141
4 1289 1298 1305 3294
4 2211 1207 3130 3659
4 2574 3163 382 3282
4 550 3215 3080 3570
4 3130 3173 2439 3494
4 2525 3206 2613 3444
4 327 330 326 3550
4 315 273 559 3575
4 2449 2314 2765 3550
4 15 3017 2651 3107
4 1535 1606 1577 3014
4 2773 3013 431 3394
4 2767 3088 3344 3686
4 930 832 865 3236
4 821 790 850 3655
4 2565 2859 2335 3413
4 2698 2923 2540 3513
4 2627 3305 3058 3429
4 214 683 269 3185
4 2613 3022 346 3356
4 217 232 14 3107
4 2488 3443 2287 3524
4 1341 1340 1422 3371
4 530 2909 3155 3491
4 2431 3371 2823 3506
4 1972 1871 1941 3016
4 1988 151 2208 1449
4 557 2772 3134 3528
4 164 1730 1713 3419
4 616 3220 2965 3642
4 360 590 362 3594
4 1131 1169 1188 3448
4 540 3298 3169 3440
4 361 374 612 3553
4 2882 3072 558 3528
4 584 583 263 3492
4 1990 2103 2158 3552
4 1446 1179 121 1178
4 1743 191 2002 1965
4 1962 1979 1736 3502
4 1409 1342 1216 3583
4 2503 3298 2916 3474
4 641 2869 679 3613
4 461 3437 622 3616
4 2076 2008 2185 3652
4 333 334 335 3503
4 435 647 538 3643
4 1550 1584 1637 3002
4 320 315 559 3520
4 1757 1759 1758 3438
4 1940 1723 1976 3061
4 702 73 1933 1738
4 338 2877 340 3431
4 1307 1380 1319 3035
4 666 492 2986 3429
4 793 856 904 3601
4 932 861 692 3164
4 311 543 308 3091
4 2544 2578 2294 2596
4 227 206 24 3168
4 1260 1268 1259 3065
4 2633 2709 2390 3227
4 826 890 903 3087
4 852 755 743 3289
4 2229 2001 2192 3223
4 877 818 933 3498
4 262 3100 3027 3491
4 1715 1689 1461 3140
4 1549 1569 1570 3264
4 317 2965 3220 3312
4 530 3155 625 3491
4 1726 81 690 3662
4 2978 3503 553 3567
4 2600 3287 2404 3338
4 1967 1197 86 1171
4 2698 3101 2923 3513
4 1427 1389 1325 2991
4 2371 2891 2842 3527
4 2565 2603 2365 3162
4 1961 1923 1724 2971
4 382 3163 2574 3262
4 2473 2976 2577 3553
4 2850 3017 225 3296
4 629 284 275 3634
4 2544 2602 2370 2972
4 2489 2614 2305 3115
4 1741 1711 175 1622
4 2183 3318 1955 3540
4 2304 2503 2707 3024
4 1263 1265 1394 3386
4 451 3413 620 3584
4 1240 3320 3037 3670
4 2995 3423 2841 3554
4 415 581 587 3476
4 1088 1181 947 2984
4 258 2882 449 3434
4 406 2859 3010 3597
4 2816 2515 3434 3528
4 1149 985 988 3290
4 2618 568 3457 3483
4 2400 3149 3555 3641
4 2733 3298 2503 3474
4 2483 2633 2297 3107
4 1969 1732 1908 3256
4 1828 1854 1796 3656
4 2524 3403 3118 3654
4 2650 3184 469 3273
4 1752 1903 1842 3300
4 1153 1172 1195 3552
4 2371 2306 2571 2772
4 2873 3390 2479 3653
4 1198 2001 1168 3223
4 509 3154 2653 3437
4 164 1946 1730 3419
4 833 686 901 2958
4 2444 3230 3133 3363
4 2525 2571 3134 3444
4 1784 1782 1900 3271
4 2451 2565 2335 3413
4 967 2193 101 1196
4 1464 1638 1663 3164
4 2001 115 2232 1198
4 1859 1758 1759 3438
4 2308 2425 2590 3629
4 1625 1976 167 1723
4 209 21 22 3354
4 1466 1987 2221 3466
4 2308 2532 2386 2590
4 2295 2842 2524 3117
4 212 2925 2673 3666
4 1073 1176 1064 3335
4 2859 3055 534 3364
4 1735 1923 1960 3455
4 808 836 767 3071
4 3137 3373 2391 3689
4 1474 1946 164 3419
4 2305 2560 3115 3395
4 1348 1355 1347 3424
4 2472 2356 3058 3305
4 578 635 272 3237
4 1918 1832 1867 3384
4 2349 2516 2381 3177
4 311 3091 3007 3501
4 2232 1456 1417 3223
4 1730 1963 165 1713
4 2609 3423 2494 3674
4 523 381 3642 3671
4 2451 2765 2314 3551
4 2290 2532 2379 2622
4 2022 2023 2024 3135
4 1254 1266 1262 3121
4 557 3134 2816 3528
4 280 2891 2772 3072
4 714 736 790 3128
4 1456 1198 968 3223
4 2055 2048 2033 3314
4 1990 2219 104 3552
4 284 2816 3206 3634
4 286 2816 3134 3206
4 2376 2841 2554 2995
4 623 2832 370 3628
4 397 3099 2733 3400
4 2426 3397 2938 3602
4 968 1227 1456 3223
4 491 442 490 3055
4 2422 3206 2939 3680
4 785 823 784 3094
4 2462 2554 2284 2841
4 681 616 483 3642
4 1592 1590 1577 3348
4 978 979 980 3103
4 552 392 433 3031
4 2600 3338 2404 3380
4 1418 1676 1454 3580
4 3135 3258 2537 3521
4 2609 373 3277 3423
4 2312 2503 2378 2733
4 1510 1516 1515 3122
4 558 277 556 3072
4 335 338 636 3011
4 391 3154 2800 3242
4 2483 2421 3027 3100
4 1241 1240 1239 3320
4 1474 164 1713 3419
4 368 3220 3096 3319
4 2622 3018 2670 3415
4 3162 3364 592 3365
4 2118 2123 2122 3677
4 1469 1591 1700 3484
4 1171 86 1967 1742
4 929 831 832 2984
4 2214 2151 2154 3226
4 529 421 436 3409
4 2318 2731 2869 3316
4 554 594 451 3567
4 463 3287 3045 3594
4 2232 1417 2192 3223
4 3329 3581 2704 3697
4 639 372 420 3179
4 342 570 339 3585
4 393 3011 3431 3554
4 940 901 842 3569
4 212 2673 3354 3666
4 500 606 614 3191
4 264 265 241 3133
4 550 3080 2913 3570
4 3067 2601 3384 3662
4 2315 2774 2554 3011
4 1280 1293 1358 3113
4 2042 2040 2039 3092
4 409 411 521 3032
4 707 41 935 1416
4 2449 2826 2317 2830
4 2882 3434 2515 3528
4 3044 3220 317 3319
4 3013 3191 606 3280
4 899 1930 3281 3662
4 2544 2294 2600 3287
4 2230 101 2193 1196
4 270 2795 564 3339
4 2331 3051 3082 3606
4 2444 2320 2709 3285
4 3032 3074 411 3409
4 2293 2368 2504 2986
4 511 305 416 3637
4 592 534 491 3364
4 1160 1080 1020 3515
4 447 2955 2954 3395
4 302 3158 3031 3562
4 3045 3287 628 3561
4 3109 3112 416 3637
4 521 3032 2577 3123
4 2348 3100 3017 3296
4 800 772 771 3098
4 2381 2516 2499 3177
4 680 276 533 3316
4 1573 2967 3446 3667
4 2420 2313 2877 3599
4 920 889 698 3430
4 1160 1039 1162 3688
4 1785 1783 1784 3353
4 2354 2783 3368 3669
4 227 266 238 3665
4 1960 1845 1837 3507
4 2513 2665 3012 3570
4 706 70 937 1680
4 2327 2502 2668 3535
4 2334 2488 3443 3460
4 643 2684 3262 3460
4 245 2923 244 3513
4 2826 2830 2449 3215
4 2616 3345 3081 3453
4 1092 1111 1058 3329
4 929 1088 34 947
4 2606 2493 3041 3575
4 2230 2002 191 1965
4 316 3007 3044 3319
4 340 2877 3262 3431
4 287 345 532 3680
4 2566 2805 2436 3356
4 2800 567 3242 3312
4 2322 2606 2721 3179
4 2673 2925 2463 3666
4 2149 2147 2148 3417
4 735 747 746 3376
4 2445 2998 2916 3298
4 1418 1676 145 1454
4 2404 3287 2596 3338
4 2348 2994 2568 3296
4 2516 2349 2918 3671
4 2550 2555 2355 3013
4 2392 2659 3118 3403
4 1226 1454 2195 3580
4 2318 2375 2566 2869
4 621 2650 3273 3597
4 508 3421 507 3460
4 15 3107 2651 3108
4 3141 3142 627 3143
4 480 632 2995 3423
4 2451 2565 3413 3584
4 1139 1103 965 3039
4 594 3413 451 3567
4 1655 1544 1541 3138
4 2894 3424 2464 3537
4 19 2627 3058 3429
4 175 1966 1711 1741
4 2670 3018 2352 3041
4 2295 2524 2392 3117
4 2805 2436 3356 3457
4 1213 1326 1381 3430
4 2566 2422 2939 3680
4 2326 2600 2531 3380
4 689 914 904 3485
4 2595 3397 2983 3482
4 2515 2731 2318 2939
4 400 3024 3109 3654
4 3044 3242 567 3312
4 2870 3492 2540 3513
4 1313 1290 1315 3292
4 596 3421 2691 3604
4 2231 160 1454 2195
4 2473 2370 2796 3277
4 562 3018 2721 3377
4 1712 1454 1676 3580
4 1709 937 70 1680
4 1160 1020 1006 3515
4 660 3171 2602 3674
4 2415 2691 2375 2869
4 2015 2056 2013 3548
4 2301 2652 2525 2928
4 538 3637 3112 3643
4 429 2800 3154 3377
4 1445 1225 1416 3038
4 2540 3492 2698 3513
4 316 3044 317 3319
4 3085 3397 2426 3602
4 1321 1291 1322 3668
4 3149 3293 2400 3555
4 167 1656 1976 1625
4 152 1449 1207 3659
4 2565 3364 3162 3365
4 2383 2509 2303 3141
4 1821 1810 1831 3341
4 1533 1531 1604 3137
4 1645 1501 1654 3382
4 2313 2365 2574 3500
4 2473 2577 2376 3123
4 528 3058 3046 3598
4 456 3365 2614 3696
4 903 820 806 3650
4 2373 3683 3180 3684
4 116 1225 1177 1453
4 1559 1594 1596 3479
4 385 3162 2565 3364
4 2733 2404 3338 3400
4 2469 2830 2826 3189
4 290 3118 3117 3394
4 543 3091 311 3501
4 151 1988 1414 1449
4 607 3055 2986 3115
4 2551 2673 2307 2955
4 2373 2469 2826 3190
4 2183 2184 1986 3318
4 1634 1635 1707 3307
4 2381 2578 2544 3066
4 960 1153 104 3552
4 341 2978 553 3584
4 3138 3478 2410 3663
4 2364 3044 3007 3319
4 466 2622 3377 3616
4 251 3072 2541 3194
4 384 317 567 3312
4 407 3475 587 3476
4 627 678 459 3143
4 934 1967 71 1947
4 2499 2578 3096 3319
4 672 3170 502 3666
4 2377 2316 2641 2893
4 1635 1634 1575 3307
4 2544 3066 2578 3561
4 2551 2691 2415 3168
4 1839 1806 1835 3297
4 337 2978 341 3585
4 1453 935 41 1416
4 1965 1945 100 1196
4 1597 1598 1573 3446
4 1625 1621 1656 3061
4 460 3154 461 3616
4 2304 2524 2385 2707
4 654 2916 2659 2998
4 2602 3177 3066 3671
4 1775 1773 1772 3175
4 3176 3520 2680 3575
4 2626 3091 2590 3464
4 360 3277 2796 3594
4 2322 2606 2352 2721
4 649 3007 2788 3501
4 2686 2923 2478 3462
4 266 2925 670 3665
4 403 395 324 3180
4 1468 1693 1646 3097
4 224 3429 230 3526
4 510 444 611 3141
4 2365 3162 3163 3696
4 537 2813 458 2954
4 2540 3194 2870 3513
4 489 3273 490 3597
4 1712 145 1676 1454
4 1474 1636 1634 3419
4 266 670 267 3665
4 2370 2796 3277 3594
4 1709 131 1455 1480
4 1481 2231 1712 3580
4 2513 2830 2665 3570
4 3046 2463 3170 3598
4 357 3380 2600 3594
4 2203 2137 1982 2940
4 344 382 342 3163
4 480 2995 457 3554
4 620 451 594 3413
4 2374 2541 2540 2923
4 2765 2847 2373 3180
4 3177 3220 366 3642
4 2424 3591 3090 3690
4 361 362 373 3277
4 2686 2925 2389 2973
4 1246 1244 1387 3214
4 983 984 981 3188
4 383 3282 3163 3696
4 130 1456 1198 968
4 605 225 682 3296
4 1945 1170 100 1196
4 1567 1659 1566 3322
4 2348 2568 2483 3100
4 2832 2999 370 3499
4 1596 1601 1559 3479
4 3174 3376 2536 3399
4 115 2001 1168 1198
4 652 3184 3023 3273
4 130 1456 968 1227
4 2462 2313 2877 3262
4 2550 3475 2668 3476
4 827 782 757 3221
4 2665 2469 3176 3189
4 905 935 1186 3038
4 2315 2420 2592 2774
4 1127 1129 1128 3681
4 1712 1481 190 2231
4 2451 3413 3567 3584
4 2614 3365 3162 3696
4 2434 3330 3253 3610
4 666 2986 3273 3429
4 1251 1393 1247 3210
4 2600 2796 2370 3594
4 2451 2335 2847 3413
4 608 550 452 3570
4 3123 3277 373 3423
4 574 463 573 3287
4 423 2893 358 3483
4 1277 1269 1356 3352
4 2509 3180 3010 3607
4 2319 2923 2698 3101
4 1377 1437 1374 3612
4 3396 3467 526 3604
4 619 2999 2832 3323
4 2316 2641 2893 3467
4 2374 2541 2923 3407
4 2555 2355 3013 3191
4 621 3273 489 3597
4 205 1943 2233 1966
4 2422 2306 2816 3134
4 131 1415 1455 1480
4 237 244 566 3101
4 2614 3115 2489 3365
4 2440 3185 2651 3339
4 660 2602 3671 3674
4 2422 2318 2566 2939
4 2319 2486 2478 3101
4 2449 2592 2314 2829
4 2425 3501 3091 3676
4 2334 2462 2684 3262
4 429 2721 2800 3377
4 2313 3340 2462 3599
4 540 3169 2898 3440
4 2153 2100 2068 3579
4 245 246 2923 3609
4 2524 3109 2707 3654
4 2698 3492 583 3513
4 2429 3446 2967 3667
4 572 383 344 3696
4 1165 1071 1193 3435
4 1699 1481 1676 3580
4 2731 2973 2925 3665
4 1943 2004 205 2233
4 230 3023 210 3526
4 2093 2181 2009 3557
4 2415 2869 2731 3665
4 475 3177 381 3671
4 1710 911 56 936
4 259 2973 257 3434
4 544 380 401 3080
4 1191 955 1087 3236
4 357 355 363 3380
4 625 3155 2870 3491
4 942 815 887 3648
4 458 2954 2813 3282
4 71 934 1947 907
4 2805 2893 2436 3457
4 2489 2859 2565 3364
4 2318 2566 2939 3316
4 2415 2731 2389 2925
4 1002 1146 1009 3390
4 634 649 473 3501
4 2317 2826 2469 2830
4 10 3285 2670 3415
4 2618 2427 3022 3628
4 1022 1026 1052 3398
4 161 1944 1710 1968
4 285 2939 283 3634
4 2422 2525 2306 3134
4 221 271 527 3041
4 1166 954 1195 3427
4 2364 3007 2499 3319
4 438 407 581 3476
4 3022 3457 2618 3628
4 1173 966 1073 3334
4 2451 2978 2603 3584
4 1300 1267 1390 3275
4 917 940 841 3029
4 450 2707 3403 3474
4 2280 2473 2377 2577
4 414 2954 3282 3696
4 507 3421 3074 3460
4 1199 116 1177 1453
4 631 602 3030 3616
4 914 1204 47 3600
4 474 2859 3364 3413
4 348 351 350 3628
4 2447 2979 3267 3615
4 2334 3262 2684 3460
4 290 292 541 3118
4 2303 2650 2440 2795
4 456 572 592 3365
4 290 292 3118 3394
4 2365 3162 2603 3163
4 486 3483 2976 3553
4 2420 2554 2315 3599
4 2916 3403 2707 3474
4 276 2731 3316 3665
4 2596 377 2898 3338
4 1482 161 1944 1710
4 482 469 269 3184
4 539 538 3112 3444
4 2402 3378 2891 3527
4 1930 1929 1734 3281
4 649 2788 473 3501
4 1650 1671 1470 3193
4 1681 911 56 1710
4 445 634 540 3169
4 2316 2805 2641 3467
4 297 2606 3041 3575
4 2184 2212 2224 3127
4 1914 1919 1924 3209
4 47 897 914 3600
4 289 282 3117 3527
4 2540 2923 2541 3609
4 2240 3368 3026 3454
4 135 1424 1467 1211
4 729 895 848 3225
4 2847 2859 2335 3010
4 2707 3109 3024 3654
4 2077 2167 2159 3234
4 2444 2670 2320 3285
4 1586 1641 1677 3205
4 1153 1990 104 3552
4 435 646 647 3134
4 208 14 228 3108
4 1955 1954 1733 3540
4 1078 963 1077 3498
4 559 3142 389 3520
4 2544 2600 2370 3045
4 2198 157 1217 3624
4 2800 3154 2379 3242
4 700 900 899 3281
4 687 929 34 947
4 379 3171 2609 3277
4 1225 1453 1416 3038
4 748 740 749 3276
4 2396 2306 2772 2816
4 3066 3096 369 3177
4 2516 2918 3642 3671
4 1274 1368 1287 3468
4 660 3671 425 3674
4 2100 2211 2099 3659
4 2524 2392 3118 3403
4 2877 3011 338 3503
4 459 3143 2680 3237
4 2590 2626 2425 3091
4 823 736 849 3238
4 2373 2656 2469 3190
4 1990 2179 2218 3427
4 440 545 565 3356
4 2344 2898 2788 3169
4 1324 1294 1306 3387
4 462 644 427 3561
4 348 349 3022 3457
4 1824 1808 1836 3212
4 2592 2449 3215 3550
4 1374 1207 1373 3659
4 1204 914 3485 3600
4 2349 2381 2602 3177
4 2326 2796 2600 3380
4 2999 579 3499 3621
4 537 2954 665 3532
4 2075 2082 2066 3217
4 400 416 305 3109
4 1432 1376 1345 3523
4 2231 1481 2003 3580
4 900 854 795 3240
4 2173 2043 2130 3627
4 1226 1454 160 2195
4 2483 2568 2421 3100
4 2499 3096 3177 3220
4 584 648 262 3491
4 1795 1792 1793 3469
4 2022 2140 2020 3349
4 2898 3338 377 3440
4 559 2680 3143 3520
4 368 386 387 3096
4 157 2198 1991 3624
4 2554 3011 2877 3599
4 565 3356 545 3680
4 486 2976 612 3553
4 2550 3013 2588 3476
4 2327 2555 2550 3280
4 1167 1107 1200 3648
4 708 936 911 2956
4 2404 3380 3338 3400
4 436 3421 609 3604
4 2099 2211 1983 3130
4 507 3074 2684 3460
4 2795 3143 564 3339
4 248 245 3513 3609
4 2308 2590 2425 2653
4 768 767 766 3243
4 2379 2532 2308 2653
4 593 2976 486 3483
4 367 319 321 3189
4 2436 2805 2316 2893
4 2318 2869 2566 3316
4 2127 2196 2160 3571
4 2600 3287 463 3594
4 2613 2566 3356 3680
4 2462 3340 2284 3599
4 1070 1069 1033 3700
4 1323 1434 1322 3668
4 2566 2939 3316 3680
4 665 2955 522 3532
4 679 2869 680 3613
4 1456 2232 1198 3223
4 1481 2003 190 2231
4 1848 1847 1970 3303
4 2613 2928 2525 3444
4 1308 1356 1357 3392
4 2441 3103 3324 3649
4 1495 1629 1661 3299
4 3049 3158 2386 3475
4 304 308 3464 3562
4 1075 1176 958 3405
4 2473 2609 2370 3277
4 2483 3100 3027 3107
4 341 3584 343 3585
4 2108 2110 2109 3346
4 302 304 3158 3562
4 3434 3528 275 3634
4 1344 1369 1339 3506
4 2307 2551 2415 2673
4 2571 2772 2306 3134
4 2317 2665 2513 2830
4 176 1711 2194 1678
4 2318 2939 2731 3316
4 439 3396 2805 3467
4 1177 1186 1199 3038
4 2635 3376 3174 3399
4 1838 1853 1932 3647
4 2394 3355 2969 3691
4 1774 1869 1778 3496
4 1856 1818 1817 3517
4 997 999 1114 3391
4 1968 1740 1944 2956
4 2532 2622 2290 3030
4 2486 3046 2478 3101
4 1663 1607 1608 3645
4 20 19 528 3058
4 1663 1563 1607 3645
4 660 425 418 3674
4 2614 3282 2954 3696
4 303 3158 304 3560
4 1107 1037 1106 3360
4 1124 1120 1070 3306
4 268 502 613 3170
4 634 445 543 3676
4 666 2986 490 3273
4 320 3189 3176 3520
4 2983 3397 2521 3482
4 1301 1304 1326 3301
4 553 2978 337 3503
4 3091 3464 2626 3676
4 2469 3189 2826 3190
4 1647 172 173 1732
4 2056 2147 2013 3548
4 2565 3162 2489 3365
4 1754 1841 1755 3330
4 1711 2233 176 2194
4 3045 3066 2544 3561
4 572 3365 456 3696
4 492 230 224 3429
4 392 301 407 3475
4 3033 3471 2406 3617
4 2064 2041 2051 3311
4 703 877 933 3498
4 2440 2480 2302 2651
4 2560 2955 3354 3395
4 287 285 286 3206
4 2034 2044 2035 3310
4 2502 2290 2622 3030
4 494 677 580 3249
4 228 3108 2651 3185
4 20 3305 3058 3598
4 503 3354 21 3598
4 2524 3118 3117 3654
4 2847 3010 2509 3180
4 1417 2192 146 2232
4 2525 2571 2306 3134
4 527 3018 472 3041
4 2826 3215 2449 3550
4 321 322 323 3190
4 2652 2378 3099 3323
4 2551 3168 2673 3532
4 1799 1911 1887 3452
4 591 470 569 3298
4 2472 2305 2560 3115
4 621 489 441 3597
4 251 248 3194 3609
4 527 2606 3018 3041
4 379 417 418 3171
4 440 455 3356 3613
4 152 2211 2208 3659
4 1117 993 996 3473
4 2568 2994 2698 3492
4 2376 2494 2289 2609
4 2568 3027 2421 3100
4 500 614 582 3191
4 2478 3170 2686 3462
4 2451 2603 2565 3584
4 1456 1417 146 2232
4 2515 2389 2731 2973
4 390 314 313 3242
4 761 814 834 3248
4 899 851 690 3662
4 451 3567 3413 3584
4 2913 2965 2516 3642
4 1966 1741 1943 3132
4 508 596 609 3421
4 2335 2859 2847 3413
4 2286 2515 2396 2882
4 353 354 3207 3621
4 1102 1042 1021 3239
4 343 451 620 3584
4 1816 1847 1848 3303
4 2509 3141 2656 3607
4 2368 3023 3184 3273
4 1542 1540 1541 3478
4 2451 2847 3551 3567
4 403 3180 324 3684
4 718 803 871 3342
4 627 3142 678 3143
4 1726 1867 1930 3662
4 2404 2999 3380 3400
4 1086 1063 1182 3685
4 378 377 3338 3440
4 3108 3227 2522 3339
4 2387 2551 2307 2955
4 10 1 597 3415
4 1195 954 1153 3427
4 556 558 3072 3528
4 2227 1992 2176 3097
4 2415 3168 2869 3665
4 437 229 564 3339
4 857 744 756 3514
4 1128 1051 1127 3681
4 2626 3169 2425 3501
4 2111 2145 2063 3546
4 157 1991 1444 3624
4 2473 2376 2609 3123
4 377 371 378 3338
4 3154 3437 461 3616
4 2326 2976 2796 3207
4 2293 2504 2489 3055
4 2422 3134 2816 3206
4 3024 3099 2503 3474
4 2626 3501 2425 3676
4 352 353 3207 3499
4 372 3018 2606 3179
4 2440 2522 2795 3339
4 2892 2893 484 3483
4 2588 3049 2550 3476
4 2377 2892 2577 2976
4 2160 2196 2137 3571
4 2392 3118 2588 3394
4 1365 1272 1366 3357
4 3091 3437 2590 3464
4 2486 2356 3046 3058
4 1048 1090 1050 3326
4 567 603 384 3312
4 1333 1337 1336 3519
4 315 3176 318 3575
4 1964 1908 1732 3256
4 388 2998 595 3560
4 572 344 3162 3696
4 1407 1435 1447 3614
4 363 355 579 3621
4 2499 2788 2578 3319
4 2577 3032 2376 3123
4 2480 2440 3184 3185
4 759 886 820 3350
4 3017 3100 2483 3107
4 1001 1100 989 3545
4 2626 3169 2998 3298
4 12 11 518 3285
4 775 779 756 3375
4 2142 2143 2174 3355
4 2420 2877 3011 3599
4 2493 2328 2680 3575
4 2515 2816 3434 3634
4 2550 2588 2311 3049
4 2371 2396 2772 3072
4 289 305 3631 3654
4 78 77 1720 688
4 836 837 783 3559
4 1531 1514 1506 3373
4 2653 2379 3154 3242
4 269 229 214 3185
4 47 1386 897 3600
4 304 3464 307 3560
4 2469 2665 2317 2830
4 366 329 365 3220
4 2532 2653 2379 3154
4 315 559 3520 3575
4 571 3142 3607 3684
4 1711 1678 1622 3132
4 425 3671 2918 3674
4 728 730 731 3388
4 865 694 930 3236
4 580 638 494 3249
4 624 488 664 3323
4 3023 3429 2627 3526
4 2923 3101 244 3513
4 308 3091 543 3676
4 1554 1553 1641 3416
4 739 737 870 3412
4 2057 2055 2059 3512
4 1482 1681 1710 2956
4 1955 1725 1916 3318
4 324 3180 395 3683
4 3115 3365 2614 3395
4 1174 1143 1180 3587
4 716 718 717 3389
4 1073 966 1175 3334
4 2171 2062 2050 3374
4 2850 2994 2348 3296
4 712 713 711 3638
4 2841 2995 2376 3423
4 1162 1052 1160 3688
4 1741 175 174 1622
4 912 794 812 3530
4 2102 2166 2169 3510
4 822 798 892 3664
4 2177 203 202 1912
4 1444 1217 157 3624
4 820 800 806 3650
4 2489 3055 2859 3364
4 322 324 3683 3684
4 2684 3074 2488 3460
4 1893 1770 1856 3618
4 777 752 751 3411
4 2365 3163 2574 3282
4 78 79 864 1899
4 2334 2574 3262 3460
4 21 503 22 3354
4 546 601 551 3378
4 450 3403 2707 3654
4 553 3567 451 3584
4 611 3141 444 3607
4 2368 3023 2986 3429
4 2531 3207 2796 3380
4 406 3010 441 3597
4 2427 2613 2436 3022
4 2788 3169 2898 3501
4 1872 1814 1926 3699
4 2680 3520 559 3575
4 620 594 474 3413
4 2348 2480 2850 3017
4 528 20 3058 3598
4 3194 3513 2540 3609
4 84 85 708 1740
4 678 611 389 3142
4 436 526 575 3604
4 2954 2955 665 3532
4 2392 2659 2588 3118
4 471 2916 2998 3298
4 327 3550 2765 3551
4 2486 2627 2356 3058
4 574 3287 573 3561
4 2515 3434 2973 3634
4 660 523 425 3671
4 883 769 768 3592
4 289 3527 3117 3631
4 2002 192 191 1743
4 606 515 581 3280
4 1016 1007 1017 3497
4 2021 2018 2165 3451
4 3074 2641 3421 3604
4 641 446 526 3396
4 1204 1386 47 3600
4 2651 3107 2390 3108
4 919 904 856 3601
4 400 3109 305 3654
4 2383 2656 2509 3141
4 2368 3184 2650 3273
4 335 338 3011 3503
4 2361 2892 2641 3409
4 2463 2560 3354 3598
4 1692 1613 1466 3466
4 2819 3280 2668 3363
4 1362 1357 1309 3578
4 622 509 309 3437
4 2206 1991 2198 3624
4 1186 1177 1079 3038
4 1744 77 76 710
4 2048 2167 2034 3640
4 914 897 812 3600
4 1174 1164 1143 3587
4 2134 2139 2064 3465
4 2233 2004 2194 3132
4 2509 2656 3180 3607
4 2850 2348 3017 3296
4 2383 2656 3142 3520
4 1372 1373 1414 3422
4 2670 2709 2320 3285
4 2421 3027 2568 3491
4 1838 1852 1853 3647
4 631 466 602 3616
4 2369 2592 2449 3080
4 2686 2374 2923 3407
4 2349 2602 2494 2918
4 82 81 1930 899
4 2493 2606 2328 3575
4 2892 2893 2641 3467
4 2183 1996 2213 3540
4 393 340 394 3431
4 1503 1645 1508 3420
4 1751 1750 1749 3590
4 414 3282 383 3696
4 1517 1630 1576 3480
4 1142 1164 957 3455
4 2627 2472 3305 3429
4 2652 3099 3024 3323
4 2626 2998 2445 3298
4 1474 163 164 1946
4 2478 2923 2319 3101
4 2656 2373 3180 3684
4 2499 3220 3044 3319
4 58 59 910 1650
4 1043 974 1156 3458
4 2352 2721 2606 3018
4 2199 2123 2118 3677
4 353 3499 579 3621
4 2525 3112 2571 3444
4 371 378 3338 3400
4 2869 3316 2731 3665
4 2006 2185 2008 3652
4 910 697 945 3193
4 448 516 576 3395
4 1989 202 201 1728
4 2673 2955 2551 3532
4 351 370 3499 3628
4 852 825 859 3639
4 1178 1075 958 3405
4 3010 3141 2509 3607
4 1755 1756 1753 3610
4 490 3055 442 3597
4 1519 1518 1491 3463
4 1204 1330 1328 3485
4 2515 2973 2939 3634
4 2344 2445 2898 3169
4 505 246 577 3407
4 529 668 422 3409
4 1486 1617 1485 3459
4 2379 2622 2532 3154
4 957 90 89 1923
4 152 1207 2211 3659
4 268 502 3170 3462
4 1830 1863 1862 3439
4 2978 3503 2877 3585
4 2656 3190 2373 3684
4 2613 3206 2422 3680
4 225 605 234 3296
4 556 3072 2772 3528
4 2606 3018 2721 3179
4 308 307 3464 3676
4 821 798 822 3664
4 394 393 3431 3554
4 2488 2334 2684 3460
4 2213 2087 2088 3426
4 534 592 656 3364
4 450 541 542 3403
4 1415 131 132 1480
4 2509 2847 2335 3010
4 75 76 874 1914
4 935 1199 40 1186
4 2155 2221 1987 3466
4 1611 1502 1505 3488
4 1092 1091 996 3581
4 879 79 80 1898
4 1730 1946 1980 3419
4 1242 1243 1248 3564
4 2590 3464 3437 3562
4 2596 3287 2544 3561
4 1375 1374 1437 3612
4 2091 2130 2072 3493
4 1333 1457 1337 3519
4 3007 3044 2364 3242
4 526 0 641 3396
4 663 456 592 3365
4 2600 2370 3045 3594
4 506 330 380 3215
4 2504 2335 2859 3010
4 642 3550 327 3551
4 1764 1769 1896 3490
4 144 143 1478 1222
4 905 707 935 3038
4 2503 3099 2733 3474
4 571 3607 403 3684
4 2707 3403 2524 3654
4 671 627 459 3143
4 2422 2816 2515 2939
4 577 3407 246 3609
4 3227 3237 2522 3339
4 322 323 3190 3683
4 2463 3170 3598 3666
4 598 465 555 3363
4 338 3011 2877 3431
4 533 276 478 3316
4 1213 44 45 889
4 764 763 747 3692
4 1033 1054 1023 3536
4 1727 1978 1931 3317
4 861 64 65 1638
4 2386 3031 2668 3475
4 329 589 316 3319
4 554 642 3551 3567
4 774 761 755 3518
4 959 127 128 1399
4 706 69 70 1680
4 3162 3365 572 3696
4 2383 3142 2680 3520
4 178 179 1646 2176
4 65 66 692 1464
4 1712 2231 1454 3580
4 231 213 226 3305
4 2080 2098 2202 3494
4 1268 1269 1270 3682
4 503 3354 3598 3666
4 1595 1673 1568 3495
4 230 3429 3023 3526
4 414 572 456 3696
4 2565 2489 3364 3365
4 489 652 666 3273
4 1625 167 168 1723
4 96 95 951 1913
4 61 60 1642 917
4 26 27 969 709
4 435 539 288 3444
4 2842 3527 281 3631
4 2198 157 158 1217
4 1845 1819 1837 3507
4 97 98 1935 962
4 264 504 518 3230
4 2379 2622 3154 3377
4 629 3528 2816 3634
4 2976 3483 2892 3553
4 2998 3169 2626 3560
4 2444 3133 2819 3363
4 374 3123 662 3553
4 245 243 247 3513
4 1081 1053 1082 3404
4 2691 2813 2488 3421
4 2626 2425 3091 3676
4 724 826 725 3574
4 760 828 742 3529
4 1790 1777 1776 3572
4 460 3377 3154 3616
4 1858 1779 1789 3558
4 2726 2891 2402 3378
4 2555 3013 2550 3280
4 512 3637 538 3643
4 618 626 480 3423
4 1214 1421 1429 3484
4 3044 3220 2965 3312
4 68 67 1475 701
4 1927 1904 1827 3602
4 1151 126 127 1212
4 155 156 2178 1210
4 344 3163 3162 3696
4 1076 1055 1163 3425
4 1734 83 82 700
4 2684 3032 2361 3074
4 2327 2819 2668 3363
4 552 622 309 3562
4 1349 1297 1347 3605
4 538 3112 3444 3643
4 647 673 512 3643
4 1627 1493 1490 3542
4 52 51 696 1410
4 87 86 1171 1742
4 869 43 42 1221
4 1387 1348 1385 3537
4 2348 2568 3100 3296
4 690 80 81 1726
4 2540 2698 2319 2923
4 1462 63 62 686
4 1400 149 148 1995
4 1476 173 174 1905
4 647 3134 2772 3643
4 330 327 331 3550
4 3409 3467 2641 3604
4 2377 2577 2473 2976
4 787 785 786 3541
4 809 811 909 3449
4 791 842 901 3569
4 2370 3171 3045 3277
4 1136 1137 1068 3556
4 2327 2668 2819 3280
4 1877 1842 1864 3595
4 1514 1648 1619 3563
4 2105 2106 2091 3588
4 1469 142 141 1214
4 2733 2445 3298 3440
4 2525 2422 3206 3444
4 2554 2995 2841 3554
4 2691 3396 0 3604
4 2813 2954 537 3532
4 2157 2084 2156 3539
4 1235 1234 1233 3573
4 968 129 130 1227
4 2626 2590 3158 3464
4 1418 1454 1226 3580
4 275 259 258 3434
4 353 351 370 3499
4 2370 3277 3045 3594
4 3022 3356 2436 3457
4 2381 3066 2602 3177
4 2326 2531 2796 3380
4 1004 1001 1002 3653
4 1152 1165 1193 3435
4 407 2668 3475 3476
4 2592 3080 2369 3249
4 383 413 402 3282
4 2449 3080 2592 3215
4 200 199 2197 1942
4 1815 1801 1803 3522
4 1944 162 161 1482
4 111 112 2187 956
4 61 62 833 1483
4 2472 3058 2627 3305
4 1463 182 183 1984
4 2113 2115 2116 3486
4 1304 1310 1317 3633
4 1460 168 169 1941
4 2364 2499 3044 3319
4 1376 1285 1345 3523
4 2462 2877 2313 3599
4 2219 1990 2158 3552
4 461 602 466 3616
4 194 195 1955 2183
4 1152 29 30 888
4 2003 190 189 1481
4 1194 1109 1110 3441
4 2328 3176 2680 3575
4 2832 3499 370 3628
4 1677 1599 1497 3661
4 200 201 1937 2189
4 449 3434 2882 3528
4 197 196 2223 1950
4 308 307 304 3464
4 2352 3018 2606 3041
4 1299 1231 1408 3619
4 374 3277 3123 3553
4 2153 2068 2061 3579
4 92 93 1956 949
4 2208 2211 2100 3659
4 960 1172 1153 3552
4 2606 3179 3176 3575
4 578 524 208 3227
4 2361 3074 3032 3409
4 675 590 360 3594
4 388 3560 307 3676
4 486 423 568 3483
4 2194 177 176 1678
4 2600 3045 2544 3287
4 2327 2550 2668 3280
4 2381 2499 3096 3177
4 1454 1712 8 2231
4 7 1456 2232 1198
4 3169 2626 3560 3676
4 1966 2233 9 1711
4 2590 3091 2653 3437
4 55 54 906 1224
4 518 11 218 3285
4 2192 2001 2232 3223
4 188 187 1994 1472
4 2 1199 935 1453
4 1170 100 99 1945
4 1547 1668 1553 3687
4 2192 146 147 1417
4 1968 1710 5 936
4 2493 2709 2670 3041
4 66 67 891 1660
4 3180 3607 2656 3684
4 275 259 3434 3634
4 6 2230 1965 1196
4 2378 3099 2999 3400
4 2493 2670 2352 3041
4 1523 1521 1669 3603
4 2342 2496 2659 2998
4 2721 3018 2352 3377
4 93 94 1722 1121
4 358 349 350 3457
4 1065 1073 1064 3335
4 1455 937 4 1709
4 2602 2918 3671 3674
4 550 608 531 3570
4 684 492 224 3429
4 2928 3112 2525 3444
4 1181 1069 1070 3700
4 1424 134 135 1657
4 2164 2029 2023 3678
4 642 2829 3550 3551
4 1213 1381 1442 3430
4 2327 2668 2502 3363
4 790 821 880 3655
4 1631 64 63 863
4 3031 3158 2386 3562
4 1034 1021 1015 3660
4 95 94 1112 1866
4 2284 2554 2462 3599
4 394 3431 2841 3554
4 198 199 1721 1982
4 285 3206 2939 3634
4 378 569 396 3440
4 2532 2590 2308 3437
4 2356 2627 2472 3058
4 2365 2614 3162 3696
4 91 92 1897 970
4 911 56 57 1681
4 2327 2819 2555 3280
4 1731 75 74 695
4 2361 2641 2488 3074
4 1466 185 186 1987
4 1238 1240 1397 3670
4 3 1197 1967 934
4 2653 3007 2364 3242
4 305 511 289 3631
4 2488 3421 2813 3460
4 2795 3184 2440 3185
4 2842 3631 511 3637
4 1435 1358 1447 3614
4 584 252 583 3492
4 2555 3191 3013 3280
4 440 446 455 3613
4 2544 2596 2294 3287
4 47 48 1204 914
4 2489 3115 3055 3365
4 435 3134 647 3643
4 2893 3457 358 3483
4 511 3631 305 3637
4 2516 3642 3177 3671
4 181 180 2191 1649
4 2348 2483 3017 3100
4 171 170 1727 1703
4 305 3109 416 3637
4 2370 2602 2544 3045
4 1456 1227 1417 3223
4 1468 179 180 1992
4 1981 107 108 1148
4 1713 1636 1474 3419
4 2054 2046 2133 3675
4 1868 1951 1833 3596
4 965 114 113 2186
4 1159 32 33 908
4 2203 198 197 1934
4 171 172 1471 1917
4 196 195 1986 1725
4 282 281 279 3527
4 581 407 587 3476
4 1585 1573 1605 3667
4 124 125 1190 1420
4 102 103 1998 1130
4 3031 2386 3158 3475
4 2422 2613 2525 3206
4 160 159 1226 2195
4 2651 3185 3108 3339
4 513 397 371 3400
4 707 42 41 1416
4 2733 3338 378 3400
4 126 125 1412 953
4 2004 205 204 1943
4 51 50 913 1208
4 376 575 439 3467
4 54 53 705 1409
4 2451 2847 2765 3551
4 2544 3045 2602 3066
4 2826 3190 323 3683
4 2502 3363 3030 3415
4 1192 963 1078 3498
4 348 3457 3022 3628
4 1204 1440 1386 3600
4 1796 1854 1926 3656
4 2480 2651 2440 3185
4 2577 2892 2361 3409
4 562 460 560 3377
4 2352 2670 2622 3018
4 363 3380 355 3621
4 256 268 253 3462
4 117 116 1225 1177
4 920 882 792 3635
4 104 105 1990 1153
4 1733 193 194 1996
4 2496 2386 3049 3158
4 2193 101 102 967
4 378 3338 2733 3440
4 1409 1452 1342 3583
4 2673 2463 3354 3666
4 337 335 334 3503
4 408 457 393 3554
4 1885 1883 1794 3636
4 634 3169 445 3676
4 2633 3133 2444 3230
4 50 49 876 1430
4 37 36 694 955
4 374 658 612 3553
4 634 543 649 3501
4 455 446 679 3613
4 1119 110 109 2207
4 2478 2686 2374 2923
4 611 3142 3141 3607
4 178 177 1997 1479
4 322 571 324 3684
4 629 449 556 3528
4 3066 3096 2578 3561
4 1470 60 59 697
4 1373 1207 1449 3659
4 273 315 297 3575
4 1739 163 162 1640
4 2544 2602 2381 3066
4 905 935 40 1186
4 435 3444 3134 3643
4 128 129 1131 1220
4 2499 2578 2381 3096
4 2554 2774 2494 2995
4 2668 3030 2502 3363
4 2451 3413 2847 3567
4 1085 1063 1086 3685
4 651 481 685 3474
4 552 309 304 3562
4 2978 3567 553 3584
4 1451 1330 1204 3485
4 2387 2551 2955 3532
4 584 262 530 3491
4 2976 3207 2618 3483
4 1947 72 71 907
4 887 32 31 1167
4 2371 2772 2891 3072
4 1206 138 139 1461
4 526 609 0 3604
4 3177 3642 381 3671
4 2494 2554 2315 2774
4 1624 140 139 1428
4 1962 1851 1979 3502
4 112 113 1993 1139
4 691 31 30 952
4 2443 3012 2800 3312
4 446 3396 641 3613
4 1985 110 111 1141
4 2566 3613 3356 3680
4 2472 3115 2560 3305
4 2731 2939 2515 2973
4 215 21 20 3598
4 293 292 291 3394
4 3074 3409 2641 3604
4 532 345 545 3680
4 440 3356 2805 3613
4 248 577 245 3609
4 2355 3013 2773 3394
4 150 149 1215 2201
4 2320 2670 2493 2709
4 2626 3464 3158 3560
4 2420 2829 2592 3503
4 2000 204 203 1737
4 2554 2877 2462 3599
4 2368 2504 2986 3273
4 2659 2998 2496 3049
4 622 3437 309 3562
4 2415 2673 2551 3168
4 97 96 1154 1729
4 2626 2445 3169 3298
4 1142 89 88 1735
4 45 46 1402 693
4 2603 3163 3162 3584
4 2404 2999 2531 3380
4 341 451 343 3584
4 462 574 644 3561
4 2188 147 148 1223
4 526 0 3396 3604
4 950 122 123 1426
4 2725 2726 2402 3378
4 1198 1168 968 3223
4 2590 2653 2308 3437
4 536 537 665 3532
4 523 660 475 3671
4 342 339 341 3585
4 49 48 689 1451
4 2322 2721 2665 3179
4 2829 3503 2978 3567
4 2668 3280 2550 3476
4 922 53 52 1216
4 2554 2462 2877 3431
4 425 424 418 3674
4 1724 90 91 1144
4 2525 2928 2652 3112
4 2368 2650 2504 3273
4 87 88 1910 964
4 490 3273 3055 3597
4 2603 3162 2565 3584
4 2515 2816 2396 3528
4 1386 46 47 897
4 421 529 422 3409
4 1639 133 132 1411
4 2560 3305 3115 3395
4 2328 2606 3176 3575
4 1322 1291 1323 3668
4 28 27 868 1132
4 2462 2684 3262 3431
4 2656 3520 3190 3684
4 2531 2326 2796 3207
4 2504 3055 2986 3273
4 2532 2308 2653 3437
4 193 192 2215 1959
4 442 441 489 3597
4 641 3396 2869 3613
4 2402 2773 3378 3527
4 634 543 3501 3676
4 2342 2659 2916 2998
4 2226 182 181 1623
4 2372 2726 2725 2870
4 246 3407 2923 3609
4 2372 2870 2725 3155
4 2227 2181 2093 3557
4 2986 3055 490 3273
4 434 508 609 3421
4 2641 3409 2892 3467
4 414 383 572 3696
4 1444 1378 1217 3624
4 2965 3220 2516 3642
4 642 327 554 3551
4 2590 2386 3158 3562
4 2622 2352 3018 3377
4 2554 3011 2774 3554
4 114 115 2001 1168
4 2577 2361 3032 3409
4 1477 58 57 704
4 303 307 388 3560
4 2650 3010 2504 3597
4 894 73 74 1933
4 877 38 37 1192
4 1936 84 83 916
4 3141 3142 2656 3607
4 2725 2402 2773 3378
4 2568 3491 3100 3492
4 1465 165 166 1963
4 1712 1676 1481 3580
4 159 158 1443 1999
4 120 119 1406 958
4 2003 2195 2231 3580
4 2443 3044 2965 3312
4 2522 2680 2383 3143
4 3158 3464 304 3560
4 2370 2609 3171 3277
4 526 436 609 3604
4 2923 3101 2478 3462
4 1928 170 169 1704
4 327 667 554 3551
4 2656 3141 2383 3142
4 2373 2765 3180 3683
4 2502 3030 2622 3415
4 2531 2999 2832 3499
4 2515 2396 2882 3528
4 2540 2541 2309 3194
4 2877 2978 2420 3503
4 2522 2383 2795 3143
4 2480 3017 2651 3185
4 3101 3170 2478 3462
4 1676 145 144 1418
4 2516 3220 3177 3642
4 1710 56 5 936
4 935 41 2 1453
4 8 145 1712 1454
4 2232 115 7 1198
4 7 130 1456 1198
4 9 175 1966 1711
4 9 205 2233 1966
4 2230 191 6 1965
4 2524 2392 3117 3118
4 325 323 324 3683
4 105 106 2179 954
4 284 283 275 3634
4 5 85 1968 936
4 4 55 937 1455
4 2618 2377 2976 3483
4 5 161 1710 1968
4 2344 2578 2788 2898
4 188 189 1691 2220
4 1199 2 116 1453
4 553 554 451 3567
4 99 98 1158 1736
4 133 134 1219 1473
4 108 109 2228 948
4 444 403 571 3607
4 2602 2918 2349 3671
4 266 267 238 3665
4 1967 71 3 934
4 1965 100 6 1196
4 2370 2602 3045 3171
4 306 305 298 3654
4 1438 118 117 966
4 963 38 39 703
4 2344 2596 2578 2898
4 2641 2488 3421 3604
4 6 101 2230 1196
4 69 68 1665 872
4 210 18 224 3526
4 2774 2995 2554 3554
4 3142 3520 2656 3684
4 3134 3444 3112 3643
4 2651 3017 2483 3107
4 2389 2925 2731 2973
4 34 33 687 947
4 2361 2641 3074 3409
4 961 28 29 699
4 2488 3074 2641 3421
4 937 70 4 1709
4 2939 3206 2816 3634
4 353 579 355 3621
4 3074 3421 2488 3460
4 2440 2795 2650 3184
4 308 3464 3091 3676
4 2443 2965 2513 3012
4 322 3683 3190 3684
4 2515 2939 2816 3634
4 2326 2473 2796 2976
4 1199 40 2 935
4 616 681 381 3642
4 674 537 536 3532
4 307 543 445 3676
4 3023 3273 2986 3429
4 2842 2524 3117 3631
4 2541 2882 2396 3072
4 2816 3134 2772 3528
4 315 3520 3176 3575
4 647 512 538 3643
4 1700 143 142 1421
4 1088 34 35 929
4 1401 140 141 1702
4 2622 2532 3154 3616
4 1207 153 152 2211
4 2504 2859 3055 3597
4 1197 86 3 1967
4 2877 2420 3011 3503
4 1454 8 160 2231
4 1712 190 8 2231
4 121 122 1179 1446
4 2379 3154 2800 3377
4 1431 136 137 1670
4 512 511 416 3637
4 2999 3099 2378 3323
4 2462 2841 2684 3431
4 2796 2473 3277 3553
4 2923 3513 245 3609
4 184 183 2200 1698
4 403 3607 3180 3684
4 1442 43 44 698
4 1178 120 121 1209
4 3055 3364 2489 3365
4 1218 119 118 1175
4 3 26 1197 934
4 3024 3109 2385 3112
4 3045 3287 2600 3594
4 124 123 1205 1185
4 2205 154 155 1405
4 2571 3637 2842 3643
4 2578 3066 2381 3096
4 2877 3011 2554 3431
4 2383 3141 2795 3143
4 2383 3142 3141 3143
4 341 2978 3584 3585
4 960 104 103 2219
4 2826 2373 3190 3683
4 185 184 2182 1695
4 1988 150 151 1414
4 2541 3072 2891 3194
4 72 73 702 1738
4 166 167 1656 1976
4 2352 2606 2493 3041
4 2554 2841 2462 3431
4 2909 3027 2421 3491
4 187 186 2221 1692
4 2566 3316 2869 3613
4 2233 176 9 1711
4 2554 2841 3431 3554
4 156 157 1991 1444
4 2686 2882 2374 3407
4 1456 146 7 2232
4 2540 2541 3194 3609
4 2473 2577 3123 3553
4 2882 3072 2541 3407
4 1467 136 135 1211
4 3142 3143 2680 3520
4 3112 3134 2571 3444
4 3112 3637 2571 3643
4 2796 2976 2473 3553
4 3117 3631 2524 3654
4 153 154 1983 1423
4 623 351 348 3628
4 2376 2609 3123 3423
4 2387 2813 2551 3532
4 2691 3421 2488 3604
4 2816 2939 2422 3206
4 3169 3298 2445 3440
4 1455 4 131 1709
4 2571 2842 2772 3643
4 2522 3143 2795 3339
4 2618 2893 2377 3483
4 137 138 1434 1694
4 3189 3190 2469 3520
4 548 503 672 3666
4 2478 3101 3046 3170
4 2600 3380 2796 3594
4 304 3464 3158 3562
4 2379 2800 2721 3377
4 2504 3010 2859 3597
4 2622 3415 3030 3616
4 2928 3022 2427 3628
4 2440 2795 3185 3339
4 2622 3030 2532 3616
4 2652 3024 2385 3112
4 3154 3377 2622 3616
4 3117 3527 2842 3631
4 2374 2882 2541 3407
4 305 3631 3109 3637
4 3207 3380 2531 3621
4 2680 3143 2522 3237
4 2371 2772 2571 2842
4 2653 3154 2532 3437
4 1730 165 164 1713
4 2832 2999 2378 3323
4 2554 3431 3011 3554
4 2396 2772 3072 3528
4 40 39 905 1186
4 2550 3280 3013 3476
4 2909 2421 3155 3491
4 2898 3169 2445 3440
4 2473 3123 2609 3277
4 2381 3096 3066 3177
4 2396 2816 2772 3528
4 2469 3190 2656 3520
4 634 3501 3169 3676
4 2522 3237 3143 3339
4 2208 151 152 1449
4 2496 2626 3158 3560
4 353 3207 3499 3621
4 2772 2842 2371 2891
4 324 3180 3683 3684
4 2436 3022 2613 3356
4 2427 2928 2613 3022
4 2618 3457 2893 3483
4 2163 106 107 1202
4 2531 2999 3499 3621
4 2377 2892 2976 3483
4 2650 2504 3273 3597
4 2463 3598 3354 3666
4 543 3091 3501 3676
4 3096 3220 2499 3319
4 2609 3277 3123 3423
4 3007 3091 2425 3501
4 2462 3262 2877 3431
4 2832 2928 2427 3628
4 2565 3364 2859 3413
4 2571 3134 3112 3643
4 2544 3287 3045 3561
4 3163 3584 2603 3585
4 2396 3072 2882 3528
4 2869 3396 2375 3613
4 2373 2826 2765 3683
4 3109 3631 305 3654
4 2368 2986 3023 3273
4 36 35 930 1191
4 2387 2954 2813 3532
4 2656 3607 3142 3684
4 2496 2998 2626 3560
4 2680 3142 2383 3143
4 2805 2375 3396 3613
4 2788 3007 2425 3501
4 2524 3631 3109 3654
4 2420 2978 2829 3503
4 2965 3012 2443 3312
4 2531 3380 2999 3621
4 2566 2805 3356 3613
4 2532 3437 3154 3616
4 307 3560 3464 3676
4 3176 3189 2469 3520
4 3055 3273 2504 3597
4 2377 2893 2892 3483
4 2626 3464 3560 3676
4 2387 2955 2954 3532
4 3207 2531 3499 3621
4 3123 3277 2473 3553
4 2772 3134 2571 3643
4 2923 2540 3513 3609
4 2603 3584 2978 3585
4 2590 3158 3464 3562
4 3488 1629 2616 1611
4 3488 2616 1629 3299
4 3221 796 2533 3067
4 3221 2533 796 782
4 1273 2775 3523 1284
4 3523 2775 1273 2771
4 3523 1285 1273 1284
4 1273 1285 3523 2771
4 3583 3371 1338 2823
4 2984 829 816 831
4 2984 816 829 2854
4 3234 2212 2543 3127
4 3234 2543 2212 2159
4 1010 3125 1099 1097
4 1099 3125 1010 3008
4 2919 1616 2872 2751
4 2919 2872 1616 1674
4 3661 1600 1672 1599
4 3661 1672 1600 2740
4 2443 3359 3383 2279
4 3383 3359 2443 2299
4 1340 3583 1338 1342
4 1338 3583 1340 3371
4 3644 2296 2260 2685
4 3644 2260 2296 2445
4 2693 1467 1670 1717
4 2693 1670 1467 1211
4 2919 2497 941 2751
4 3449 941 2497 2751
4 3381 3092 3393 2581
4 3381 3393 3092 2430
4 3647 1837 1820 2802
4 3647 1820 1837 1838
4 3208 721 804 873
4 3208 804 721 2492
4 3468 1284 1273 1274
4 3468 1273 1284 2519
4 3580 1222 1413 1418
4 3580 1413 1222 2675
4 3438 1771 1756 2605
4 3438 1756 1771 1758
4 2508 2171 2121 2146
4 2508 2121 2171 3374
4 3583 1338 1458 2744
4 3583 1458 1338 1342
4 3441 2228 2718 948
4 3441 2718 2228 2107
4 3423 424 2609 626
4 3423 2609 424 3674
4 3171 2609 424 626
4 3171 424 2609 3674
4 1792 3572 1906 1776
4 1906 3572 1792 3068
4 3446 1511 1526 1597
4 3446 1526 1511 2520
4 3061 2341 3068 2453
4 3061 3068 2341 2694
4 3075 1920 1746 2460
4 3075 1746 1920 1747
4 2053 3259 3539 2060
4 3539 3259 2053 2505
4 2929 2900 3266 2276
4 2929 3266 2900 2409
4 3294 1303 1292 1298
4 3294 1292 1303 2825
4 1319 2675 2887 1413
4 2887 2675 1319 3035
4 3580 1999 2190 2195
4 3580 2190 1999 2675
4 2638 2443 2322 2279
4 2638 2322 2443 3630
4 3068 3469 3572 1792
4 3068 3572 3469 2491
4 1776 3572 3469 1792
4 1776 3469 3572 2491
4 3311 2997 2267 2581
4 3311 2267 2997 2456
4 2799 1626 1621 1555
4 2799 1621 1626 2453
4 2730 3248 2363 2672
4 2363 3248 2730 2546
4 3377 650 2622 630
4 3377 2622 650 3018
4 1211 2780 2693 1432
4 2693 2780 1211 3450
4 2555 3191 242 2909
4 3539 2175 2593 2157
4 3539 2593 2175 2866
4 3543 2279 3196 2379
4 3543 3196 2279 2434
4 3075 1924 1745 1748
4 3075 1745 1924 2749
4 3428 3126 2550 2355
4 3428 2550 3126 2254
4 2311 2550 3126 2355
4 2311 3126 2550 2254
4 3140 3021 2889 2476
4 3140 2889 3021 1587
4 2919 3449 941 2497
4 941 3449 2919 921
4 3478 1549 1548 1542
4 3478 1548 1549 2526
4 3426 2094 2104 2087
4 3426 2104 2094 2798
4 3371 1338 1339 1340
4 3371 1339 1338 2823
4 3222 2860 2330 2512
4 2330 2860 3222 2485
4 2330 2793 3222 2512
4 3222 2793 2330 2485
4 3192 2828 2252 2520
4 3192 2252 2828 2446
4 3078 2169 2047 2045
4 3078 2047 2169 2781
4 3140 1588 2646 2889
4 3140 2646 1588 1689
4 3253 3268 2766 2434
4 2766 3268 3253 2558
4 3360 1046 1035 1106
4 3360 1035 1046 2852
4 2490 3525 1524 3021
4 2490 1524 3525 3122
4 1516 1524 3525 3021
4 1516 3525 1524 3122
4 336 3503 2774 333
4 2774 3503 336 3011
4 3222 1791 1810 1809
4 3222 1810 1791 2485
4 3436 2549 1249 2792
4 3436 1249 2549 3210
4 3309 2564 2791 2403
4 2791 2564 3309 3121
4 2791 2575 3309 2403
4 3309 2575 2791 3121
4 3523 3371 2431 3506
4 3523 2431 3371 2780
4 3351 2777 3175 2275
4 3351 3175 2777 2491
4 3236 3498 1089 2546
4 3236 1089 3498 1078
4 3083 1089 3498 2546
4 3083 3498 1089 1078
4 3456 2317 3000 2322
4 3456 3000 2317 2248
4 1866 951 2934 1112
4 1866 2934 951 1913
4 1933 3647 1932 1853
4 1932 3647 1933 2884
4 3113 1278 3095 1280
4 3113 3095 1278 2477
4 1600 3687 1672 1668
4 1672 3687 1600 2740
4 3137 3014 1535 2527
4 3137 1535 3014 1612
4 3102 2588 2496 2311
4 3102 2496 2588 2659
4 2655 2200 2182 2236
4 2655 2182 2200 1698
4 3668 3523 1376 1323
4 3668 1376 3523 2775
4 2710 3071 3449 808
4 2710 3449 3071 2744
4 824 3449 3071 808
4 824 3071 3449 2744
4 760 3529 834 2672
4 760 834 3529 754
4 3248 834 3529 2672
4 3248 3529 834 754
4 3264 1684 1580 1569
4 3264 1580 1684 2561
4 3351 3069 3231 2275
4 3351 3231 3069 2662
4 3157 1202 2639 2163
4 3157 2639 1202 1083
4 3210 3104 2259 2549
4 3210 2259 3104 2575
4 3522 3297 1806 1925
4 3522 1806 3297 2538
4 3466 1695 1696 1466
4 3466 1696 1695 2655
4 2940 1950 1844 1934
4 2940 1844 1950 2671
4 3070 1767 1765 1891
4 3070 1765 1767 2637
4 3647 1843 1837 2899
4 3647 1837 1843 1838
4 3608 2537 2837 2267
4 3608 2837 2537 2587
4 3181 1071 1046 2514
4 3181 1046 1071 1047
4 3248 931 865 3236
4 3248 865 931 814
4 2204 2959 2236 2152
4 2236 2959 2204 2655
4 3344 2640 3261 2238
4 3344 3261 2640 2399
4 2220 3580 2097 2003
4 2097 3580 2220 3006
4 2279 3543 2308 2379
4 2308 3543 2279 3268
4 3564 3578 1363 1248
4 1363 3578 3564 2715
4 2984 3236 830 832
4 830 3236 2984 2730
4 3124 3652 2076 2484
4 2076 3652 3124 2010
4 3694 2242 2417 2941
4 3694 2417 2242 2757
4 2843 2957 2321 2642
4 2321 2957 2843 2649
4 3239 1183 2886 1102
4 3239 2886 1183 2466
4 3050 1450 1372 1316
4 3050 1372 1450 2553
4 3002 1716 3256 1637
4 3002 3256 1716 2669
4 2694 3419 2911 1636
4 2694 2911 3419 2512
4 1574 2911 3419 1636
4 1574 3419 2911 2512
4 3655 2749 2360 3209
4 3655 2360 2749 3128
4 1820 3517 2724 1818
4 2724 3517 1820 2802
4 3539 2347 2866 2862
4 3539 2866 2347 2593
4 233 232 3027 604
4 233 3027 232 3107
4 3100 3027 232 604
4 3100 232 3027 3107
4 2989 918 3635 819
4 2989 3635 918 2758
4 3191 242 501 500
4 3191 501 242 3155
4 632 3674 3423 424
4 3423 3674 632 2995
4 3608 3311 3465 2456
4 3608 3465 3311 2837
4 2931 2656 2383 2281
4 2931 2383 2656 2509
4 3116 3649 3372 2643
4 3372 3649 3116 2248
4 1410 922 52 1216
4 1410 52 922 696
4 3318 2223 2224 1986
4 3318 2224 2223 2671
4 2957 2739 2507 2619
4 2957 2507 2739 2321
4 2885 2507 2739 2619
4 2885 2739 2507 2321
4 3345 2835 3048 2530
4 3345 3048 2835 2264
4 3147 2307 2844 3036
4 3147 2844 2307 2255
4 2494 2770 2256 2315
4 2256 2770 2494 2289
4 2566 2920 2422 2283
4 2422 2920 2566 2318
4 3487 2581 2032 2837
4 3487 2032 2581 3092
4 3347 2039 2042 2168
4 3347 2042 2039 3092
4 3662 1898 1918 2753
4 3662 1918 1898 1726
4 3697 2770 2284 2982
4 3697 2284 2770 3265
4 3152 1880 3517 2766
4 3152 3517 1880 1817
4 2872 1688 2585 1614
4 2872 2585 1688 2752
4 3126 2353 3428 3060
4 3126 3428 2353 2794
4 3012 3630 2665 2513
4 2665 3630 3012 2322
4 3692 3559 765 763
4 3692 765 3559 2759
4 1999 1226 159 2195
4 1999 159 1226 1443
4 3662 879 896 690
4 3662 896 879 2753
4 3049 595 2496 300
4 3049 2496 595 2998
4 3560 2496 595 300
4 3560 595 2496 2998
4 2385 2926 2900 2304
4 2900 2926 2385 2262
4 3555 3246 2292 3250
4 3555 2292 3246 2682
4 2861 3360 2676 2717
4 2676 3360 2861 2337
4 3566 2432 2863 2912
4 3566 2863 2432 3124
4 3208 723 721 873
4 3208 721 723 2888
4 3402 2309 2446 3034
4 3402 2446 2309 2252
4 3695 2354 3530 2970
4 3695 3530 2354 2548
4 2971 970 1156 1144
4 2971 1156 970 2644
4 3157 3001 2092 2639
4 3193 838 841 945
4 3193 841 838 2511
4 3473 1093 991 996
4 3473 991 1093 2822
4 3208 804 847 873
4 3208 847 804 3015
4 3461 2418 2350 2990
4 3461 2350 2418 2685
4 3484 1433 3294 1429
4 3484 3294 1433 2902
4 3223 2120 2188 2192
4 3223 2188 2120 2589
4 3334 1310 3633 1327
4 3334 3633 1310 3042
4 1695 1987 185 1466
4 1695 185 1987 2182
4 3200 1012 1024 2951
4 3200 1024 1012 1025
4 3587 964 3120 2899
4 3587 3120 964 1143
4 3427 1083 1202 2639
4 3427 1202 1083 954
4 3455 964 1910 1735
4 1910 964 3455 2899
4 1910 1974 3455 1735
4 3455 1974 1910 2899
4 591 3474 398 481
4 398 3474 591 3298
4 2076 3124 2161 2010
4 2161 3124 2076 2927
4 1961 3507 1909 1845
4 1909 3507 1961 3063
4 1649 2226 2904 2191
4 1649 2904 2226 1623
4 3325 3566 2243 3040
4 2243 3566 3325 2912
4 1488 2992 3542 1490
4 3542 2992 1488 2924
4 3611 3105 3308 2382
4 3611 3308 3105 2640
4 2588 2905 2276 2392
4 2276 2905 2588 2311
4 3446 1526 1573 1597
4 3446 1573 1526 2967
4 3085 3482 3077 2426
4 3077 3482 3085 2595
4 2090 3157 2092 2217
4 2092 3157 2090 3001
4 2627 3608 2273 2356
4 2273 3608 2627 2310
4 2273 2486 2627 2356
4 2627 2486 2273 2310
4 3640 2033 2612 2034
4 3640 2612 2033 3314
4 3566 3264 2561 2325
4 3566 2561 3264 2475
4 2844 3147 3198 2255
4 3198 3147 2844 2437
4 3523 2431 2338 2771
4 3523 2338 2431 2780
4 3338 573 2596 377
4 3338 2596 573 3287
4 3532 24 23 536
4 3532 23 24 3168
4 2764 821 798 787
4 2764 798 821 3664
4 3209 710 893 2749
4 3209 893 710 874
4 3446 1512 3192 1597
4 3446 3192 1512 2598
4 1121 1956 2917 1722
4 1121 2917 1956 949
4 2151 3417 2150 2148
4 2150 3417 2151 2661
4 3406 2658 2956 2716
4 3406 2956 2658 2748
4 3679 2308 3268 2249
4 3679 3268 2308 2364
4 3396 2641 2691 2375
4 3396 2691 2641 3604
4 2870 2309 2300 2372
4 2870 2300 2309 2540
4 2606 2258 2493 2328
4 2606 2493 2258 2352
4 3182 1370 1279 1236
4 3182 1279 1370 2745
4 272 3575 2680 273
4 2680 3575 272 3237
4 2680 459 272 273
4 272 459 2680 3237
4 2994 261 563 2486
4 2994 563 261 235
4 2836 3035 2993 2557
4 2993 3035 2836 2552
4 1963 1713 3419 1465
4 3419 1713 1963 1730
4 3643 615 512 3637
4 3643 512 615 673
4 3545 2822 2268 2704
4 3545 2268 2822 3053
4 3171 424 418 379
4 3171 418 424 3674
4 260 3666 2686 2925
4 260 2686 3666 3170
4 2389 2686 3666 2925
4 2389 3666 2686 3170
4 3385 3092 3381 2508
4 3385 3381 3092 2430
4 3669 3695 2354 3218
4 2354 3695 3669 2970
4 3435 925 699 888
4 3435 699 925 2728
4 3515 2452 3681 2864
4 3515 3681 2452 2833
4 3270 3086 2697 2277
4 3270 2697 3086 2623
4 3455 3507 2899 2539
4 2899 3507 3455 1960
4 3479 1593 3201 1559
4 3479 3201 1593 2580
4 3302 2734 2281 2931
4 3302 2281 2734 3279
4 3663 3040 2794 2353
4 3663 2794 3040 3325
4 3652 2007 2702 2974
4 3652 2702 2007 2006
4 425 3674 494 493
4 425 494 3674 2918
4 3249 494 3674 493
4 3249 3674 494 2918
4 3386 2519 1273 2815
4 3386 1273 2519 2771
4 456 3395 535 448
4 535 3395 456 3365
4 3664 2689 821 2764
4 3664 821 2689 3655
4 3026 3301 3408 2542
4 3408 3301 3026 2556
4 2963 3268 3253 2434
4 3253 3268 2963 2249
4 3645 3088 3269 2666
4 3645 3269 3088 2450
4 2813 596 211 653
4 2813 211 596 2691
4 3474 514 3099 685
4 3474 3099 514 3024
4 3237 271 222 3041
4 3237 222 271 272
4 2310 2273 2348 2486
4 2310 2348 2273 3257
4 3553 485 657 658
4 3553 657 485 2892
4 3229 1028 1049 1051
4 3229 1049 1028 2855
4 3581 2822 2465 3473
4 3581 2465 2822 2704
4 1999 1217 158 1443
4 158 1217 1999 2198
4 2957 1030 1031 1150
4 2957 1031 1030 3200
4 3509 1575 1667 2712
4 3509 1667 1575 1664
4 3519 1458 1410 1337
4 3519 1410 1458 2744
4 3540 1959 1902 1733
4 3540 1902 1959 2798
4 3526 563 19 2627
4 3526 19 563 18
4 3256 1905 1476 2669
4 3256 1476 1905 1732
4 3697 3265 2642 2803
4 3697 2642 3265 2433
4 3589 3515 3688 2458
4 3589 3688 3515 2631
4 3164 891 898 2705
4 3164 898 891 692
4 1 3616 2622 466
4 2622 3616 1 3415
4 3582 2865 2069 2611
4 3582 2069 2865 3217
4 1729 962 2648 1154
4 2648 962 1729 1935
4 3576 3093 2953 2584
4 3576 2953 3093 2407
4 1166 1128 3427 1195
4 1166 3427 1128 3681
4 2562 3427 1128 1195
4 2562 1128 3427 3681
4 3191 499 242 500
4 3191 242 499 2555
4 910 2716 839 944
4 910 839 2716 3193
4 3521 2368 2480 2269
4 3521 2480 2368 2310
4 3377 650 655 3018
4 3377 655 650 560
4 3439 2645 2333 3366
4 3439 2333 2645 2723
4 2927 2333 2645 3366
4 2927 2645 2333 2723
4 1426 1185 3064 1205
4 3064 1185 1426 950
4 2774 333 3249 336
4 2774 3249 333 2592
4 580 3249 333 336
4 580 333 3249 2592
4 2979 3625 3451 2706
4 3451 3625 2979 2506
4 2571 2262 2525 2306
4 2571 2525 2262 2385
4 3467 376 358 375
4 358 376 3467 2893
4 358 3457 3467 375
4 3467 3457 358 2893
4 3282 454 3460 402
4 3282 3460 454 2574
4 3354 522 2673 22
4 3354 2673 522 2955
4 2568 3129 2263 2300
4 2263 3129 2568 2348
4 1186 703 3038 963
4 3038 703 1186 905
4 3641 2239 2692 3232
4 3641 2692 2239 3555
4 3692 2536 762 3376
4 3692 762 2536 2980
4 3036 2551 3658 2307
4 3036 3658 2551 2287
4 3636 2345 3496 2746
4 3636 3496 2345 2743
4 3334 1176 3335 2619
4 3334 3335 1176 1073
4 3242 310 509 2653
4 3242 509 310 313
4 3557 3566 2561 2974
4 2561 3566 3557 2475
4 3680 346 328 345
4 3680 328 346 2613
4 3351 2386 3069 2275
4 3351 3069 2386 2311
4 3259 2095 2084 2083
4 3259 2084 2095 2862
4 2994 2319 3101 2486
4 2994 3101 2319 2698
4 1455 906 55 937
4 1455 55 906 1224
4 3664 894 892 822
4 3664 892 894 2884
4 2830 497 600 2665
4 2830 600 497 676
4 2788 2364 2285 2425
4 2788 2285 2364 2499
4 402 3460 458 645
4 458 3460 402 3282
4 3492 3296 3100 2568
4 3492 3100 3296 263
4 3651 3679 3442 2897
4 3442 3679 3651 2285
4 3594 357 463 2600
4 3594 463 357 675
4 3017 17 225 16
4 3017 225 17 2850
4 1782 3353 1784 1783
4 1784 3353 1782 3271
4 3295 3216 2828 2391
4 3295 2828 3216 2520
4 1148 2228 3157 948
4 1148 3157 2228 1981
4 3682 2623 1260 3352
4 3682 1260 2623 3065
4 3600 912 812 3530
4 3600 812 912 897
4 3569 3139 2732 2397
4 3569 2732 3139 2610
4 2954 3696 3395 2614
4 2954 3395 3696 414
4 2998 2296 2445 2342
4 2998 2445 2296 2626
4 3415 598 464 597
4 3415 464 598 3363
4 2015 3691 2016 2017
4 2016 3691 2015 3019
4 1943 2000 3132 1737
4 1943 3132 2000 2004
4 3376 734 2635 3174
4 3376 2635 734 735
4 730 2635 734 3174
4 730 734 2635 735
4 3168 211 3532 2551
4 3168 3532 211 24
4 3363 432 438 2668
4 3363 438 432 465
4 2359 2801 2595 3272
4 2595 2801 2359 3617
4 3421 653 3460 508
4 3421 3460 653 2813
4 458 3460 653 508
4 458 653 3460 2813
4 3395 3696 456 2614
4 3409 484 3467 529
4 3409 3467 484 2892
4 3443 3460 2574 2334
4 2574 3460 3443 2813
4 3491 240 2909 3027
4 3491 2909 240 530
4 2044 3640 2034 2167
4 2034 3640 2044 3310
4 3676 388 3169 445
4 3676 3169 388 3560
4 3456 3433 3359 2401
4 3456 3359 3433 2638
4 3474 591 588 481
4 3474 588 591 2916
4 2898 498 377 2596
4 2898 377 498 640
4 3670 2628 1239 3320
4 3670 1239 2628 3182
4 3323 468 610 664
4 3323 610 468 3099
4 3433 3517 2766 3152
4 2766 3517 3433 2435
4 3608 3465 3331 2456
4 3608 3331 3465 2587
4 3568 2641 3104 2361
4 3568 3104 2641 2316
4 385 2565 3584 620
4 3584 2565 385 3162
4 3354 2307 2955 2560
4 3354 2955 2307 2673
4 1988 3659 1449 2208
4 1449 3659 1988 3422
4 3578 1356 1357 1309
4 3578 1357 1356 3392
4 701 1665 68 872
4 701 68 1665 1475
4 3207 2298 3499 2531
4 3207 3499 2298 2618
4 2832 3499 2298 2531
4 2832 2298 3499 2618
4 3295 3673 3246 2828
4 3246 3673 3295 2682
4 3230 217 13 2633
4 3230 13 217 504
4 767 3592 768 769
4 768 3592 767 3243
4 3395 2387 2954 2614
4 3395 2954 2387 2955
4 3462 257 260 2686
4 3462 260 257 256
4 439 3613 3396 446
4 3396 3613 439 2805
4 3562 308 3437 309
4 3562 3437 308 3464
4 2978 2451 2949 2420
4 2949 2451 2978 2603
4 2949 2313 2978 2420
4 2978 2313 2949 2603
4 954 2163 106 2179
4 954 106 2163 1202
4 3280 3363 555 438
4 555 3363 3280 2819
4 555 515 3280 438
4 3280 515 555 2819
4 3585 2313 2978 2603
4 3585 2978 2313 2877
4 1196 2193 2714 967
4 1196 2714 2193 2230
4 2680 2469 3176 2328
4 2680 3176 2469 3520
4 3503 2774 2420 3011
4 3503 2420 2774 2592
4 3551 2314 3550 2765
4 3551 3550 2314 2829
4 3434 2686 2515 2973
4 3434 2515 2686 2882
4 2955 2305 2307 2387
4 2955 2307 2305 2560
4 3598 2356 3046 2463
4 3598 3046 2356 3058
4 3616 3031 2532 3437
4 3616 2532 3031 3030
4 3191 2773 2355 3013
4 3191 2355 2773 2725
4 3674 2609 2602 2494
4 3674 2602 2609 3171
4 3575 2493 3237 2680
4 3575 3237 2493 3041
4 3680 565 346 345
4 3680 346 565 3356
4 3492 2540 2300 2870
4 3492 2300 2540 2698
4 3363 2327 2444 2502
4 3363 2444 2327 2819
4 3242 2443 3312 3044
4 3242 3312 2443 2800
4 3429 3115 2472 3305
4 3429 2472 3115 2986
4 3287 2404 2294 2600
4 3287 2294 2404 2596
4 3665 2673 2415 3168
4 3665 2415 2673 2925
4 3637 2385 3112 2571
4 3637 3112 2385 3109
4 3237 2709 2288 2493
4 3237 2288 2709 3227
4 3423 2494 2376 2609
4 3423 2376 2494 2995
4 3562 2386 3437 2590
4 3562 3437 2386 3031
4 2532 3437 2386 2590
4 2532 2386 3437 3031
4 3613 2375 2566 2805
4 3613 2566 2375 2869
4 3572 1809 2848 1790
4 3572 2848 1809 3222
4 1813 2848 1809 1790
4 1813 1809 2848 3222
4 3395 414 456 3696
4 456 414 3395 448

CELL_TYPES 20358
1
1
1
1
1
1
1
1
1
1
3
3
3
3
3
3
3
3
3
3
3
3
3
3
3
3
3
3
3
3
3
3
3
3
3
3
3
3
3
3
3
3
3
3
3
3
3
3
3
3
3
3
3
3
3
3
3
3
3
3
3
3
3
3
3
3
3
3
3
3
3
3
3
3
3
3
3
3
3
3
3
3
3
3
3
3
3
3
3
3
3
3
3
3
3
3
3
3
3
3
3
3
3
3
3
3
3
3
3
3
3
3
3
3
3
3
3
3
3
3
3
3
3
3
3
3
3
3
3
3
3
3
3
3
3
3
3
3
3
3
3
3
3
3
3
3
3
3
3
3
3
3
3
3
3
3
3
3
3
3
3
3
3
3
3
3
3
3
3
3
3
3
3
3
3
3
3
3
3
3
3
3
3
3
3
3
3
3
3
3
3
3
3
3
3
3
3
3
3
3
3
3
3
3
3
3
3
3
3
3
3
3
3
3
3
3
3
3
3
5
5
5
5
5
5
5
5
5
5
5
5
5
5
5
5
5
5
5
5
5
5
5
5
5
5
5
5
5
5
5
5
5
5
5
5
5
5
5
5
5
5
5
5
5
5
5
5
5
5
5
5
5
5
5
5
5
5
5
5
5
5
5
5
5
5
5
5
5
5
5
5
5
5
5
5
5
5
5
5
5
5
5
5
5
5
5
5
5
5
5
5
5
5
5
5
5
5
5
5
5
5
5
5
5
5
5
5
5
5
5
5
5
5
5
5
5
5
5
5
5
5
5
5
5
5
5
5
5
5
5
5
5
5
5
5
5
5
5
5
5
5
5
5
5
5
5
5
5
5
5
5
5
5
5
5
5
5
5
5
5
5
5
5
5
5
5
5
5
5
5
5
5
5
5
5
5
5
5
5
5
5
5
5
5
5
5
5
5
5
5
5
5
5
5
5
5
5
5
5
5
5
5
5
5
5
5
5
5
5
5
5
5
5
5
5
5
5
5
5
5
5
5
5
5
5
5
5
5
5
5
5
5
5
5
5
5
5
5
5
5
5
5
5
5
5
5
5
5
5
5
5
5
5
5
5
5
5
5
5
5
5
5
5
5
5
5
5
5
5
5
5
5
5
5
5
5
5
5
5
5
5
5
5
5
5
5
5
5
5
5
5
5
5
5
5
5
5
5
5
5
5
5
5
5
5
5
5
5
5
5
5
5
5
5
5
5
5
5
5
5
5
5
5
5
5
5
5
5
5
5
5
5
5
5
5
5
5
5
5
5
5
5
5
5
5
5
5
5
5
5
5
5
5
5
5
5
5
5
5
5
5
5
5
5
5
5
5
5
5
5
5
5
5
5
5
5
5
5
5
5
5
5
5
5
5
5
5
5
5
5
5
5
5
5
5
5
5
5
5
5
5
5
5
5
5
5
5
5
5
5
5
5
5
5
5
5
5
5
5
5
5
5
5
5
5
5
5
5
5
5
5
5
5
5
5
5
5
5
5
5
5
5
5
5
5
5
5
5
5
5
5
5
5
5
5
5
5
5
5
5
5
5
5
5
5
5
5
5
5
5
5
5
5
5
5
5
5
5
5
5
5
5
5
5
5
5
5
5
5
5
5
5
5
5
5
5
5
5
5
5
5
5
5
5
5
5
5
5
5
5
5
5
5
5
5
5
5
5
5
5
5
5
5
5
5
5
5
5
5
5
5
5
5
5
5
5
5
5
5
5
5
5
5
5
5
5
5
5
5
5
5
5
5
5
5
5
5
5
5
5
5
5
5
5
5
5
5
5
5
5
5
5
5
5
5
5
5
5
5
5
5
5
5
5
5
5
5
5
5
5
5
5
5
5
5
5
5
5
5
5
5
5
5
5
5
5
5
5
5
5
5
5
5
5
5
5
5
5
5
5
5
5
5
5
5
5
5
5
5
5
5
5
5
5
5
5
5
5
5
5
5
5
5
5
5
5
5
5
5
5
5
5
5
5
5
5
5
5
5
5
5
5
5
5
5
5
5
5
5
5
5
5
5
5
5
5
5
5
5
5
5
5
5
5
5
5
5
5
5
5
5
5
5
5
5
5
5
5
5
5
5
5
5
5
5
5
5
5
5
5
5
5
5
5
5
5
5
5
5
5
5
5
5
5
5
5
5
5
5
5
5
5
5
5
5
5
5
5
5
5
5
5
5
5
5
5
5
5
5
5
5
5
5
5
5
5
5
5
5
5
5
5
5
5
5
5
5
5
5
5
5
5
5
5
5
5
5
5
5
5
5
5
5
5
5
5
5
5
5
5
5
5
5
5
5
5
5
5
5
5
5
5
5
5
5
5
5
5
5
5
5
5
5
5
5
5
5
5
5
5
5
5
5
5
5
5
5
5
5
5
5
5
5
5
5
5
5
5
5
5
5
5
5
5
5
5
5
5
5
5
5
5
5
5
5
5
5
5
5
5
5
5
5
5
5
5
5
5
5
5
5
5
5
5
5
5
5
5
5
5
5
5
5
5
5
5
5
5
5
5
5
5
5
5
5
5
5
5
5
5
5
5
5
5
5
5
5
5
5
5
5
5
5
5
5
5
5
5
5
5
5
5
5
5
5
5
5
5
5
5
5
5
5
5
5
5
5
5
5
5
5
5
5
5
5
5
5
5
5
5
5
5
5
5
5
5
5
5
5
5
5
5
5
5
5
5
5
5
5
5
5
5
5
5
5
5
5
5
5
5
5
5
5
5
5
5
5
5
5
5
5
5
5
5
5
5
5
5
5
5
5
5
5
5
5
5
5
5
5
5
5
5
5
5
5
5
5
5
5
5
5
5
5
5
5
5
5
5
5
5
5
5
5
5
5
5
5
5
5
5
5
5
5
5
5
5
5
5
5
5
5
5
5
5
5
5
5
5
5
5
5
5
5
5
5
5
5
5
5
5
5
5
5
5
5
5
5
5
5
5
5
5
5
5
5
5
5
5
5
5
5
5
5
5
5
5
5
5
5
5
5
5
5
5
5
5
5
5
5
5
5
5
5
5
5
5
5
5
5
5
5
5
5
5
5
5
5
5
5
5
5
5
5
5
5
5
5
5
5
5
5
5
5
5
5
5
5
5
5
5
5
5
5
5
5
5
5
5
5
5
5
5
5
5
5
5
5
5
5
5
5
5
5
5
5
5
5
5
5
5
5
5
5
5
5
5
5
5
5
5
5
5
5
5
5
5
5
5
5
5
5
5
5
5
5
5
5
5
5
5
5
5
5
5
5
5
5
5
5
5
5
5
5
5
5
5
5
5
5
5
5
5
5
5
5
5
5
5
5
5
5
5
5
5
5
5
5
5
5
5
5
5
5
5
5
5
5
5
5
5
5
5
5
5
5
5
5
5
5
5
5
5
5
5
5
5
5
5
5
5
5
5
5
5
5
5
5
5
5
5
5
5
5
5
5
5
5
5
5
5
5
5
5
5
5
5
5
5
5
5
5
5
5
5
5
5
5
5
5
5
5
5
5
5
5
5
5
5
5
5
5
5
5
5
5
5
5
5
5
5
5
5
5
5
5
5
5
5
5
5
5
5
5
5
5
5
5
5
5
5
5
5
5
5
5
5
5
5
5
5
5
5
5
5
5
5
5
5
5
5
5
5
5
5
5
5
5
5
5
5
5
5
5
5
5
5
5
5
5
5
5
5
5
5
5
5
5
5
5
5
5
5
5
5
5
5
5
5
5
5
5
5
5
5
5
5
5
5
5
5
5
5
5
5
5
5
5
5
5
5
5
5
5
5
5
5
5
5
5
5
5
5
5
5
5
5
5
5
5
5
5
5
5
5
5
5
5
5
5
5
5
5
5
5
5
5
5
5
5
5
5
5
5
5
5
5
5
5
5
5
5
5
5
5
5
5
5
5
5
5
5
5
5
5
5
5
5
5
5
5
5
5
5
5
5
5
5
5
5
5
5
5
5
5
5
5
5
5
5
5
5
5
5
5
5
5
5
5
5
5
5
5
5
5
5
5
5
5
5
5
5
5
5
5
5
5
5
5
5
5
5
5
5
5
5
5
5
5
5
5
5
5
5
5
5
5
5
5
5
5
5
5
5
5
5
5
5
5
5
5
5
5
5
5
5
5
5
5
5
5
5
5
5
5
5
5
5
5
5
5
5
5
5
5
5
5
5
5
5
5
5
5
5
5
5
5
5
5
5
5
5
5
5
5
5
5
5
5
5
5
5
5
5
5
5
5
5
5
5
5
5
5
5
5
5
5
5
5
5
5
5
5
5
5
5
5
5
5
5
5
5
5
5
5
5
5
5
5
5
5
5
5
5
5
5
5
5
5
5
5
5
5
5
5
5
5
5
5
5
5
5
5
5
5
5
5
5
5
5
5
5
5
5
5
5
5
5
5
5
5
5
5
5
5
5
5
5
5
5
5
5
5
5
5
5
5
5
5
5
5
5
5
5
5
5
5
5
5
5
5
5
5
5
5
5
5
5
5
5
5
5
5
5
5
5
5
5
5
5
5
5
5
5
5
5
5
5
5
5
5
5
5
5
5
5
5
5
5
5
5
5
5
5
5
5
5
5
5
5
5
5
5
5
5
5
5
5
5
5
5
5
5
5
5
5
5
5
5
5
5
5
5
5
5
5
5
5
5
5
5
5
5
5
5
5
5
5
5
5
5
5
5
5
5
5
5
5
5
5
5
5
5
5
5
5
5
5
5
5
5
5
5
5
5
5
5
5
5
5
5
5
5
5
5
5
5
5
5
5
5
5
5
5
5
5
5
5
5
5
5
5
5
5
5
5
5
5
5
5
5
5
5
5
5
5
5
5
5
5
5
5
5
5
5
5
5
5
5
5
5
5
5
5
5
5
5
5
5
5
5
5
5
5
5
5
5
5
5
5
5
5
5
5
5
5
5
5
5
5
5
5
5
5
5
5
5
5
5
5
5
5
5
5
5
5
5
5
5
5
5
5
5
5
5
5
5
5
5
5
5
5
5
5
5
5
5
5
5
5
5
5
5
5
5
5
5
5
5
5
5
5
5
5
5
5
5
5
5
5
5
5
5
5
5
5
5
5
5
5
5
5
5
5
5
5
5
5
5
5
5
5
5
5
5
5
5
5
5
5
5
5
5
5
5
5
5
5
5
5
5
5
5
5
5
5
5
5
5
5
5
5
5
5
5
5
5
5
5
5
5
5
5
5
5
5
5
5
5
5
5
5
5
5
5
5
5
5
5
5
5
5
5
5
5
5
5
5
5
5
5
5
5
5
5
5
5
5
5
5
5
5
5
5
5
5
5
5
5
5
5
5
5
5
5
5
5
5
5
5
5
5
5
5
5
5
5
5
5
5
5
5
5
5
5
5
5
5
5
5
5
5
5
5
5
5
5
5
5
5
5
5
5
5
5
5
5
5
5
5
5
5
5
5
5
5
5
5
5
5
5
5
5
5
5
5
5
5
5
5
5
5
5
5
5
5
5
5
5
5
5
5
5
5
5
5
5
5
5
5
5
5
5
5
5
5
5
5
5
5
5
5
5
5
5
5
5
5
5
5
5
5
5
5
5
5
5
5
5
5
5
5
5
5
5
5
5
5
5
5
5
5
5
5
5
5
5
5
5
5
5
5
5
5
5
5
5
5
5
5
5
5
5
5
5
5
5
5
5
5
5
5
5
5
5
5
5
5
5
5
5
5
5
5
5
5
5
5
5
5
5
5
5
5
5
5
5
5
5
5
5
5
5
5
5
5
5
5
5
5
5
5
5
5
5
5
5
5
5
5
5
5
5
5
5
5
5
5
5
5
5
5
5
5
5
5
5
5
5
5
5
5
5
5
5
5
5
5
5
5
5
5
5
5
5
5
5
5
5
5
5
5
5
5
5
5
5
5
5
5
5
5
5
5
5
5
5
5
5
5
5
5
5
5
5
5
5
5
5
5
5
5
5
5
5
5
5
5
5
5
5
5
5
5
5
5
5
5
5
5
5
5
5
5
5
5
5
5
5
5
5
5
5
5
5
5
5
5
5
5
5
5
5
5
5
5
5
5
5
5
5
5
5
5
5
5
5
5
5
5
5
5
5
5
5
5
5
5
5
5
5
5
5
5
5
5
5
5
5
5
5
5
5
5
5
5
5
5
5
5
5
5
5
5
5
5
5
5
5
5
5
5
5
5
5
5
5
5
5
5
5
5
5
5
5
5
5
5
5
5
5
5
5
5
5
5
5
5
5
5
5
5
5
5
5
5
5
5
5
5
5
5
5
5
5
5
5
5
5
5
5
5
5
5
5
5
5
5
5
5
5
5
5
5
5
5
5
5
5
5
5
5
5
5
5
5
5
5
5
5
5
5
5
5
5
5
5
5
5
5
5
5
5
5
5
5
5
5
5
5
5
5
5
5
5
5
5
5
5
5
5
5
5
5
5
5
5
5
5
5
5
5
5
5
5
5
5
5
5
5
5
5
5
5
5
5
5
5
5
5
5
5
5
5
5
5
5
5
5
5
5
5
5
5
5
5
5
5
5
5
5
5
5
5
5
5
5
5
5
5
5
5
5
5
5
5
5
5
5
5
5
5
5
5
5
5
5
5
5
5
5
5
5
5
5
5
5
5
5
5
5
5
5
5
5
5
5
5
5
5
5
5
5
5
5
5
5
5
5
5
5
5
5
5
5
5
5
5
5
5
5
5
5
5
5
5
5
5
5
5
5
5
5
5
5
5
5
5
5
5
5
5
5
5
5
5
5
5
5
5
5
5
5
5
5
5
5
5
5
5
5
5
5
5
5
5
5
5
5
5
5
5
5
5
5
5
5
5
5
5
5
5
5
5
5
5
5
5
5
5
5
5
5
5
5
5
5
5
5
5
5
5
5
5
5
5
5
5
5
5
5
5
5
5
5
5
5
5
5
5
5
5
5
5
5
5
5
5
5
5
5
5
5
5
5
5
5
5
5
5
5
5
5
5
5
5
5
5
5
5
5
5
5
5
5
5
5
5
5
5
5
5
5
5
5
5
5
5
5
5
5
5
5
5
5
5
5
5
5
5
5
5
5
5
5
5
5
5
5
5
5
5
5
5
5
5
5
5
5
5
5
5
5
5
5
5
5
5
5
5
5
5
5
5
5
5
5
5
5
5
5
5
5
5
5
5
5
5
5
5
5
5
5
5
5
5
5
5
5
5
5
5
5
5
5
5
5
5
5
5
5
5
5
5
5
5
5
5
5
5
5
5
5
5
5
5
5
5
5
5
5
5
5
5
5
5
5
5
5
5
5
5
5
5
5
5
5
5
5
5
5
5
5
5
5
5
5
5
5
5
5
5
5
5
5
5
5
5
5
5
5
5
5
5
5
5
5
5
5
5
5
5
5
5
5
5
5
5
5
5
5
5
5
5
5
5
5
5
5
5
5
5
5
5
5
5
5
5
5
5
5
5
5
5
5
5
5
5
5
5
5
5
5
5
5
5
5
5
5
5
5
5
5
5
5
5
5
5
5
5
5
5
5
5
5
5
5
5
5
5
5
5
5
5
5
5
5
5
5
5
5
5
5
5
5
5
5
5
5
5
5
5
5
5
5
5
5
5
5
5
5
5
5
5
5
5
5
5
5
5
5
5
5
5
5
5
5
5
5
5
5
5
5
5
5
5
5
5
5
5
5
5
5
5
5
5
5
5
5
5
5
5
5
5
5
5
5
5
5
5
5
5
5
5
5
5
5
5
5
5
5
5
5
5
5
5
5
5
5
5
5
5
5
5
5
5
5
5
5
5
5
5
5
5
5
5
5
5
5
5
5
5
5
5
5
5
5
5
5
5
5
5
5
5
5
5
5
5
5
5
5
5
5
5
5
5
5
5
5
5
5
5
5
5
5
5
5
5
5
5
5
5
5
5
5
5
5
5
5
5
5
5
5
5
5
5
5
5
5
5
5
5
5
5
5
5
5
5
5
5
5
5
5
5
5
5
5
5
5
5
5
5
5
5
5
5
5
5
5
5
5
5
5
5
5
5
5
5
5
5
5
5
5
5
5
5
5
5
5
5
5
5
5
5
5
5
5
5
5
5
5
5
5
5
5
5
5
5
5
5
5
5
5
5
5
5
5
5
5
5
5
5
5
5
5
5
5
5
5
5
5
5
5
5
5
5
5
5
5
5
5
5
5
5
5
5
5
5
5
5
5
5
5
5
5
5
5
5
5
5
5
5
5
5
5
5
5
5
5
5
5
5
5
5
5
5
5
5
5
5
5
5
5
5
5
5
5
5
5
5
5
5
5
5
5
5
5
5
5
5
5
5
5
5
5
5
5
5
5
5
5
5
5
5
5
5
5
5
5
5
5
5
5
5
5
5
5
5
5
5
5
5
5
5
5
5
5
5
5
5
5
5
5
5
5
5
5
5
5
5
5
5
5
5
5
5
5
5
5
5
5
5
5
5
5
5
5
5
5
5
5
5
5
5
5
5
5
5
5
5
5
5
5
5
5
5
5
5
5
5
5
5
5
5
5
5
5
5
5
5
5
5
5
5
5
5
5
5
5
5
5
5
5
5
5
5
5
5
5
5
5
5
5
5
5
5
5
5
5
5
5
5
5
5
5
5
5
5
5
5
5
5
5
5
5
5
5
5
5
5
5
5
5
5
5
5
5
5
5
5
5
5
5
5
5
5
5
5
5
5
5
5
5
5
5
5
5
5
5
5
5
5
5
5
5
5
5
5
5
5
5
5
5
5
5
5
5
5
5
5
5
5
5
5
5
5
5
5
5
5
5
5
5
5
5
5
5
5
5
5
5
5
5
5
5
5
5
5
5
5
5
5
5
5
5
5
5
5
5
5
5
5
5
5
5
5
5
5
5
5
5
5
5
5
5
5
5
5
5
5
5
5
5
5
5
5
5
5
5
5
5
5
5
5
5
5
5
5
5
5
5
5
5
5
5
5
5
5
5
5
5
5
5
5
5
5
5
5
5
5
5
5
5
5
5
5
5
5
5
5
5
5
5
5
5
5
5
5
5
5
5
5
5
5
5
5
5
5
5
5
5
5
5
5
5
5
5
5
5
5
5
5
5
5
5
5
5
5
5
5
5
5
5
5
5
5
5
5
5
5
5
5
5
5
5
5
5
5
5
5
5
5
5
5
5
5
5
5
5
5
5
5
5
5
5
5
5
5
5
5
5
5
5
5
5
5
5
5
5
5
5
5
5
5
5
5
5
5
5
5
5
5
5
5
5
5
5
5
5
5
5
5
5
5
5
5
5
5
5
5
5
5
5
5
5
5
5
5
5
5
5
5
5
5
5
5
5
5
5
5
5
5
5
5
5
5
5
5
5
5
5
5
5
5
5
5
5
5
5
5
5
5
5
5
5
5
5
5
5
5
5
5
5
5
5
5
5
5
5
5
5
5
5
5
5
5
5
5
5
5
5
5
5
5
5
5
5
5
5
5
5
5
5
5
5
5
5
5
5
5
5
5
5
5
5
5
5
5
5
5
5
5
5
5
5
5
5
5
5
5
5
5
5
5
5
5
5
5
5
5
5
5
5
5
5
5
5
5
5
5
5
5
5
5
5
5
5
5
5
5
5
5
5
5
5
5
5
5
5
5
5
5
5
5
5
5
5
5
5
5
5
5
5
5
5
5
5
5
5
5
5
5
5
5
5
5
5
5
5
5
5
5
5
5
5
5
5
5
5
5
5
5
5
5
5
5
5
5
5
5
5
5
5
5
5
5
5
5
5
5
5
5
5
5
5
5
5
5
5
5
5
5
5
5
5
5
5
5
5
5
5
5
5
5
5
5
5
5
5
5
5
5
5
5
5
5
5
5
5
5
5
5
5
5
5
5
5
5
5
5
5
5
5
5
5
5
5
5
5
5
5
5
5
5
5
5
5
5
5
5
5
5
5
5
5
5
5
5
5
5
5
5
5
5
5
5
5
5
5
5
5
5
5
5
5
5
5
5
5
5
5
5
5
5
5
5
5
5
5
5
5
5
5
5
5
5
5
5
5
5
5
5
5
5
5
5
5
5
5
5
5
5
5
5
5
5
5
5
5
5
5
5
5
5
5
5
5
5
5
5
5
5
5
5
5
5
5
5
5
5
5
5
5
5
5
5
5
5
5
5
5
5
5
5
5
5
5
5
5
5
5
5
5
5
5
5
5
5
5
5
5
5
5
5
5
5
5
5
5
5
5
5
5
5
5
5
5
5
5
5
5
5
5
5
5
5
5
5
5
5
5
5
5
5
5
5
5
5
5
5
5
5
5
5
5
5
5
5
5
5
5
5
5
5
5
5
5
5
5
5
5
5
5
5
5
5
5
5
5
5
5
5
5
5
5
5
5
5
5
5
5
5
5
5
5
5
5
5
5
5
5
5
5
5
5
5
5
5
5
5
5
5
5
5
5
5
5
5
5
5
5
5
5
5
5
5
5
5
5
5
5
5
5
5
5
5
5
5
5
5
5
5
5
5
5
5
5
5
5
5
5
5
5
5
5
5
5
5
5
5
5
5
5
5
5
5
5
5
5
5
5
5
5
5
5
5
5
5
5
5
5
5
5
5
5
5
5
5
5
5
5
5
5
5
5
5
5
5
5
5
5
5
5
5
5
5
10
10
10
10
10
10
10
10
10
10
10
10
10
10
10
10
10
10
10
10
10
10
10
10
10
10
10
10
10
10
10
10
10
10
10
10
10
10
10
10
10
10
10
10
10
10
10
10
10
10
10
10
10
10
10
10
10
10
10
10
10
10
10
10
10
10
10
10
10
10
10
10
10
10
10
10
10
10
10
10
10
10
10
10
10
10
10
10
10
10
10
10
10
10
10
10
10
10
10
10
10
10
10
10
10
10
10
10
10
10
10
10
10
10
10
10
10
10
10
10
10
10
10
10
10
10
10
10
10
10
10
10
10
10
10
10
10
10
10
10
10
10
10
10
10
10
10
10
10
10
10
10
10
10
10
10
10
10
10
10
10
10
10
10
10
10
10
10
10
10
10
10
10
10
10
10
10
10
10
10
10
10
10
10
10
10
10
10
10
10
10
10
10
10
10
10
10
10
10
10
10
10
10
10
10
10
10
10
10
10
10
10
10
10
10
10
10
10
10
10
10
10
10
10
10
10
10
10
10
10
10
10
10
10
10
10
10
10
10
10
10
10
10
10
10
10
10
10
10
10
10
10
10
10
10
10
10
10
10
10
10
10
10
10
10
10
10
10
10
10
10
10
10
10
10
10
10
10
10
10
10
10
10
10
10
10
10
10
10
10
10
10
10
10
10
10
10
10
10
10
10
10
10
10
10
10
10
10
10
10
10
10
10
10
10
10
10
10
10
10
10
10
10
10
10
10
10
10
10
10
10
10
10
10
10
10
10
10
10
10
10
10
10
10
10
10
10
10
10
10
10
10
10
10
10
10
10
10
10
10
10
10
10
10
10
10
10
10
10
10
10
10
10
10
10
10
10
10
10
10
10
10
10
10
10
10
10
10
10
10
10
10
10
10
10
10
10
10
10
10
10
10
10
10
10
10
10
10
10
10
10
10
10
10
10
10
10
10
10
10
10
10
10
10
10
10
10
10
10
10
10
10
10
10
10
10
10
10
10
10
10
10
10
10
10
10
10
10
10
10
10
10
10
10
10
10
10
10
10
10
10
10
10
10
10
10
10
10
10
10
10
10
10
10
10
10
10
10
10
10
10
10
10
10
10
10
10
10
10
10
10
10
10
10
10
10
10
10
10
10
10
10
10
10
10
10
10
10
10
10
10
10
10
10
10
10
10
10
10
10
10
10
10
10
10
10
10
10
10
10
10
10
10
10
10
10
10
10
10
10
10
10
10
10
10
10
10
10
10
10
10
10
10
10
10
10
10
10
10
10
10
10
10
10
10
10
10
10
10
10
10
10
10
10
10
10
10
10
10
10
10
10
10
10
10
10
10
10
10
10
10
10
10
10
10
10
10
10
10
10
10
10
10
10
10
10
10
10
10
10
10
10
10
10
10
10
10
10
10
10
10
10
10
10
10
10
10
10
10
10
10
10
10
10
10
10
10
10
10
10
10
10
10
10
10
10
10
10
10
10
10
10
10
10
10
10
10
10
10
10
10
10
10
10
10
10
10
10
10
10
10
10
10
10
10
10
10
10
10
10
10
10
10
10
10
10
10
10
10
10
10
10
10
10
10
10
10
10
10
10
10
10
10
10
10
10
10
10
10
10
10
10
10
10
10
10
10
10
10
10
10
10
10
10
10
10
10
10
10
10
10
10
10
10
10
10
10
10
10
10
10
10
10
10
10
10
10
10
10
10
10
10
10
10
10
10
10
10
10
10
10
10
10
10
10
10
10
10
10
10
10
10
10
10
10
10
10
10
10
10
10
10
10
10
10
10
10
10
10
10
10
10
10
10
10
10
10
10
10
10
10
10
10
10
10
10
10
10
10
10
10
10
10
10
10
10
10
10
10
10
10
10
10
10
10
10
10
10
10
10
10
10
10
10
10
10
10
10
10
10
10
10
10
10
10
10
10
10
10
10
10
10
10
10
10
10
10
10
10
10
10
10
10
10
10
10
10
10
10
10
10
10
10
10
10
10
10
10
10
10
10
10
10
10
10
10
10
10
10
10
10
10
10
10
10
10
10
10
10
10
10
10
10
10
10
10
10
10
10
10
10
10
10
10
10
10
10
10
10
10
10
10
10
10
10
10
10
10
10
10
10
10
10
10
10
10
10
10
10
10
10
10
10
10
10
10
10
10
10
10
10
10
10
10
10
10
10
10
10
10
10
10
10
10
10
10
10
10
10
10
10
10
10
10
10
10
10
10
10
10
10
10
10
10
10
10
10
10
10
10
10
10
10
10
10
10
10
10
10
10
10
10
10
10
10
10
10
10
10
10
10
10
10
10
10
10
10
10
10
10
10
10
10
10
10
10
10
10
10
10
10
10
10
10
10
10
10
10
10
10
10
10
10
10
10
10
10
10
10
10
10
10
10
10
10
10
10
10
10
10
10
10
10
10
10
10
10
10
10
10
10
10
10
10
10
10
10
10
10
10
10
10
10
10
10
10
10
10
10
10
10
10
10
10
10
10
10
10
10
10
10
10
10
10
10
10
10
10
10
10
10
10
10
10
10
10
10
10
10
10
10
10
10
10
10
10
10
10
10
10
10
10
10
10
10
10
10
10
10
10
10
10
10
10
10
10
10
10
10
10
10
10
10
10
10
10
10
10
10
10
10
10
10
10
10
10
10
10
10
10
10
10
10
10
10
10
10
10
10
10
10
10
10
10
10
10
10
10
10
10
10
10
10
10
10
10
10
10
10
10
10
10
10
10
10
10
10
10
10
10
10
10
10
10
10
10
10
10
10
10
10
10
10
10
10
10
10
10
10
10
10
10
10
10
10
10
10
10
10
10
10
10
10
10
10
10
10
10
10
10
10
10
10
10
10
10
10
10
10
10
10
10
10
10
10
10
10
10
10
10
10
10
10
10
10
10
10
10
10
10
10
10
10
10
10
10
10
10
10
10
10
10
10
10
10
10
10
10
10
10
10
10
10
10
10
10
10
10
10
10
10
10
10
10
10
10
10
10
10
10
10
10
10
10
10
10
10
10
10
10
10
10
10
10
10
10
10
10
10
10
10
10
10
10
10
10
10
10
10
10
10
10
10
10
10
10
10
10
10
10
10
10
10
10
10
10
10
10
10
10
10
10
10
10
10
10
10
10
10
10
10
10
10
10
10
10
10
10
10
10
10
10
10
10
10
10
10
10
10
10
10
10
10
10
10
10
10
10
10
10
10
10
10
10
10
10
10
10
10
10
10
10
10
10
10
10
10
10
10
10
10
10
10
10
10
10
10
10
10
10
10
10
10
10
10
10
10
10
10
10
10
10
10
10
10
10
10
10
10
10
10
10
10
10
10
10
10
10
10
10
10
10
10
10
10
10
10
10
10
10
10
10
10
10
10
10
10
10
10
10
10
10
10
10
10
10
10
10
10
10
10
10
10
10
10
10
10
10
10
10
10
10
10
10
10
10
10
10
10
10
10
10
10
10
10
10
10
10
10
10
10
10
10
10
10
10
10
10
10
10
10
10
10
10
10
10
10
10
10
10
10
10
10
10
10
10
10
10
10
10
10
10
10
10
10
10
10
10
10
10
10
10
10
10
10
10
10
10
10
10
10
10
10
10
10
10
10
10
10
10
10
10
10
10
10
10
10
10
10
10
10
10
10
10
10
10
10
10
10
10
10
10
10
10
10
10
10
10
10
10
10
10
10
10
10
10
10
10
10
10
10
10
10
10
10
10
10
10
10
10
10
10
10
10
10
10
10
10
10
10
10
10
10
10
10
10
10
10
10
10
10
10
10
10
10
10
10
10
10
10
10
10
10
10
10
10
10
10
10
10
10
10
10
10
10
10
10
10
10
10
10
10
10
10
10
10
10
10
10
10
10
10
10
10
10
10
10
10
10
10
10
10
10
10
10
10
10
10
10
10
10
10
10
10
10
10
10
10
10
10
10
10
10
10
10
10
10
10
10
10
10
10
10
10
10
10
10
10
10
10
10
10
10
10
10
10
10
10
10
10
10
10
10
10
10
10
10
10
10
10
10
10
10
10
10
10
10
10
10
10
10
10
10
10
10
10
10
10
10
10
10
10
10
10
10
10
10
10
10
10
10
10
10
10
10
10
10
10
10
10
10
10
10
10
10
10
10
10
10
10
10
10
10
10
10
10
10
10
10
10
10
10
10
10
10
10
10
10
10
10
10
10
10
10
10
10
10
10
10
10
10
10
10
10
10
10
10
10
10
10
10
10
10
10
10
10
10
10
10
10
10
10
10
10
10
10
10
10
10
10
10
10
10
10
10
10
10
10
10
10
10
10
10
10
10
10
10
10
10
10
10
10
10
10
10
10
10
10
10
10
10
10
10
10
10
10
10
10
10
10
10
10
10
10
10
10
10
10
10
10
10
10
10
10
10
10
10
10
10
10
10
10
10
10
10
10
10
10
10
10
10
10
10
10
10
10
10
10
10
10
10
10
10
10
10
10
10
10
10
10
10
10
10
10
10
10
10
10
10
10
10
10
10
10
10
10
10
10
10
10
10
10
10
10
10
10
10
10
10
10
10
10
10
10
10
10
10
10
10
10
10
10
10
10
10
10
10
10
10
10
10
10
10
10
10
10
10
10
10
10
10
10
10
10
10
10
10
10
10
10
10
10
10
10
10
10
10
10
10
10
10
10
10
10
10
10
10
10
10
10
10
10
10
10
10
10
10
10
10
10
10
10
10
10
10
10
10
10
10
10
10
10
10
10
10
10
10
10
10
10
10
10
10
10
10
10
10
10
10
10
10
10
10
10
10
10
10
10
10
10
10
10
10
10
10
10
10
10
10
10
10
10
10
10
10
10
10
10
10
10
10
10
10
10
10
10
10
10
10
10
10
10
10
10
10
10
10
10
10
10
10
10
10
10
10
10
10
10
10
10
10
10
10
10
10
10
10
10
10
10
10
10
10
10
10
10
10
10
10
10
10
10
10
10
10
10
10
10
10
10
10
10
10
10
10
10
10
10
10
10
10
10
10
10
10
10
10
10
10
10
10
10
10
10
10
10
10
10
10
10
10
10
10
10
10
10
10
10
10
10
10
10
10
10
10
10
10
10
10
10
10
10
10
10
10
10
10
10
10
10
10
10
10
10
10
10
10
10
10
10
10
10
10
10
10
10
10
10
10
10
10
10
10
10
10
10
10
10
10
10
10
10
10
10
10
10
10
10
10
10
10
10
10
10
10
10
10
10
10
10
10
10
10
10
10
10
10
10
10
10
10
10
10
10
10
10
10
10
10
10
10
10
10
10
10
10
10
10
10
10
10
10
10
10
10
10
10
10
10
10
10
10
10
10
10
10
10
10
10
10
10
10
10
10
10
10
10
10
10
10
10
10
10
10
10
10
10
10
10
10
10
10
10
10
10
10
10
10
10
10
10
10
10
10
10
10
10
10
10
10
10
10
10
10
10
10
10
10
10
10
10
10
10
10
10
10
10
10
10
10
10
10
10
10
10
10
10
10
10
10
10
10
10
10
10
10
10
10
10
10
10
10
10
10
10
10
10
10
10
10
10
10
10
10
10
10
10
10
10
10
10
10
10
10
10
10
10
10
10
10
10
10
10
10
10
10
10
10
10
10
10
10
10
10
10
10
10
10
10
10
10
10
10
10
10
10
10
10
10
10
10
10
10
10
10
10
10
10
10
10
10
10
10
10
10
10
10
10
10
10
10
10
10
10
10
10
10
10
10
10
10
10
10
10
10
10
10
10
10
10
10
10
10
10
10
10
10
10
10
10
10
10
10
10
10
10
10
10
10
10
10
10
10
10
10
10
10
10
10
10
10
10
10
10
10
10
10
10
10
10
10
10
10
10
10
10
10
10
10
10
10
10
10
10
10
10
10
10
10
10
10
10
10
10
10
10
10
10
10
10
10
10
10
10
10
10
10
10
10
10
10
10
10
10
10
10
10
10
10
10
10
10
10
10
10
10
10
10
10
10
10
10
10
10
10
10
10
10
10
10
10
10
10
10
10
10
10
10
10
10
10
10
10
10
10
10
10
10
10
10
10
10
10
10
10
10
10
10
10
10
10
10
10
10
10
10
10
10
10
10
10
10
10
10
10
10
10
10
10
10
10
10
10
10
10
10
10
10
10
10
10
10
10
10
10
10
10
10
10
10
10
10
10
10
10
10
10
10
10
10
10
10
10
10
10
10
10
10
10
10
10
10
10
10
10
10
10
10
10
10
10
10
10
10
10
10
10
10
10
10
10
10
10
10
10
10
10
10
10
10
10
10
10
10
10
10
10
10
10
10
10
10
10
10
10
10
10
10
10
10
10
10
10
10
10
10
10
10
10
10
10
10
10
10
10
10
10
10
10
10
10
10
10
10
10
10
10
10
10
10
10
10
10
10
10
10
10
10
10
10
10
10
10
10
10
10
10
10
10
10
10
10
10
10
10
10
10
10
10
10
10
10
10
10
10
10
10
10
10
10
10
10
10
10
10
10
10
10
10
10
10
10
10
10
10
10
10
10
10
10
10
10
10
10
10
10
10
10
10
10
10
10
10
10
10
10
10
10
10
10
10
10
10
10
10
10
10
10
10
10
10
10
10
10
10
10
10
10
10
10
10
10
10
10
10
10
10
10
10
10
10
10
10
10
10
10
10
10
10
10
10
10
10
10
10
10
10
10
10
10
10
10
10
10
10
10
10
10
10
10
10
10
10
10
10
10
10
10
10
10
10
10
10
10
10
10
10
10
10
10
10
10
10
10
10
10
10
10
10
10
10
10
10
10
10
10
10
10
10
10
10
10
10
10
10
10
10
10
10
10
10
10
10
10
10
10
10
10
10
10
10
10
10
10
10
10
10
10
10
10
10
10
10
10
10
10
10
10
10
10
10
10
10
10
10
10
10
10
10
10
10
10
10
10
10
10
10
10
10
10
10
10
10
10
10
10
10
10
10
10
10
10
10
10
10
10
10
10
10
10
10
10
10
10
10
10
10
10
10
10
10
10
10
10
10
10
10
10
10
10
10
10
10
10
10
10
10
10
10
10
10
10
10
10
10
10
10
10
10
10
10
10
10
10
10
10
10
10
10
10
10
10
10
10
10
10
10
10
10
10
10
10
10
10
10
10
10
10
10
10
10
10
10
10
10
10
10
10
10
10
10
10
10
10
10
10
10
10
10
10
10
10
10
10
10
10
10
10
10
10
10
10
10
10
10
10
10
10
10
10
10
10
10
10
10
10
10
10
10
10
10
10
10
10
10
10
10
10
10
10
10
10
10
10
10
10
10
10
10
10
10
10
10
10
10
10
10
10
10
10
10
10
10
10
10
10
10
10
10
10
10
10
10
10
10
10
10
10
10
10
10
10
10
10
10
10
10
10
10
10
10
10
10
10
10
10
10
10
10
10
10
10
10
10
10
10
10
10
10
10
10
10
10
10
10
10
10
10
10
10
10
10
10
10
10
10
10
10
10
10
10
10
10
10
10
10
10
10
10
10
10
10
10
10
10
10
10
10
10
10
10
10
10
10
10
10
10
10
10
10
10
10
10
10
10
10
10
10
10
10
10
10
10
10
10
10
10
10
10
10
10
10
10
10
10
10
10
10
10
10
10
10
10
10
10
10
10
10
10
10
10
10
10
10
10
10
10
10
10
10
10
10
10
10
10
10
10
10
10
10
10
10
10
10
10
10
10
10
10
10
10
10
10
10
10
10
10
10
10
10
10
10
10
10
10
10
10
10
10
10
10
10
10
10
10
10
10
10
10
10
10
10
10
10
10
10
10
10
10
10
10
10
10
10
10
10
10
10
10
10
10
10
10
10
10
10
10
10
10
10
10
10
10
10
10
10
10
10
10
10
10
10
10
10
10
10
10
10
10
10
10
10
10
10
10
10
10
10
10
10
10
10
10
10
10
10
10
10
10
10
10
10
10
10
10
10
10
10
10
10
10
10
10
10
10
10
10
10
10
10
10
10
10
10
10
10
10
10
10
10
10
10
10
10
10
10
10
10
10
10
10
10
10
10
10
10
10
10
10
10
10
10
10
10
10
10
10
10
10
10
10
10
10
10
10
10
10
10
10
10
10
10
10
10
10
10
10
10
10
10
10
10
10
10
10
10
10
10
10
10
10
10
10
10
10
10
10
10
10
10
10
10
10
10
10
10
10
10
10
10
10
10
10
10
10
10
10
10
10
10
10
10
10
10
10
10
10
10
10
10
10
10
10
10
10
10
10
10
10
10
10
10
10
10
10
10
10
10
10
10
10
10
10
10
10
10
10
10
10
10
10
10
10
10
10
10
10
10
10
10
10
10
10
10
10
10
10
10
10
10
10
10
10
10
10
10
10
10
10
10
10
10
10
10
10
10
10
10
10
10
10
10
10
10
10
10
10
10
10
10
10
10
10
10
10
10
10
10
10
10
10
10
10
10
10
10
10
10
10
10
10
10
10
10
10
10
10
10
10
10
10
10
10
10
10
10
10
10
10
10
10
10
10
10
10
10
10
10
10
10
10
10
10
10
10
10
10
10
10
10
10
10
10
10
10
10
10
10
10
10
10
10
10
10
10
10
10
10
10
10
10
10
10
10
10
10
10
10
10
10
10
10
10
10
10
10
10
10
10
10
10
10
10
10
10
10
10
10
10
10
10
10
10
10
10
10
10
10
10
10
10
10
10
10
10
10
10
10
10
10
10
10
10
10
10
10
10
10
10
10
10
10
10
10
10
10
10
10
10
10
10
10
10
10
10
10
10
10
10
10
10
10
10
10
10
10
10
10
10
10
10
10
10
10
10
10
10
10
10
10
10
10
10
10
10
10
10
10
10
10
10
10
10
10
10
10
10
10
10
10
10
10
10
10
10
10
10
10
10
10
10
10
10
10
10
10
10
10
10
10
10
10
10
10
10
10
10
10
10
10
10
10
10
10
10
10
10
10
10
10
10
10
10
10
10
10
10
10
10
10
10
10
10
10
10
10
10
10
10
10
10
10
10
10
10
10
10
10
10
10
10
10
10
10
10
10
10
10
10
10
10
10
10
10
10
10
10
10
10
10
10
10
10
10
10
10
10
10
10
10
10
10
10
10
10
10
10
10
10
10
10
10
10
10
10
10
10
10
10
10
10
10
10
10
10
10
10
10
10
10
10
10
10
10
10
10
10
10
10
10
10
10
10
10
10
10
10
10
10
10
10
10
10
10
10
10
10
10
10
10
10
10
10
10
10
10
10
10
10
10
10
10
10
10
10
10
10
10
10
10
10
10
10
10
10
10
10
10
10
10
10
10
10
10
10
10
10
10
10
10
10
10
10
10
10
10
10
10
10
10
10
10
10
10
10
10
10
10
10
10
10
10
10
10
10
10
10
10
10
10
10
10
10
10
10
10
10
10
10
10
10
10
10
10
10
10
10
10
10
10
10
10
10
10
10
10
10
10
10
10
10
10
10
10
10
10
10
10
10
10
10
10
10
10
10
10
10
10
10
10
10
10
10
10
10
10
10
10
10
10
10
10
10
10
10
10
10
10
10
10
10
10
10
10
10
10
10
10
10
10
10
10
10
10
10
10
10
10
10
10
10
10
10
10
10
10
10
10
10
10
10
10
10
10
10
10
10
10
10
10
10
10
10
10
10
10
10
10
10
10
10
10
10
10
10
10
10
10
10
10
10
10
10
10
10
10
10
10
10
10
10
10
10
10
10
10
10
10
10
10
10
10
10
10
10
10
10
10
10
10
10
10
10
10
10
10
10
10
10
10
10
10
10
10
10
10
10
10
10
10
10
10
10
10
10
10
10
10
10
10
10
10
10
10
10
10
10
10
10
10
10
10
10
10
10
10
10
10
10
10
10
10
10
10
10
10
10
10
10
10
10
10
10
10
10
10
10
10
10
10
10
10
10
10
10
10
10
10
10
10
10
10
10
10
10
10
10
10
10
10
10
10
10
10
10
10
10
10
10
10
10
10
10
10
10
10
10
10
10
10
10
10
10
10
10
10
10
10
10
10
10
10
10
10
10
10
10
10
10
10
10
10
10
10
10
10
10
10
10
10
10
10
10
10
10
10
10
10
10
10
10
10
10
10
10
10
10
10
10
10
10
10
10
10
10
10
10
10
10
10
10
10
10
10
10
10
10
10
10
10
10
10
10
10
10
10
10
10
10
10
10
10
10
10
10
10
10
10
10
10
10
10
10
10
10
10
10
10
10
10
10
10
10
10
10
10
10
10
10
10
10
10
10
10
10
10
10
10
10
10
10
10
10
10
10
10
10
10
10
10
10
10
10
10
10
10
10
10
10
10
10
10
10
10
10
10
10
10
10
10
10
10
10
10
10
10
10
10
10
10
10
10
10
10
10
10
10
10
10
10
10
10
10
10
10
10
10
10
10
10
10
10
10
10
10
10
10
10
10
10
10
10
10
10
10
10
10
10
10
10
10
10
10
10
10
10
10
10
10
10
10
10
10
10
10
10
10
10
10
10
10
10
10
10
10
10
10
10
10
10
10
10
10
10
10
10
10
10
10
10
10
10
10
10
10
10
10
10
10
10
10
10
10
10
10
10
10
10
10
10
10
10
10
10
10
10
10
10
10
10
10
10
10
10
10
10
10
10
10
10
10
10
10
10
10
10
10
10
10
10
10
10
10
10
10
10
10
10
10
10
10
10
10
10
10
10
10
10
10
10
10
10
10
10
10
10
10
10
10
10
10
10
10
10
10
10
10
10
10
10
10
10
10
10
10
10
10
10
10
10
10
10
10
10
10
10
10
10
10
10
10
10
10
10
10
10
10
10
10
10
10
10
10
10
10
10
10
10
10
10
10
10
10
10
10
10
10
10
10
10
10
10
10
10
10
10
10
10
10
10
10
10
10
10
10
10
10
10
10
10
10
10
10
10
10
10
10
10
10
10
10
10
10
10
10
10
10
10
10
10
10
10
10
10
10
10
10
10
10
10
10
10
10
10
10
10
10
10
10
10
10
10
10
10
10
10
10
10
10
10
10
10
10
10
10
10
10
10
10
10
10
10
10
10
10
10
10
10
10
10
10
10
10
10
10
10
10
10
10
10
10
10
10
10
10
10
10
10
10
10
10
10
10
10
10
10
10
10
10
10
10
10
10
10
10
10
10
10
10
10
10
10
10
10
10
10
10
10
10
10
10
10
10
10
10
10
10
10
10
10
10
10
10
10
10
10
10
10
10
10
10
10
10
10
10
10
10
10
10
10
10
10
10
10
10
10
10
10
10
10
10
10
10
10
10
10
10
10
10
10
10
10
10
10
10
10
10
10
10
10
10
10
10
10
10
10
10
10
10
10
10
10
10
10
10
10
10
10
10
10
10
10
10
10
10
10
10
10
10
10
10
10
10
10
10
10
10
10
10
10
10
10
10
10
10
10
10
10
10
10
10
10
10
10
10
10
10
10
10
10
10
10
10
10
10
10
10
10
10
10
10
10
10
10
10
10
10
10
10
10
10
10
10
10
10
10
10
10
10
10
10
10
10
10
10
10
10
10
10
10
10
10
10
10
10
10
10
10
10
10
10
10
10
10
10
10
10
10
10
10
10
10
10
10
10
10
10
10
10
10
10
10
10
10
10
10
10
10
10
10
10
10
10
10
10
10
10
10
10
10
10
10
10
10
10
10
10
10
10
10
10
10
10
10
10
10
10
10
10
10
10
10
10
10
10
10
10
10
10
10
10
10
10
10
10
10
10
10
10
10
10
10
10
10
10
10
10
10
10
10
10
10
10
10
10
10
10
10
10
10
10
10
10
10
10
10
10
10
10
10
10
10
10
10
10
10
10
10
10
10
10
10
10
10
10
10
10
10
10
10
10
10
10
10
10
10
10
10
10
10
10
10
10
10
10
10
10
10
10
10
10
10
10
10
10
10
10
10
10
10
10
10
10
10
10
10
10
10
10
10
10
10
10
10
10
10
10
10
10
10
10
10
10
10
10
10
10
10
10
10
10
10
10
10
10
10
10
10
10
10
10
10
10
10
10
10
10
10
10
10
10
10
10
10
10
10
10
10
10
10
10
10
10
10
10
10
10
10
10
10
10
10
10
10
10
10
10
10
10
10
10
10
10
10
10
10
10
10
10
10
10
10
10
10
10
10
10
10
10
10
10
10
10
10
10
10
10
10
10
10
10
10
10
10
10
10
10
10
10
10
10
10
10
10
10
10
10
10
10
10
10
10
10
10
10
10
10
10
10
10
10
10
10
10
10
10
10
10
10
10
10
10
10
10
10
10
10
10
10
10
10
10
10
10
10
10
10
10
10
10
10
10
10
10
10
10
10
10
10
10
10
10
10
10
10
10
10
10
10
10
10
10
10
10
10
10
10
10
10
10
10
10
10
10
10
10
10
10
10
10
10
10
10
10
10
10
10
10
10
10
10
10
10
10
10
10
10
10
10
10
10
10
10
10
10
10
10
10
10
10
10
10
10
10
10
10
10
10
10
10
10
10
10
10
10
10
10
10
10
10
10
10
10
10
10
10
10
10
10
10
10
10
10
10
10
10
10
10
10
10
10
10
10
10
10
10
10
10
10
10
10
10
10
10
10
10
10
10
10
10
10
10
10
10
10
10
10
10
10
10
10
10
10
10
10
10
10
10
10
10
10
10
10
10
10
10
10
10
10
10
10
10
10
10
10
10
10
10
10
10
10
10
10
10
10
10
10
10
10
10
10
10
10
10
10
10
10
10
10
10
10
10
10
10
10
10
10
10
10
10
10
10
10
10
10
10
10
10
10
10
10
10
10
10
10
10
10
10
10
10
10
10
10
10
10
10
10
10
10
10
10
10
10
10
10
10
10
10
10
10
10
10
10
10
10
10
10
10
10
10
10
10
10
10
10
10
10
10
10
10
10
10
10
10
10
10
10
10
10
10
10
10
10
10
10
10
10
10
10
10
10
10
10
10
10
10
10
10
10
10
10
10
10
10
10
10
10
10
10
10
10
10
10
10
10
10
10
10
10
10
10
10
10
10
10
10
10
10
10
10
10
10
10
10
10
10
10
10
10
10
10
10
10
10
10
10
10
10
10
10
10
10
10
10
10
10
10
10
10
10
10
10
10
10
10
10
10
10
10
10
10
10
10
10
10
10
10
10
10
10
10
10
10
10
10
10
10
10
10
10
10
10
10
10
10
10
10
10
10
10
10
10
10
10
10
10
10
10
10
10
10
10
10
10
10
10
10
10
10
10
10
10
10
10
10
10
10
10
10
10
10
10
10
10
10
10
10
10
10
10
10
10
10
10
10
10
10
10
10
10
10
10
10
10
10
10
10
10
10
10
10
10
10
10
10
10
10
10
10
10
10
10
10
10
10
10
10
10
10
10
10
10
10
10
10
10
10
10
10
10
10
10
10
10
10
10
10
10
10
10
10
10
10
10
10
10
10
10
10
10
10
10
10
10
10
10
10
10
10
10
10
10
10
10
10
10
10
10
10
10
10
10
10
10
10
10
10
10
10
10
10
10
10
10
10
10
10
10
10
10
10
10
10
10
10
10
10
10
10
10
10
10
10
10
10
10
10
10
10
10
10
10
10
10
10
10
10
10
10
10
10
10
10
10
10
10
10
10
10
10
10
10
10
10
10
10
10
10
10
10
10
10
10
10
10
10
10
10
10
10
10
10
10
10
10
10
10
10
10
10
10
10
10
10
10
10
10
10
10
10
10
10
10
10
10
10
10
10
10
10
10
10
10
10
10
10
10
10
10
10
10
10
10
10
10
10
10
10
10
10
10
10
10
10
10
10
10
10
10
10
10
10
10
10
10
10
10
10
10
10
10
10
10
10
10
10
10
10
10
10
10
10
10
10
10
10
10
10
10
10
10
10
10
10
10
10
10
10
10
10
10
10
10
10
10
10
10
10
10
10
10
10
10
10
10
10
10
10
10
10
10
10
10
10
10
10
10
10
10
10
10
10
10
10
10
10
10
10
10
10
10
10
10
10
10
10
10
10
10
10
10
10
10
10
10
10
10
10
10
10
10
10
10
10
10
10
10
10
10
10
10
10
10
10
10
10
10
10
10
10
10
10
10
10
10
10
10
10
10
10
10
10
10
10
10
10
10
10
10
10
10
10
10
10
10
10
10
10
10
10
10
10
10
10
10
10
10
10
10
10
10
10
10
10
10
10
10
10
10
10
10
10
10
10
10
10
10
10
10
10
10
10
10
10
10
10
10
10
10
10
10
10
10
10
10
10
10
10
10
10
10
10
10
10
10
10
10
10
10
10
10
10
10
10
10
10
10
10
10
10
10
10
10
10
10
10
10
10
10
10
10
10
10
10
10
10
10
10
10
10
10
10
10
10
10
10
10
10
10
10
10
10
10
10
10
10
10
10
10
10
10
10
10
10
10
10
10
10
10
10
10
10
10
10
10
10
10
10
10
10
10
10
10
10
10
10
10
10
10
10
10
10
10
10
10
10
10
10
10
10
10
10
10
10
10
10
10
10
10
10
10
10
10
10
10
10
10
10
10
10
10
10
10
10
10
10
10
10
10
10
10
10
10
10
10
10
10
10
10
10
10
10
10
10
10
10
10
10
10
10
10
10
10
10
10
10
10
10
10
10
10
10
10
10
10
10
10
10
10
10
10
10
10
10
10
10
10
10
10
10
10
10
10
10
10
10
10
10
10
10
10
10
10
10
10
10
10
10
10
10
10
10
10
10
10
10
10
10
10
10
10
10
10
10
10
10
10
10
10
10
10
10
10
10
10
10
10
10
10
10
10
10
10
10
10
10
10
10
10
10
10
10
10
10
10
10
10
10
10
10
10
10
10
10
10
10
10
10
10
10
10
10
10
10
10
10
10
10
10
10
10
10
10
10
10
10
10
10
10
10
10
10
10
10
10
10
10
10
10
10
10
10
10
10
10
10
10
10
10
10
10
10
10
10
10
10
10
10
10
10
10
10
10
10
10
10
10
10
10
10
10
10
10
10
10
10
10
10
10
10
10
10
10
10
10
10
10
10
10
10
10
10
10
10
10
10
10
10
10
10
10
10
10
10
10
10
10
10
10
10
10
10
10
10
10
10
10
10
10
10
10
10
10
10
10
10
10
10
10
10
10
10
10
10
10
10
10
10
10
10
10
10
10
10
10
10
10
10
10
10
10
10
10
10
10
10
10
10
10
10
10
10
10
10
10
10
10
10
10
10
10
10
10
10
10
10
10
10
10
10
10
10
10
10
10
10
10
10
10
10
10
10
10
10
10
10
10
10
10
10
10
10
10
10
10
10
10
10
10
10
10
10
10
10
10
10
10
10
10
10
10
10
10
10
10
10
10
10
10
10
10
10
10
10
10
10
10
10
10
10
10
10
10
10
10
10
10
10
10
10
10
10
10
10
10
10
10
10
10
10
10
10
10
10
10
10
10
10
10
10
10
10
10
10
10
10
10
10
10
10
10
10
10
10
10
10
10
10
10
10
10
10
10
10
10
10
10
10
10
10
10
10
10
10
10
10
10
10
10
10
10
10
10
10
10
10
10
10
10
10
10
10
10
10
10
10
10
10
10
10
10
10
10
10
10
10
10
10
10
10
10
10
10
10
10
10
10
10
10
10
10
10
10
10
10
10
10
10
10
10
10
10
10
10
10
10
10
10
10
10
10
10
10
10
10
10
10
10
10
10
10
10
10
10
10
10
10
10
10
10
10
10
10
10
10
10
10
10
10
10
10
10
10
10
10
10
10
10
10
10
10
10
10
10
10
10
10
10
10
10
10
10
10
10
10
10
10
10
10
10
10
10
10
10
10
10
10
10
10
10
10
10
10
10
10
10
10
10
10
10
10
10
10
10
10
10
10
10
10
10
10
10
10
10
10
10
10
10
10
10
10
10
10
10
10
10
10
10
10
10
10
10
10
10
10
10
10
10
10
10
10
10
10
10
10
10
10
10
10
10
10
10
10
10
10
10
10
10
10
10
10
10
10
10
10
10
10
10
10
10
10
10
10
10
10
10
10
10
10
10
10
10
10
10
10
10
10
10
10
10
10
10
10
10
10
10
10
10
10
10
10
10
10
10
10
10
10
10
10
10
10
10
10
10
10
10
10
10
10
10
10
10
10
10
10
10
10
10
10
10
10
10
10
10
10
10
10
10
10
10
10
10
10
10
10
10
10
10
10
10
10
10
10
10
10
10
10
10
10
10
10
10
10
10
10
10
10
10
10
10
10
10
10
10
10
10
10
10
10
10
10
10
10
10
10
10
10
10
10
10
10
10
10
10
10
10
10
10
10
10
10
10
10
10
10
10
10
10
10
10
10
10
10
10
10
10
10
10
10
10
10
10
10
10
10
10
10
10
10
10
10
10
10
10
10
10
10
10
10
10
10
10
10
10
10
10
10
10
10
10
10
10
10
10
10
10
10
10
10
10
10
10
10
10
10
10
10
10
10
10
10
10
10
10
10
10
10
10
10
10
10
10
10
10
10
10
10
10
10
10
10
10
10
10
10
10
10
10
10
10
10
10
10
10
10
10
10
10
10
10
10
10
10
10
10
10
10
10
10
10
10
10
10
10
10
10
10
10
10
10
10
10
10
10
10
10
10
10
10
10
10
10
10
10
10
10
10
10
10
10
10
10
10
10
10
10
10
10
10
10
10
10
10
10
10
10
10
10
10
10
10
10
10
10
10
10
10
10
10
10
10
10
10
10
10
10
10
10
10
10
10
10
10
10
10
10
10
10
10
10
10
10
10
10
10
10
10
10
10
10
10
10
10
10
10
10
10
10
10
10
10
10
10
10
10
10
10
10
10
10
10
10
10
10
10
10
10
10
10
10
10
10
10
10
10
10
10
10
10
10
10
10
10
10
10
10
10
10
10
10
10
10
10
10
10
10
10
10
10
10
10
10
10
10
10
10
10
10
10
10
10
10
10
10
10
10
10
10
10
10
10
10
10
10
10
10
10
10
10
10
10
10
10
10
10
10
10
10
10
10
10
10
10
10
10
10
10
10
10
10
10
10
10
10
10
10
10
10
10
10
10
10
10
10
10
10
10
10
10
10
10
10
10
10
10
10
10
10
10
10
10
10
10
10
10
10
10
10
10
10
10
10
10
10
10
10
10
10
10
10
10
10
10
10
10
10
10
10
10
10
10
10
10
10
10
10
10
10
10
10
10
10
10
10
10
10
10
10
10
10
10
10
10
10
10
10
10
10
10
10
10
10
10
10
10
10
10
10
10
10
10
10
10
10
10
10
10
10
10
10
10
10
10
10
10
10
10
10
10
10
10
10
10
10
10
10
10
10
10
10
10
10
10
10
10
10
10
10
10
10
10
10
10
10
10
10
10
10
10
10
10
10
10
10
10
10
10
10
10
10
10
10
10
10
10
10
10
10
10
10
10
10
10
10
10
10
10
10
10
10
10
10
10
10
10
10
10
10
10
10
10
10
10
10
10
10
10
10
10
10
10
10
10
10
10
10
10
10
10
10
10
10
10
10
10
10
10
10
10
10
10
10
10
10
10
10
10
10
10
10
10
10
10
10
10
10
10
10
10
10
10
10
10
10
10
10
10
10
10
10
10
10
10
10
10
10
10
10
10
10
10
10
10
10
10
10
10
10
10
10
10
10
10
10
10
10
10
10
10
10
10
10
10
10
10
10
10
10
10
10
10
10
10
10
10
10
10
10
10
10
10
10
10
10
10
10
10
10
10
10
10
10
10
10
10
10
10
10
10
10
10
10
10
10
10
10
10
10
10
10
10
10
10
10
10
10
10
10
10
10
10
10
10
10
10
10
10
10
10
10
10
10
10
10
10
10
10
10
10
10
10
10
10
10
10
10
10
10
10
10
10
10
10
10
10
10
10
10
10
10
10
10
10
10
10
10
10
10
10
10
10
10
10
10
10
10
10
10
10
10
10
10
10
10
10
10
10
10
10
10
10
10
10
10
10
10
10
10
10
10
10
10
10
10
10
10
10
10
10
10
10
10
10
10
10
10
10
10
10
10
10
10
10
10
10
10
10
10
10
10
10
10
10
10
10
10
10
10
10
10
10
10
10
10
10
10
10
10
10
10
10
10
10
10
10
10
10
10
10
10
10
10
10
10
10
10
10
10
10
10
10
10
10
10
10
10
10
10
10
10
10
10
10
10
10
10
10
10
10
10
10
10
10
10
10
10
10
10
10
10
10
10
10
10
10
10
10
10
10
10
10
10
10
10
10
10
10
10
10
10
10
10
10
10
10
10
10
10
10
10
10
10
10
10
10
10
10
10
10
10
10
10
10
10
10
10
10
10
10
10
10
10
10
10
10
10
10
10
10
10
10
10
10
10
10
10
10
10
10
10
10
10
10
10
10
10
10
10
10
10
10
10
10
10
10
10
10
10
10
10
10
10
10
10
10
10
10
10
10
10
10
10
10
10
10
10
10
10
10
10
10
10
10
10
10
10
10
10
10
10
10
10
10
10
10
10
10
10
10
10
10
10
10
10
10
10
10
10
10
10
10
10
10
10
10
10
10
10
10
10
10
10
10
10
10
10
10
10
10
10
10
10
10
10
10
10
10
10
10
10
10
10
10
10
10
10
10
10
10
10
10
10
10
10
10
10
10
10
10
10
10
10
10
10
10
10
10
10
10
10
10
10
10
10
10
10
10
10
10
10
10
10
10
10
10
10
10
10
10
10
10
10
10
10
10
10
10
10
10
10
10
10
10
10
10
10
10
10
10
10
10
10
10
10
10
10
10
10
10
10
10
10
10
10
10
10
10
10
10
10
10
10
10
10
10
10
10
10
10
10
10
10
10
10
10
10
10
10
10
10
10
10
10
10
10
10
10
10
10
10
10
10
10
10
10
10
10
10
10
10
10
10
10
10
10
10
10
10
10
10
10
10
10
10
10
10
10
10
10
10
10
10
10
10
10
10
10
10
10
10
10
10
10
10
10
10
10
10
10
10
10
10
10
10
10
10
10
10
10
10
10
10
10
10
10
10
10
10
10
10
10
10
10
10
10
10
10
10
10
10
10
10
10
10
10
10
10
10
10
10
10
10
10
10
10
10
10
10
10
10
10
10
10
10
10
10
10
10
10
10
10
10
10
10
10
10
10
10
10
10
10
10
10
10
10
10
10
10
10
10
10
10
10
10
10
10
10
10
10
10
10
10
10
10
10
10
10
10
10
10
10
10
10
10
10
10
10
10
10
10
10
10
10
10
10
10
10
10
10
10
10
10
10
10
10
10
10
10
10
10
10
10
10
10
10
10
10
10
10
10
10
10
10
10
10
10
10
10
10
10
10
10
10
10
10
10
10
10
10
10
10
10
10
10
10
10
10
10
10
10
10
10
10
10
10
10
10
10
10
10
10
10
10
10
10
10
10
10
10
10
10
10
10
10
10
10
10
10
10
10
10
10
10
10
10
10
10
10
10
10
10
10
10
10
10
10
10
10
10
10
10
10
10
10
10
10
10
10
10
10
10
10
10
10
10
10
10
10
10
10
10
10
10
10
10
10
10
10
10
10
10
10
10
10
10
10
10
10
10
10
10
10
10
10
10
10
10
10
10
10
10
10
10
10
10
10
10
10
10
10
10
10
10
10
10
10
10
10
10
10
10
10
10
10
10
10
10
10
10
10
10
10
10
10
10
10
10
10
10
10
10
10
10
10
10
10
10
10
10
10
10
10
10
10
10
10
10
10
10
10
10
10
10
10
10
10
10
10
10
10
10
10
10
10
10
10
10
10
10
10
10
10
10
10
10
10
10
10
10
10
10
10
10
10
10
10
10
10
10
10
10
10
10
10
10
10
10
10
10
10
10
10
10
10
10
10
10
10
10
10
10
10
10
10
10
10
10
10
10
10
10
10
10
10
10
10
10
10
10
10
10
10
10
10
10
10
10
10
10
10
10
10
10
10
10
10
10
10
10
10
10
10
10
10
10
10
10
10
10
10
10
10
10
10
10
10
10
10
10
10
10
10
10
10
10
10
10
10
10
10
10
10
10
10
10
10
10
10
10
10
10
10
10
10
10
10
10
10
10
10
10
10
10
10
10
10
10
10
10
10
10
10
10
10
10
10
10
10
10
10
10
10
10
10
10
10
10
10
10
10
10
10
10
10
10
10
10
10
10
10
10
10
10
10
10
10
10
10
10
10
10
10
10
10
10
10
10
10
10
10
10
10
10
10
10
10
10
10
10
10
10
10
10
10
10
10
10
10
10
10
10
10
10
10
10
10
10
10
10
10
10
10
10
10
10
10
10
10
10
10
10
10
10
10
10
10
10
10
10
10
10
10
10
10
10
10
10
10
10
10
10
10
10
10
10
10
10
10
10
10
10
10
10
10
10
10
10
10
10
10
10
10
10
10
10
10
10
10
10
10
10
10
10
10
10
10
10
10
10
10
10
10
10
10
10
10
10
10
10
10
10
10
10
10
10
10
10
10
10
10
10
10
10
10
10
10
10
10
10
10
10
10
10
10
10
10
10
10
10
10
10
10
10
10
10
10
10
10
10
10
10
10
10
10
10
10
10
10
10
10
10
10
10
10
10
10
10
10
10
10
10
10
10
10
10
10
10
10
10
10
10
10
10
10
10
10
10
10
10
10
10
10
10
10
10
10
10
10
10
10
10
10
10
10
10
10
10
10
10
10
10
10
10
10
10
10
10
10
10
10
10
10
10
10
10
10
10
10
10
10
10
10
10
10
10
10
10
10
10
10
10
10
10
10
10
10
10
10
10
10
10
10
10
10
10
10
10
10
10
10
10
10
10
10
10
10
10
10
10
10
10
10
10
10
10
10
10
10
10
10
10
10
10
10
10
10
10
10
10
10
10
10
10
10
10
10
10
10
10
10
10
10
10
10
10
10
10
10
10
10
10
10
10
10
10
10
10
10
10
10
10
10
10
10
10
10
10
10
10
10
10
10
10
10
10
10
10
10
10
10
10
10
10
10
10
10
10
10
10
10
10
10
10
10
10
10
10
10
10
10
10
10
10
10
10
10
10
10
10
10
10
10
10
10
10
10
10
10
10
10
10
10
10
10
10
10
10
10
10
10
10
10
10
10
10
10
10
10
10
10
10
10
10
10
10
10
10
10
10
10
10
10
10
10
10
10
10
10
10
10
10
10
10
10
10
10
10
10
10
10
10
10
10
10
10
10
10
10
10
10
10
10
10
10
10
10
10
10
10
10
10
10
10
10
10
10
10
10
10
10
10
10
10
10
10
10
10
10
10
10
10
10
10
10
10
10
10
10
10
10
10
10
10
10
10
10
10
10
10
10
10
10
10
10
10
10
10
10
10
10
10
10
10
10
10
10
10
10
10
10
10
10
10
10
10
10
10
10
10
10
10
10
10
10
10
10
10
10
10
10
10
10
10
10
10
10
10
10
10
10
10
10
10
10
10
10
10
10
10
10
10
10
10
10
10
10
10
10
10
10
10
10
10
10
10
10
10
10
10
10
10
10
10
10
10
10
10
10
10
10
10
10
10
10
10
10
10
10
10
10
10
10
10
10
10
10
10
10
10
10
10
10
10
10
10
10
10
10
10
10
10
10
10
10
10
10
10
10
10
10
10
10
10
10
10
10
10
10
10
10
10
10
10
10
10
10
10
10
10
10
10
10
10
10
10
10
10
10
10
10
10
10
10
10
10
10
10
10
10
10
10
10
10
10
10
10
10
10
10
10
10
10
10
10
10
10
10
10
10
10
10
10
10
10
10
10
10
10
10
10
10
10
10
10
10
10
10
10
10
10
10
10
10
10
10
10
10
10
10
10
10
10
10
10
10
10
10
10
10
10
10
10
10
10
10
10
10
10
10
10
10
10
10
10
10
10
10
10
10
10
10
10
10
10
10
10
10
10
10
10
10
10
10
10
10
10
10
10
10
10
10
10
10
10
10
10
10
10
10
10
10
10
10
10
10
10
10
10
10
10
10
10
10
10
10
10
10
10
10
10
10
10
10
10
10
10
10
10
10
10
10
10
10
10
10
10
10
10
10
10
10
10
10
10
10
10
10
10
10
10
10
10
10
10
10
10
10
10
10
10
10
10
10
10
10
10
10
10
10
10
10
10
10
10
10
10
10
10
10
10
10
10
10
10
10
10
10
10
10
10
10
10
10
10
10
10
10
10
10
10
10
10
10
10
10
10
10
10
10
10
10
10
10
10
10
10
10
10
10
10
10
10
10
10
10
10
10
10
10
10
10
10
10
10
10
10
10
10
10
10
10
10
10
10
10
10
10
10
10
10
10
10
10
10
10
10
10
10
10
10
10
10
10
10
10
10
10
10
10
10
10
10
10
10
10
10
10
10
10
10
10
10
10
10
10
10
10
10
10
10
10
10
10
10
10
10
10
10
10
10
10
10
10
10
10
10
10
10
10
10
10
10
10
10
10
10
10
10
10
10
10
10
10
10
10
10
10
10
10
10
10
10
10
10
10
10
10
10
10
10
10
10
10
10
10
10
10
10
10
10
10
10
10
10
10
10
10
10
10
10
10
10
10
10
10
10
10
10
10
10
10
10
10
10
10
10
10
10
10
10
10
10
10
10
10
10
10
10
10
10
10
10
10
10
10
10
10
10
10
10
10
10
10
10
10
10
10
10
10
10
10
10
10
10
10
10
10
10
10
10
10
10
10
10
10
10
10
10
10
10
10
10
10
10
10
10
10
10
10
10
10
10
10
10
10
10
10
10
10
10
10
10
10
10
10
10
10
10
10
10
10
10
10
10
10
10
10
10
10
10
10
10
10
10
10
10
10
10
10
10
10
10
10
10
10
10
10
10
10
10
10
10
10
10
10
10
10
10
10
10
10
10
10
10
10
10
10
10
10
10
10
10
10
10
10
10
10
10
10
10
10
10
10
10
10
10
10
10
10
10
10
10
10
10
10
10
10
10
10
10
10
10
10
10
10
10
10
10
10
10
10
10
10
10
10
10
10
10
10
10
10
10
10
10
10
10
10
10
10
10
10
10
10
10
10
10
10
10
10
10
10
10
10
10
10
10
10
10
10
10
10
10
10
10
10
10
10
10
10
10
10
10
10
10
10
10
10
10
10
10
10
10
10
10
10
10
10
10
10
10
10
10
10
10
10
10
10
10
10
10
10
10
10
10
10
10
10
10
10
10
10
10
10
10
10
10
10
10
10
10
10
10
10
10
10
10
10
10
10
10
10
10
10
10
10
10
10
10
10
10
10
10
10
10
10
10
10
10
10
10
10
10
10
10
10
10
10
10
10
10
10
10
10
10
10
10
10
10
10
10
10
10
10
10
10
10
10
10
10
10
10
10
10
10
10
10
10
10
10
10
10
10
10
10
10
10
10
10
10
10
10
10
10
10
10
10
10
10
10
10
10
10
10
10
10
10
10
10
10
10
10
10
10
10
10
10
10
10
10
10
10
10
10
10
10
10
10
10
10
10
10
10
10
10
10
10
10
10
10
10
10
10
10
10
10
10
10
10
10
10
10
10
10
10
10
10
10
10
10
10
10
10
10
10
10
10
10
10
10
10
10
10
10
10
10
10
10
10
10
10
10
10
10
10
10
10
10
10
10
10
10
10
10
10
10
10
10
10
10
10
10
10
10
10
10
10
10
10
10
10
10
10
10
10
10
10
10
10
10
10
10
10
10
10
10
10
10
10
10
10
10
10
10
10
10
10
10
10
10
10
10
10
10
10
10
10
10
10
10
10
10
10
10
10
10
10
10
10
10
10
10
10
10
10
10
10
10
10
10
10
10
10
10
10
10
10
10
10
10
10
10
10
10
10
10
10
10
10
10
10
10
10
10
10
10
10
10
10
10
10
10
10
10
10
10
10
10
10
10
10
10
10
10
10
10
10
10
10
10
10
10
10
10
10
10
10
10
10
10
10
10
10
10
10
10
10
10
10
10
10
10
10
10
10
10
10
10
10
10
10
10
10
10
10
10
10
10
10
10
10
10
10
10
10
10
10
10
10
10
10
10
10
10
10
10
10
10
10
10
10
10
10
10
10
10
10
10
10
10
10
10
10
10
10
10
10
10
10
10
10
10
10
10
10
10
10
10
10
10
10
10
10
10
10
10
10
10
10
10
10
10
10
10
10
10
10
10
10
10
10
10
10
10
10
10
10
10
10
10
10
10
10
10
10
10
10
10
10
10
10
10
10
10
10
10
10
10
10
10
10
10
10
10
10
10
10
10
10
10
10
10
10
10
10
10
10
10
10
10
10
10
10
10
10
10
10
10
10
10
10
10
10
10
10
10
10
10
10
10
10
10
10
10
10
10
10
10
10
10
10
10
10
10
10
10
10
10
10
10
10
10
10
10
10
10
10
10
10
10
10
10
10
10
10
10
10
10
10
10
10
10
10
10
10
10
10
10
10
10
10
10
10
10
10
10
10
10
10
10
10
10
10
10
10
10
10
10
10
10
10
10
10
10
10
10
10
10
10
10
10
10
10
10
10
10
10
10
10
10
10
10
10
10
10
10
10
10
10
10
10
10
10
10
10
10
10
10
10
10
10
10
10
10
10
10
10
10
10
10
10
10
10
10
10
10
10
10
10
10
10
10
10
10
10
10
10
10
10
10
10
10
10
10
10
10
10
10
10
10
10
10
10
10
10
10
10
10
10
10
10
10
10
10
10
10
10
10
10
10
10
10
10
10
10
10
10
10
10
10
10
10
10
10
10
10
10
10
10
10
10
10
10
10
10
10
10
10
10
10
10
10
10
10
10
10
10
10
10
10
10
10
10
10
10
10
10
10
10
10
10
10
10
10
10
10
10
10
10
10
10
10
10
10
10
10
10
10
10
10
10
10
10
10
10
10
10
10
10
10
10
10
10
10
10
10
10
10
10
10
10
10
10
10
10
10
10
10
10
10
10
10
10
10
10
10
10
10
10
10
10
10
10
10
10
10
10
10
10
10
10
10
10
10
10
10
10
10
10
10
10
10
10
10
10
10
10
10
10
10
10
10
10
10
10
10
10
10
10
10
10
10
10
10
10
10
10
10
10
10
10
10
10
10
10
10
10
10
10
10
10
10
10
10
10
10
10
10
10
10
10
10
10
10
10
10
10
10
10
10
10
10
10
10
10
10
10
10
10
10
10
10
10
10
10
10
10
10
10
10
10
10
10
10
10
10
10
10
10
10
10
10
10
10
10
10
10
10
10
10
10
10
10
10
10
10
10
10
10
10
10
10
10
10
10
10
10
10
10
10
10
10
10
10
10
10
10
10
10
10
10
10
10
10
10
10
10
10
10
10
10
10
10
10
10
10
10
10
10
10
10
10
10
10
10
10
10
10
10
10
10
10
10
10
10
10
10
10
10
10
10
10
10
10
10
10
10
10
10
10
10
10
10
10
10
10
10
10
10
10
10
10
10
10
10
10
10
10
10
10
10
10
10
10
10
10
10
10
10
10
10
10
10
10
10
10
10
10
10
10
10
10
10
10
10
10
10
10
10
10
10
10
10
10
10
10
10
10
10
10
10
10
10
10
10
10
10
10
10
10
10
10
10
10
10
10
10
10
10
10
10
10
10
10
10
10
10
10
10
10
10
10
10
10
10
10
10
10
10
10
10
10
10
10
10
10
10
10
10
10
10
10
10
10
10
10
10
10
10
10
10
10
10
10
10
10
10
10
10
10
10
10
10
10
10
10
10
10
10
10
10
10
10
10
10
10
10
10
10
10
10
10
10
10
10
10
10
10
10
10
10
10
10
10
10
10
10
10
10
10
10
10
10
10
10
10
10
10
10
10
10
10
10
10
10
10
10
10
10
10
10
10
10
10
10
10
10
10
10
10
10
10
10
10
10
10
10
10
10
10
10
10
10
10
10
10
10
10
10
10
10
10
10
10
10
10
10
10
10
10
10
10
10
10
10
10
10
10
10
10
10
10
10
10
10
10
10
10
10
10
10
10
10
10
10
10
10
10
10
10
10
10
10
10
10
10
10
10
10
10
10
10
10
10
10
10
10
10
10
10
10
10
10
10
10
10
10
10
10
10
10
10
10
10
10
10
10
10
10
10
10
10
10
10
10
10
10
10
10
10
10
10
10
10
10
10
10
10
10
10
10
10
10
10
10
10
10
10
10
10
10
10
10
10
10
10
10
10
10
10
10
10
10
10
10
10
10
10
10
10
10
10
10
10
10
10
10
10
10
10
10
10
10
10
10
10
10
10
10
10
10
10
10
10
10
10
10
10
10
10
10
10
10
10
10
10
10
10
10
10
10
10
10
10
10
10
10
10
10
10
10
10
10
10
10
10
10
10
10
10
10
10
10
10
10
10
10
10
10
10
10
10
10
10
10
10
10
10
10
10
10
10
10
10
10
10
10
10
10
10
10
10
10
10
10
10
10
10
10
10
10
10
10
10
10
10
10
10
10
10
10
10
10
10
10
10
10
10
10
10
10
10
10
10
10
10
10
10
10
10
10
10
10
10
10
10
10
10
10
10
10
10
10
10
10
10
10
10
10
10
10
10
10
10
10
10
10
10
10
10
10
10
10
10
10
10
10
10
10
10
10
10
10
10
10
10
10
10
10
10
10
10
10
10
10
10
10
10
10
10
10
10
10
10
10
10
10
10
10
10
10
10
10
10
10
10
10
10
10
10
10
10
10
10
10
10
10
10
10
10
10
10
10
10
10
10
10
10
10
10
10
10
10
10
10
10
10
10
10
10
10
10
10
10
10
10
10
10
10
10
10
10
10
10
10
10
10
10
10
10
10
10
10
10
10
10
10
10
10
10
10
10
10
10
10
10
10
10
10
10
10
10
10
10
10
10
10
10
10
10
10
10
10
10
10
10
10
10
10
10
10
10
10
10
10
10
10
10
10
10
10
10
10
10
10
10
10
10
10
10
10
10
10
10
10
10
10
10
10
10
10
10
10
10
10
10
10
10
10
10
10
10
10
10
10
10
10
10
10
10
10
10
10
10
10
10
10
10
10
10
10
10
10
10
10
10
10
10
10
10
10
10
10
10
10
10
10
10
10
10
10
10
10
10
10
10
10
10
10
10
10
10
10
10
10
10
10
10
10
10
10
10
10
10
10
10
10
10
10
10
10
10
10
10
10
10
10
10
10
10
10
10
10
10
10
10
10
10
10
10
10
10
10
10
10
10
10
10
10
10
10
10
10
10
10
10
10
10
10
10
10
10
10
10
10
10
10
10
10
10
10
10
10
10
10
10
10
10
10
10
10
10
10
10
10
10
10
10
10
10
10
10
10
10
10
10
10
10
10
10
10
10
10
10
10
10
10
10
10
10
10
10
10
10
10
10
10
10
10
10
10
10
10
10
10
10
10
10
10
10
10
10
10
10
10
10
10
10
10
10
10
10
10
10
10
10
10
10
10
10
10
10
10
10
10
10
10
10
10
10
10
10
10
10
10
10
10
10
10
10
10
10
10
10
10
10
10
10
10
10
10
10
10
10
10
10
10
10
10
10
10
10
10
10
10
10
10
10
10
10
10
10
10
10
10
10
10
10
10
10
10
10
10
10
10
10
10
10
10
10
10
10
10
10
10
10
10
10
10
10
10
10
10
10
10
10
10
10
10
10
10
10
10
10
10
10
10
10
10
10
10
10
10
10
10
10
10
10
10
10
10
10
10
10
10
10
10
10
10
10
10
10
10
10
10
10
10
10
10
10
10
10
10
10
10
10
10
10
10
10
10
10
10
10
10
10
10
10
10
10
10
10
10
10
10
10
10
10
10
10
10
10
10
10
10
10
10
10
10
10
10
10
10
10
10
10
10
10
10
10
10
10
10
10
10
10
10
10
10
10
10
10
10
10
10
10
10
10
10
10
10
10
10
10
10
10
10
10
10
10
10
10
10
10
10
10
10
10
10
10
10
10
10
10
10
10
10
10
10
10
10
10
10
10
10
10
10
10
10
10
10
10
10
10
10
10
10
10
10
10
10
10
10
10
10
10
10
10
10
10
10
10
10
10
10
10
10
10
10
10
10
10
10
10
10
10
10
10
10
10
10
10
10
10
10
10
10
10
10
10
10
10
10
10
10
10
10
10
10
10
10
10
10
10
10
10
10
10
10
10
10
10
10
10
10
10
10
10
10
10
10
10
10
10
10
10
10
10
10
10
10
10
10
10
10
10
10
10
10
10
10
10
10
10
10
10
10
10
10
10
10
10
10
10
10
10
10
10
10
10
10
10
10
10
10
10
10
10
10
10
10
10
10
10
10
10
10
10
10
10
10
10
10
10
10
10
10
10
10
10
10
10
10
10
10
10
10
10
10
10
10
10
10
10
10
10
10
10
10
10
10
10
10
10
10
10
10
10
10
10
10
10
10
10
10
10
10
10
10
10
10
10
10
10
10
10
10
10
10
10
10
10
10
10
10
10
10
10
10
10
10
10
10
10
10
10
10
10
10
10
10
10
10
10
10
10
10
10
10
10
10
10
10
10
10
10
10
10
10
10
10
10
10
10
10
10
10
10
10
10
10
10
10
10
10
10
10
10
10
10
10
10
10
10
10
10
10
10
10
10
10
10
10
10
10
10
10
10
10
10
10
10
10
10
10
10
10
10
10
10
10
10
10
10
10
10
10
10
10
10
10
10
10
10
10
10
10
10
10
10
10
10
10
10
10
10
10
10
10
10
10
10
10
10
10
10
10
10
10
10
10
10
10
10
10
10
10
10
10
10
10
10
10
10
10
10
10
10
10
10
10
10
10
10
10
10
10
10
10
10
10
10
10
10
10
10
10
10
10
10
10
10
10
10
10
10
10
10
10
10
10
10
10
10
10
10
10
10
10
10
10
10
10
10
10
10
10
10
10
10
10
10
10
10
10
10
10
10
10
10
10
10
10
10
10
10
10
10
10
10
10
10
10
10
10
10
10
10
10
10
10
10
10
10
10
10
10
10
10
10
10
10
10
10
10
10
10
10
10
10
10
10
10
10
10
10
10
10
10
10
10
10
10
10
10
10
10
10
10
10
10
10
10
10
10
10
10
10
10
10
10
10
10
10
10
10
10
10
10
10
10
10
10
10
10
10
10
10
10
10
10
10
10
10
10
10
10
10
10
10
10
10
10
10
10
10
10
10
10
10
10
10
10
10
10
10
10
10
10
10
10
10
10
10
10
10
10
10
10
10
10
10
10
10
10
10
10
10
10
10
10
10
10
10
10
10
10
10
10
10
10
10
10
10
10
10
10
10
10
10
10
10
10
10
10
10
10
10
10
10
10
10
10
10
10
10
10
10
10
10
10
10
10
10
10
10
10
10
10
10
10
10
10
10
10
10
10
10
10
10
10
10
10
10
10
10
10
10
10
10
10
10
10
10
10
10
10
10
10
10
10
10
10
10
10
10
10
10
10
10
10
10
10
10
10
10
10
10
10
10
10
10
10
10
10
10
10
10
10
10
10
10
10
10
10
10
10
10
10
10
10
10
10
10
10
10
10
10
10
10
10
10
10
10
10
10
10
10
10
10
10
10
10
10
10
10
10
10
10
10
10
10
10
10
10
10
10
10
10
10
10
10
10
10
10
10
10
10
10
10
10
10
10
10
10
10
10
10
10
10
10
10
10
10
10
10
10
10
10
10
10
10
10
10
10
10
10
10
10
10
10
10
10
10
10
10
10
10
10
10
10
10
10
10
10
10
10
10
10
10
10
10
10
10
10
10
10
10
10
10
10
10
10
10
10
10
10
10
10
10
10
10
10
10
10
10
10
10
10
10
10
10
10
10
10
10
10
10
10
10
10
10
10
10
10
10
10
10
10
10
10
10
10
10
10
10
10
10
10
10
10
10
10
10
10
10
10
10
10
10
10
10
10
10
10
10
10
10
10
10
10
10
10
10
10
10
10
10
10
10
10
10
10
10
10
10
10
10
10
10
10
10
10
10
10
10
10
10
10
10
10
10
10
10
10
10
10
10
10
10
10
10
10
10
10
10
10
10
10
10
10
10
10
10
10
10
10
10
10
10
10
10
10
10
10
10
10
10
10
10
10
10
10
10
10
10
10
10
10
10
10
10
10
10
10
10
10
10
10
10
10
10
10
10
10
10
10
10
10
10
10
10
10
10
10
10
10
10
10
10
10
10
10
10
10
10
10
10
10
10
10
10
10
10
10
10
10
10
10
10
10
10
10
10
10
10
10
10
10
10
10
10
10
10
10
10
10
10
10
10
10
10
10
10
10
10
10
10
10
10
10
10
10
10
10
10
10
10
10
10
10
10
10
10
10
10
10
10
10
10
10
10
10
10
10
10
10
10
10
10
10
10
10
10
10
10
10
10
10
10
10
10
10
10
10
10
10
10
10
10
10
10
10
10
10
10
10
10
10
10
10
10
10
10
10
10
10
10
10
10
10
10
10
10
10
10
10
10
10
10
10
10
10
10
10
10
10
10
10
10
10
10
10
10
10
10
10
10
10
10
10
10
10
10
10
10
10
10
10
10
10
10
10
10
10
10
10
10
10
10
10
10
10
10
10
10
10
10
10
10
10
10
10
10
10
10
10
10
10
10
10
10
10
10
10
10
10
10
10
10
10
10
10
10
10
10
10
10
10
10
10
10
10
10
10
10
10
10
10
10
10
10
10
10
10
10
10
10
10
10
10
10
10
10
10
10
10
10
10
10
10
10
10
10
10
10
10
10
10
10
10
10
10
10
10
10
10
10
10
10
10
10
10
10
10
10
10
10
10
10
10
10
10
10
10
10
10
10
10
10
10
10
10
10
10
10
10
10
10
10
10
10
10
10
10
10
10
10
10
10
10
10
10
10
10
10
10
10
10
10
10
10
10
10
10
10
10
10
10
10
10
10
10
10
10
10
10
10
10
10
10
10
10
10
10
10
10
10
10
10
10
10
10
10
10
10
10
10
10
10
10
10
10
10
10
10
10
10
10
10
10
10
10
10
10
10
10
10
10
10
10
10
10
10
10
10
10
10
10
10
10
10
10
10
10
10
10
10
10
10
10
10
10
10
10
10
10
10
10
10
10
10
10
10
10
10
10
10
10
10
10
10
10
10
10
10
10
10
10
10
10
10
10
10
10
10
10
10
10
10
10
10
10
10
10
10
10
10
10
10
10
10
10
10
10
10
10
10
10
10
10
10
10
10
10
10
10
10
10
10
10
10
10
10
10
10
10
10
10
10
10
10
10
10
10
10
10
10
10
10
10
10
10
10
10
10
10
10
10
10
10
10
10
10
10
10
10
10
10
10
10
10
10
10
10
10
10
10
10
10
10
10
10
10
10
10
10
10
10
10
10
10
10
10
10
10
10
10
10
10
10
10
10
10
10
10
10
10
10
10
10
10
10
10
10
10
10
10
10
10
10
10
10
10
10
10
10
10
10
10
10
10
10
10
10
10
10
10
10
10
10
10
10
10
10
10
10
10
10
10
10
10
10
10
10
10
10
10
10
10
10
10
10
10
10
10
10
10
10
10
10
10
10
10
10
10
10
10
10
10
10
10
10
10
10
10
10
10
10
10
10
10
10
10
10
10
10
10
10
10
10
10
10
10
10
10
10
10
10
10
10
10
10
10
10
10
10
10
10
10
10
10
10
10
10
10
10
10
10
10
10
10
10
10
10
10
10
10
10
10
10
10
10
10
10
10
10
10
10
10
10
10
10
10
10
10
10
10
10
10
10
10
10
10
10
10
10
10
10
10
10
10
10
10
10
10
10
10
10
10
10
10
10
10
10
10
10
10
10
10
10
10
10
10
10
10
10
10
10
10
10
10
10
10
10
10
10
10
10
10
10
10
10
10
10
10
10
10
10
10
10
10
10
10
10
10
10
10
10
10
10
10
10
10
10
10
10
10
10
10
10
10
10
10
10
10
10
10
10
10
10
10
10
10
10
10
10
10
10
10
10
10
10
10
10
10
10
10
10
10
10
10
10
10
10
10
10
10
10
10
10
10
10
10
10
10
10
10
10
10
10
10
10
10
10
10
10
10
10
10
10
10
10
10
10
10
10
10
10
10
10
10
10
10
10
10
10
10
10
10
10
10
10
10
10
10
10
10
10
10
10
10
10
10
10
10
10
10
10
10
10
10
10
10
10
10
10
10
10
10
10
10
10
10
10
10
10
10
10
10
10
10
10
10
10
10
10
10
10
10
10
10
10
10
10
10
10
10
10
10
10
10
10
10
10
10
10
10
10
10
10
10
10
10
10
10
10
10
10
10
10
10
10
10
10
10
10
10
10
10
10
10
10
10
10
10
10
10
10
10
10
10
10
10
10
10
10
10
10
10
10
10
10
10
10
10
10
10
10
10
10
10
10
10
10
10
10
10
10
10
10
10
10
10
10
10
10
10
10
10
10
10
10
10
10
10
10
10
10
10
10
10
10
10
10
10
10
10
10
10
10
10
10
10
10
10
10
10
10
10
10
10
10
10
10
10
10
10
10
10
10
10
10
10
10
10
10
10
10
10
10
10
10
10
10
10
10
10
10
10
10
10
10
10
10
10
10
10
10
10
10
10
10
10
10
10
10
10
10
10
10
10
10
10
10
10
10
10
10
10
10
10
10
10
10
10
10
10
10
10
10
10
10
10
10
10
10
10
10
10
10
10
10
10
10
10
10
10
10
10
10
10
10
10
10
10
10
10
10
10
10
10
10
10
10
10
10
10
10
10
10
10
10
10
10
10
10
10
10
10
10
10
10
10
10
10
10
10
10
10
10
10
10
10
10
10
10
10
10
10
10
10
10
10
10
10
10
10
10
10
10
10
10
10
10
10
10
10
10
10
10
10
10
10
10
10
10
10
10
10
10
10
10
10
10
10
10
10
10
10
10
10
10
10
10
10
10
10
10
10
10
10
10
10
10
10
10
10
10
10
10
10
10
10
10
10
10
10
10
10
10
10
10
10
10
10
10
10
10
10
10
10
10
10
10
10
10
10
10
10
10
10
10
10
10
10
10
10
10
10
10
10
10
10
10
10
10
10
10
10
10
10
10
10
10
10
10
10
10
10
10
10
10
10
10
10
10
10
10
10
10
10
10
10
10
10
10
10
10
10
10
10
10
10
10
10
10
10
10
10
10
10
10
10
10
10
10
10
10
10
10
10
10
10
10
10
10
10
10
10
10
10
10
10
10
10
10
10
10
10
10
10
10
10
10
10
10
10
10
10
10
10
10
10
10
10
10
10
10
10
10
10
10
10
10
10
10
10
10
10
10
10
10
10
10
10
10
10
10
10
10
10
10
10
10
10
10
10
10
10
10
10
10
10
10
10
10
10
10
10
10
10
10
10
10
10
10
10
10
10
10
10
10
10
10
10
10
10
10
10
10
10
10
10
10
10
10
10
10
10
10
10
10
10
10
10
10
10
10
10
10
10
10
10
10
10
10
10
10
10
10
10
10
10
10
10
10
10
10
10
10
10
10
10
10
10
10
10
10
10
10
10
10
10
10
10
10
10
10
10
10
10
10
10
10
10
10
10
10
10
10
10
10
10
10
10
10
10
10
10
10
10
10
10
10
10
10
10
10
10
10
10
10
10
10
10
10
10
10
10
10
10
10
10
10
10
10
10
10
10
10
10
10
10
10
10
10
10
10
10
10
10
10
10
10
10
10
10
10
10
10
10
10
10
10
10
10
10
10
10
10
10
10
10
10
10
10
10
10
10
10
10
10
10
10
10
10
10
10
10
10
10
10
10
10
10
10
10
10
10
10
10
10
10
10
10
10
10
10
10
10
10
10
10
10
10
10
10
10
10
10
10
10
10
10
10
10
10
10
10
10
10
10
10
10
10
10
10
10
10
10
10
10
10
10
10
10
10
10
10
10
10
10
10
10
10
10
10
10
10
10
10
10
10
10
10
10
10
10
10
10
10
10
10
10
10
10
10
10
10
10
10
10
10
10
10
10
10
10
10
10
10
10
10
10
10
10
10
10
10
10
10
10
10
10
10
10
10
10
10
10
10
10
10
10
10
10
10
10
10
10
10
10
10
10
10
10
10
10
10
10
10
10
10
10
10
10
10
10
10
10
10
10
10
10
10
10
10
10
10
10
10
10
10
10
10
10
10
10
10
10
10
10
10
10
10
10
10
10
10
10
10
10
10
10
10
10
10
10
10
10
10
10
10
10
10
10
10
10
10
10
10
10
10
10
10
10
10
10
10
10
10
10
10
10
10
10
10
10
10
10
10
10
10
10
10
10
10
10
10
10
10
10
10
10
10
10
10
10
10
10
10
10
10
10
10
10
10
10
10
10
10
10
10
10
10
10
10
10
10
10
10
10
10
10
10
10
10
10
10
10
10
10
10
10
10
10
10
10
10
10
10
10
10
10
10
10
10
10
10
10
10
10
10
10
10
10
10
10
10
10
10
10
10
10
10
10
10
10
10
10
10
10
10
10
10
10
10
10
10
10
10
10
10
10
10
10
10
10
10
10
10
10
10
10
10
10
10
10
10
10
10
10
10
10
10
10
10
10
10
10
10
10
10
10
10
10
10
10
10
10
10
10
10
10
10
10
10
10
10
10
10
10
10
10
10
10
10
10
10
10
10
10
10
10
10
10
10
10
10
10
10
10
10
10
10
10
10
10
10
10
10
10
10
10
10
10
10
10
10
10
10
10
10
10
10
10
10
10
10
10
10
10
10
10
10
10
10
10
10
10
10
10
10
10
10
10
10
10
10
10
10
10
10
10
10
10
10
10
10
10
10
10
10
10
10
10
10
10
10
10
10
10
10
10
10
10
10
10
10
10
10
10
10
10
10
10
10
10
10
10
10
10
10
10
10
10
10
10
10
10
10
10
10
10
10
10
10
10
10
10
10
10
10
10
10
10
10
10
10
10
10
10
10
10
10
10
10
10
10
10
10
10
10
10
10
10
10
10
10
10
10
10
10
10
10
10
10
10
10
10
10
10
10
10
10
10
10
10
10
10
10
10
10
10
10
10
10
10
10
10
10
10
10
10
10
10
10
10
10
10
10
10
10
10
10
10
10
10
10
10
10
10
10
10
10
10
10
10
10
10
10
10
10
10
10
10
10
10
10
10
10
10
10
10
10
10
10
10
10
10
10
10
10
10
10
10
10
10
10
10
10
10
10
10
10
10
10
10
10
10
10
10
10
10
10
10
10
10
10
10
10
10
10
10
10
10
10
10
10
10
10
10
10
10
10
10
10
10
10
10
10
10
10
10
10
10
10
10
10
10
10
10
10
10
10
10
10
10
10
10
10
10
10
10
10
10
10
10
10
10
10
10
10
10
10
10
10
10
10
10
10
10
10
10
10
10
10
10
10
10
10
10
10
10
10
10
10
10
10
10
10
10
10
10
10
10
10
10
10
10
10
10
10
10
10
10
10
10
10
10
10
10
10
10
10
10
10
10
10
10
10
10
10
10
10
10
10
10
10
10
10
10
10
10
10
10
10
10
10
10
10
10
10
10
10
10
10
10
10
10
10
10
10
10
10
10
10
10
10
10
10
10
10
10
10
10
10
10
10
10
10
10
10
10
10
10
10
10
10
10
10
10
10

CELL_DATA 20358
SCALARS CellEntityIds int 1
LOOKUP_TABLE default
-1
-1
-1
-1
-1
-1
-1
-1
-1
-1
-1
-1
-1
-1
-1
-1
-1
-1
-1
-1
-1
-1
-1
-1
-1
-1
-1
-1
-1
-1
-1
-1
-1
-1
-1
-1
-1
-1
-1
-1
-1
-1
-1
-1
-1
-1
-1
-1
-1
-1
-1
-1
-1
-1
-1
-1
-1
-1
-1
-1
-1
-1
-1
-1
-1
-1
-1
-1
-1
-1
-1
-1
-1
-1
-1
-1
-1
-1
-1
-1
-1
-1
-1
-1
-1
-1
-1
-1
-1
-1
-1
-1
-1
-1
-1
-1
-1
-1
-1
-1
-1
-1
-1
-1
-1
-1
-1
-1
-1
-1
-1
-1
-1
-1
-1
-1
-1
-1
-1
-1
-1
-1
-1
-1
-1
-1
-1
-1
-1
-1
-1
-1
-1
-1
-1
-1
-1
-1
-1
-1
-1
-1
-1
-1
-1
-1
-1
-1
-1
-1
-1
-1
-1
-1
-1
-1
-1
-1
-1
-1
-1
-1
-1
-1
-1
-1
-1
-1
-1
-1
-1
-1
-1
-1
-1
-1
-1
-1
-1
-1
-1
-1
-1
-1
-1
-1
-1
-1
-1
-1
-1
-1
-1
-1
-1
-1
-1
-1
-1
-1
-1
-1
-1
-1
-1
-1
-1
-1
-1
-1
-1
-1
-1
-1
-1
-1
-1
-1
-1
10
10
10
10
10
10
10
10
10
10
10
10
10
10
10
10
10
10
10
10
10
10
10
10
10
10
10
10
10
10
10
10
10
10
10
10
10
10
10
10
10
10
10
10
10
10
10
10
10
10
10
10
10
10
10
10
10
10
10
10
10
10
10
10
10
10
10
10
10
10
10
10
10
10
10
10
10
10
10
10
10
10
10
10
10
10
10
10
10
10
10
10
10
10
10
10
10
10
10
10
10
10
10
10
10
10
10
10
10
10
10
10
10
10
10
10
10
10
10
10
10
10
10
10
10
10
10
10
10
10
10
10
10
10
10
10
10
10
10
10
10
10
10
10
10
10
10
10
10
10
10
10
10
10
10
10
10
10
10
10
10
10
10
10
10
10
10
10
10
10
10
10
10
10
10
10
10
10
10
10
10
10
10
10
10
10
10
10
10
10
10
10
10
10
10
10
10
10
10
10
10
10
10
10
10
10
10
10
10
10
10
10
10
10
10
10
10
10
10
10
10
10
10
10
10
10
10
10
10
10
10
10
10
10
10
10
10
10
10
10
10
10
10
10
10
10
10
10
10
10
10
10
10
10
10
10
10
10
10
10
10
10
10
10
10
10
10
10
10
10
10
10
10
10
10
10
10
10
10
10
10
10
10
10
10
10
10
10
10
10
10
10
10
10
10
10
10
10
10
10
10
10
10
10
10
10
10
10
10
10
10
10
10
10
10
10
10
10
10
10
10
10
10
10
10
10
10
10
10
10
10
10
10
10
10
10
10
10
10
10
10
10
10
10
10
10
10
10
10
10
10
10
10
10
10
10
10
10
10
10
10
10
10
10
10
10
10
10
10
10
10
10
10
10
10
10
10
10
10
10
10
10
10
10
10
10
10
10
10
10
10
10
10
10
10
10
10
10
10
10
10
10
10
10
10
10
10
10
10
10
10
10
10
10
10
10
10
10
10
10
10
10
10
10
10
10
10
10
10
10
10
10
10
10
10
10
10
10
10
10
10
10
10
10
10
10
10
10
10
10
10
10
10
10
10
10
10
10
10
10
10
10
10
10
10
10
10
10
10
10
10
10
10
10
10
10
10
10
10
10
10
10
10
10
10
10
10
10
10
10
10
10
10
10
10
10
10
10
10
10
10
10
10
10
10
10
10
10
10
10
10
10
10
10
10
10
10
10
10
10
10
10
10
10
10
10
10
10
10
10
10
10
10
10
10
10
10
10
10
10
10
10
10
10
10
10
10
10
10
10
10
10
10
10
10
10
10
10
10
10
10
10
10
10
10
10
10
10
10
10
10
10
10
10
10
10
10
10
10
10
10
10
10
10
10
10
10
10
10
10
10
10
10
10
10
10
10
10
10
10
10
10
10
10
10
10
10
10
10
10
10
10
10
10
10
10
10
10
10
10
10
10
10
10
10
10
10
10
10
10
10
10
10
10
10
10
10
10
10
10
10
10
10
10
10
10
10
10
10
10
10
10
10
10
10
10
10
10
10
10
10
10
10
10
10
10
10
10
10
10
10
10
10
10
10
10
10
10
10
10
10
10
10
10
10
10
10
10
10
10
10
10
10
10
10
10
10
10
10
10
10
10
10
10
10
10
10
10
10
10
10
10
10
10
10
10
10
10
10
10
10
10
10
10
10
10
10
10
10
10
10
10
10
10
10
10
10
10
10
10
10
10
10
10
10
10
10
10
10
10
10
10
10
10
10
10
10
10
10
10
10
10
10
10
10
10
10
10
10
10
10
10
10
10
10
10
10
10
10
10
10
10
10
10
10
10
10
10
10
10
10
10
10
10
10
10
10
10
10
10
10
10
10
10
10
10
10
10
10
10
10
10
10
10
10
10
10
10
10
10
10
10
10
10
10
10
10
10
10
10
10
10
10
10
10
10
10
10
10
10
10
10
10
10
10
10
10
10
10
10
10
10
10
10
10
10
10
10
10
10
10
10
10
10
10
10
10
10
10
10
10
10
10
10
10
10
10
10
10
10
10
10
10
10
10
10
10
10
10
10
10
10
10
10
10
10
10
10
10
10
10
10
10
10
10
10
10
10
10
10
10
10
10
10
10
10
10
10
10
10
10
10
10
10
10
10
10
10
10
10
10
10
10
10
10
10
10
10
10
10
10
10
10
10
10
10
10
10
10
10
10
10
10
10
10
10
10
10
10
10
10
10
10
10
10
10
10
10
10
10
10
10
10
10
10
10
10
10
10
10
10
10
10
10
10
10
10
10
10
10
10
10
1
1
1
1
1
1
1
1
1
1
1
1
1
1
1
1
1
1
1
1
1
1
1
1
1
1
1
1
1
1
1
1
1
1
1
1
1
1
1
1
1
1
1
1
1
1
1
1
1
1
1
1
1
1
1
1
1
1
1
1
1
1
1
1
1
1
1
1
1
1
1
1
1
1
1
1
1
1
1
1
1
1
1
1
1
1
1
1
1
1
1
1
1
1
1
1
1
1
1
1
1
1
1
1
1
1
1
1
1
1
1
1
1
1
1
1
1
1
1
1
1
1
1
1
1
1
1
1
1
1
1
1
1
1
1
1
1
1
1
1
1
1
1
1
1
1
1
1
1
1
1
1
1
1
1
1
1
1
1
1
1
1
1
1
1
1
1
1
1
1
1
1
1
1
1
1
1
1
1
1
1
1
1
1
1
1
1
1
1
1
1
1
1
1
1
1
1
1
1
1
1
1
1
1
1
1
1
1
1
1
1
1
1
1
1
1
1
1
1
1
1
1
1
1
1
1
1
1
1
1
1
1
1
1
1
1
1
1
1
1
1
1
1
1
1
1
1
1
1
1
1
1
1
1
1
1
1
1
1
1
1
1
1
1
1
1
1
1
1
1
1
1
1
1
1
1
1
1
1
1
1
1
1
1
1
1
1
1
1
1
1
1
1
1
1
1
1
1
1
1
1
1
1
1
1
1
1
1
1
1
1
1
1
1
1
1
1
1
1
1
1
1
1
1
1
1
1
1
1
1
1
1
1
1
1
1
1
1
1
1
1
1
1
1
1
1
1
1
1
1
1
1
1
1
1
1
1
1
1
1
1
1
1
1
1
1
1
1
1
1
1
1
1
1
1
1
1
1
1
1
1
1
1
1
1
1
1
1
1
1
1
1
1
1
1
1
1
1
1
1
1
1
1
1
1
1
1
1
1
1
1
1
1
1
1
1
1
1
1
1
1
1
1
1
1
1
1
1
1
1
1
1
1
1
1
1
1
1
1
1
1
1
1
1
1
1
1
1
1
1
1
1
1
1
1
1
1
1
1
1
1
1
1
1
1
1
1
1
1
1
1
1
1
1
1
1
1
1
1
1
1
1
1
1
1
1
1
1
1
1
1
1
1
1
1
1
1
1
1
1
1
1
1
1
1
1
1
1
1
1
1
1
1
1
1
1
1
1
1
1
1
1
1
1
1
1
1
1
1
1
1
1
1
1
1
1
1
1
1
1
1
1
1
1
1
1
1
1
1
1
1
1
1
1
1
1
1
1
1
1
1
1
1
1
1
1
1
1
1
1
1
1
1
1
1
1
1
1
1
1
1
1
1
1
3
3
3
3
3
3
3
3
3
3
3
3
3
3
3
3
3
3
3
3
3
3
3
3
3
3
3
3
3
3
3
3
3
3
3
3
3
3
3
3
3
3
3
3
3
3
3
3
3
3
3
3
3
3
3
3
3
3
3
3
3
3
3
3
3
3
3
3
3
3
3
3
3
3
3
3
3
3
3
3
3
3
3
3
3
3
3
3
3
3
3
3
3
3
3
3
3
3
3
3
3
3
3
3
3
3
3
3
3
3
3
3
3
3
3
3
3
3
3
3
3
3
3
3
3
3
3
3
3
3
3
3
3
3
3
3
3
3
3
3
3
3
3
3
3
3
3
3
3
3
3
3
3
3
3
3
3
3
3
3
3
3
3
3
3
3
3
3
3
3
3
3
3
3
3
3
3
3
3
3
3
3
3
3
3
3
3
3
3
3
3
3
3
3
3
3
3
3
3
3
3
3
3
3
3
3
3
3
3
3
3
3
3
3
3
3
3
3
3
3
3
3
3
3
3
3
3
3
3
3
3
3
3
3
3
3
3
3
3
3
3
3
3
3
3
3
3
3
3
3
3
3
3
3
3
3
3
3
3
3
3
3
3
3
3
3
3
3
3
3
3
3
3
3
3
3
3
3
3
3
3
3
3
3
3
3
3
3
3
3
3
3
3
3
3
3
3
3
3
3
3
3
3
3
3
3
3
3
3
3
3
3
3
3
3
3
3
3
3
3
3
3
3
3
3
3
3
3
3
3
3
3
3
3
3
3
3
3
3
3
3
3
3
3
3
3
3
3
3
3
3
3
3
3
3
3
3
3
3
3
3
3
3
3
3
3
3
3
3
3
3
3
3
3
3
3
3
3
3
3
3
3
3
3
3
3
3
3
3
3
3
3
3
3
3
3
3
3
3
3
3
3
3
3
3
3
3
3
3
3
3
3
3
3
3
3
3
3
3
3
3
3
3
3
3
3
3
3
3
3
3
3
3
3
3
3
3
3
3
3
3
3
3
3
3
3
3
3
3
3
3
3
3
3
3
3
3
3
3
3
3
3
3
3
3
3
3
3
3
3
3
3
3
3
3
3
3
3
3
3
3
3
3
3
3
3
3
3
3
3
3
3
3
3
3
3
3
3
3
3
3
3
3
3
3
3
3
3
3
3
3
3
3
3
3
3
3
3
3
3
3
3
3
3
3
3
3
3
3
3
3
3
3
3
3
3
3
3
3
3
3
3
3
3
3
3
3
3
3
3
3
3
3
3
3
3
3
3
3
3
3
3
3
3
3
3
3
3
3
3
3
3
3
3
3
3
6
6
6
6
6
6
6
6
6
6
6
6
6
6
6
6
6
6
6
6
6
6
6
6
6
6
6
6
6
6
6
6
6
6
6
6
6
6
6
6
6
6
6
6
6
6
6
6
6
6
6
6
6
6
6
6
6
6
6
6
6
6
6
6
6
6
6
6
6
6
6
6
6
6
6
6
6
6
6
6
6
6
6
6
6
6
6
6
6
6
6
6
6
6
6
6
6
6
6
6
6
6
6
6
6
6
6
6
6
6
6
6
6
6
6
6
6
6
6
6
6
6
6
6
6
6
6
6
6
6
6
6
6
6
6
6
6
6
6
6
6
6
6
6
6
6
6
6
6
6
6
6
6
6
6
6
6
6
6
6
6
6
6
6
6
6
6
6
6
6
6
6
6
6
6
6
6
6
6
6
6
6
6
6
6
6
6
6
6
6
6
6
6
6
6
6
6
6
6
6
6
6
6
6
6
6
6
6
6
6
6
6
6
6
6
6
6
6
6
6
6
6
6
6
6
6
6
6
6
6
6
6
6
6
6
6
6
6
6
6
6
6
6
6
6
6
6
6
6
6
6
6
6
6
6
6
6
6
6
6
6
6
6
6
6
6
6
6
6
6
6
6
6
6
6
6
6
6
6
6
6
6
6
6
6
6
6
6
6
6
6
6
6
6
6
6
6
6
6
6
6
6
6
6
6
6
6
6
6
6
6
6
6
6
6
6
6
6
6
6
6
6
6
6
6
6
6
6
6
6
6
6
6
6
6
6
6
6
6
6
6
6
6
6
6
6
6
6
6
6
6
6
6
6
6
6
6
6
6
6
6
6
6
6
6
6
6
6
6
6
6
6
6
6
6
6
6
6
6
6
6
6
6
6
6
6
6
6
6
6
6
6
6
6
6
6
6
6
6
6
6
6
6
6
6
6
6
6
6
6
6
6
6
6
6
6
6
6
6
6
6
6
6
6
6
6
6
6
6
6
6
6
6
6
6
6
6
6
6
6
6
6
6
6
6
6
6
6
6
6
6
6
6
6
6
6
6
6
6
6
6
6
6
6
6
6
6
6
6
6
6
6
6
6
6
6
6
6
6
6
6
6
6
6
6
6
6
6
6
6
6
6
6
6
6
6
6
6
6
6
6
6
6
6
6
6
6
6
6
6
6
6
6
6
6
6
6
6
6
6
6
6
6
6
6
6
6
6
6
6
6
6
6
6
6
6
6
6
6
6
6
6
6
6
6
6
6
6
6
6
6
6
6
6
6
6
6
6
6
6
6
6
6
6
6
6
6
6
6
6
6
6
6
6
4
4
4
4
4
4
4
4
4
4
4
4
4
4
4
4
4
4
4
4
4
4
4
4
4
4
4
4
4
4
4
4
4
4
4
4
4
4
4
4
4
4
4
4
4
4
4
4
4
4
4
4
4
4
4
4
4
4
4
4
4
4
4
4
4
4
4
4
4
4
4
4
4
4
4
4
4
4
4
4
4
4
4
4
4
4
4
4
4
4
4
4
4
4
4
4
4
4
4
4
4
4
4
4
4
4
4
4
4
4
4
4
4
4
4
4
4
4
4
4
4
4
4
4
4
4
4
4
4
4
4
4
4
4
4
4
4
4
4
4
4
4
4
4
4
4
4
4
4
4
4
4
4
4
4
4
4
4
4
4
4
4
4
4
4
4
4
4
4
4
4
4
4
4
4
4
4
4
4
4
4
4
4
4
4
4
4
4
4
4
4
4
4
4
4
4
4
4
4
4
4
4
4
4
4
4
4
4
4
4
4
4
4
4
4
4
4
4
4
4
4
4
4
4
4
4
4
4
4
4
4
4
4
4
4
4
4
4
4
4
4
4
4
4
4
4
4
4
4
4
4
4
4
4
4
4
4
4
4
4
4
4
4
4
4
4
4
4
4
4
4
4
4
4
4
4
4
4
4
4
4
4
4
4
4
4
4
4
4
4
4
4
4
4
4
4
4
4
4
4
4
4
4
4
4
4
4
4
4
4
4
4
4
4
4
4
4
4
4
4
4
4
4
4
4
4
4
4
4
4
4
4
4
4
4
4
4
4
4
4
4
4
4
4
4
4
4
4
4
4
4
4
4
4
4
4
4
4
4
4
4
4
4
4
4
4
4
4
4
4
4
4
4
4
4
4
4
4
4
4
4
4
4
4
4
4
4
4
4
4
4
4
4
4
4
4
4
4
4
4
4
4
4
4
4
4
4
4
4
4
4
4
4
4
4
4
4
4
4
4
4
4
4
4
4
4
4
4
4
4
4
4
4
4
4
4
4
4
4
4
4
4
4
4
4
4
4
4
4
4
4
4
4
4
4
4
4
4
4
4
4
4
4
4
4
4
4
4
4
4
4
4
4
4
4
4
4
4
4
4
4
4
4
4
4
4
4
4
4
4
4
4
4
4
4
4
4
4
4
4
4
4
4
4
4
4
4
4
4
4
4
4
4
4
4
4
4
4
4
4
4
4
4
4
4
4
4
4
4
4
4
4
4
4
4
4
4
4
4
4
4
4
4
4
4
4
4
4
4
4
4
4
4
4
4
4
4
4
4
4
4
4
4
4
4
4
4
4
4
4
4
4
4
4
4
4
4
4
4
4
4
4
5
5
5
5
5
5
5
5
5
5
5
5
5
5
5
5
5
5
5
5
5
5
5
5
5
5
5
5
5
5
5
5
5
5
5
5
5
5
5
5
5
5
5
5
5
5
5
5
5
5
5
5
5
5
5
5
5
5
5
5
5
5
5
5
5
5
5
5
5
5
5
5
5
5
5
5
5
5
5
5
5
5
5
5
5
5
5
5
5
5
5
5
5
5
5
5
5
5
5
5
5
5
5
5
5
5
5
5
5
5
5
5
5
5
5
5
5
5
5
5
5
5
5
5
5
5
5
5
5
5
5
5
5
5
5
5
5
5
5
5
5
5
5
5
5
5
5
5
5
5
5
5
5
5
5
5
5
5
5
5
5
5
5
5
5
5
5
5
5
5
5
5
5
5
5
5
5
5
5
5
5
5
5
5
5
5
5
5
5
5
5
5
5
5
5
5
5
5
5
5
5
5
5
5
5
5
5
5
5
5
5
5
5
5
5
5
5
5
5
5
5
5
5
5
5
5
5
5
5
5
5
5
5
5
5
5
5
5
5
5
5
5
5
5
5
5
5
5
5
5
5
5
5
5
5
5
5
5
5
5
5
5
5
5
5
5
5
5
5
5
5
5
5
5
5
5
5
5
5
5
5
5
5
5
5
5
5
5
5
5
5
5
5
5
5
5
5
5
5
5
5
5
5
5
5
5
5
5
5
5
5
5
5
5
5
5
5
5
5
5
5
5
5
5
5
5
5
5
5
5
5
5
5
5
5
5
5
5
5
5
5
5
5
5
5
5
5
5
5
5
5
5
5
5
5
5
5
5
5
5
5
5
5
5
5
5
5
5
5
5
5
5
5
5
5
5
5
5
5
5
5
5
5
5
5
5
5
5
5
5
5
5
5
5
5
5
5
5
5
5
5
5
5
5
5
5
5
5
5
5
5
5
5
5
5
5
5
5
5
5
5
5
5
5
5
5
5
5
5
5
5
5
5
5
5
5
5
5
5
5
5
5
5
5
5
5
5
5
5
5
5
5
5
5
5
5
5
5
5
5
5
5
5
5
5
5
5
5
5
5
5
5
5
5
5
5
5
5
5
5
5
5
5
5
5
5
5
5
5
5
5
5
5
5
5
5
5
5
5
5
5
5
5
5
5
5
5
5
5
5
5
5
5
5
5
5
5
5
5
5
5
5
5
5
5
5
5
5
5
5
5
5
5
5
5
5
5
5
5
5
5
5
5
5
5
5
5
5
5
5
5
5
5
5
5
5
5
5
5
5
5
5
5
5
5
5
5
5
5
5
5
5
5
5
5
5
5
5
5
5
5
5
5
5
2
2
2
2
2
2
2
2
2
2
2
2
2
2
2
2
2
2
2
2
2
2
2
2
2
2
2
2
2
2
2
2
2
2
2
2
2
2
2
2
2
2
2
2
2
2
2
2
2
2
2
2
2
2
2
2
2
2
2
2
2
2
2
2
2
2
2
2
2
2
2
2
2
2
2
2
2
2
2
2
2
2
2
2
2
2
2
2
2
2
2
2
2
2
2
2
2
2
2
2
2
2
2
2
2
2
2
2
2
2
2
2
2
2
2
2
2
2
2
2
2
2
2
2
2
2
2
2
2
2
2
2
2
2
2
2
2
2
2
2
2
2
2
2
2
2
2
2
2
2
2
2
2
2
2
2
2
2
2
2
2
2
2
2
2
2
2
2
2
2
2
2
2
2
2
2
2
2
2
2
2
2
2
2
2
2
2
2
2
2
2
2
2
2
2
2
2
2
2
2
2
2
2
2
2
2
2
2
2
2
2
2
2
2
2
2
2
2
2
2
2
2
2
2
2
2
2
2
2
2
2
2
2
2
2
2
2
2
2
2
2
2
2
2
2
2
2
2
2
2
2
2
2
2
2
2
2
2
2
2
2
2
2
2
2
2
2
2
2
2
2
2
2
2
2
2
2
2
2
2
2
2
2
2
2
2
2
2
2
2
2
2
2
2
2
2
2
2
2
2
2
2
2
2
2
2
2
2
2
2
2
2
2
2
2
2
2
2
2
2
2
2
2
2
2
2
2
2
2
2
2
2
2
2
2
2
2
2
2
2
2
2
2
2
2
2
2
2
2
2
2
2
2
2
2
2
2
2
2
2
2
2
2
2
2
2
2
2
2
2
2
2
2
2
2
2
2
2
2
2
2
2
2
2
2
2
2
2
2
2
2
2
2
2
2
2
2
2
2
2
2
2
2
2
2
2
2
2
2
2
2
2
2
2
2
2
2
2
2
2
2
2
2
2
2
2
2
2
2
2
2
2
2
2
2
2
2
2
2
2
2
2
2
2
2
2
2
2
2
2
2
2
2
2
2
2
2
2
2
2
2
2
2
2
2
2
2
2
2
2
2
2
2
2
2
2
2
2
2
2
2
2
2
2
2
2
2
2
2
2
2
2
2
2
2
2
2
2
2
2
2
2
2
2
2
2
2
2
2
2
2
2
2
2
2
2
2
2
2
2
2
2
2
2
2
2
2
2
2
2
2
2
2
2
2
2
2
2
2
2
2
2
2
2
2
2
2
2
2
2
2
2
2
2
2
2
2
2
2
2
2
2
2
2
2
2
2
2
2
2
2
2
2
2
7
7
7
7
7
7
7
7
7
7
7
7
7
7
7
7
7
7
7
7
7
7
7
7
7
7
7
7
7
7
7
7
7
7
7
7
7
7
7
7
7
7
7
7
7
7
7
7
7
7
7
7
7
7
7
7
7
7
7
7
7
7
7
7
7
7
7
7
7
7
7
7
7
7
7
7
7
7
7
7
7
7
7
7
7
7
7
7
7
7
7
7
7
7
7
7
7
7
7
7
7
7
7
7
7
7
7
7
7
7
7
7
7
7
7
7
7
7
7
7
7
7
7
7
7
7
7
7
7
7
7
7
7
7
7
7
7
7
7
7
7
7
7
7
7
7
7
7
7
7
7
7
7
7
7
7
7
7
7
7
7
7
7
7
7
7
7
7
7
7
7
7
7
7
7
7
7
7
7
7
7
7
7
7
7
7
7
7
7
7
7
7
7
7
7
7
7
7
7
7
7
7
7
7
7
7
7
7
7
7
7
7
7
7
7
7
7
7
7
7
7
7
7
7
7
7
7
7
7
7
7
7
7
7
7
7
7
7
7
7
7
7
7
7
7
7
7
7
7
7
7
7
7
7
7
7
7
7
7
7
7
7
7
7
7
7
7
7
7
7
7
7
7
7
7
7
7
7
7
7
7
7
7
7
7
7
7
7
7
7
7
7
7
7
7
7
7
7
7
7
7
7
7
7
7
7
7
7
7
7
7
7
7
7
7
7
7
7
7
7
7
7
7
7
7
7
7
7
7
7
7
7
7
7
7
7
7
7
7
7
7
7
7
7
7
7
7
7
7
7
7
7
7
7
7
7
7
7
7
7
7
7
7
7
7
7
7
7
7
7
7
7
7
7
7
7
7
7
7
7
7
7
7
7
7
7
7
7
7
7
7
7
7
7
7
7
7
7
7
7
7
7
7
7
7
7
7
7
7
7
7
7
7
7
7
7
7
7
7
7
7
7
7
7
7
7
7
7
7
7
7
7
7
7
7
7
7
7
7
7
7
7
7
7
7
7
7
7
7
7
7
7
7
7
7
7
7
7
7
7
7
7
7
7
7
7
7
7
7
7
7
7
7
7
7
7
7
7
7
7
7
7
7
7
7
7
7
7
7
7
7
7
7
7
7
7
7
7
7
7
7
7
7
7
7
7
7
7
7
7
7
7
7
7
7
7
7
7
7
7
7
7
7
7
7
7
7
7
7
7
7
7
7
7
7
7
7
7
7
7
7
7
7
7
7
7
7
7
7
7
7
7
7
7
7
7
7
7
7
7
7
7
7
7
7
7
7
7
7
7
7
7
7
7
7
7
7
7
7
7
7
7
7
7
7
7
7
7
7
7
7
7
7
7
7
7
7
7
7
7
7
7
7
7
7
7
7
7
7
7
7
7
7
7
7
7
7
7
7
7
7
7
7
7
7
7
7
7
7
7
7
7
7
7
7
7
7
7
7
7
7
7
7
7
7
7
7
7
7
7
7
7
7
7
7
7
7
7
7
7
7
7
7
7
7
7
7
7
7
7
7
7
7
7
7
7
7
7
7
7
7
7
7
7
7
7
7
7
7
7
7
7
7
7
7
7
7
7
7
7
7
7
7
7
7
7
7
7
7
7
7
7
7
7
7
7
7
7
7
7
7
7
7
7
7
7
7
7
7
7
7
7
7
7
7
7
7
7
7
7
7
7
7
7
7
7
7
7
7
7
7
7
7
7
7
7
7
7
7
7
7
7
7
7
7
7
7
7
7
7
7
7
7
7
7
7
7
7
7
7
7
7
7
7
7
7
7
7
7
7
7
7
7
7
7
7
7
7
7
7
7
7
7
7
7
7
7
7
7
7
7
7
7
7
7
7
7
7
7
7
7
7
7
7
7
7
7
7
7
7
7
7
7
7
7
7
7
7
7
7
7
7
7
7
7
7
7
7
7
7
7
7
7
7
7
7
7
7
7
7
7
7
7
7
7
7
7
7
7
7
7
7
7
7
7
7
7
7
7
7
7
7
7
7
7
7
7
7
7
7
7
7
7
7
7
7
7
7
7
7
7
7
7
7
7
7
7
7
7
7
7
7
7
7
7
7
7
7
7
7
7
7
7
7
7
7
7
7
7
7
7
7
7
7
7
7
7
7
7
7
7
7
7
7
7
7
7
7
7
7
7
7
7
7
7
7
7
7
7
7
7
7
7
7
7
7
7
7
7
7
7
7
7
7
7
7
7
7
7
7
7
7
7
7
7
7
7
7
7
7
7
7
7
7
7
7
7
7
7
7
7
7
7
7
7
7
7
7
7
7
7
7
7
7
7
7
7
7
7
7
7
7
7
7
7
7
7
7
7
7
7
7
7
7
7
7
7
7
7
7
7
7
7
7
7
7
7
7
7
7
7
7
7
7
7
7
7
7
7
7
7
7
7
7
7
7
7
7
7
7
7
7
7
7
7
7
7
7
7
7
7
7
7
7
7
7
7
7
7
7
7
7
7
7
7
7
7
7
7
7
7
7
7
7
7
7
7
7
7
7
7
7
7
7
7
7
7
7
7
7
7
7
7
7
7
7
7
7
7
7
7
7
7
7
7
7
7
7
7
7
7
7
7
7
7
7
7
7
7
7
7
7
7
7
7
7
7
7
7
7
7
7
7
7
7
7
7
7
7
7
7
7
7
7
7
7
7
7
7
7
7
7
7
7
7
7
7
7
7
7
7
7
7
7
7
7
7
7
7
7
7
7
7
7
7
7
7
7
7
7
7
7
7
7
7
7
7
7
7
7
7
7
7
7
7
7
7
7
7
7
7
7
7
7
7
7
7
7
7
7
7
7
7
7
7
7
7
7
7
7
7
7
7
7
7
7
7
7
7
7
7
7
7
7
7
7
7
7
7
7
7
7
7
7
7
7
7
7
7
7
7
7
7
7
7
7
7
7
7
7
7
7
7
7
7
7
7
7
7
7
7
7
7
7
7
7
7
7
7
7
7
7
7
7
7
7
7
7
7
7
7
7
7
7
7
7
7
7
7
7
7
7
7
7
7
7
7
7
7
7
7
7
7
7
7
7
7
7
7
7
7
7
7
7
7
7
7
7
7
7
7
7
7
7
7
7
7
7
7
7
7
7
7
7
7
7
7
7
7
7
7
7
7
7
7
7
7
7
7
7
7
7
7
7
7
7
7
7
7
7
7
7
7
7
7
7
7
7
7
7
7
7
7
7
7
7
7
7
7
7
7
7
7
7
7
7
7
7
7
7
7
7
7
7
7
7
7
7
7
7
7
7
7
7
7
7
7
7
7
7
7
7
7
7
7
7
7
7
7
7
7
7
7
7
7
7
7
7
7
7
7
7
7
7
7
7
7
7
7
7
7
7
7
7
7
7
7
7
7
7
7
7
7
7
7
7
7
7
7
7
7
7
7
7
7
7
7
7
7
7
7
7
7
7
7
7
7
7
7
7
7
7
7
7
7
7
7
7
7
7
7
7
7
7
7
7
7
7
7
7
7
7
7
7
7
7
7
7
7
7
7
7
7
7
7
7
7
7
7
7
7
7
7
7
7
7
7
7
7
7
7
7
7
7
7
7
7
7
7
7
7
7
7
7
7
7
7
7
7
7
7
7
7
7
7
7
7
7
7
7
7
7
7
7
7
7
7
7
7
7
7
7
7
7
7
7
7
7
7
7
7
7
7
7
7
7
7
7
7
7
7
7
7
7
7
7
7
7
7
7
7
7
7
7
7
7
7
7
7
7
7
7
7
7
7
7
7
7
7
7
7
7
7
7
7
7
7
7
7
7
7
7
7
7
7
7
7
7
7
7
7
7
7
7
7
7
7
7
7
7
7
7
7
7
7
7
7
7
7
7
7
7
7
7
7
7
7
7
7
7
7
7
7
7
7
7
7
7
7
7
7
7
7
7
7
7
7
7
7
7
7
7
7
7
7
7
7
7
7
7
7
7
7
7
7
7
7
7
7
7
7
7
7
7
7
7
7
7
7
7
7
7
7
7
7
7
7
7
7
7
7
7
7
7
7
7
7
7
7
7
7
7
7
7
7
7
7
7
7
7
7
7
7
7
7
7
7
7
7
7
7
7
7
7
7
7
7
7
7
7
7
7
7
7
7
7
7
7
7
7
7
7
7
7
7
7
7
7
7
7
7
7
7
7
7
7
7
7
7
7
7
7
7
7
7
7
7
7
7
7
7
7
7
7
7
7
7
7
7
7
7
7
7
7
7
7
7
7
7
7
7
7
7
7
7
7
7
7
7
7
7
7
7
7
7
7
7
7
7
7
7
7
7
7
7
7
7
7
7
7
7
7
7
7
7
7
7
7
7
7
7
7
7
7
7
7
7
7
7
7
7
7
7
7
7
7
7
7
7
7
7
7
7
7
7
7
7
7
7
7
7
7
7
7
7
7
7
7
7
7
7
7
7
7
7
7
7
7
7
7
7
7
7
7
7
7
7
7
7
7
7
7
7
7
7
7
7
7
7
7
7
7
7
7
7
7
7
7
7
7
7
7
7
7
7
7
7
7
7
7
7
7
7
7
7
7
7
7
7
7
7
7
7
7
7
7
7
7
7
7
7
7
7
7
7
7
7
7
7
7
7
7
7
7
7
7
7
7
7
7
7
7
7
7
7
7
7
7
7
7
7
7
7
7
7
7
7
7
7
7
7
7
7
7
7
7
7
7
7
7
7
7
7
7
7
7
7
7
7
7
7
7
7
7
7
7
7
7
7
7
7
7
7
7
7
7
7
7
7
7
7
7
7
7
7
7
7
7
7
7
7
7
7
7
7
7
7
7
7
7
7
7
7
7
7
7
7
7
7
7
7
7
7
7
7
7
7
7
7
7
7
7
7
7
7
7
7
7
7
7
7
7
7
7
7
7
7
7
7
7
7
7
7
7
7
7
7
7
7
7
7
7
7
7
7
7
7
7
7
7
7
7
7
7
7
7
7
7
7
7
7
7
7
7
7
7
7
7
7
7
7
7
7
7
7
7
7
7
7
7
7
7
7
7
7
7
7
7
7
7
7
7
7
7
7
7
7
7
7
7
7
7
7
7
7
7
7
7
7
7
7
7
7
7
7
7
7
7
7
7
7
7
7
7
7
7
7
7
7
7
7
7
7
7
7
7
7
7
7
7
7
7
7
7
7
7
7
7
7
7
7
7
7
7
7
7
7
7
7
7
7
7
7
7
7
7
7
7
7
7
7
7
7
7
7
7
7
7
7
7
7
7
7
7
7
7
7
7
7
7
7
7
7
7
7
7
7
7
7
7
7
7
7
7
7
7
7
7
7
7
7
7
7
7
7
7
7
7
7
7
7
7
7
7
7
7
7
7
7
7
7
7
7
7
7
7
7
7
7
7
7
7
7
7
7
7
7
7
7
7
7
7
7
7
7
7
7
7
7
7
7
7
7
7
7
7
7
7
7
7
7
7
7
7
7
7
7
7
7
7
7
7
7
7
7
7
7
7
7
7
7
7
7
7
7
7
7
7
7
7
7
7
7
7
7
7
7
7
7
7
7
7
7
7
7
7
7
7
7
7
7
7
7
7
7
7
7
7
7
7
7
7
7
7
7
7
7
7
7
7
7
7
7
7
7
7
7
7
7
7
7
7
7
7
7
7
7
7
7
7
7
7
7
7
7
7
7
7
7
7
7
7
7
7
7
7
7
7
7
7
7
7
7
7
7
7
7
7
7
7
7
7
7
7
7
7
7
7
7
7
7
7
7
7
7
7
7
7
7
7
7
7
7
7
7
7
7
7
7
7
7
7
7
7
7
7
7
7
7
7
7
7
7
7
7
7
7
7
7
7
7
7
7
7
7
7
7
7
7
7
7
7
7
7
7
7
7
7
7
7
7
7
7
7
7
7
7
7
7
7
7
7
7
7
7
7
7
7
7
7
7
7
7
7
7
7
7
7
7
7
7
7
7
7
7
7
7
7
7
7
7
7
7
7
7
7
7
7
7
7
7
7
7
7
7
7
7
7
7
7
7
7
7
7
7
7
7
7
7
7
7
7
7
7
7
7
7
7
7
7
7
7
7
7
7
7
7
7
7
7
7
7
7
7
7
7
7
7
7
7
7
7
7
7
7
7
7
7
7
7
7
7
7
7
7
7
7
7
7
7
7
7
7
7
7
7
7
7
7
7
7
7
7
7
7
7
7
7
7
7
7
7
7
7
7
7
7
7
7
7
7
7
7
7
7
7
7
7
7
7
7
7
7
7
7
7
7
7
7
7
7
7
7
7
7
7
7
7
7
7
7
7
7
7
7
7
7
7
7
7
7
7
7
7
7
7
7
7
7
7
7
7
7
7
7
7
7
7
7
7
7
7
7
7
7
7
7
7
7
7
7
7
7
7
7
7
7
7
7
7
7
7
7
7
7
7
7
7
7
7
7
7
7
7
7
7
7
7
7
7
7
7
7
7
7
7
7
7
7
7
7
7
7
7
7
7
7
7
7
7
7
7
7
7
7
7
7
7
7
7
7
7
7
7
7
7
7
7
7
7
7
7
7
7
7
7
7
7
7
7
7
7
7
7
7
7
7
7
7
7
7
7
7
7
7
7
7
7
7
7
7
7
7
7
7
7
7
7
7
7
7
7
7
7
7
7
7
7
7
7
7
7
7
7
7
7
7
7
7
7
7
7
7
7
7
7
7
7
7
7
7
7
7
7
7
7
7
7
7
7
7
7
7
7
7
7
7
7
7
7
7
7
7
7
7
7
7
7
7
7
7
7
7
7
7
7
7
7
7
7
7
7
7
7
7
7
7
7
7
7
7
7
7
7
7
7
7
7
7
7
7
7
7
7
7
7
7
7
7
7
7
7
7
7
7
7
7
7
7
7
7
7
7
7
7
7
7
7
7
7
7
7
7
7
7
7
7
7
7
7
7
7
7
7
7
7
7
7
7
7
7
7
7
7
7
7
7
7
7
7
7
7
7
7
7
7
7
7
7
7
7
7
7
7
7
7
7
7
7
7
7
7
7
7
7
7
7
7
7
7
7
7
7
7
7
7
7
7
7
7
7
7
7
7
7
7
7
7
7
7
7
7
7
7
7
7
7
7
7
7
7
7
7
7
7
7
7
7
7
7
7
7
7
7
7
7
7
7
7
7
7
7
7
7
7
7
7
7
7
7
7
7
7
7
7
7
7
7
7
7
7
7
7
7
7
7
7
7
7
7
7
7
7
7
7
7
7
7
7
7
7
7
7
7
7
7
7
7
7
7
7
7
7
7
7
7
7
7
7
7
7
7
7
7
7
7
7
7
7
7
7
7
7
7
7
7
7
7
7
7
7
7
7
7
7
7
7
7
7
7
7
7
7
7
7
7
7
7
7
7
7
7
7
7
7
7
7
7
7
7
7
7
7
7
7
7
7
7
7
7
7
7
7
7
7
7
7
7
7
7
7
7
7
7
7
7
7
7
7
7
7
7
7
7
7
7
7
7
7
7
7
7
7
7
7
7
7
7
7
7
7
7
7
7
7
7
7
7
7
7
7
7
7
7
7
7
7
7
7
7
7
7
7
7
7
7
7
7
7
7
7
7
7
7
7
7
7
7
7
7
7
7
7
7
7
7
7
7
7
7
7
7
7
7
7
7
7
7
7
7
7
7
7
7
7
7
7
7
7
7
7
7
7
7
7
7
7
7
7
7
7
7
7
7
7
7
7
7
7
7
7
7
7
7
7
7
7
7
7
7
7
7
7
7
7
7
7
7
7
7
7
7
7
7
7
7
7
7
7
7
7
7
7
7
7
7
7
7
7
7
7
7
7
7
7
7
7
7
7
7
7
7
7
7
7
7
7
7
7
7
7
7
7
7
7
7
7
7
7
7
7
7
7
7
7
7
7
7
7
7
7
7
7
7
7
7
7
7
7
7
7
7
7
7
7
7
7
7
7
7
7
7
7
7
7
7
7
7
7
7
7
7
7
7
7
7
7
7
7
7
7
7
7
7
7
7
7
7
7
7
7
7
7
7
7
7
7
7
7
7
7
7
7
7
7
7
7
7
7
7
7
7
7
7
7
7
7
7
7
7
7
7
7
7
7
7
7
7
7
7
7
7
7
7
7
7
7
7
7
7
7
7
7
7
7
7
7
7
7
7
7
7
7
7
7
7
7
7
7
7
7
7
7
7
7
7
7
7
7
7
7
7
7
7
7
7
7
7
7
7
7
7
7
7
7
7
7
7
7
7
7
7
7
7
7
7
7
7
7
7
7
7
7
7
7
7
7
7
7
7
7
7
7
7
7
7
7
7
7
7
7
7
7
7
7
7
7
7
7
7
7
7
7
7
7
7
7
7
7
7
7
7
7
7
7
7
7
7
7
7
7
7
7
7
7
7
7
7
7
7
7
7
7
7
7
7
7
7
7
7
7
7
7
7
7
7
7
7
7
7
7
7
7
7
7
7
7
7
7
7
7
7
7
7
7
7
7
7
7
7
7
7
7
7
7
7
7
7
7
7
7
7
7
7
7
7
7
7
7
7
7
7
7
7
7
7
7
7
7
7
7
7
7
7
7
7
7
7
7
7
7
7
7
7
7
7
7
7
7
7
7
7
7
7
7
7
7
7
7
7
7
7
7
7
7
7
7
7
7
7
7
7
7
7
7
7
7
7
7
7
7
7
7
7
7
7
7
7
7
7
7
7
7
7
7
7
7
7
7
7
7
7
7
7
7
7
7
7
7
7
7
7
7
7
7
7
7
7
7
7
7
7
7
7
7
7
7
7
7
7
7
7
7
7
7
7
7
7
7
7
7
7
7
7
7
7
7
7
7
7
7
7
7
7
7
7
7
7
7
7
7
7
7
7
7
7
7
7
7
7
7
7
7
7
7
7
7
7
7
7
7
7
7
7
7
7
7
7
7
7
7
7
7
7
7
7
7
7
7
7
7
7
7
7
7
7
7
7
7
7
7
7
7
7
7
7
7
7
7
7
7
7
7
7
7
7
7
7
7
7
7
7
7
7
7
7
7
7
7
7
7
7
7
7
7
7
7
7
7
7
7
7
7
7
7
7
7
7
7
7
7
7
7
7
7
7
7
7
7
7
7
7
7
7
7
7
7
7
7
7
7
7
7
7
7
7
7
7
7
7
7
7
7
7
7
7
7
7
7
7
7
7
7
7
7
7
7
7
7
7
7
7
7
7
7
7
7
7
7
7
7
7
7
7
7
7
7
7
7
7
7
7
7
7
7
7
7
7
7
7
7
7
7
7
7
7
7
7
7
7
7
7
7
7
7
7
7
7
7
7
7
7
7
7
7
7
7
7
7
7
7
7
7
7
7
7
7
7
7
7
7
7
7
7
7
7
7
7
7
7
7
7
7
7
7
7
7
7
7
7
7
7
7
7
7
7
7
7
7
7
7
7
7
7
7
7
7
7
7
7
7
7
7
7
7
7
7
7
7
7
7
7
7
7
7
7
7
7
7
7
7
7
7
7
7
7
7
7
7
7
7
7
7
7
7
7
7
7
7
7
7
7
7
7
7
7
7
7
7
7
7
7
7
7
7
7
7
7
7
7
7
7
7
7
7
7
7
7
7
7
7
7
7
7
7
7
7
7
7
7
7
7
7
7
7
7
7
7
7
7
7
7
7
7
7
7
7
7
7
7
7
7
7
7
7
7
7
7
7
7
7
7
7
7
7
7
7
7
7
7
7
7
7
7
7
7
7
7
7
7
7
7
7
7
7
7
7
7
7
7
7
7
7
7
7
7
7
7
7
7
7
7
7
7
7
7
7
7
7
7
7
7
7
7
7
7
7
7
7
7
7
7
7
7
7
7
7
7
7
7
7
7
7
7
7
7
7
7
7
7
7
7
7
7
7
7
7
7
7
7
7
7
7
7
7
7
7
7
7
7
7
7
7
7
7
7
7
7
7
7
7
7
7
7
7
7
7
7
7
7
7
7
7
7
7
7
7
7
7
7
7
7
7
7
7
7
7
7
7
7
7
7
7
7
7
7
7
7
7
7
7
7
7
7
7
7
7
7
7
7
7
7
7
7
7
7
7
7
7
7
7
7
7
7
7
7
7
7
7
7
7
7
7
7
7
7
7
7
7
7
7
7
7
7
7
7
7
7
7
7
7
7
7
7
7
7
7
7
7
7
7
7
7
7
7
7
7
7
7
7
7
7
7
7
7
7
7
7
7
7
7
7
7
7
7
7
7
7
7
7
7
7
7
7
7
7
7
7
7
7
7
7
7
7
7
7
7
7
7
7
7
7
7
7
7
7
7
7
7
7
7
7
7
7
7
7
7
7
7
7
7
7
7
7
7
7
7
7
7
7
7
7
7
7
7
7
7
7
7
7
7
7
7
7
7
7
7
7
7
7
7
7
7
7
7
7
7
7
7
7
7
7
7
7
7
7
7
7
7
7
7
7
7
7
7
7
7
7
7
7
7
7
7
7
7
7
7
7
7
7
7
7
7
7
7
7
7
7
7
7
7
7
7
7
7
7
7
7
7
7
7
7
7
7
7
7
7
7
7
7
7
7
7
7
7
7
7
7
7
7
7
7
7
7
7
7
7
7
7
7
7
7
7
7
7
7
7
7
7
7
7
7
7
7
7
7
7
7
7
7
7
7
7
7
7
7
7
7
7
7
7
7
7
7
7
7
7
7
7
7
7
7
7
7
7
7
7
7
7
7
7
7
7
7
7
7
7
7
7
7
7
7
7
7
7
7
7
7
7
7
7
7
7
7
7
7
7
7
7
7
7
7
7
7
7
7
7
7
7
7
7
7
7
7
7
7
7
7
7
7
7
7
7
7
7
7
7
7
7
7
7
7
7
7
7
7
7
7
7
7
7
7
7
7
7
7
7
7
7
7
7
7
7
7
7
7
7
7
7
7
7
7
7
7
7
7
7
7
7
7
7
7
7
7
7
7
7
7
7
7
7
7
7
7
7
7
7
7
7
7
7
7
7
7
7
7
7
7
7
7
7
7
7
7
7
7
7
7
7
7
7
7
7
7
7
7
7
7
7
7
7
7
7
7
7
7
7
7
7
7
7
7
7
7
7
7
7
7
7
7
7
7
7
7
7
7
7
7
7
7
7
7
7
7
7
7
7
7
7
7
7
7
7
7
7
7
7
7
7
7
7
7
7
7
7
7
7
7
7
7
7
7
7
7
7
7
7
7
7
7
7
7
7
7
7
7
7
7
7
7
7
7
7
7
7
7
7
7
7
7
7
7
7
7
7
7
7
7
7
7
7
7
7
7
7
7
7
7
7
7
7
7
7
7
7
7
7
7
7
7
7
7
7
7
7
7
7
7
7
7
7
7
7
7
7
7
7
7
7
7
7
7
7
7
7
7
7
7
7
7
7
7
7
7
7
7
7
7
7
7
7
7
7
7
7
7
7
7
7
7
7
7
7
7
7
7
7
7
7
7
7
7
7
7
7
7
7
7
7
7
7
7
7
7
7
7
7
7
7
7
7
7
7
7
7
7
7
7
7
7
7
7
7
7
7
7
7
7
7
7
7
7
7
7
7
7
7
7
7
7
7
7
7
7
7
7
7
7
7
7
7
7
7
7
7
7
7
7
7
7
7
7
7
7
7
7
7
7
7
7
7
7
7
7
7
7
7
7
7
7
7
7
7
7
7
7
7
7
7
7
7
7
7
7
7
7
7
7
7
7
7
7
7
7
7
7
7
7
7
7
7
7
7
7
7
7
7
7
7
7
7
7
7
7
7
7
7
7
7
7
7
7
7
7
7
7
7
7
7
7
7
7
7
7
7
7
7
7
7
7
7
7
7
7
7
7
7
7
7
7
7
7
7
7
7
7
7
7
7
7
7
7
7
7
7
7
7
7
7
7
7
7
7
7
7
7
7
7
7
7
7
7
7
7
7
7
7
7
7
7
7
7
7
7
7
7
7
7
7
7
7
7
7
7
7
7
7
7
7
7
7
7
7
7
7
7
7
7
7
7
7
7
7
7
7
7
7
7
7
7
7
7
7
7
7
7
7
7
7
7
7
7
7
7
7
7
7
7
7
7
7
7
7
7
7
7
7
7
7
7
7
7
7
7
7
7
7
7
7
7
7
7
7
7
7
7
7
7
7
7
7
7
7
7
7
7
7
7
7
7
7
7
7
7
7
7
7
7
7
7
7
7
7
7
7
7
7
7
7
7
7
7
7
7
7
7
7
7
7
7
7
7
7
7
7
7
7
7
7
7
7
7
7
7
7
7
7
7
7
7
7
7
7
7
7
7
7
7
7
7
7
7
7
7
7
7
7
7
7
7
7
7
7
7
7
7
7
7
7
7
7
7
7
7
7
7
7
7
7
7
7
7
7
7
7
7
7
7
7
7
7
7
7
7
7
7
7
7
7
7
7
7
7
7
7
7
7
7
7
7
7
7
7
7
7
7
7
7
7
7
7
7
7
7
7
7
7
7
7
7
7
7
7
7
7
7
7
7
7
7
7
7
7
7
7
7
7
7
7
7
7
7
7
7
7
7
7
7
7
7
7
7
7
7
7
7
7
7
7
7
7
7
7
7
7
7
7
7
7
7
7
7
7
7
7
7
7
7
7
7
7
7
7
7
7
7
7
7
7
7
7
7
7
7
7
7
7
7
7
7
7
7
7
7
7
7
7
7
7
7
7
7
7
7
7
7
7
7
7
7
7
7
7
7
7
7
7
7
7
7
7
7
7
7
7
7
7
7
7
7
7
7
7
7
7
7
7
7
7
7
7
7
7
7
7
7
7
7
7
7
7
7
7
7
7
7
7
7
7
7
7
7
7
7
7
7
7
7
7
7
7
7
7
7
7
7
7
7
7
7
7
7
7
7
7
7
7
7
7
7
7
7
7
7
7
7
7
7
7
7
7
7
7
7
7
7
7
7
7
7
7
7
7
7
7
7
7
7
7
7
7
7
7
7
7
7
7
7
7
7
7
7
7
7
7
7
7
7
7
7
7
7
7
7
7
7
7
7
7
7
7
7
7
7
7
7
7
7
7
7
7
7
7
7
7
7
7
7
7
7
7
7
7
7
7
7
7
7
7
7
7
7
7
7
7
7
7
7
7
7
7
7
7
7
7
7
7
7
7
7
7
7
7
7
7
7
7
7
7
7
7
7
7
7
7
7
7
7
7
7
7
7
7
7
7
7
7
7
7
7
7
7
7
7
7
7
7
7
7
7
7
7
7
7
7
7
7
7
7
7
7
7
7
7
7
7
7
7
7
7
7
7
7
7
7
7
7
7
7
7
7
7
7
7
7
7
7
7
7
7
7
7
7
7
7
7
7
7
7
7
7
7
7
7
7
7
7
7
7
7
7
7
7
7
7
7
7
7
7
7
7
7
7
7
7
7
7
7
7
7
7
7
7
7
7
7
7
7
7
7
7
7
7
7
7
7
7
7
7
7
7
7
7
7
7
7
7
7
7
7
7
7
7
7
7
7
7
7
7
7
7
7
7
7
7
7
7
7
7
7
7
7
7
7
7
7
7
7
7
7
7
7
7
7
7
7
7
7
7
7
7
7
7
7
7
7
7
7
7
7
7
7
7
7
7
7
7
7
7
7
7
7
7
7
7
7
7
7
7
7
7
7
7
7
7
7
7
7
7
7
7
7
7
7
7
7
7
7
7
7
7
7
7
7
7
7
7
7
7
7
7
7
7
7
7
7
7
7
7
7
7
7
7
7
7
7
7
7
7
7
7
7
7
7
7
7
7
7
7
7
7
7
7
7
7
7
7
7
7
7
7
7
7
7
7
7
7
7
7
7
7
7
7
7
7
7
7
7
7
7
7
7
7
7
7
7
7
7
7
7
7
7
7
7
7
7
7
7
7
7
7
7
7
7
7
7
7
7
7
7
7
7
7
7
7
7
7
7
7
7
7
7
7
7
7
7
7
7
7
7
7
7
7
7
7
7
7
7
7
7
7
7
7
7
7
7
7
7
7
7
7
7
7
7
7
7
7
7
7
7
7
7
7
7
7
7
7
7
7
7
7
7
7
7
7
7
7
7
7
7
7
7
7
7
7
7
7
7
7
7
7
7
7
7
7
7
7
7
7
7
7
7
7
7
7
7
7
7
7
7
7
7
7
7
7
7
7
7
7
7
7
7
7
7
7
7
7
7
7
7
7
7
7
7
7
7
7
7
7
7
7
7
7
7
7
7
7
7
7
7
7
7
7
7
7
7
7
7
7
7
7
7
7
7
7
7
7
7
7
7
7
7
7
7
7
7
7
7
7
7
7
7
7
7
7
7
7
7
7
7
7
7
7
7
7
7
7
7
7
7
7
7
7
7
7
7
7
7
7
7
7
7
7
7
7
7
7
7
7
7
7
7
7
7
7
7
7
7
7
7
7
7
7
7
7
7
7
7
7
7
7
7
7
7
7
7
7
7
7
7
7
7
7
7
7
7
7
7
7
7
7
7
7
7
7
7
7
7
7
7
7
7
7
7
7
7
7
7
7
7
7
7
7
7
7
7
7
7
7
7
7
7
7
7
7
7
7
7
7
7
7
7
7
7
7
7
7
7
7
7
7
7
7
7
7
7
7
7
7
7
7
7
7
7
7
7
7
7
7
7
7
7
7
7
7
7
7
7
7
7
7
7
7
7
7
7
7
7
7
7
7
7
7
7
7
7
7
7
7
7
7
7
7
7
7
7
7
7
7
7
7
7
7
7
7
7
7
7
7
7
7
7
7
7
7
7
7
7
7
7
7
7
7
7
7
7
7
7
7
7
7
7
7
7
7
7
7
7
7
7
7
7
7
7
7
7
7
7
7
7
7
7
7
7
7
7
7
7
7
7
7
7
7
7
7
7
7
7
7
7
7
7
7
7
7
7
7
7
7
7
7
7
7
7
7
7
7
7
7
7
7
7
7
7
7
7
7
7
7
7
7
7
7
7
7
7
7
7
7
7
7
7
7
7
7
7
7
7
7
7
7
7
7
7
7
7
7
7
7
7
7
7
7
7
7
7
7
7
7
7
7
7
7
7
7
7
7
7
7
7
7
7
7
7
7
7
7
7
7
7
7
7
7
7
7
7
7
7
7
7
7
7
7
7
7
7
7
7
7
7
7
7
7
7
7
7
7
7
7
7
7
7
7
7
7
7
7
7
7
7
7
7
7
7
7
7
7
7
7
7
7
7
7
7
7
7
7
7
7
7
7
7
7
7
7
7
7
7
7
7
7
7
7
7
7
7
7
7
7
7
7
7
7
7
7
7
7
7
7
7
7
7
7
7
7
7
7
7
7
7
7
7
7
7
7
7
7
7
7
7
7
7
7
7
7
7
7
7
7
7
7
7
7
7
7
7
7
7
7
7
7
7
7
7
7
7
7
7
7
7
7
7
7
7
7
7
7
7
7
7
7
7
7
7
7
7
7
7
7
7
7
7
7
7
7
7
7
7
7
7
7
7
7
7
7
7
7
7
7
7
7
7
7
7
7
7
7
7
7
7
7
7
7
7
7
7
7
7
7
7
7
7
7
7
7
7
7
7
7
7
7
7
7
7
7
7
7
7
7
7
7
7
7
7
7
7
7
7
7
7
7
7
7
7
7
7
7
7
7
7
7
7
7
7
7
7
7
7
7
7
7
7
7
7
7
7
7
7
7
7
7
7
7
7
7
7
7
7
7
7
7
7
7
7
7
7
7
7
7
7
7
7
7
7
7
7
7
7
7
7
7
7
7
7
7
7
7
7
7
7
7
7
7
7
7
7
7
7
7
7
7
7
7
7
7
7
7
7
7
7
7
7
7
7
7
7
7
7
7
7
7
7
7
7
7
7
7
7
7
7
7
7
7
7
7
7
7
7
7
7
7
7
7
7
7
7
7
7
7
7
7
7
7
7
7
7
7
7
7
7
7
7
7
7
7
7
7
7
7
7
7
7
7
7
7
7
7
7
7
7
7
7
7
7
7
7
7
7
7
7
7
7
7
7
7
7
7
7
7
7
7
7
7
7
7
7
7
7
7
7
7
7
7
7
7
7
7
7
7
7
7
7
7
7
7
7
7
7
7
7
7
7
7
7
7
7
7
7
7
7
7
7
7
7
7
7
7
7
7
7
7
7
7
7
7
7
7
7
7
7
7
7
7
7
7
7
7
7
7
7
7
7
7
7
7
7
7
7
7
7
7
7
7
7
7
7
7
7
7
7
7
7
7
7
7
7
7
7
7
7
7
7
7
7
7
7
7
7
7
7
7
7
7
7
7
7
7
7
7
7
7
7
7
7
7
7
7
7
7
7
7
7
7
7
7
7
7
7
7
7
7
7
7
7
7
7
7
7
7
7
7
7
7
7
7
7
7
7
7
7
7
7
7
7
7
7
7
7
7
7
7
7
7
7
7
7
7
7
7
7
7
7
7
7
7
7
7
7
7
7
7
7
7
7
7
7
7
7
7
7
7
7
7
7
7
7
7
7
7
7
7
7
7
7
7
7
7
7
7
7
7
7
7
7
7
7
7
7
7
7
7
7
7
7
7
7
7
7
7
7
7
7
7
7
7
7
7
7
7
7
7
7
7
7
7
7
7
7
7
7
7
7
7
7
7
7
7
7
7
7
7
7
7
7
7
7
7
7
7
7
7
7
7
7
7
7
7
7
7
7
7
7
7
7
7
7
7
7
7
7
7
7
7
7
7
7
7
7
7
7
7
7
7
7
7
7
7
7
7
7
7
7
7
7
7
7
7
7
7
7
7
7
7
7
7
7
7
7
7
7
7
7
7
7
7
7
7
7
7
7
7
7
7
7
7
7
7
7
7
7
7
7
7
7
7
7
7
7
7
7
7
7
7
7
7
7
7
7
7
7
7
7
7
7
7
7
7
7
7
7
7
7
7
7
7
7
7
7
7
7
7
7
7
7
7
7
7
7
7
7
7
7
7
7
7
7
7
7
7
7
7
7
7
7
7
7
7
7
7
7
7
7
7
7
7
7
7
7
7
7
7
7
7
7
7
7
7
7
7
7
7
7
7
7
7
7
7
7
7
7
7
7
7
7
7
7
7
7
7
7
7
7
7
7
7
7
7
7
7
7
7
7
7
7
7
7
7
7
7
7
7
7
7
7
7
7
7
7
7
7
7
7
7
7
7
7
7
7
7
7
7
7
7
7
7
7
7
7
7
7
7
7
7
7
7
7
7
7
7
7
7
7
7
7
7
7
7
7
7
7
7
7
7
7
7
7
7
7
7
7
7
7
7
7
7
7
7
7
7
7
7
7
7
7
7
7
7
7
7
7
7
7
7
7
7
7
7
7
7
7
7
7
7
7
7
7
7
7
7
7
7
7
7
7
7
7
7
7
7
7
7
7
7
7
7
7
7
7
7
7
7
7
7
7
7
7
7
7
7
7
7
7
7
7
7
7
7
7
7
7
7
7
7
7
7
7
7
7
7
7
7
7
7
7
7
7
7
7
7
7
7
7
7
7
7
7
7
7
7
7
7
7
7
7
7
7
7
7
7
7
7
7
7
7
7
7
7
7
7
7
7
7
7
7
7
7
7
7
7
7
7
7
7
7
7
7
7
7
7
7
7
7
7
7
7
7
7
7
7
7
7
7
7
7
7
7
7
7
7
7
7
7
7
7
7
7
7
7
7
7
7
7
7
7
7
7
7
7
7
7
7
7
7
7
7
7
7
7
7
7
7
7
7
7
7
7
7
7
7
7
7
7
7
7
7
7
7
7
7
7
7
7
7
7
7
7
7
7
7
7
7
7
7
7
7
7
7
7
7
7
7
7
7
7
7
7
7
7
7
7
7
7
7
7
7
7
7
7
7
7
7
7
7
7
7
7
7
7
7
7
7
7
7
7
7
7
7
7
7
7
7
7
7
7
7
7
7
7
7
7
7
7
7
7
7
7
7
7
7
7
7
7
7
7
7
7
7
7
7
7
7
7
7
7
7
7
7
7
7
7
7
7
7
7
7
7
7
7
7
7
7
7
7
7
7
7
7
7
7
7
7
7
7
7
7
7
7
7
7
7
7
7
7
7
7
7
7
7
7
7
7
7
7
7
7
7
7
7
7
7
7
7
7
7
7
7
7
7
7
7
7
7
7
7
7
7
7
7
7
7
7
7
7
7
7
7
7
7
7
7
7
7
7
7
7
7
7
7
7
7
7
7
7
7
7
7
7
7
7
7
7
7
7
7
7
7
7
7
7
7
7
7
7
7
7
7
7
7
7
7
7
7
7
7
7
7
7
7
7
7
7
7
7
7
7
7
7
7
7
7
7
7
7
7
7
7
7
7
7
7
7
7
7
7
7
7
7
7
7
7
7
7
7
7
7
7
7
7
7
7
7
7
7
7
7
7
7
7
7
7
7
7
7
7
7
7
7
7
7
7
7
7
7
7
7
7
7
7
7
7
7
7
7
7
7
7
7
7
7
7
7
7
7
7
7
7
7
7
7
7
7
7
7
7
7
7
7
7
7
7
7
7
7
7
7
7
7
7
7
7
7
7
7
7
7
7
7
7
7
7
7
7
7
7
7
7
7
7
7
7
7
7
7
7
7
7
7
7
7
7
7
7
7
7
7
7
7
7
7
7
7
7
7
7
7
7
7
7
7
7
7
7
7
7
7
7
7
7
7
7
7
7
7
7
7
7
7
7
7
7
7
7
7
7
7
7
7
7
7
7
7
7
7
7
7
7
7
7
7
7
7
7
7
7
7
7
7
7
7
7
7
7
7
7
7
7
7
7
7
7
7
7
7
7
7
7
7
7
7
7
7
7
7
7
7
7
7
7
7
7
7
7
7
7
7
7
7
7
7
7
7
7
7
7
7
7
7
7
7
7
7
7
7
7
7
7
7
7
7
7
7
7
7
7
7
7
7
7
7
7
7
7
7
7
7
7
7
7
7
7
7
7
7
7
7
7
7
7
7
7
7
7
7
7
7
7
7
7
7
7
7
7
7
7
7
7
7
7
7
7
7
7
7
7
7
7
7
7
7
7
7
7
7
7
7
7
7
7
7
7
7
7
7
7
7
7
7
7
7
7
7
7
7
7
7
7
7
7
7
7
7
7
7
7
7
7
7
7
7
7
7
7
7
7
7
7
7
7
7
7
7
7
7
7
7
7
7
7
7
7
7
7
7
7
7
7
7
7
7
7
7
7
7
7
7
7
7
7
7
7
7
7
7
7
7
7
7
7
7
7
7
7
7
7
7
7
7
7
7
7
7
7
7
7
7
7
7
7
7
7
7
7
7
7
7
7
7
7
7
7
7
7
7
7
7
7
7
7
7
7
7
7
7
7
7
7
7
7
7
7
7
7
7
7
7
7
7
7
7
7
7
7
7
7
7
7
7
7
7
7
7
7
7
7
7
7
7
7
7
7
7
7
7
7
7
7
7
7
7
7
7
7
7
7
7
7
7
7
7
7
7
7
7
7
7
7
7
7
7
7
7
7
7
7
7
7
7
7
7
7
7
7
7
7
7
7
7
7
7
7
7
7
7
7
7
7
7
7
7
7
7
7
7
7
7
7
7
7
7
7
7
7
7
7
7
7
7
7
7
7
7
7
7
7
7
7
7
7
7
7
7
7
7
7
7
7
7
7
7
7
7
7
7
7
7
7
7
7
7
7
7
7
7
7
7
7
7
7
7
7
7
7
7
7
7
7
7
7
7
7
7
7
7
7
7
7
7
7
7
7
7
7
7
7
7
7
7
7
7
7
7
7
7
7
7
7
7
7
7
7
7
7
7
7
7
7
7
7
7
7
7
7
7
7
7
7
7
7
7
7
7
7
7
7
7
7
7
7
7
7
7
7
7
7
7
7
7
7
7
7
7
7
7
7
7
7
7
7
7
7
7
7
7
7
7
7
7
7
7
7
7
7
7
7
7
7
7
7
7
7
7
7
7
7
7
7
7
7
7
7
7
7
7
7
7
7
7
7
7
7
7
7
7
7
7
7
7
7
7
7
7
7
7
7
7
7
7
7
7
7
7
7
7
7
7
7
7
7
7
7
7
7
7
7
7
7
7
7
7
7
7
7
7
7
7
7
7
7
7
7
7
7
7
7
7
7
7
7
7
7
7
7
7
7
7
7
7
7
7
7
7
7
7
7
7
7
7
7
7
7
7
7
7
7
7
7
7
7
7
7
7
7
7
7
7
7
7
7
7
7
7
7
7
7
7
7
7
7
7
7
7
7
7
7
7
7
7
7
7
7
7
7
7
7
7
7
7
7
7
7
7
7
7
7
7
7
7
7
7
7
7
7
7
7
7
7
7
7
7
7
7
7
7
7
7
7
7
7
7
7
7
7
7
7
7
7
7
7
7
7
7
7
7
7
7
7
7
7
7
7
7
7
7
7
7
7
7
7
7
7
7
7
7
7
7
7
7
7
7
7
7
7
7
7
7
7
7
7
7
7
7
7
7
7
7
7
7
7
7
7
7
7
7
7
7
7
7
7
7
7
7
7
7
7
7
7
7
7
7
7
7
7
7
7
7
7
7
7
7
7
7
7
7
7
7
7
7
7
7
7
7
7
7
7
7
7
7
7
7
7
7
7
7
7
7
7
7
7
7
7
7
7
7
7
7
7
7
7
7
7
7
7
7
7
7
7
7
7
7
7
7
7
7
7
7
7
7
7
7
7
7
7
7
7
7
7
7
7
7
7
7
7
7
7
7
7
7
7
7
7
7
7
7
7
7
7
7
7
7
7
7
7
7
7
7
7
7
7
7
7
7
7
7
7
7
7
7
7
7
7
7
7
7
7
7
7
7
7
7
7
7
7
7
7
7
7
7
7
7
7
7
7
7
7
7
7
7
7
7
7
7
7
7
7
7
7
7
7
7
7
7
7
7
7
7
7
7
7
7
7
7
7
7
7
7
7
7
7
7
7
7
7
7
7
7
7
7
7
7
7
7
7
7
7
7
7
7
7
7
7
7
7
7
7
7
7
7
7
7
7
7
7
7
7
7
7
7
7
7
7
7
7
7
7
7
7
7
7
7
7
7
7
7
7
7
7
7
7
7
7
7
7
7
7
7
7
7
7
7
7
7
7
7
7
7
7
7
7
7
7
7
7
7
7
7
7
7
7
7
7
7
7
7
7
7
7
7
7
7
7
7
7
7
7
7
7
7
7
7
7
7
7
7
7
7
7
7
7
7
7
7
7
7
7
7
7
7
7
7
7
7
7
7
7
7
7
7
7
7
7
7
7
7
7
7
7
7
7
7
7
7
7
7
7
7
7
7
7
7
7
7
7
7
7
7
7
7
7
7
7
7
7
7
7
7
7
7
7
7
7
7
7
7
7
7
7
7
7
7
7
7
7
7
7
7
7
7
7
7
7
7
7
7
7
7
7
7
7
7
7
7
7
7
7
7
7
7
7
7
7
7
7
7
7
7
7
7
7
7
7
7
7
7
7
7
7
7
7
7
7
7
7
7
7
7
7
7
7
7
7
7
7
7
7
7
7
7
7
7
7
7
7
7
7
7
7
7
7
7
7
7
7
7
7
7
7
7
7
7
7
7
7
7
7
7
7
7
7
7
7
7
7
7
7
7
7
7
7
7
7
7
7
7
7
7
7
7
7
7
7
7
7
7
7
7
7
7
7
7
7
7
7
7
7
7
7
7
7
7
7
7
7
7
7
7
7
7
7
7
7
7
7
7
7
7
7
7
7
7
7
7
7
7
7
7
7
7
7
7
7
7
7
7
7
7
7
7
7
7
7
7
7
7
7
7
7
7
7
7
7
7
7
7
7
7
7
7
7
7
7
7
7
7
7
7
7
7
7
7
7
7
7
7
7
7
7
7
7
7
7
7
7
7
7
7
7
7
7
7
7
7
7
7
7
7
7
7
7
7
7
7
7
7
7
7
7
7
7
7
7
7
7
7
7
7
7
7
7
7
7
7
7
7
7
7
7
7
7
7
7
7
7
7
7
7
7
7
7
7
7
7
7
7
7
7
7
7
7
7
7
7
7
7
7
7
7
7
7
7
7
7
7
7
7
7
7
7
7
7
7
7
7
7
7
7
7
7
7
7
7
7
7
7
7
7
7
7
7
7
7
7
7
7
7
7
7
7
7
7
7
7
7
7
7
7
7
7
7
7
7
7
7
7
7
7
7
7
7
7
7
7
7
7
7
7
7
7
7
7
7
7
7
7
7
7
7
7
7
7
7
7
7
7
7
7
7
7
7
7
7
7
7
7
7
7
7
7
7
7
7
7
7
7
7
7
7
7
7
7
7
7
7
7
7
7
7
7
7
7
7
7
7
7
7
7
7
7
7
7
7
7
7
7
7
7
7
7
7
7
7
7
7
7
7
7
7
7
7
7
7
7
7
7
7
7
7
7
7
7
7
7
7
7
7
7
7
7
7
7
7
7
7
7
7
7
7
7
7
7
7
7
7
7
7
7
7
7
7
7
7
7
7
7
7
7
7
7
7
7
7
7
7
7
7
7
7
7
7
7
7
7
7
7
7
7
7
7
7
7
7
7
7
7
7
7
7
7
7
7
7
7
7
7
7
7
7
7
7
7
7
7
7
7
7
7
7
7
7
7
7
7
7
7
7
7
7
7
7
7
7
7
7
7
7
7
7
7
7
7
7
7
7
7
7
7
7
7
7
7
7
7
7
7
7
7
7
7
7
7
7
7
7
7
7
7
7
7
7
7
7
7
7
7
7
7
7
7
7
7
7
7
7
7
7
7
7
7
7
7
7
7
7
7
7
7
7
7
7
7
7
7
7
7
7
7
7
7
7
7
7
7
7
7
7
7
7
7
7
7
7
7
7
7
7
7
7
7
7
7
7
7
7
7
7
7
7
7
7
7
7
7
7
7
7
7
7
7
7
7
7
7
7
7
7
7
7
7
7
7
7
7
7
7
7
7
7
7
7
7
7
7
7
7
7
7
7
7
7
7
7
7
7
7
7
7
7
7
7
7
7
7
7
7
7
7
7
7
7
7
7
7
7
7
7
7
7
7
7
7
7
7
7
7
7
7
7
7
7
7
7
7
7
7
7
7
7
7
7
7
7
7
7
7
7
7
7
7
7
7
7
7
7
7
7
7
7
7
7
7
7
7
7
7
7
7
7
7
7
7
7
7
7
7
7
7
7
7
7
7
7
7
7
7
7
7
7
7
7
7
7
7
7
7
7
7
7
7
7
7
7
7
7
7
7
7
7
7
7
7
7
7
7
7
7
7
7
7
7
7
7
7
7
7
7
7
7
7
7
7
7
7
7
7
7
7
7
7
7
7
7
7
7
7
7
7
7
7
7
7
7
7
7
7
7
7
7
7
7
7
7
7
7
7
7
7
7
7
7
7
7
7
7
7
7
7
7
7
7
7
7
7
7
7
7
7
7
7
7
7
7
7
7
7
7
7
7
7
7
7
7
7
7
7
7
7
7
7
7
7
7
7
7
7
7
7
7
7
7
7
7
7
7
7
7
7
7
7
7
7
7
7
7
7
7
7
7
7
7
7
7
7
7
7
7
7
7
7
7
7
7
7
7
7
7
7
7
7
7
7
7
7
7
7
7
7
7
7
7
7
7
7
7
7
7
7
7
7
7
7
7
7
7
7
7
7
7
7
7
7
7
7
7
7
7
7
7
7
7
7
7
7
7
7
7
7
7
7
7
7
7
7
7
7
7
7
7
7
7
7
7
7
7
7
7
7
7
7
7
7
7
7
7
7
7
7
7
7
7
7
7
7
7
7
7
7
7
7
7
7
7
7
7
7
7
7
7
7
7
7
7
7
7
7
7
7
7
7
7
7
7
7
7
7
7
7
7
7
7
7
7
7
7
7
7
7
7
7
7
7
7
7
7
7
7
7
7
7
7
7
7
7
7
7
7
7
7
7
7
7
7
7
7
7
7
7
7
7
7
7
7
7
7
7
7
7
7
7
7
7
7
7
7
7
7
7
7
7
7
7
7
7
7
7
7
7
7
7
7
7
7
7
7
7
7
7
7
7
7
7
7
7
7
7
7
7
7
7
7
7
7
7
7
7
7
7
7
7
7
7
7
7
7
7
7
7
7
7
7
7
7
7
7
7
7
7
7
7
7
7
7
7
7
7
7
7
7
7
7
7
7
7
7
7
7
7
7
7
7
7
7
7
7
7
7
7
7
7
7
7
7
7
7
7
7
7
7
7
7
7
7
7
7
7
7
7
7
7
7
7
7
7
7
7
7
7
7
7
7
7
7
7
7
7
7
7
7
7
7
7
7
7
7
7
7
7
7
7
7
7
7
7
7
7
7
7
7
7
7
7
7
7
7
7
7
7
7
7
7
7
7
7
7
7
7
7
7
7
7
7
7
7
7
7
7
7
7
7
7
7
7
7
7
7
7
7
7
7
7
7
7
7
7
7
7
7
7
7
7
7
7
7
7
7
7
7
7
7
7
7
7
7
7
7
7
7
7
7
7
7
7
7
7
7
7
7
7
7
7
7
7
7
7
7
7
7
7
7
7
7
7
7
7
7
7
7
7
7
7
7
7
7
7
7
7
7
7
7
7
7
7
7
7
7
7
7
7
7
7
7
7
7
7
7
7
7
7
7
7
7
7
7
7
7
7
7
7
7
7
7
7
7
7
7
7
7
7
7
7
7
7
7
7
7
7
7
7
7
7
7
7
7
7
7
7
7
7
7
7
7
7
7
7
7
7
7
7
7
7
7
7
7
7
7
7
7
7
7
7
7
7
7
7
7
7
7
7
7
7
7
7
7
7
7
7
7
7
7
7
7
7
7
7
7
7
7
7
7
7
7
7
7
7
7
7
7
7
7
7
7
7
7
7
7
7
7
7
7
7
7
7
7
7
7
7
7
7
7
7
7
7
7
7
7
7
7
7
7
7
7
7
7
7
7
7
7
7
7
7
7
7
7
7
7
7
7
7
7
7
7
7
7
7
7
7
7
7
7
7
7
7
7
7
7
7
7
7
7
7
7
7
7
7
7
7
7
7
7
7
7
7
7
7
7
7
7
7
7
7
7
7
7
7
7
7
7
7
7
7
7
7
7
7
7
7
7
7
7
7
7
7
7
7
7
7
7
7
7
7
7
7
7
7
7
7
7
7
7
7
7
7
7
7
7
7
7
7
7
7
7
7
7
7
7
7
7
7
7
7
7
7
7
7
7
7
7
7
7
7
7
7
7
7
7
7
7
7
7
7
7
7
7
7
7
7
7
7
7
7
7
7
7
7
7
7
7
7
7
7
7
7
7
7
7
7
7
7
7
7
7
7
7
7
7
7
7
7
7
7
7
7
7
7
7
7
7
7
7
7
7
7
7
7
7
7
7
7
7
7
7
7
7
7
7
7
7
7
7
7
7
7
7
7
7
7
7
7
7
7
7
7
7
7
7
7
7
7
7
7
7
7
7
7
7
7
7
7
7
7
7
7
7
7
7
7
7
7
7
7
7
7
7
7
7
7
7
7
7
7
7
7
7
7
7
7
7
7
7
7
7
7
7
7
7
7
7
7
7
7
7
7
7
7
7
7
7
7
7
7
7
7
7
7
7
7
7
7
7
7
7
7
7
7
7
7
7
7
7
7
7
7
7
7
7
7
7
7
7
7
7
7
7
7
7
7
7
7
7
7
7
7
7
7
7
7
7
7
7
7
7
7
7
7
7
7
7
7
7
7
7
7
7
7
7
7
7
7
7
7
7
7
7
7
7
7
7
7
7
7
7
7
7
7
7
7
7
7
7
7
7
7
7
7
7
7
7
7
7
7
7
7
7
7
7
7
7
7
7
7
7
7
7
7
7
7
7
7
7
7
7
7
7
7
7
7
7
7
7
7
7
7
7
7
7
7
7
7
7
7
7
7
7
7
7
7
7
7
7
7
7
7
7
7
7
7
7
7
7
7
7
7
7
7
7
7
7
7
7
7
7
7
7
7
7
7
7
7
7
7
7
7
7
7
7
7
7
7
7
7
7
7
7
7
7
7
7
7
7
7
7
7
7
7
7
7
7
7
7
7
7
7
7
7
7
7
7
7
7
7
7
7
7
7
7
7
7
7
7
7
7
7
7
7
7
7
7
7
7
7
7
7
7
7
7
7
7
7
7
7
7
7
7
7
7
7
7
7
7
7
7
7
7
7
7
7
7
7
7
7
7
7
7
7
7
7
7
7
7
7
7
7
7
7
7
7
7
7
7
7
7
7
7
7
7
7
7
7
7
7
7
7
7
7
7
7
7
7
7
7
7
7
7
7
7
7
7
7
7
7
7
7
7
7
7
7
7
7
7
7
7
7
7
7
7
7
7
7
7
7
7
7
7
7
7
7
7
7
7
7
7
7
7
7
7
7
7
7
7
7
7
7
7
7
7
7
7
7
7
7
7
7
7
7
7
7
7
7
7
7
7
7
7
7
7
7
7
7
7
7
7
7
7
7
7
7
7
7
7
7
7
7
7
7
7
7
7
7
7
7
7
7
7
7
7
7
7
7
7
7
7
7
7
7
7
7
7
7
7
7
7
7
7
7
7
7
7
7
7
7
7
7
7
7
7
7
7
7
7
7
7
7
7
7
7
7
7
7
7
7
7
7
7
7
7
7
7
7
7
7
7
7
7
7
7
7
7
7
7
7
7
7
7
7
7
7
7
7
7
7
7
7
7
7
7
7
7
7
7
7
7
7
7
7
7
7
7
7
7
7
7
7
7
7
7
7
7
7
7
7
7
7
7
7
7
7
7
7
7
7
7
7
7
7
7
7
7
7
7
7
7
7
7
7
7
7
7
7
7
7
7
7
7
7
7
7
7
7
7
7
7
7
7
7
7
7
7
7
7
7
7
7
7
7
7
7
7
7
7
7
7
7
7
7
7
7
7
7
7
7
7
7
7
7
7
7
7
7
7
7
7
7
7
7
7
7
7
7
7
7
7
7
7
7
7
7
7
7
7
7
7
7
7
7
7
7
7
7
7
7
7
7
7
7
7
7
7
7
7
7
7
7
7
7
7
7
7
7
7
7
7
7
7
7
7
7
7
7
7
7
7
7
7
7
7
7
7
7
7
7
7
7
7
7
7
7
7
7
7
7
7
7
7
7
7
7
7
7
7
7
7
7
7
7
7
7
7
7
7
7
7
7
7
7
7
7
7
7
7
7
7
7
7
7
7
7
7
7
7
7
7
7
7
7
7
7
7
7
7
7
7
7
7
7
7
7
7
7
7
7
7
7
7
7
7
7
7
7
7
7
7
7
7
7
7
7
7
7
7
7
7
7
7
7
7
7
7
7
7
7
7
7
7
7
7
7
7
7
7
7
7
7
7
7
7
7
7
7
7
7
7
7
7
7
7
7
7
7
7
7
7
7
7
7
7
7
7
7
7
7
7
7
7
7
7
7
7
7
7
7
7
7
7
7
7
7
7
7
7
7
7
7
7
7
7
7
7
7
7
7
7
7
7
7
7
7
7
7
7
7
7
7
7
7
7
7
7
7
7
7
7
7
7
7
7
7
7
7
7
7
7
7
7
7
7
7
7
7
7
7
7
7
7
7
7
7
7
7
7
7
7
7
7
7
7
7
7
7
7
7
7
7
7
7
7
7
7
7
7
7
7
7
7
7
7
7
7
7
7
7
7
7
7
7
7
7
7
7
7
7
7
7
7
7
7
7
7
7
7
7
7
7
7
7
7
7
7
7
7
7
7
7
7
7
7
7
7
7
7
7
7
7
7
7
7
7
7
7
7
7
7
7
7
7
7
7
7
7
7
7
7
7
7
7
7
7
7
7
7
7
7
7
7
7
7
7
7
7
7
7
7
7
7
7
7
7
7
7
7
7
7
7
7
7
7
7
7
7
7
7
7
7
7
7
7
7
7
7
7
7
7
7
7
7
7
7
7
7
7
7
7
7
7
7
7
7
7
7
7
7
7
7
7
7
7
7
7
7
7
7
7
7
7
7
7
7
7
7
7
7
7
7
7
7
7
7
7
7
7
7
7
7
7
7
7
7
7
7
7
7
7
7
7
7
7
7
7
7
7
7
7
7
7
7
7
7
7
7
7
7
7
7
7
7
7
7
7
7
7
7
7
7
7
7
7
7
7
7
7
7
7
7
7
7
7
7
7
7
7
7
7
7
7
7
7
7
7
7
7
7
7
7
7
7
7
7
7
7
7
7
7
7
7
7
7
7
7
7
7
7
7
7
7
7
7
7
7
7
7
7
7
7
7
7
7
7
7
7
7
7
7
7
7
7
7
7
7
7
7
7
7
7
7
7
7
7
7
7
7
7
7
7
7
7
7
7
7
7
7
7
7
7
7
7
7
7
7
7
7
7
7
7
7
7
7
7
7
7
7
7
7
7
7
7
7
7
7
7
7
7
7
7
7
7
7
7
7
7
7
7
7
7
7
7
7
7
7
7
7
7
7
7
7
7
7
7
7
7
7
7
7
7
7
7
7
7
7
7
7
7
7
7
7
7
7
7
7
7
7
7
7
7
7
7
7
7
7
7
7
7
7
7
7
7
7
7
7
7
7
7
7
7
7
7
7
7
7
7
7
7
7
7
7
7
7
7
7
7
7
7
7
7
7
7
7
7
7
7
7
7
7
7
7
7
7
7
7
7
7
7
7
7
7
7
7
7
7
7
7
7
7
7
7
7
7
7
7
7
7
7
7
7
7
7
7
7
7
7
7
7
7
7
7
7
7
7
7
7
7
7
7
7
7
7
7
7
7
7
7
7
7
7
7
7
7
7
7
7
7
7
7
7
7
7
7
7
7
7
7
7
7
7
7
7
7
7
7
7
7
7
7
7
7
7
7
7
7
7
7
7
7
7
7
7
7
7
7
7
7
7
7
7
7
7
7
7
7
7
7
7
7
7
7
7
7
7
7
7
7
7
7
7
7
7
7
7
7
7
7
7
7
7
7
7
7
7
7
7
7
7
7
7
7
7
7
7
7
7
7
7
7
7
7
7
7
7
7
7
7
7
7
7
7
7
7
7
7
7
7
7
7
7
7
7
7
7
7
7
7
7
7
7
7
7
7
7
7
7
7
7
7
7
7
7
7
7
7
7
7
7
7
7
7
7
7
7
7
7
7
7
7
7
7
7
7
7
7
7
7
7
7
7
7
7
7
7
7
7
7
7
7
7
7
7
7
7
7
7
7
7
7
7
7
7
7
7
7
7
7
7
7
7
7
7
7
7
7
7
7
7
7
7
7
7
7
7
7
7
7
7
7
7
7
7
7
7
7
7
7
7
7
7
7
7
7
7
7
7
7
7
7
7
7
7
7
7
7
7
7
7
7
7
7
7
7
7
7
7
7
7
7
7
7
7
7
7
7
7
7
7
7
7
7
7
7
7
7
7
7
7
7
7
7
7
7
7
7
7
7
7
7
7
7
7
7
7
7
7
7
7
7
7
7
7
7
7
7
7
7
7
7
7
7
7
7
7
7
7
7
7
7
7
7
7
7
7
7
7
7
7
7
7
7
7
7
7
7
7
7
7
7
7
7
7
7
7
7
7
7
7
7
7
7
7
7
7
7
7
7
7
7
7
7
7
7
7
7
7
7
7
7
7
7
7
7
7
7
7
7
7
7
7
7
7
7
7
7
7
7
7
7
7
7
7
7
7
7
7
7
7
7
7
7
7
7
7
7
7
7
7
7
7
7
7
7
7
7
7
7
7
7
7
7
7
7
7
7
7
7
7
7
7
7
7
7
7
7
7
7
7
7
7
7
7
7
7
7
7
7
7
7
7
7
7
7
7
7
7
7
7
7
7
7
7
7
7
7
7
7
7
7
7
7
7
7
7
7
7
7
7
7
7
7
7
7
7
7
7
7
7
7
7
7
7
7
7
7
7
7
7
7
7
7
7
7
7
7
7
7
7
7
7
7
7
7
7
7
7
7
7
7
7
7
7
7
7
7
7
7
7
7
7
7
7
7
7
7
7
7
7
7
7
7
7
7
7
7
7
7
7
7
7
7
7
7
7
7
7
7
7
7
7
7
7
7
7
7
7
7
7
7
7
7
7
7
7
7
7
7
7
7
7
7
7
7
7
7
7
7
7
7
7
7
7
7
7
7
7
7
7
7
7
7
7
7
7
7
7
7
7
7
7
7
7
7
7
7
7
7
7
7
7
7
7
7
7
7
7
7
7
7
7
7
7
7
7
7
7
7
7
7
7
7
7
7
7
7
7
7
7
7
7
7
7
7
7
7
7
7
7
7
7
7
7
7
7
7
7
7
7
7
7
7
7
7
7
7
7
7
7
7
7
7
7
7
7
7
7
7
7
7
7
7
7
7
7
7
7
7
7
7
7
7
7
7
7
7
7
7
7
7
7
7
7
7
7
7
7
7
7
7
7
7
7
7
7
7
7
7
7
7
7
7
7
7
7
7
7
7
7
7
7
7
7
7
7
7
7
7
7
7
7
7
7
7
7
7
7
7
7
7
7
7
7
7
7
7
7
7
7
7
7
7
7
7
7
7
7
7
7
7
7
7
7
7
7
7
7
7
7
7
7
7
7
7
7
7
7
7
7
7
7
7
7
7
7
7
7
7
7
7
7
7
7
7
7
7
7
7
7
7
7
7
7
7
7
7
7
7
7
7
7
7
7
7
7
7
7
7
7
7
7
7
7
7
7
7
7
7
7
7
7
7
7
7
7
7
7
7
7
7
7
7
7
7
7
7
7
7
7
7
7
7
7
7
7
7
7
7
7
7
7
7
7
7
7
7
7
7
7
7
7
7
7
7
7
7
7
7
7
7
7
7
7
7
7
7
7
7
7
7
7
7
7
7
7
7
7
7
7
7
7
7
7
7
7
7
7
7
7
7
7
7
7
7
7
7
7
7
7
7
7
7
7
7
7
7
7
7
7
7
7
7
7
7
7
7
7
7
7
7
7
7
7
7
7
7
7
7
7
7
7
7
7
7
7
7
7
7
7
7
7
7
7
7
7
7
7
7
7
7
7
7
7
7
7
7
7
7
7
7
7
7
7
7
7
7
7
7
7
7
7
7
7
7
7
7
7
7
7
7
7
7
7
7
7
7
7
7
7
7
7
7
7
7
7
7
7
7
7
7
7
7
7
7
7
7
7
7
7
7
7
7
7
7
7
7
7
7
7
7
7
7
7
7
7
7
7
7
7
7
7
7
7
7
7
7
7
7
7
7
7
7
7
7
7
7
7
7
7
7
7
7
7
7
7
7
7
7
7
7
7
7
7
7
7
7
7
7
7
7
7
7
7
7
7
7
7
7
7
7
7
7
7
7
7
7
7
7
7
7
7
7
7
7
7
7
7
7
7
7
7
7
7
7
7
7
7
7
7
7
7
7
7
7
7
7
7
7
7
7
7
7
7
7
7
7
7
7
7
7
7
7
7
7
7
7
7
7
7
7
7
7
7
7
7
7
7
7
7
7
7
7
7
7
7
7
7
7
7
7
7
7
7
7
7
7
7
7
7
7
7
7
7
7
7
7
7
7
7
7
7
7
7
7
7
7
7
7
7
7
7
7
7
7
7
7
7
7
7
7
7
7
7
7
7
7
7
7
7
7
7
7
7
7
7
7
7
7
7
7
7
7
7
7
7
7
7
7
7
7
7
7
7
7
7
7
7
7
7
7
7
7
7
7
7
7
7
7
7
7
7
7
7
7
7
7
7
7
7
7
7
7
7
7
7
7
7
7
7
7
7
7
7
7
7
7
7
7
7
7
7
7
7
7
7
7
7
7
7
7
7
7
7
7
7
7
7
7
7
7
7
7
7
7
7
7
7
7
7
7
7
7
7
7
7
7
7
7
7
7
7
7
7
7
7
7
7
7
7
7
7
7
7
7
7
7
7
7
7
7
7
7
7
7
7
7
7
7
7
7
7
7
7
7
7
7
7
7
7
7
7
7
7
7
7
7
7
7
7
7
7
7
7
7
7
7
7
7
7
7
7
7
7
7
7
7
7
7
7
7
7
7
7
7
7
7
7
7
7
7
7
7
7
7
7
7
7
7
7
7
7
7
7
7
7
7
7
7
7
7
7
7
7
7
7
7
7
7
7
7
7
7
7
7
7
7
7
7
7
7
7
7
7
7
7
7
7
7
7
7
7
7
7
7
7
7
7
7
7
7
7
7
7
7
7
7
7
7
7
7
7
7
7
7
7
7
7
7
7
7
7
7
7
7
7
7
7
7
7
7
7
7
7
7
7
7
7
7
7
7
7
7
7
7
7
7
7
7
7
7
7
7
7
7
7
7
7
7
7
7
7
7
7
7
7
7
7
7
7
7
7
7
7
7
7
7
7
7
7
7
7
7
7
7
7
7
7
7
7
7
7
7
7
7
7
7
7
7
7
7
7
7
7
7
7
7
7
7
7
7
7
7
7
7
7
7
7
7
7
7
7
7
7
7
7
7
7
7
7
7
7
7
7
7
7
7
7
7
7
7
7
7
7
7
7
7
7
7
7
7
7
7
7
7
7
7
7
7
7
7
7
7
7
7
7
7
7
7
7
7
7
7
7
7
7
7
7
7
7
7
7
7
7
7
7
7
7
7
7
7
7
7
7
7
7
7
7
7
7
7
7
7
7
7
7
7
7
7
7
7
7
7
7
7
7
7
7
7
7
7
7
7
7
7
7
7
7
7
7
7
7
7
7
7
7
7
7
7
7
7
7
7
7
7
7
7
7
7
7
7
7
7
7
7
7
7
7
7
7
7
7
7
7
7
7
7
7
7
7
7
7
7
7
7
7
7
7
7
7
7
7
7
7
7
7
7
7
7
7
7
7
7
7
7
7
7
7
7
7
7
7
7
7
7
7
7
7
7
7
7
7
7
7
7
7
7
7
7
7
7
7
7
7
7
7
7
7
7
7
7
7
7
7
7
7
7
7
7
7
7
7
7
7
7
7
7
7
7
7
7
7
7
7
7
7
7
7
7
7
7
7
7
7
7
7
7
7
7
7
7
7
7
7
7
7
7
7
7
7
7
7
7
7
7
7
7
7
7
7
7
7
7
7
7
7
7
7
7
7
7
7
7
7
7
7
7
7
7
7
7
7
7
7
7
7
7
7
7
7
7
7
7
7
7
7
7
7
7
7
7
7
7
7
7
7
7
7
7
7
7
7
7
7
7
7
7
7
7
7
7
7
7
7
7
7
7
7
7
7
7
7
7
7
7
7
7
7
7
7
7
7
7
7
7
7
7
7
7
7
7
7
7
7
7
7
7
7
7
7
7
7
7
7
7
7
7
7
7
7
7
7
7
7
7
7
7
7
7
7
7
7
7
7
7
7
7
7
7
7
7
7
7
7
7
7
7
7
7
7
7
7
7
7
7
7
7
7
7
7
7
7
7
7
7
7
7
7
7
7
7
7
7
7
7
7
7
7
7
7
7
7
7
7
7
7
7
7
7
7
7
7
7
7
7
7
7
7
7
7
7
7
7
7
7
7
7
7
7
7
7
7
7
7
7
7
7
7
7
7
7
7
7
7
7
7
7
7
7
7
7
7
7
7
7
7
7
7
7
7
7
7
7
7
7
7
7
7
7
7
7
7
7
7
7
7
7
7
7
7
7
7
7
7
7
7
7
7
7
7
7
7
7
7
7
7
7
7
7
7
7
7
7
7
7
7
7
7
7
7
7
7
7
7
7
7
7
7
7
7
7
7
7
7
7
7
7
7
7
7
7
7
7
7
7
7
7
7
7
7
7
7
7
7
7
7
7
7
7
7
7
7
7
7
7
7
7
7
7
7
7
7
7
7
7
7
7
7
7
7
7
7
7
7
7
7
7
7
7
7
7
7
7
7
7
7
7
7
7
7
7
7
7
7
7
7
7
7
7
7
7
7
7
7
7
7
7
7
7
7
7
7
7
7
7
7
7
7
7
7
7
7
7
7
7
7
7
7
7
7
7
7
7
7
7
7
7
7
7
7
7
7
7
7
7
7
7
7
7
7
7
7
7
7
7
7
7
7
7
7
7
7
7
7
7
7
7
7
7
7
7
7
7
7
7
7
7
7
7
7
7
7
7
7
7
7
7
7
7
7
7
7
7
7
7
7
7
7
7
7
7
7
7
7
7
7
7
7
7
7
7
7
7
7
7
7
7
7
7
7
7
7
7
7
7
7
7
7
7
7
7
7
7
7
7
7
7
7
7
7
7
7
7
7
7
7
7
7
7
7
7
7
7
7
7
7
7
7
7
7
7
7
7
7
7
7
7
7
7
7
7
7
7
7
7
7
7
7
7
7
7
7
7
7
7
7
7
7
7
7
7
7
7
7
7
7
7
7
7
7
7
7
7
7
7
7
7
7
7
7
7
7
7
7
7
7
7
7
7
7
7
7
7
7
7
7
7
7
7
7
7
7
7
7
7
7
7
7
7
7
7
7
7
7
7
7
7
7
7
7
7
7
7
7
7
7
7
7
7
7
7
7
7
7
7
7
7
7
7
7
7
7
7
7
7
7
7
7
7
7
7
7
7
7
7
7
7
7
7
7
7
7
7
7
7
7
7
7
7
7
7
7
7
7
7
7
7
7
7
7
7
7
7
7
7
7
7
7
7
7
7
7
7
7
7
7
7
7
7
7
7
7
7
7
7
7
7
7
7
7
7
7
7
7
7
7
7
7
7
7
7
7
7
7
7
7
7
7
7
7
7
7
7
7
7
7
7
7
7
7
7
7
7
7
7
7
7
7
7
7
7
7
7
7
7
7
7
7
7
7
7
7
7
7
7
7
7
7
7
7
7
7
7
7
7
7
7
7
7
7
7
7
7
7
7
7
7
7
7
7
7
7
7
7
7
7
7
7
7
7
7
7
7
7
7
7
7
7
7
7
7
7
7
7
7
7
7
7
7
7
7
7
7
7
7
7
7
7
7
7
7
7
7
7
7
7
7
7
7
7
7
7
7
7
7
7
7
7
7
7
7
7
7
7
7
7
7
7
7
7
7
7
7
7
7
7
7
7
7
7
7
7
7
7
7
7
7
7
7
7
7
7
7
7
7
7
7
7
7
7
7
7
7
7
7
7
7
7
7
7
7
7
7
7
7
7
7
7
7
7
7
7
7
7
7
7
7
7
7
7
7
7
7
7
7
7
7
7
7
7
7
7
7
7
7
7
7
7
7
7
7
7
7
7
7
7
7
7
7
7
7
7
7
7
7
7
7
7
7
7
7
7
7
7
7
7
7
7
7
7
7
7
7
7
7
7
7
7
7
7
7
7
7
7
7
7
7
7
7
7
7
7
7
7
7
7
7
7
7
7
7
7
7
7
7
7
7
7
7
7
7
7
7
7
7
7
7
7
7
7
7
7
7
7
7
7
7
7
7
7
7
7
7
7
7
7
7
7
7
7
7
7
7
7
7
7
7
7
7
7
7
7
7
7
7
7
7
7
7
7
7
7
7
7
7
7
7
7
7
7
7
7
7
7
7
7
7
7
7
7
7
7
7
7
7
7
7
7
7
7
7
7
7
7
7
