# vtk DataFile Version 2.0
periodic_box_2x1x1_unstructured_nx2_ny4_nz4
ASCII
DATASET UNSTRUCTURED_GRID
POINTS 822 double
0.0 0.0 1.0
0.0 0.0 0.0
0.0 1.0 1.0
0.0 1.0 0.0
2.0 0.0 1.0
2.0 0.0 0.0
2.0 1.0 1.0
2.0 1.0 0.0
0.0 0.0 0.25
0.0 0.0 0.5
0.0 0.0 0.75
0.0 0.25 1.0
0.0 0.5 1.0
0.0 0.75 1.0
0.0 1.0 0.25
0.0 1.0 0.5
0.0 1.0 0.75
0.0 0.25 0.0
0.0 0.5 0.0
0.0 0.75 0.0
2.0 0.0 0.25
2.0 0.0 0.5
2.0 0.0 0.75
2.0 0.25 1.0
2.0 0.5 1.0
2.0 0.75 1.0
2.0 1.0 0.25
2.0 1.0 0.5
2.0 1.0 0.75
2.0 0.25 0.0
2.0 0.5 0.0
2.0 0.75 0.0
1.0 0.0 0.0
1.0 0.0 1.0
1.0 1.0 0.0
1.0 1.0 1.0
0.0 0.6284450523663163 0.2261756234172844
0.0 0.216748566397439 0.3830941794821514
0.0 0.372605565134799 0.7987450084315034
0.0 0.7972495469760064 0.6140769327093445
0.0 0.8105569429221541 0.421875
0.0 0.1770032112215763 0.5733329734881794
0.0 0.421875 0.189443057077846
0.0 0.586230677641836 0.8165193923039245
0.0 0.8186245339886272 0.2324547502416767
0.0 0.2401546417229684 0.1680368556306473
0.0 0.7663621169308868 0.8124656393034381
0.0 0.1689078278950022 0.7627578674701181
0.0 0.1446859782582582 0.272417285729501
0.0 0.105412323796175 0.3754195931629488
0.0 0.1564689748355761 0.4666172183105944
0.0 0.2850696742811146 0.5019574136657501
0.0 0.3458621346656628 0.3888049144165563
0.0 0.4157621581642415 0.4934250889825236
0.0 0.4717287816064503 0.3903911061832475
0.0 0.5355836813923416 0.4951389149869289
0.0 0.4833904133447865 0.5954648803250034
0.0 0.5979720885698536 0.602733355870776
0.0 0.6017748531123774 0.3806880369454107
0.0 0.2977417046671946 0.625097464535507
0.0 0.648874340606731 0.4961179626412614
0.0 0.5161835398658909 0.2809426459533469
0.0 0.7101933687030603 0.318516977624665
0.0 0.5389702982332584 0.7011772831788368
0.0 0.6407982301452655 0.7042507813797094
0.0 0.2901925577692772 0.2872182065038895
0.0 0.1182302786286933 0.1436770037039569
0.0 0.3991498765450945 0.2918819557671116
0.0 0.5351439231568549 0.1587929671450067
0.0 0.6276023800854245 0.1055403453644738
0.0 0.7301667391754907 0.1455624145884761
0.0 0.862498090737503 0.1102852145013935
0.0 0.4707578743450903 0.8212850094277823
0.0 0.2718150017401543 0.8613319491100853
0.0 0.3730356882440087 0.8962723933938742
0.0 0.4118257125485144 0.6941347417220881
0.0 0.2883001524746973 0.7357495548719615
0.0 0.1446061584116316 0.8836661495349665
0.0 0.8533728056509818 0.7248154539449364
0.0 0.8969990556603622 0.6234611772102379
0.0 0.8508329380282871 0.5314964994044951
0.0 0.6970687790607035 0.5996084451528008
0.0 0.6653922574965836 0.8941842771375856
0.0 0.10604680993587 0.6613314986959732
0.0 0.8925509408089333 0.3377025632544912
0.0 0.3384837666827503 0.1065317486975229
0.0 0.7463134209913208 0.7132327098550646
0.0 0.8867799538068302 0.8531199140529653
0.0 0.2069051028625194 0.6724302979624676
0.0 0.3303284151521639 0.202310030530211
0.0 0.6745923496427966 0.79907558644351
0.0 0.797527479768032 0.3272697404399234
0.0 0.7143857933602945 0.4148529654620033
0.0 0.752075034280139 0.5087374207639103
0.0 0.3820416555201666 0.5826105447194296
0.0 0.7274267149292338 0.2360717753586006
2.0 0.6284450523663163 0.2261756234172844
2.0 0.216748566397439 0.3830941794821514
2.0 0.372605565134799 0.7987450084315034
2.0 0.7972495469760064 0.6140769327093445
2.0 0.8105569429221541 0.421875
2.0 0.1770032112215763 0.5733329734881794
2.0 0.421875 0.189443057077846
2.0 0.586230677641836 0.8165193923039245
2.0 0.8186245339886272 0.2324547502416767
2.0 0.2401546417229684 0.1680368556306473
2.0 0.7663621169308868 0.8124656393034381
2.0 0.1689078278950022 0.7627578674701181
2.0 0.1446859782582582 0.272417285729501
2.0 0.105412323796175 0.3754195931629488
2.0 0.1564689748355761 0.4666172183105944
2.0 0.2850696742811146 0.5019574136657501
2.0 0.3458621346656628 0.3888049144165563
2.0 0.4157621581642415 0.4934250889825236
2.0 0.4717287816064503 0.3903911061832475
2.0 0.5355836813923416 0.4951389149869289
2.0 0.4833904133447865 0.5954648803250034
2.0 0.5979720885698536 0.602733355870776
2.0 0.6017748531123774 0.3806880369454107
2.0 0.2977417046671946 0.625097464535507
2.0 0.648874340606731 0.4961179626412614
2.0 0.5161835398658909 0.2809426459533469
2.0 0.7101933687030603 0.318516977624665
2.0 0.5389702982332584 0.7011772831788368
2.0 0.6407982301452655 0.7042507813797094
2.0 0.2901925577692772 0.2872182065038895
2.0 0.1182302786286933 0.1436770037039569
2.0 0.3991498765450945 0.2918819557671116
2.0 0.5351439231568549 0.1587929671450067
2.0 0.6276023800854245 0.1055403453644738
2.0 0.7301667391754907 0.1455624145884761
2.0 0.862498090737503 0.1102852145013935
2.0 0.4707578743450903 0.8212850094277823
2.0 0.2718150017401543 0.8613319491100853
2.0 0.3730356882440087 0.8962723933938742
2.0 0.4118257125485144 0.6941347417220881
2.0 0.2883001524746973 0.7357495548719615
2.0 0.1446061584116316 0.8836661495349665
2.0 0.8533728056509818 0.7248154539449364
2.0 0.8969990556603622 0.6234611772102379
2.0 0.8508329380282871 0.5314964994044951
2.0 0.6970687790607035 0.5996084451528008
2.0 0.6653922574965836 0.8941842771375856
2.0 0.10604680993587 0.6613314986959732
2.0 0.8925509408089333 0.3377025632544912
2.0 0.3384837666827503 0.1065317486975229
2.0 0.7463134209913208 0.7132327098550646
2.0 0.8867799538068302 0.8531199140529653
2.0 0.2069051028625194 0.6724302979624676
2.0 0.3303284151521639 0.202310030530211
2.0 0.6745923496427966 0.79907558644351
2.0 0.797527479768032 0.3272697404399234
2.0 0.7143857933602945 0.4148529654620033
2.0 0.752075034280139 0.5087374207639103
2.0 0.3820416555201666 0.5826105447194296
2.0 0.7274267149292338 0.2360717753586006
0.2433012701892219 0.0 0.275
0.373883545031537 0.0 0.5874999999999999
1.700045804491588 0.0 0.4047619047619048
0.2433012701892219 1.0 0.275
0.373883545031537 1.0 0.5874999999999999
1.700045804491588 1.0 0.4047619047619048
1.630582274842315 0.3958333333333333 0.0
1.742509938992871 0.6994047619047619 0.0
0.2999541955084123 0.4047619047619048 0.0
1.630582274842315 0.3958333333333333 1.0
1.742509938992871 0.6994047619047619 1.0
0.2999541955084123 0.4047619047619048 1.0
0.4874718833556014 0.475198317678075 0.5274636356096939
0.3338462290481615 0.6909097903098871 0.7398260407152802
0.2882008452012936 0.6758344908062459 0.4508133834745643
0.2996934928655627 0.343187052644394 0.324224026240409
0.2823909180732455 0.3397779372410488 0.68441312017003
0.255381517068992 0.6821070405308166 0.1894036403647484
0.4352973952712185 0.54904557700128 0.2964631564472126
0.2228912136863547 0.4634142062958765 0.5021988300757517
0.2145654209037178 0.2453681553055111 0.4997351191573691
0.203017633311137 0.5229595446342546 0.3072307967172097
0.2071522126676391 0.5325259047818286 0.6969984427717809
0.4109696554123001 0.4991748237672858 0.7190715796487275
0.1926758983199178 0.7466002047914397 0.610712952784575
1.51089570458018 0.4751983176780757 0.5274636356096938
1.672643658841795 0.7412213982929602 0.647956165897185
1.691996359298131 0.2676944403408384 0.6782624898825077
1.693431932280008 0.6550126614256089 0.3479084214519765
1.691496005234078 0.3439242620389179 0.3070008964214243
1.748555999943185 0.5036443340498558 0.6081010118650039
1.802706024239674 0.6294330837511768 0.7617354046877332
1.550509883269819 0.5455412499880522 0.7814562192408812
1.787747068123687 0.4170352292910851 0.8030543281521115
1.789663880488086 0.3254278124156929 0.4965279170233912
1.569678040876721 0.2563521271984395 0.482641330180843
1.362859288536091 0.268432760139414 0.7476419485574394
0.9991837939678908 0.4909283744033362 0.2837191474869192
1.128439242167967 0.6394047153128939 0.6814632543369226
1.299243053051949 0.7661395120421541 0.3310602584641844
0.7358715188106326 0.7438229764700026 0.7056033203094243
0.6869578225262927 0.2303653228534213 0.2709415245922001
0.859575783569026 0.3231180415243944 0.6393177404763689
0.9509401923355899 0.8249425778987786 0.4222977593941269
1.337302356594025 0.3685093733827897 0.2254983080503013
1.153385235049456 0.2775183731939195 0.4883484298975501
0.7286092718634142 0.6099455701235096 0.3828798980567661
0.5715172064188309 0.237769825893223 0.7033065229297496
1.390050501393133 0.7251760441769843 0.6002580609564597
0.6823256533789686 0.4811120290072235 0.7894127613875518
1.109150281181711 0.3725305582031117 0.7418327727167867
1.251394954049355 0.5313597987140124 0.4625704300675322
0.5391024117056529 0.7386726327327797 0.5229557368292046
0.4960970215409317 0.2234768067826385 0.4517571434148432
0.6932506890314541 0.08711579777941948 0.4271534596416051
0.9120647753909337 0.2193713277767156 0.4045352514742053
0.9867764174420663 0.1281940687697103 0.6192159929179648
0.7943920269249959 0.140116128194682 0.7728360195105629
0.8868551470240411 0.3249962089918886 0.8661671206822521
0.9492883571602824 0.596600866309508 0.8327046042944004
0.8946085889165514 0.5761523088588181 0.5823751172225435
1.103317025058469 0.2594603562686031 0.2355463929391216
1.332580864393806 0.1212711820228169 0.3140999798666776
1.284421954065708 0.09834768490753228 0.6060268382010976
1.065035850720278 0.1199631334559576 0.3858786607939769
1.174966100079101 0.8414686041195415 0.5374762876274406
1.459575033702954 0.5745120698176692 0.3021501103279219
1.499323238829266 0.1192201182763542 0.6793723866655628
0.4446226934174218 0.7967289337677222 0.3012355728714552
0.7136794664620612 0.8343683532207421 0.3325174493242672
0.8709171386957342 0.7350572806812181 0.1308666628782435
1.201241232925272 0.7019944974235474 0.04533394527280135
0.6645206088443572 0.4740148796628301 0.1278741604236757
0.814421742639418 0.4698101111034511 0.04247308978135038
0.4671466831652005 0.6650038163996369 0.1281437177670086
0.9662777621483445 0.8255664974066124 0.669019797349684
0.4933106555337937 0.3449049879475359 0.1743903315876841
0.7025246626946378 0.3808773087640141 0.4620586942981245
1.311163095520337 0.5050047765701989 0.7688560694826889
1.095534117875826 0.7027767765476274 0.2160212949499313
0.8820606976936788 0.3196385322015262 0.1608451295172191
1.505112914667267 0.2081965636180652 0.2619557765939791
0.7925720318054281 0.8636092377997145 0.5565433730055406
1.508078438371468 0.7634042424965618 0.413229848353432
0.5483436752220721 0.659137707974877 0.7910951709359639
1.364215925689389 0.331204947483046 0.4429341108820635
1.130742666454524 0.4417189605607434 0.1118203663189472
1.16989632137672 0.1603588352253638 0.7626192871147784
1.05622448442518 0.6322556140624072 0.4431595193659021
0.6636854820635892 0.7178527508409264 0.2025469725539965
0.6739560660686474 0.5694243538515821 0.5901314624526496
1.127003685607655 0.5575749247440922 0.8581402457386068
1.42204856743142 0.7519462766511095 0.9444006721982658
1.268505028171618 0.4236977392866345 0.9227952251377317
1.464326810559041 0.1443181606312567 0.9481901512403444
1.783661309080599 0.09846130764936868 0.8561529637852352
1.18844985037902 0.8633104992210969 0.7937787903141869
1.500084141516593 0.7692501596353841 0.7972006659920432
1.554447070033506 0.2120539444637874 0.8417279221348796
1.438052622051058 0.60317799522486 0.9018168301866035
0.9822398268052414 0.4076591939362625 0.4813440226142492
1.268415485040237 0.5766420220741316 0.2053787427987446
1.362252864660865 0.5036321804277997 0.08596869601350446
1.276189424395893 0.2349471985921013 0.07881013780961835
0.6192755368147178 0.4578964813020673 0.290811246430412
1.368021628882068 0.1435281255968597 0.759806140643411
0.9721337887878216 0.1987270611631499 0.7973565164070381
1.807088316462676 0.7000410280040487 0.5059741161629489
1.066464397595363 0.2675628810529962 0.08883590165196134
0.7145247307136973 0.2872491857651754 0.8376435246877764
0.4945561867291968 0.3541246993705937 0.8730414489484436
0.5305258172285525 0.1306052683653827 0.9366577945534895
0.3639660714309235 0.1856458899309434 0.8078768857584042
0.8226320761527967 0.5572238519077115 0.2125575358197505
1.269858391063453 0.3851192209343026 0.6124434857803038
1.362533091754518 0.8836934898966011 0.4806303475277743
1.374458523890927 0.864989416322778 0.6950170102577006
0.7379368317230173 0.6663961921309582 0.858372674322839
0.8527786690740512 0.8100273434798966 0.851558154299324
0.5793156193137838 0.8274879370893652 0.8584778679115661
0.589054899318388 0.9093591954939795 0.6617157045968713
0.8446151386404165 0.920021884213313 0.7424825714233552
1.792874732271605 0.5132445551668702 0.2179400704638506
1.305227321489247 0.7033303564128556 0.7785559901993088
1.229853613523518 0.6945835084798673 0.9296581010414885
1.530522589725527 0.8646588474411884 0.5847695142434217
1.523742378961651 0.3701393748463921 0.6943821532804554
1.500724520418645 0.4207785727945325 0.8306524383922551
0.6320081079164172 0.5526184659863296 0.8599009730603316
1.275877857180067 0.7592289518004375 0.1555670663203091
1.466165862474074 0.638909599757766 0.1436387154844055
1.472495865093304 0.8434648395829919 0.1998189868507662
0.7964519850268377 0.4545559387410709 0.8966251942627649
1.614161962436013 0.5874673256433551 0.180587126758259
1.530103678584652 0.4116333458321588 0.2147173515454759
1.487522558719057 0.2808687708169563 0.136047384694249
1.806391736229819 0.5072396588821273 0.4179744160510813
1.805561330600694 0.2180774022567525 0.8389930118685422
1.738336945065415 0.06337495700689216 0.7132146734179915
1.394924747422229 0.2185663621159922 0.8698856220536348
0.4594782027904606 0.8330957820271404 0.7865086969690817
0.3148312568407364 0.6539842389170314 0.9256334797320561
0.2394038393943015 0.8606559515863415 0.8859020743871323
0.4042030240570804 0.8551130203249883 0.9444132824152522
1.175786800740277 0.4180367223262785 0.3229827150255494
1.544053786451077 0.05233835813527173 0.8437814933688395
1.430483188852972 0.1373046693469522 0.5055192016628944
1.718666349565563 0.1542566258469114 0.5091927299279286
1.809287566964161 0.1894893104295891 0.357990880041019
1.376408356956293 0.1626833350333649 0.1875375074706588
0.9419677434023593 0.4687095920563868 0.7355202400707841
0.1650941943669957 0.1157027720001203 0.6757052283388177
0.3976874398290873 0.1855543642271929 0.6485334899938169
0.1968930410149841 0.2541581851377306 0.8419381168264422
0.8475431277221719 0.3866463361715733 0.3369855037592435
1.038972829468223 0.7510007997999454 0.8280345411967733
1.254894488842409 0.2140724208204493 0.3407721968867394
1.190167433290837 0.1398245827297223 0.2308589966784744
0.9444795880444494 0.1362499500399017 0.2601708681745528
0.8185539208980046 0.1296307698136885 0.304020101842396
1.262100569202919 0.1080784028759495 0.8587972659695176
0.7094382620654913 0.227868104170138 0.5736890502313523
0.5605811716092668 0.1337332434516987 0.5820363429804128
0.545198486359055 0.1098357300200435 0.7748052179371463
0.1778244150400362 0.5743226287170083 0.8671127031556478
0.933077726905068 0.6765362837817757 0.307677008708753
0.7846742006798352 0.71765706190818 0.526147656191293
0.3099653950161702 0.8505578472616181 0.7050836857401727
1.603678630519748 0.636045379854606 0.5102682588267793
1.005309841911126 0.6395215680837505 0.1063627891213683
0.9764036708945518 0.8440132146679982 0.2388602137892767
1.165268424087564 0.8786471452099234 0.2510001906714241
1.343653767265377 0.9058224464753792 0.3522580896093843
1.828630419057069 0.7576174460249504 0.285406206100724
1.619419536871814 0.8325440931724821 0.3126958416288157
0.9284571954510664 0.04561715974160324 0.4683836837137667
1.117431436006433 0.4847204503521329 0.5809868499080322
0.5919107473039763 0.2378266726584019 0.8466429521678482
0.4170042448753165 0.9202385000537634 0.8683774314674781
0.6376004091715319 0.3945040974859324 0.6335261201400169
1.671873934765798 0.7852588486633573 0.4816193721655919
1.608674035970192 0.4939894981902107 0.3730857058959062
0.5329968166987227 0.6690484838226823 0.8851010545472816
1.353795214057644 0.4787082903536403 0.8851915544810333
0.4055380915343016 0.6290426554395536 0.5832264014127211
0.3475964830031656 0.7915325695127968 0.5629873617381367
0.5855721811580196 0.7315606989003134 0.9481537710776501
0.6147458526476972 0.1398913860828178 0.3703156594337343
0.4993440965101059 0.1670994579896671 0.2617657606143792
0.7188412345264955 0.1121365666754009 0.2197555486390017
0.8041814090841378 0.1581685897859658 0.1575461619070223
0.6344115112740016 0.2768684036515165 0.1337100176635964
0.4716467910845041 0.3847411173577342 0.3696005166952695
0.3715805763950548 0.3344362494375205 0.5254620826825352
1.061121650506327 0.3606366888026249 0.8744305166001476
0.2060340683146641 0.8664960892627134 0.4367817376830427
1.796870730089422 0.8183001642588514 0.783629661056029
1.54096547901278 0.9516054610383893 0.7459760860640827
1.718290627689051 0.8806444137271292 0.5851625171298428
1.02985117250241 0.2637301043056319 0.6203672712733758
0.5584970358470418 0.6672959542609412 0.3574107765342014
0.7281260762022808 0.1499145439088649 0.8931629737744802
0.9039694113859288 0.1860084863547855 0.8699224156800641
1.363872209844809 0.5471891626934815 0.6020920942326332
0.1788898855867256 0.1947982477431401 0.318587499765665
0.2888688052995382 0.2285391849948213 0.1642554306444146
0.4941370710246321 0.1460690960573363 0.05250515169589853
0.1799471910130325 0.3222661027905709 0.190801478466191
0.8201887005439874 0.5991711749233305 0.1129995121628362
0.3510839848712245 0.1765230337172221 0.3598236254390869
0.7482974054085211 0.3681695882474379 0.1111389498902044
1.461601676577072 0.8906086613092893 0.8251215763965922
1.668275323931751 0.7248365706223295 0.8229951675987661
0.8879939012752669 0.5411665539753955 0.410279267570518
1.835243167490265 0.1854186947595852 0.6481239338273032
1.108320784463526 0.2029028652931896 0.8975390950397953
1.386179077284496 0.6420104300366765 0.4461530835731049
1.811304956071384 0.33017736265285 0.1540608208710862
1.778500308500058 0.08697042517261329 0.1724152812331607
1.648052642285138 0.1547167198658871 0.13912590987659
1.626272326184602 0.2768353336150897 0.1420004878000662
1.661760114533634 0.1424365552702306 0.2564334770153679
1.652185229356023 0.07105769028014543 0.2416010668371589
0.8092581965006715 0.5878732260935391 0.7344062627554353
1.514107247470218 0.8974493757168416 0.3763579235072257
0.1720823189314657 0.7322797797873595 0.3339058603477673
0.1717792961685872 0.7373240115168004 0.7833036835516162
0.4962266289566709 0.5211676307125934 0.1786920661535848
0.3332393391154477 0.440338908611811 0.1795093325953742
0.7397036182231592 0.2517579116531948 0.06164422157389361
1.660457131220328 0.1636202946179682 0.9170090313213327
0.1579437837330104 0.5077018048304718 0.1133566797182094
0.3360959785448842 0.5958156235437788 0.1140080124236882
0.6200770557106194 0.8965390861613266 0.9163116818739805
1.431521244803144 0.2689063759525632 0.5892224990895154
1.114688584401183 0.7842787493475183 0.3862800604677796
1.231870938305738 0.6791137838762404 0.5493173739507187
0.8683866938554059 0.1649281285879596 0.5750814380936359
1.831546612889942 0.8100460029012643 0.6332936901182052
0.7951233743520151 0.06530019826801886 0.6640097493402165
0.5514097078826965 0.3638417993460598 0.08823071023097032
0.4453174222518174 0.2586847703862384 0.09507970459339571
1.192651453345624 0.6359903289269262 0.3439592339876324
0.3459797101944885 0.3328200159394685 0.8403778781906902
0.1962354987821036 0.4362195831323344 0.8514082418031146
0.9645339605579679 0.6546151690928789 0.7129093107127459
1.834511271102819 0.3527656307675884 0.6555962132557114
1.237361427222769 0.221067141775501 0.621834722375023
0.4076013785822675 0.5715228555673969 0.865968360834031
1.643406059543141 0.3810535947166063 0.5656913349604544
1.52996022291135 0.6558658918129385 0.6583380119436915
0.7294667070351268 0.3746617065695962 0.1979657182957753
0.8218397161086678 0.7963655710183553 0.2774292166784064
0.800055549939067 0.9299284080392222 0.4631703057186995
1.036391895188726 0.8900752895575897 0.3898379970963701
0.9506383380036079 0.8956439983988639 0.5783737276661968
1.220373768438047 0.9458953430090877 0.3949098367129325
1.113575290679973 0.881089338580783 0.6646952878742997
0.9558952534266705 0.9009262105257223 0.7515509529282697
1.264648121098956 0.9125618451024132 0.5712758966287056
0.4478949547524319 0.3441795729076479 0.6725437781365836
1.610484222726923 0.8479326138186141 0.8189375103327935
1.60212678434704 0.7230845344848124 0.8999363663970192
0.6343579988210967 0.6396842776131729 0.1353537014832419
0.6330997118052888 0.8739311117851183 0.506088749254524
0.4808233693576023 0.8367203914660857 0.4608964546427219
1.56435589221584 0.1248250027996322 0.3956356653032112
1.509551774761738 0.3619479647443937 0.370839789136323
0.5876439859051539 0.9187255970422179 0.8031093657213845
1.841646015146642 0.8743012493038274 0.4766960280617464
1.136026060914945 0.1213692664238635 0.5361678029767464
1.626973570886586 0.3348001533589901 0.8067029854194286
0.1569341682392211 0.6116589750900203 0.5249381663373374
1.251344536646523 0.3622188809394937 0.8227036155229569
1.550561956636282 0.7140054769999683 0.2629255264270526
0.3596469090945602 0.5288577676864544 0.4402923782102072
0.9638188876151434 0.7190929973552802 0.5456033673992706
1.637537181297708 0.1312457980675765 0.7680192835901948
1.002323683370786 0.3372257388834915 0.3363073276684579
0.7876048022085126 0.4547117919504227 0.5783499262633557
0.7510376993711392 0.2105487064242025 0.4182385337281355
1.351693587293505 0.4657111411432609 0.353977062561988
1.847731381491296 0.3715042563479262 0.3397926785259711
1.267838749637481 0.8102085003108404 0.664690943527233
1.147929180365425 0.6022577700232775 0.9105736292384795
0.933237025716438 0.5396586095073741 0.9528852513123995
0.7082407165687027 0.1450496157887545 0.1338478310013883
1.69764739632254 0.7222122540574535 0.2009608310465539
1.81090178354375 0.8727156411870738 0.1006473356239003
1.631996150070955 0.8202399808641583 0.1515283104301745
1.410477943141646 0.5057339435147455 0.166795972227482
0.6157570355637608 0.5130044172076068 0.440485353963888
0.1549077516512679 0.3871155060785031 0.3782363169438363
0.1685950325564844 0.9158520239286675 0.5995808246369418
1.069182571723364 0.1995258110637191 0.3785920906833638
0.5641094568682032 0.5324470865365681 0.6977426576137276
0.8157879085541112 0.3947250342259557 0.786056694084993
0.1494985555481841 0.4030581012109879 0.6279778372293497
0.1844284927711153 0.9019085807431835 0.7716020370608667
1.397950915242637 0.6990622561725099 0.2289598260967168
0.4737257269596575 0.1001439317671387 0.4142797144139453
1.048658119093726 0.1736853596656717 0.1600858544901414
1.86203142256765 0.1516458892800573 0.1903611359317504
1.830983916570295 0.2179435004034255 0.08039649175587958
0.4843804466687521 0.7329858154630131 0.6691795860416551
0.6271175165756392 0.09080742433204414 0.6919455174371867
0.1398336581976413 0.2630801967185172 0.6841939648696249
0.4095014424072619 0.6757480424077298 0.2098936342727201
0.2342293815608539 0.8878796315866462 0.1315197113853501
0.3467989312428528 0.8472173800336049 0.09677878598327348
0.7459493837882283 0.9538580127363825 0.1706856887091769
0.5135553243751272 0.8972445036260878 0.2430675917557873
0.7468476142359801 0.7978676951962578 0.1101512482773128
0.4539328549684957 0.7892902835299785 0.1783896235721182
0.8413993160605238 0.2126517857203491 0.2661512507422526
1.865481332764919 0.8966804375019435 0.3139167828082781
0.3764176339860683 0.8856185879070226 0.2230595562151667
0.2980027957876201 0.813982957477238 0.2450005152865996
0.1508828976997992 0.8526930567786069 0.1333735417669147
0.1738291377646766 0.6609696173825459 0.09234312364237846
1.678762788326976 0.4191630854534866 0.1723644061630139
0.8472474712589768 0.3332175355686985 0.4859181570419924
1.621192015788434 0.8345534472499933 0.7251847043491967
1.225999852262081 0.134075560244928 0.4404329557831438
1.843429235954193 0.6578804581570805 0.1530397244944499
0.9797305646037243 0.4368710321148873 0.1409702473457781
0.2872319362795514 0.747929910677304 0.1243026806954523
0.5826936351357734 0.3039272841270231 0.366855522573638
0.6683702604167584 0.7454766857298851 0.4302707237677653
1.115226386357321 0.7919128269704946 0.6798640954631615
1.024832772327515 0.4650219909329028 0.8942509422946407
1.667698000299216 0.5969803288743157 0.6980361166986057
1.697392088499904 0.5425061632711142 0.8460420117288024
0.8549307293052842 0.8783453138348687 0.6495057367831238
1.481232192587939 0.05304182481405746 0.2267358231017161
1.118883584028039 0.5529372166285472 0.2142416536124839
0.6050117771318192 0.7960503179822027 0.7606566722602718
1.851322817180145 0.6128468186446211 0.6203249090286406
0.348409167390667 0.4707686730916659 0.5850715486442732
1.418157209415996 0.6087415608203888 0.7474758682256413
0.5605720906881484 0.3442547249825376 0.5143475329543142
1.362406959794868 0.825750907566557 0.8167569649085705
1.099090574128859 0.4884493665782674 0.4316557291724872
0.3367385942699609 0.8103110989367863 0.4048269359863274
1.574947157198472 0.7165193295500357 0.1145860027820986
0.9642429521934789 0.5974550537175208 0.1841755268070584
0.6266740010661556 0.393642426454778 0.8543641103419736
1.532913611826243 0.09223975743921652 0.4887118778105329
1.401521133921616 0.2058021312536219 0.3700728950621861
1.3787417326653 0.1482307192223611 0.6600762158789849
0.3858479939317804 0.1643730171283411 0.5056471059890837
0.2294127053248165 0.08124723726063496 0.441482270504256
1.344190687037415 0.04521750454672015 0.6141410693251828
0.4365126030414752 0.6667635420444875 0.4426451282308371
0.540775826647858 0.2094206042846906 0.156483731540271
0.5919582150981983 0.5920906670905959 0.2341792220891242
1.64769276337441 0.4504787173363628 0.7023427404357016
1.83231299972219 0.6137287322467825 0.3188555586520492
1.086225378121031 0.5302269665762308 0.002238346151524291
1.173154220613398 0.5031263214656224 0.7164561330340574
0.8371481779247605 0.2489185769856943 0.7649451373974826
0.3097634341068718 0.6246833254543418 0.3140385602817079
0.2998922541630392 0.5334999613563639 0.8117868729750927
1.246113412368772 0.2557910257719916 0.1998410202372564
1.146513955176675 0.7447523225574559 0.1087131343322563
0.7396976006576051 0.8566539236187026 0.7997323716222623
0.976338753674602 0.3452935367402922 0.8075673460330309
1.093451818353835 0.1061313898742427 0.6501223248126466
1.15430474312443 0.06552115390981425 0.7454286003699668
1.015836753232848 0.08160888199819905 0.7594738236103821
1.284447288274535 0.6013336636993641 0.8213680812201137
1.000193732553089 0.1705730414944844 0.51108403203689
0.1387902066208417 0.7442295124245093 0.4730088553007681
0.4211109330718222 0.1587899519632505 0.1562999530560059
0.5717108727347961 0.05522178696049963 0.2910006319643001
0.2888800324952417 0.1640157190452133 0.05282818443134531
0.399969828600366 0.7180775340089178 0.04871114054496475
1.552799640869349 0.2268979288915329 0.6963211203491216
1.264889419104439 0.8594222138575739 0.8959288444252369
1.242481905816252 0.2467508261267623 0.8367746117355266
0.4394282281114132 0.9509638827014638 0.1363868313239571
0.158537157530024 0.183199970059851 0.1595752754916667
0.2267438291098069 0.08139052697248636 0.1398402408999612
1.030085709086847 0.8517929431606909 0.5411482887424298
0.4753207039677144 0.1422521151707184 0.7260636967399471
0.3098394175876551 0.09930968078164884 0.7117244361547865
0.4408370383346391 0.05514539246654999 0.8520795634685283
1.867641009672471 0.4450033962296141 0.5474757291862019
0.806576141471648 0.827237215721271 0.4339783759145555
0.293851030940099 0.7270764160954498 0.8741347116989726
0.1338306080441773 0.6963073514029909 0.9080480861266063
1.412224561744289 0.4111239811119735 0.6117449915873583
1.858085808109415 0.540027067394842 0.8914753264726073
1.316038264291919 0.05703394491218699 0.380410257797406
0.6195818923153484 0.6955320933301752 0.6348580479848129
0.6070968824178152 0.358975356445874 0.773187203475278
0.588891588726368 0.7954642646916052 0.2984895624301602
0.3972362812731579 0.2680239885863228 0.2493842921315661
1.005321609265254 0.4053101713746941 0.6231756670458589
1.667209133971873 0.2235138434809986 0.3821019677238221
0.6806365823045271 0.6288884991110654 0.06244172058024422
0.4252747974876694 0.4967751052212254 0.08869755672350388
1.233838715581268 0.3897866894377742 0.4507439860811615
1.862008200229907 0.4897348168306705 0.6997687648506931
0.4524278476052145 0.870504259091833 0.6490777163855912
1.034912797635353 0.600857333133677 0.5811436186841871
0.7232275032526531 0.2994276323611096 0.6960304280058593
0.9330352361106972 0.190361163852913 0.1302470686207636
0.8640800359318819 0.7296232022749589 0.6461668927154178
1.175643483713487 0.6897524054159785 0.7921920737962216
1.230593000004709 0.8615489059142629 0.4092745461808056
0.2673551276750797 0.6269751041250435 0.6113102490842697
1.265645846399314 0.6073156402293628 0.6833025127724195
0.8435684902118401 0.8597958050319328 0.1367674807941322
0.9831089020163735 0.8504819189316251 0.1137317458406856
0.8757405607754236 0.7385754447949684 0.07946791456944138
0.5171058598797286 0.8886945368785182 0.06923752655470888
0.671050310169071 0.6147352849344468 0.7381030678854797
0.6589540946637669 0.1621608063542785 0.7837075069248721
0.5411359224683255 0.6020174742424711 0.5567277028609688
1.119689409022535 0.8919516231595448 0.5083037311304394
0.7541588023633448 0.4894647415546338 0.3150051208630983
0.4640982609692191 0.2671549051393847 0.7888096162786038
0.4348011688859743 0.3073317146128612 0.9093064018623926
0.664566040770201 0.3064734685347391 0.9389614927853573
0.8382483234002329 0.2890209797616398 0.9290384612068525
1.32164159226456 0.2156806519616793 0.5099521952870125
1.488701019831283 0.518600423741713 0.6587313058362563
1.872462640043243 0.8010820543141063 0.1529705435675222
1.814073902386573 0.9351680154541232 0.6015021386707452
1.579165515069395 0.910503569144435 0.2643557628769591
0.132328672503369 0.7409041564902168 0.2030246091550264
1.654876183457922 0.506137409127867 0.5044220608890908
1.052304870349505 0.5618294622301088 0.7542577330283609
1.558690297579102 0.6362170985540458 0.3783227013460017
1.252501238566791 0.3739398815472222 0.1150058613591468
0.9944171828505369 0.1269388747836768 0.8770230721578589
0.9867408165129256 0.3132034760286583 0.9255630880494895
0.8851551538454923 0.6775355629961759 0.4384451680159041
0.8580057579758508 0.7140449025877937 0.7913336376083007
0.4657010650134026 0.7886937382383898 0.8694394409663541
1.314064068611731 0.6067256372338125 0.1197912412205684
1.860477487617245 0.1946131640703074 0.501724697076844
1.856971202226334 0.08430201831695296 0.576619888548767
0.7390949575467838 0.9135547358699443 0.5842491578779104
0.9993783120129444 0.03657929106905955 0.4883097573461563
1.759144333900475 0.9249683607849745 0.2259335408151742
1.328780150673784 0.6224170790199299 0.3214865690733292
1.101661963716453 0.7257489836990842 0.5587962611295347
1.401754508141519 0.4013985690635811 0.7523167769635531
1.369024529479941 0.4641979820262349 0.4913578970492803
1.649398738892507 0.1049890391840574 0.6244614924612062
1.136524032781012 0.3500157751668467 0.6046693915094197
1.592778469056747 0.9118106641458613 0.6378032435790448
0.5817638838020585 0.7311905232535574 0.08243923367427763
0.781456522510308 0.5705253855190153 0.5039018759643245
1.312048610896067 0.7561138379676411 0.4678923140585431
0.1253526622464966 0.5227548021045628 0.4226746439320386
1.633872470643948 0.3708790213188179 0.4288997262009967
1.33702897874114 0.8418442810575391 0.2227894900490457
0.8918519790617236 0.3395583194391145 0.0971886720275799
1.032258448078337 0.845148325626715 0.7805947782558276
1.092587537451453 0.8162101637265273 0.8954712745814996
0.9768755180217978 0.7716762298267017 0.8932643937940145
1.079007766180189 0.3940115152954898 0.2292192058329466
1.515569475991308 0.7341485101120384 0.5466403542394078
0.7376072867607446 0.5917075038577095 0.8998026724931794
0.8959156473196992 0.4762456345983091 0.847660156271374
0.6380459894532806 0.7654902928218333 0.9557640229700904
0.1352714662386971 0.6482636323389382 0.6862870659249076
0.5339580648287697 0.4915200284608107 0.8246327680548163
1.410462705520689 0.759832139964305 0.1219564140879114
0.2244672815156858 0.2142470255266171 0.909199737402438
0.2881750313218431 0.1478590934360237 0.9258964899660881
0.1255236389055235 0.1169663555318309 0.8524965551793984
0.4278017837823837 0.702284063916084 0.8379694939750388
1.86470905332495 0.07165470606152237 0.4215240277847125
1.846212909004203 0.07988920046246395 0.271414963624771
1.472884500459534 0.6048604311577975 0.5443603147291223
1.885758100921146 0.1371954418499725 0.740000225652001
1.896298212518326 0.09965607260367673 0.843501802909324
0.8569477371544924 0.4824663665131084 0.1042069387755434
0.7721960817569533 0.6701039086396546 0.2690470236840445
0.9017084773116076 0.1314505915797183 0.7025383081765485
0.9265312216012555 0.1059062253579068 0.7910973065692031
1.458193231518327 0.1173280133720131 0.8567726118137384
1.048423487955955 0.03071824250583096 0.5608933712782455
0.1423373817333831 0.8741697707426775 0.2805282024832358
1.422602488707819 0.8219018191115757 0.3259060443998235
1.391673569264251 0.7901139198482998 0.7189600967349523
0.2645974693467831 0.1352940019541319 0.5603940440126799
1.877461205962152 0.3180709242963624 0.7838177488724055
1.857303769859984 0.3594567491617354 0.9221528617907263
1.749714631841627 0.4815023001482901 0.9264149160969652
0.3324093968500234 0.1178735387395412 0.2630434022793553
0.9759468485353484 0.2253605172925262 0.2652025802074798
0.5064386915771499 0.2426957144063395 0.5850515514271213
0.1263134246105489 0.3745141377579731 0.7561284711959739
0.7185901400695635 0.8720514004507074 0.6673670415992448
0.1254570078761182 0.4274663149378599 0.2537329170854298
0.2550652995546207 0.7996751667259464 0.9233744770245033
1.869338139818009 0.7448400060823158 0.7445342211131963
1.832819776323665 0.7032541020429767 0.8698360528565654
1.161862854534066 0.07760336996275317 0.2754635656900579
1.745807286483276 0.2448278860955442 0.2344386935340685
0.7165743633438938 0.3577804359895557 0.3305416974675922
1.376503167487742 0.2414328755482216 0.2431781784278196
0.1224772895520565 0.3470754004059822 0.5055281135843263
0.2312200075339698 0.08519735133876653 0.8148452455524506
0.3270239866499955 0.4743829367962039 0.3222609962550078
0.1475431379025438 0.6089202297857363 0.2206548083736964
1.718577025330711 0.6308552343925988 0.5788752462360328
0.8448053880599216 0.8787992069835964 0.8952205323816689
0.6091660387839395 0.3346076890764899 0.2402189392752366
0.6636584056199533 0.8487028506192575 0.1755109422535796
1.05321669171009 0.6183120082280732 0.3103915455257241
1.321018789958204 0.7400484579674884 0.8709036768168548
1.755600724723952 0.8277707393365141 0.3723315686491601
0.7381992241958262 0.3862307948587353 0.8663533844110876
0.8428443406052458 0.8405098395412738 0.7169361723702611
0.6105028661845593 0.8749258734717527 0.354184742654801
1.02896289509925 0.3795162393839638 0.07468130875461447
1.712869721162107 0.2288048212132578 0.1365477580010209
1.875355434521593 0.7561692014761559 0.4084423488398422
1.474309295690037 0.4864609177470652 0.400372115061267
0.2871570082370861 0.2241339859885967 0.7493771647423799
0.490235194921299 0.5483785790704212 0.4170378007226099
0.7100221204930977 0.6017419718667024 0.1593066205026011
0.1279444451859814 0.1360049408939084 0.5235614029007334
0.6872057107721301 0.186164494015312 0.08934935409236064
0.6263375674391097 0.2173801840296398 0.4717820218032024
1.679449214669463 0.2201467326014163 0.8005934347930251
1.686551991263057 0.2415182588124814 0.8983581055111811
1.49087413958588 0.3270942471417373 0.9026057783770255
1.849556675963514 0.2072271390495624 0.9320422070413565
0.6239233151633162 0.09616837890981161 0.1407406956103396
0.366839449293231 0.3284442866810862 0.1385502612460064
0.9003985533904644 0.8340611066473039 0.5553429084313475
1.349106746389036 0.3459186052917102 0.8553913091717225
1.58428855160221 0.9079816231701684 0.9083764080876092
1.339045036761837 0.901244045477137 0.6993463759418157
1.217714995508669 0.932871295184281 0.7620399137156886
0.8472926624765529 0.1097210009078323 0.8623112205973317
1.50775192955409 0.6492004233537529 0.8495803954429515
1.54624070932149 0.5235243388197374 0.90028151924305
0.7219191970733837 0.9063341448811327 0.8131095523728723
1.339785062225797 0.3334350093627417 0.02605970321936923
0.957134927954331 0.1456923050601306 0.3633571972796298
1.480619486540429 0.3508570221031979 0.4996400649846136
1.726408378205917 0.4691703193612275 0.3216723494891913
1.142847673728474 0.3026836164174334 0.1185713946386294
1.181244176972025 0.3578650813445083 0.002264034925120867
1.878818527448392 0.589321343973697 0.4927756692893815
0.6781859753578582 0.06735282316095381 0.813693360572049
1.103917149707996 0.2746702698572474 0.813235133505953
1.558420768959714 0.7963814030769271 0.886613457930724
1.727125566364361 0.3059629939393321 0.8952545953641854
1.202960231982738 0.2825785274032478 0.7315203128049254
0.5340668798534887 0.713351039692454 0.213658114829238
1.283907538761351 0.3409605774727991 0.3409645613056361
0.2675090565879695 0.3531066736992076 0.4498016267471752
1.084294097323114 0.822336390201328 0.1664260556350067
1.084116638646364 0.9094276724191681 0.1666523919878909
1.223074652757001 0.9215754162291997 0.1047257854470257
1.563091321466819 0.941841742579087 0.1397415565765147
1.417869819672277 0.9064818660592483 0.2394822505550494
1.470582484073631 0.8975301453567588 0.08150075218782489
1.514766755769158 0.8269732874456359 0.01098058135414155
1.087408316966618 0.8368313322912273 0.07246376674200161
1.34169064731311 0.9492488129987342 0.2587983781831304
1.07156776446943 0.9347467460489336 0.2958169696432247
1.219335724342746 0.8831073882864267 0.1324528068058352
1.281028693781255 0.818142376071646 0.06763352282924119
1.155110715031533 0.2951151052029802 0.3596324445255104
0.4103561787284796 0.4454861490316127 0.8372449783464225
1.618681943898612 0.1990486937476209 0.5881497744861262
1.643076692738034 0.8851965301338525 0.5391144889198779
0.2767862987452518 0.5552395794316125 0.2055864040596573
0.8968932712056708 0.8749304706558246 0.4891345010576868
1.475916783399072 0.305815586572708 0.7988235894058525
0.8812525600780344 0.442355457845446 0.2249785462810419
0.6778738405038173 0.8979865354873003 0.6270851388063321
0.5235109382549352 0.9347825194026002 0.4295497692965421
0.5142599071022511 0.9528246557403143 0.7594739509646006
1.217025225037945 0.4578594801045796 0.2069386512454919
0.3989582536676446 0.2797228174283188 0.4056864129612064
1.026947664261655 0.2876851729815326 0.4632360244794189
0.9153431393483069 0.9101625203345192 0.225264043675948
0.4432443054874067 0.6240313957585488 0.7248676789278885
0.7679636092122235 0.1452489953697511 0.6537204717382862
1.233808628527558 0.2740215235038395 0.9358806443062746
1.010160106047893 0.3087891191710556 0.1619471790309112
0.5533153599632338 0.5045058411710368 0.9225038271538499
0.4960951316022766 0.4427477636439238 0.2576046030569902
1.037122133620436 0.9581804178164899 0.5487462436464192
1.741491575724283 0.887614018060159 0.7293492566139061
0.6416120400980562 0.6314159910826445 0.4825622075772178
1.241170878993075 0.5098294481810703 0.6036088262740037
1.640974323297172 0.5759097504824241 0.8964971396859659
1.493680950695073 0.8648235301825082 0.7099558903860518
0.6588971602940789 0.760950442276105 0.8714419134539134
1.219637226209203 0.7135115969576249 0.2456805085076446
0.750535930133312 0.4244802927182374 0.6970806135689346
1.178168832363592 0.6347711418046452 0.1357983454622637
1.88630312024216 0.8823951734931794 0.7273421564558763
0.767718271112394 0.265212812061183 0.1444638059098697
0.8091156295466725 0.4503256372884546 0.452689544814612
0.6900323430642524 0.7854735115627012 0.5781874003452853
1.876072305950724 0.2503605515276748 0.260308138188252
1.388951186400883 0.6103138827416946 0.05573668879994154
1.432226722336051 0.3799081032132495 0.1223984469334979
1.556531966511018 0.5571760770170285 0.08905926809135399
0.7774306499250339 0.5415206818395446 0.8485594067407964
1.546754502724614 0.8755166845173025 0.4591148246003361
1.50278387841906 0.9997485749901911 0.5285145153749464
1.437771485055377 0.915331284361519 0.6229975046151792
0.7831612077781711 0.6286858527119898 0.6169007009998462
1.203046354254239 0.4822577550849408 0.01561303368966726
0.7722243772195929 0.2070804551413743 0.8483041360111829
1.422306508570432 0.5009828373911694 0.8358387607174977
1.057070991660579 0.1744037384876047 0.7062793478591152
1.727254377015644 0.5986591266597241 0.4564475619424162
1.122401529131334 0.09322182409145678 0.8592329303668245
0.1190059979627914 0.5237243001029067 0.6071213104042434
1.404951803203562 0.8510636750282199 0.5962873261528153
1.150738492697918 0.5878425456344172 0.5151136126514734
0.3817524387690151 0.9011466760760759 0.3705377342328139
1.076699370141734 0.1396488579562612 0.2671465349793301
1.177597212371 0.4113065626728727 0.8514985370648311
1.221189582755482 0.1820281741513944 0.1396130731731572
1.877660993145212 0.4932067667485632 0.3121732516436093
1.018909732533091 0.4605171375252823 0.8380770046380095
1.245147909612383 0.5237877626878474 0.3180024362926795
0.3613504351964978 0.07165325159847659 0.3989039953846122
1.666073671725546 0.1248325206295462 0.2242257885385253
0.9895935892594949 0.5335221977014102 0.4846117560214196
1.734726885549928 0.7913208802795333 0.8541005015895211
1.88478864512292 0.8124692552088454 0.9082998067432342
1.811263095521835 0.88160792058137 0.8765020102210956
1.617570583858439 0.4474434830758931 0.8482197084401839
0.2994333057601273 0.2556933791341983 0.5922135184082676
0.1185729517353642 0.2560158177655518 0.4145221402324205
0.1956213029820346 0.6204391474541919 0.3862744912448826
0.4547110196786963 0.163951594214611 0.8789578115229281
1.892008867749467 0.2934762913743145 0.4291550716371683
1.454710834460237 0.1336585488567558 0.2581741615354375
1.618015792059913 0.09341827127559965 0.1400898960356416
1.394075784336931 0.08266952060711417 0.1113301314206743
1.132751535303796 0.09132129499530096 0.1174753409758726
0.9105777991692288 0.06472930624646364 0.2814755219951409
1.149234002225316 0.182288932396843 0.06204478246453423
1.447091737759763 0.1439023461469074 0.04484212433829295
1.555581839705243 0.1859815314662436 0.08507546965557286
0.9232664960614201 0.1217123254313213 0.1373180032909109
1.017378723211808 0.2548522021180938 0.05202839887087554
1.750787353836558 0.8337968097296595 0.2229803405453141
1.583960952845873 0.3055950236746789 0.254835223662976
0.8313388049600438 0.1247694021873547 0.4621634071201125
1.596211536011857 0.5536858750330723 0.604540642891634
1.507388323792858 0.7782660693112085 0.6724749314086229
0.4816620528022562 0.06505057496867084 0.1951934894459133
0.4426134030782131 0.04811064337695407 0.09610357228289114
0.9947906326103826 0.7309957588553033 0.1475171587233902
1.028726231043332 0.9021268736335903 0.8212567566200438
1.878554016514986 0.4588746715653478 0.1015566745732407
0.3381346294742663 0.8286319084709983 0.8162298057745345

CELLS 4726 23298
3 10 0 77
3 0 11 77
3 1 8 66
3 17 1 66
3 2 16 87
3 13 2 87
3 14 3 71
3 3 19 71
3 8 9 49
3 48 8 49
3 8 48 66
3 9 10 83
3 9 41 50
3 41 9 83
3 49 9 50
3 47 10 77
3 10 47 83
3 15 14 84
3 44 14 71
3 14 44 84
3 16 15 79
3 15 40 80
3 40 15 84
3 79 15 80
3 78 16 79
3 16 78 87
3 18 17 85
3 45 17 66
3 17 45 85
3 19 18 69
3 18 42 68
3 42 18 85
3 18 68 69
3 19 69 70
3 19 70 71
3 11 12 74
3 73 11 74
3 11 73 77
3 12 13 82
3 12 43 72
3 43 12 82
3 12 72 74
3 13 46 82
3 46 13 87
3 58 36 61
3 36 58 62
3 61 36 68
3 36 62 95
3 68 36 69
3 69 36 70
3 70 36 95
3 37 48 49
3 48 37 65
3 37 49 50
3 37 50 51
3 37 51 52
3 37 52 65
3 72 38 74
3 38 72 75
3 38 73 74
3 73 38 76
3 38 75 76
3 39 78 79
3 78 39 86
3 39 79 80
3 39 80 93
3 39 81 86
3 81 39 93
3 80 40 93
3 40 84 91
3 40 91 92
3 40 92 93
3 50 41 51
3 51 41 59
3 59 41 88
3 41 83 88
3 61 42 67
3 42 61 68
3 67 42 89
3 42 85 89
3 63 43 64
3 43 63 72
3 64 43 90
3 43 82 90
3 70 44 71
3 44 70 95
3 84 44 91
3 91 44 95
3 45 48 65
3 48 45 66
3 45 65 89
3 85 45 89
3 46 78 86
3 78 46 87
3 82 46 90
3 46 86 90
3 47 73 76
3 73 47 77
3 47 76 88
3 83 47 88
3 52 51 53
3 53 51 94
3 51 59 94
3 52 53 54
3 52 54 67
3 65 52 67
3 54 53 55
3 55 53 56
3 56 53 94
3 54 55 58
3 54 58 61
3 54 61 67
3 55 56 57
3 55 57 60
3 58 55 60
3 57 56 63
3 63 56 75
3 75 56 94
3 60 57 81
3 57 63 64
3 57 64 81
3 58 60 92
3 62 58 92
3 75 59 76
3 59 75 94
3 76 59 88
3 60 81 93
3 92 60 93
3 91 62 92
3 62 91 95
3 72 63 75
3 81 64 86
3 86 64 90
3 65 67 89
3 22 4 137
3 4 23 137
3 5 20 126
3 29 5 126
3 6 28 147
3 25 6 147
3 26 7 131
3 7 31 131
3 20 21 109
3 108 20 109
3 20 108 126
3 21 22 143
3 21 101 110
3 101 21 143
3 109 21 110
3 107 22 137
3 22 107 143
3 27 26 144
3 104 26 131
3 26 104 144
3 28 27 139
3 27 100 140
3 100 27 144
3 139 27 140
3 138 28 139
3 28 138 147
3 30 29 145
3 105 29 126
3 29 105 145
3 31 30 129
3 30 102 128
3 102 30 145
3 30 128 129
3 31 129 130
3 31 130 131
3 23 24 134
3 133 23 134
3 23 133 137
3 24 25 142
3 24 103 132
3 103 24 142
3 24 132 134
3 25 106 142
3 106 25 147
3 118 96 121
3 96 118 122
3 121 96 128
3 96 122 155
3 128 96 129
3 129 96 130
3 130 96 155
3 97 108 109
3 108 97 125
3 97 109 110
3 97 110 111
3 97 111 112
3 97 112 125
3 132 98 134
3 98 132 135
3 98 133 134
3 133 98 136
3 98 135 136
3 99 138 139
3 138 99 146
3 99 139 140
3 99 140 153
3 99 141 146
3 141 99 153
3 140 100 153
3 100 144 151
3 100 151 152
3 100 152 153
3 110 101 111
3 111 101 119
3 119 101 148
3 101 143 148
3 121 102 127
3 102 121 128
3 127 102 149
3 102 145 149
3 123 103 124
3 103 123 132
3 124 103 150
3 103 142 150
3 130 104 131
3 104 130 155
3 144 104 151
3 151 104 155
3 105 108 125
3 108 105 126
3 105 125 149
3 145 105 149
3 106 138 146
3 138 106 147
3 142 106 150
3 106 146 150
3 107 133 136
3 133 107 137
3 107 136 148
3 143 107 148
3 112 111 113
3 113 111 154
3 111 119 154
3 112 113 114
3 112 114 127
3 125 112 127
3 114 113 115
3 115 113 116
3 116 113 154
3 114 115 118
3 114 118 121
3 114 121 127
3 115 116 117
3 115 117 120
3 118 115 120
3 117 116 123
3 123 116 135
3 135 116 154
3 120 117 141
3 117 123 124
3 117 124 141
3 118 120 152
3 122 118 152
3 135 119 136
3 119 135 154
3 136 119 148
3 120 141 153
3 152 120 153
3 151 122 152
3 122 151 155
3 132 123 135
3 141 124 146
3 146 124 150
3 125 127 149
3 0 10 157
3 33 0 157
3 8 1 156
3 1 32 156
3 22 4 33
3 5 20 158
3 32 5 158
3 9 8 156
3 10 9 157
3 9 156 157
3 20 21 158
3 21 22 158
3 22 33 158
3 32 33 157
3 33 32 158
3 156 32 157
3 2 16 160
3 35 2 160
3 14 3 159
3 3 34 159
3 28 6 35
3 7 26 161
3 34 7 161
3 15 14 159
3 16 15 160
3 15 159 160
3 26 27 161
3 27 28 161
3 28 35 161
3 34 35 160
3 35 34 161
3 159 34 160
3 1 17 164
3 32 1 164
3 3 34 19
3 29 5 162
3 5 32 162
3 7 31 163
3 34 7 163
3 17 18 164
3 18 19 164
3 19 34 164
3 30 29 162
3 31 30 163
3 30 162 163
3 32 34 162
3 34 32 164
3 162 34 163
3 33 0 167
3 0 11 167
3 2 35 13
3 4 33 165
3 23 4 165
3 35 6 166
3 6 25 166
3 33 35 165
3 35 33 167
3 13 35 167
3 165 35 166
3 11 12 167
3 12 13 167
3 24 23 165
3 25 24 166
3 24 165 166
4 463 473 469 482
4 228 366 347 396
4 187 548 150 658
4 469 473 464 482
4 180 341 170 351
4 232 228 383 669
4 169 382 178 518
4 370 294 635 687
4 228 396 347 669
4 341 351 180 449
4 239 184 330 336
4 228 232 396 669
4 178 382 320 518
4 34 718 719 725
4 219 243 261 505
4 192 261 243 505
4 78 382 180 454
4 344 553 483 669
4 297 546 13 656
4 180 351 170 528
4 282 390 191 731
4 222 372 239 455
4 291 662 290 766
4 393 477 355 527
4 191 405 282 731
4 334 560 323 739
4 307 309 47 630
4 131 444 31 584
4 287 586 445 720
4 483 553 348 669
4 78 180 449 454
4 383 463 388 733
4 383 174 463 733
4 203 318 317 745
4 260 383 228 669
4 361 537 531 538
4 360 361 553 650
4 235 326 321 391
4 200 290 662 766
4 487 488 189 559
4 218 312 305 313
4 189 512 487 559
4 298 454 382 546
4 202 544 594 638
4 383 384 174 733
4 191 390 282 704
4 228 232 383 396
4 191 282 405 704
4 189 488 487 512
4 355 527 477 742
4 297 320 167 546
4 210 331 315 813
4 183 294 433 607
4 198 355 393 477
4 200 290 423 662
4 383 388 384 733
4 225 409 408 466
4 2 299 13 656
4 294 183 370 607
4 282 533 390 731
4 168 416 335 451
4 256 216 435 554
4 192 243 261 535
4 391 392 244 398
4 278 786 373 820
4 66 537 8 538
4 202 484 544 638
4 481 501 491 514
4 392 398 391 612
4 78 180 39 449
4 180 323 169 341
4 175 172 453 716
4 239 455 372 644
4 184 278 289 443
4 453 716 172 796
4 86 180 78 382
4 289 443 278 480
4 321 326 199 391
4 244 398 392 781
4 225 484 552 638
4 423 662 290 812
4 198 262 355 522
4 200 662 423 715
4 169 341 323 560
4 237 662 423 812
4 192 641 533 735
4 222 290 289 337
4 172 179 178 518
4 286 222 289 430
4 169 178 382 625
4 233 335 317 435
4 191 303 190 731
4 187 488 487 559
4 169 460 341 560
4 423 662 241 715
4 320 382 178 625
4 187 182 394 493
4 205 284 273 573
4 360 553 365 650
4 187 493 394 657
4 228 347 407 669
4 187 394 182 657
4 200 423 290 437
4 315 345 197 346
4 317 435 335 562
4 240 273 284 573
4 225 552 245 638
4 171 384 655 665
4 317 435 198 477
4 233 435 317 477
4 254 689 427 735
4 180 341 169 567
4 172 179 518 730
4 219 403 243 505
4 201 498 256 608
4 309 628 11 630
4 208 356 421 552
4 184 239 330 430
4 111 402 190 598
4 351 499 473 782
4 153 263 394 425
4 192 243 403 505
4 190 402 154 543
4 190 303 191 555
4 256 355 198 477
4 191 190 405 731
4 306 435 216 554
4 360 171 365 553
4 481 491 242 514
4 317 198 435 562
4 220 450 312 783
4 171 384 363 655
4 237 423 191 555
4 391 566 410 576
4 198 355 262 639
4 223 302 390 731
4 244 392 391 604
4 170 351 341 499
4 298 334 323 454
4 586 720 287 721
4 207 392 372 398
4 172 178 400 518
4 372 398 392 612
4 210 157 318 456
4 208 420 421 560
4 225 245 408 638
4 190 543 292 588
4 200 662 519 702
4 423 504 241 662
4 172 716 349 796
4 323 341 180 449
4 358 581 33 593
4 184 336 239 590
4 345 442 32 691
4 184 278 443 513
4 284 573 205 626
4 240 573 284 626
4 349 431 348 716
4 355 477 256 742
4 186 487 512 559
4 336 354 182 394
4 325 491 501 514
4 208 421 484 552
4 198 256 435 554
4 410 539 391 576
4 244 321 199 391
4 189 183 647 687
4 23 165 24 648
4 224 356 421 509
4 293 647 183 687
4 286 289 222 446
4 190 186 543 588
4 416 551 451 626
4 198 262 516 639
4 178 179 172 494
4 239 430 222 455
4 326 408 199 409
4 237 191 423 504
4 168 246 335 447
4 297 404 320 545
4 319 461 318 574
4 168 179 416 451
4 39 78 86 180
4 177 655 384 665
4 197 442 345 510
4 197 345 344 510
4 208 421 356 509
4 184 324 336 590
4 182 352 368 657
4 354 394 336 425
4 184 289 278 705
4 149 438 373 764
4 293 370 635 687
4 455 603 372 644
4 141 153 263 394
4 406 487 368 699
4 224 463 356 509
4 408 594 544 638
4 383 669 260 749
4 198 516 262 522
4 718 724 719 727
4 222 430 286 455
4 374 158 633 790
4 225 408 484 638
4 174 356 463 509
4 344 345 343 530
4 198 435 256 477
4 198 355 256 554
4 349 716 348 741
4 220 312 479 659
4 423 555 237 812
4 202 544 484 594
4 191 237 422 504
4 372 455 222 603
4 462 663 176 684
4 431 665 348 716
4 180 382 323 454
4 287 721 720 722
4 220 312 450 479
4 182 368 187 657
4 190 588 292 614
4 183 303 190 370
4 200 437 290 446
4 237 375 291 376
4 274 441 273 595
4 290 437 222 446
4 208 484 356 552
4 292 543 186 588
4 111 154 190 402
4 718 719 725 727
4 384 387 363 655
4 191 422 237 555
4 421 560 420 738
4 179 518 169 567
4 224 463 509 517
4 503 508 302 549
4 278 438 373 786
4 202 356 484 638
4 237 305 291 375
4 184 239 430 590
4 170 175 431 567
4 232 348 553 669
4 309 664 630 681
4 219 243 523 524
4 179 416 451 626
4 188 487 406 699
4 277 414 274 675
4 292 190 614 705
4 198 435 306 554
4 191 504 302 704
4 169 341 340 567
4 184 337 289 705
4 438 614 190 705
4 200 423 437 715
4 274 414 277 668
4 335 451 416 551
4 182 352 394 751
4 408 544 484 638
4 224 421 356 552
4 111 119 402 598
4 239 336 324 590
4 306 379 216 435
4 260 577 228 683
4 190 304 185 438
4 628 630 309 664
4 302 504 390 704
4 347 396 232 669
4 235 391 321 671
4 170 428 175 567
4 176 716 453 796
4 208 276 420 560
4 208 276 460 550
4 197 344 343 483
4 169 323 296 560
4 183 405 190 731
4 190 185 304 555
4 344 343 456 530
4 292 438 114 543
4 185 614 438 705
4 182 394 354 751
4 343 344 197 345
4 290 222 437 680
4 183 190 303 731
4 241 662 504 715
4 185 190 438 614
4 232 669 383 749
4 70 475 474 587
4 171 553 384 749
4 201 558 498 608
4 228 260 407 577
4 216 256 435 762
4 334 296 560 739
4 47 309 307 462
4 239 222 430 590
4 178 518 179 567
4 263 336 182 394
4 201 256 498 742
4 225 420 600 676
4 224 509 499 517
4 182 406 368 815
4 629 630 628 664
4 173 473 463 482
4 188 368 487 699
4 312 201 450 479
4 305 313 312 519
4 269 193 321 369
4 373 438 278 705
4 209 343 344 483
4 228 577 407 683
4 407 577 269 683
4 193 310 256 369
4 323 334 296 560
4 178 320 43 400
4 201 498 729 742
4 379 435 306 758
4 176 663 453 716
4 180 323 449 454
4 368 406 253 815
4 168 335 246 451
4 185 438 373 705
4 360 363 65 448
4 363 171 553 692
4 240 284 338 404
4 290 437 423 680
4 197 347 442 510
4 169 296 460 560
4 271 612 239 621
4 188 283 282 795
4 309 630 307 681
4 174 509 463 517
4 168 340 179 575
4 278 480 443 513
4 231 311 274 595
4 333 580 579 799
4 28 161 27 585
4 282 283 188 605
4 292 438 190 705
4 289 290 222 446
4 168 179 451 575
4 273 240 284 338
4 286 446 258 767
4 392 604 244 781
4 226 364 325 501
4 254 386 301 433
4 301 386 251 433
4 199 326 409 410
4 533 641 254 735
4 191 302 390 704
4 274 311 231 617
4 208 276 550 763
4 273 595 441 622
4 361 363 553 692
4 191 390 302 731
4 426 450 201 479
4 245 408 226 468
4 253 406 368 699
4 119 370 402 598
4 630 664 307 681
4 184 336 324 777
4 215 311 440 589
4 390 504 241 704
4 171 384 665 749
4 221 392 391 612
4 313 519 305 785
4 199 409 408 544
4 222 239 372 590
4 266 551 416 626
4 224 499 473 517
4 256 498 332 608
4 365 507 360 650
4 197 346 345 442
4 434 729 498 742
4 199 391 410 539
4 256 310 193 434
4 197 315 346 470
4 195 372 603 644
4 111 190 154 543
4 168 348 349 431
4 278 476 373 705
4 185 373 476 705
4 113 114 438 543
4 334 424 296 739
4 274 414 617 675
4 266 626 416 730
4 326 391 327 410
4 612 621 271 780
4 221 271 415 439
4 404 518 320 545
4 340 451 179 575
4 214 262 358 516
4 192 403 243 713
4 473 474 464 482
4 279 439 194 565
4 168 447 335 496
4 279 194 439 568
4 252 280 565 672
4 216 256 762 791
4 169 340 341 460
4 363 384 171 692
4 484 552 421 676
4 183 189 427 687
4 192 261 295 535
4 262 358 213 640
4 189 402 183 512
4 387 655 384 733
4 263 425 153 679
4 251 4 636 690
4 463 224 469 473
4 360 448 65 797
4 201 608 256 742
4 274 617 231 675
4 172 416 179 730
4 252 534 280 672
4 241 437 423 715
4 315 343 197 345
4 198 522 355 554
4 186 190 405 588
4 484 544 322 594
4 394 493 182 667
4 195 391 398 612
4 171 348 553 749
4 273 274 595 756
4 491 671 498 788
4 519 591 200 702
4 172 399 416 730
4 223 503 302 731
4 276 420 560 738
4 208 460 276 560
4 223 301 261 508
4 326 199 391 410
4 184 263 336 777
4 172 400 178 653
4 237 376 291 812
4 291 376 290 812
4 324 336 263 777
4 289 337 184 590
4 222 337 289 590
4 203 335 317 652
4 141 394 263 493
4 199 321 244 594
4 150 657 187 658
4 202 484 322 594
4 410 566 412 576
4 194 279 565 568
4 401 231 485 604
4 329 151 471 679
4 240 404 338 631
4 338 404 297 631
4 521 595 274 756
4 401 432 231 604
4 206 429 270 515
4 458 660 459 678
4 530 789 650 816
4 204 621 612 780
4 253 672 279 699
4 191 405 190 614
4 333 502 265 551
4 266 502 333 551
4 61 613 177 666
4 177 666 613 798
4 456 650 530 789
4 314 783 220 805
4 257 437 200 446
4 182 493 187 667
4 206 270 429 713
4 215 311 595 619
4 610 670 469 714
4 245 670 610 714
4 335 496 317 652
4 199 244 391 432
4 183 370 190 402
4 293 370 183 647
4 191 190 555 614
4 402 405 183 512
4 319 333 267 357
4 232 553 344 669
4 197 442 347 761
4 241 504 390 582
4 390 504 302 582
4 237 291 305 662
4 185 290 337 705
4 113 543 438 800
4 185 476 290 705
4 224 473 463 517
4 491 498 300 788
4 92 528 60 798
4 321 391 244 671
4 182 368 352 478
4 141 99 153 394
4 420 484 421 676
4 216 306 554 561
4 554 561 306 589
4 192 270 390 403
4 269 369 321 638
4 221 271 439 612
4 291 305 259 808
4 169 179 567 744
4 354 425 336 732
4 498 558 332 608
4 336 394 263 425
4 335 416 168 496
4 348 483 447 496
4 201 498 558 729
4 202 447 356 511
4 300 519 620 740
4 270 429 234 515
4 235 326 391 717
4 263 184 336 673
4 309 399 172 400
4 245 408 468 670
4 168 451 246 575
4 287 430 330 644
4 111 119 154 402
4 177 384 655 733
4 202 260 447 511
4 192 295 261 641
4 239 330 430 644
4 263 336 324 667
4 391 221 566 576
4 171 665 348 749
4 200 257 446 740
4 335 447 233 496
4 330 336 184 673
4 469 472 464 473
4 218 312 313 659
4 507 650 365 789
4 287 330 380 644
4 176 506 741 796
4 415 439 271 780
4 108 304 458 633
4 199 432 391 539
4 252 497 534 672
4 186 405 402 512
4 190 543 111 800
4 258 446 286 597
4 43 320 178 625
4 320 400 178 518
4 195 603 455 644
4 391 539 432 604
4 169 296 323 821
4 170 341 180 567
4 133 648 293 690
4 260 447 348 483
4 327 391 326 717
4 202 577 511 638
4 178 169 518 567
4 360 363 361 537
4 284 288 205 768
4 241 582 558 715
4 182 368 478 815
4 511 638 577 683
4 171 363 360 448
4 231 595 274 675
4 302 503 223 508
4 498 671 398 788
4 262 592 358 640
4 273 284 205 768
4 201 558 270 582
4 391 432 244 604
4 182 394 352 657
4 189 183 402 647
4 447 511 260 682
4 231 617 414 675
4 63 178 653 779
4 173 474 473 482
4 74 400 309 653
4 309 400 172 653
4 220 450 426 479
4 300 519 217 620
4 179 416 626 730
4 427 687 189 712
4 182 354 336 732
4 356 511 447 682
4 211 436 310 470
4 239 271 621 769
4 621 769 271 780
4 193 269 321 501
4 473 499 381 517
4 221 391 539 576
4 215 441 595 622
4 193 300 491 498
4 169 323 180 382
4 86 180 382 625
4 176 506 365 741
4 332 561 554 589
4 232 384 383 557
4 111 598 190 800
4 391 392 221 604
4 649 754 488 795
4 373 459 458 660
4 197 346 442 761
4 439 485 194 565
4 261 301 223 641
4 303 370 183 607
4 232 384 557 692
4 267 333 319 799
4 65 448 363 655
4 175 170 431 798
4 306 216 401 561
4 355 426 403 776
4 175 494 431 567
4 392 439 194 568
4 178 179 494 567
4 186 190 402 405
4 274 277 521 668
4 317 318 210 745
4 333 502 266 580
4 182 478 352 751
4 182 478 354 732
4 208 420 276 763
4 287 627 722 723
4 270 429 192 605
4 234 429 270 605
4 170 175 428 798
4 515 565 526 568
4 370 402 183 647
4 199 409 544 734
4 253 478 368 815
4 172 175 453 494
4 435 447 246 611
4 198 393 355 639
4 372 603 398 612
4 210 318 317 686
4 172 453 178 494
4 334 596 299 821
4 327 410 391 566
4 134 548 189 648
4 274 595 311 619
4 277 274 521 675
4 306 435 198 758
4 491 514 325 759
4 182 368 406 487
4 321 369 594 638
4 233 447 435 611
4 226 408 245 638
4 333 265 502 580
4 147 760 352 794
4 193 498 491 671
4 214 516 358 774
4 225 408 245 670
4 228 419 383 511
4 208 421 420 484
4 182 281 478 732
4 519 706 620 740
4 228 407 260 669
4 202 594 369 638
4 225 408 409 544
4 236 434 310 651
4 720 721 719 722
4 310 470 436 661
4 60 528 428 798
4 262 522 593 710
4 216 554 256 791
4 190 303 555 598
4 324 337 181 590
4 290 446 289 767
4 176 453 462 796
4 262 593 371 710
4 271 439 612 780
4 72 178 400 653
4 211 477 393 527
4 410 539 411 734
4 289 446 286 767
4 394 493 141 657
4 269 193 369 736
4 327 410 566 726
4 190 555 304 598
4 181 590 337 680
4 672 699 253 711
4 306 561 401 589
4 296 596 334 821
4 408 569 468 670
4 430 455 239 644
4 262 213 358 516
4 349 741 506 796
4 176 360 365 507
4 181 282 405 814
4 183 427 189 512
4 188 495 605 775
4 282 512 405 814
4 236 310 470 651
4 368 657 352 658
4 187 657 368 658
4 201 403 355 426
4 207 398 372 603
4 390 533 223 731
4 175 431 177 798
4 405 588 190 614
4 226 638 245 683
4 422 503 303 731
4 324 336 182 667
4 181 583 282 814
4 226 269 364 501
4 176 741 349 796
4 270 403 201 582
4 304 555 303 598
4 257 740 759 773
4 408 226 468 569
4 300 498 434 729
4 191 422 303 731
4 279 495 253 699
4 279 672 255 699
4 194 439 392 485
4 179 451 340 744
4 221 415 271 566
4 247 526 515 565
4 302 503 191 731
4 199 539 410 734
4 176 646 462 684
4 221 391 566 612
4 211 477 527 742
4 271 415 412 566
4 267 319 542 799
4 210 343 318 686
4 180 80 449 528
4 240 492 296 596
4 235 391 327 717
4 310 407 236 470
4 183 402 190 405
4 226 269 321 638
4 225 466 408 670
4 42 363 387 655
4 182 336 324 621
4 282 583 512 814
4 286 430 289 500
4 175 613 663 779
4 340 567 179 744
4 11 309 74 400
4 226 321 269 501
4 263 667 324 777
4 192 429 270 713
4 122 329 155 513
4 434 498 256 742
4 263 184 673 679
4 197 347 510 669
4 276 492 460 550
4 228 383 419 556
4 196 595 521 756
4 404 730 626 748
4 437 446 257 603
4 108 458 304 764
4 262 214 358 593
4 489 654 277 737
4 409 410 326 743
4 261 316 295 535
4 170 340 341 567
4 181 324 590 634
4 39 180 80 449
4 377 660 458 678
4 462 646 307 684
4 181 634 590 680
4 295 316 250 746
4 175 453 663 716
4 410 411 539 576
4 274 521 389 668
4 194 401 485 604
4 53 663 613 779
4 328 566 327 615
4 199 410 409 734
4 239 612 372 621
4 182 281 336 621
4 241 390 270 582
4 182 336 281 732
4 176 365 506 507
4 213 640 358 698
4 360 537 361 650
4 491 398 671 788
4 190 370 303 598
4 282 283 735 795
4 171 360 716 797
4 187 487 186 559
4 242 759 740 773
4 360 176 716 797
4 344 530 456 650
4 185 337 290 812
4 209 456 318 506
4 408 409 326 743
4 255 495 279 699
4 170 381 499 517
4 93 39 81 528
4 191 422 302 504
4 224 472 469 473
4 379 573 246 758
4 223 390 302 505
4 490 504 422 801
4 206 515 554 589
4 246 205 451 758
4 273 595 196 756
4 182 354 478 751
4 263 182 336 667
4 407 470 310 661
4 271 412 328 566
4 223 301 433 641
4 174 260 511 682
4 203 317 318 652
4 188 487 368 488
4 45 363 360 537
4 475 587 69 666
4 263 513 184 679
4 337 423 290 812
4 310 436 211 477
4 207 359 372 392
4 204 372 359 392
4 209 343 318 456
4 333 265 580 581
4 175 448 177 665
4 243 403 219 523
4 393 436 317 477
4 192 243 535 713
4 332 554 515 589
4 179 340 168 494
4 246 451 335 758
4 124 187 493 559
4 76 309 462 653
4 222 446 437 603
4 447 483 233 496
4 271 566 328 644
4 234 270 359 547
4 177 431 175 665
4 270 558 241 582
4 270 192 390 547
4 230 388 383 463
4 802 803 305 808
4 368 188 488 754
4 221 415 413 439
4 312 313 217 519
4 188 495 583 605
4 209 344 365 741
4 214 358 581 774
4 381 58 666 798
4 62 381 58 666
4 203 317 562 745
4 208 421 341 560
4 290 337 222 680
4 178 453 175 494
4 188 605 283 775
4 199 326 321 408
4 263 493 394 667
4 191 503 422 731
4 153 394 140 425
4 245 610 419 714
4 404 626 284 748
4 203 562 574 745
4 168 246 447 575
4 228 419 511 683
4 238 654 489 737
4 170 499 509 517
4 304 438 190 800
4 246 379 758 772
4 193 369 256 791
4 215 401 311 589
4 80 180 39 528
4 396 232 557 692
4 228 383 260 511
4 199 244 432 594
4 195 327 566 615
4 209 344 343 456
4 412 566 410 726
4 254 301 386 641
4 171 716 365 741
4 278 96 480 513
4 358 516 213 774
4 206 710 429 784
4 217 313 312 783
4 380 271 769 770
4 350 710 206 784
4 403 713 355 776
4 519 217 620 706
4 176 365 716 741
4 333 540 319 799
4 168 416 179 494
4 246 758 435 772
4 305 802 801 803
4 176 462 453 663
4 96 513 278 786
4 423 504 191 704
4 257 759 597 773
4 197 510 344 669
4 803 807 305 808
4 225 245 552 670
4 488 548 187 658
4 340 494 179 567
4 413 414 231 617
4 240 596 296 631
4 293 183 370 687
4 258 446 257 740
4 168 348 447 496
4 260 233 447 483
4 453 653 178 779
4 347 366 228 407
4 195 566 391 612
4 321 199 408 594
4 387 475 69 666
4 231 401 311 595
4 390 403 270 582
4 270 390 241 547
4 384 553 232 749
4 173 587 475 666
4 278 289 476 705
4 225 484 408 544
4 253 497 279 672
4 435 758 379 772
4 518 545 404 631
4 351 449 80 528
4 120 141 153 263
4 224 421 499 509
4 256 477 435 762
4 310 434 236 736
4 426 523 403 776
4 175 448 665 716
4 295 694 689 735
4 190 438 292 543
4 372 612 239 644
4 176 507 506 646
4 226 364 269 683
4 190 402 370 598
4 181 337 324 588
4 225 544 409 600
4 540 542 319 799
4 193 434 300 498
4 237 504 423 662
4 300 715 519 740
4 168 416 349 496
4 438 543 190 800
4 198 306 522 554
4 172 416 578 681
4 689 694 283 735
4 515 526 234 568
4 172 578 399 681
4 564 654 238 763
4 81 39 86 180
4 173 388 387 475
4 234 247 515 784
4 291 259 702 808
4 199 544 408 594
4 186 402 190 543
4 172 416 399 578
4 178 494 175 567
4 287 330 430 445
4 195 612 372 644
4 419 610 230 714
4 176 462 646 796
4 341 499 421 509
4 260 228 511 683
4 169 545 518 631
4 222 286 446 455
4 273 240 338 756
4 86 81 180 625
4 198 306 452 522
4 204 372 612 621
4 191 303 422 555
4 292 614 588 705
4 318 506 308 652
4 293 635 370 647
4 381 528 92 798
4 317 335 233 496
4 193 256 434 498
4 202 260 511 577
4 341 421 208 509
4 217 519 300 729
4 312 504 218 801
4 258 591 446 740
4 434 236 736 747
4 193 671 369 791
4 340 451 575 744
4 170 431 340 567
4 172 178 453 653
4 312 662 504 801
4 257 455 446 597
4 171 448 360 797
4 328 380 271 644
4 193 256 498 791
4 205 246 573 758
4 134 189 647 648
4 434 736 620 747
4 311 617 274 619
4 200 519 715 740
4 270 234 359 753
4 312 305 519 662
4 344 483 197 669
4 169 567 178 625
4 431 494 340 567
4 257 285 455 597
4 321 326 226 408
4 171 716 448 797
4 168 349 348 496
4 192 295 641 735
4 369 577 269 736
4 260 511 577 683
4 615 722 285 727
4 214 265 516 774
4 344 510 345 691
4 403 608 355 713
4 394 425 354 585
4 355 403 201 608
4 302 422 490 504
4 344 553 365 741
4 323 382 298 454
4 198 393 317 477
4 446 455 286 597
4 550 575 451 744
4 39 180 81 528
4 262 355 522 710
4 613 666 58 798
4 201 479 312 582
4 446 455 257 603
4 415 439 272 696
4 305 375 237 801
4 436 477 310 661
4 194 401 311 485
4 194 311 401 589
4 216 379 306 401
4 306 379 215 401
4 263 184 513 777
4 298 323 334 821
4 296 334 323 821
4 203 416 335 652
4 253 279 497 645
4 355 522 206 554
4 210 317 436 686
4 458 459 374 678
4 147 352 793 794
4 615 627 285 722
4 180 449 351 528
4 308 578 416 681
4 204 439 392 568
4 596 656 299 821
4 194 565 311 589
4 197 343 315 436
4 183 303 607 731
4 222 455 446 603
4 463 473 173 517
4 173 475 387 666
4 238 654 564 675
4 81 180 428 528
4 259 591 519 702
4 266 416 551 578
4 322 564 238 763
4 307 646 462 796
4 324 336 239 621
4 247 234 515 526
4 460 575 550 744
4 170 381 351 499
4 287 500 455 627
4 87 382 454 546
4 349 494 431 716
4 253 497 672 711
4 430 455 287 500
4 233 447 611 762
4 168 431 349 494
4 215 440 311 619
4 289 476 290 767
4 172 462 453 796
4 270 547 234 605
4 394 751 352 760
4 354 751 394 760
4 459 678 162 808
4 216 561 554 791
4 201 715 312 729
4 201 558 715 729
4 281 769 621 780
4 113 438 112 800
4 329 673 184 679
4 311 401 231 485
4 233 611 435 762
4 230 463 383 714
4 226 326 321 818
4 519 591 706 740
4 201 426 479 582
4 72 63 178 653
4 321 594 408 638
4 335 451 205 758
4 401 561 432 604
4 218 504 490 801
4 185 555 190 614
4 198 452 516 522
4 194 561 401 604
4 204 279 439 568
4 291 375 305 808
4 205 246 451 573
4 169 382 180 625
4 200 446 591 740
4 351 381 170 528
4 201 312 450 729
4 359 406 204 495
4 210 436 343 686
4 239 336 330 769
4 368 699 188 754
4 348 447 260 682
4 413 439 252 485
4 282 181 405 704
4 221 439 413 485
4 498 671 193 791
4 174 383 463 511
4 359 204 406 634
4 87 454 298 546
4 615 721 722 727
4 207 392 398 781
4 141 493 263 708
4 263 394 182 667
4 43 382 320 625
4 226 269 638 683
4 120 141 263 708
4 279 495 255 526
4 90 382 43 625
4 262 213 639 640
4 184 443 330 673
4 61 58 613 666
4 343 483 209 686
4 223 505 302 508
4 302 505 219 508
4 463 511 383 714
4 416 496 335 652
4 184 278 513 705
4 255 526 495 775
4 468 610 245 670
4 149 127 438 764
4 289 184 430 590
4 232 383 396 557
4 300 558 498 729
4 310 434 256 477
4 206 515 247 784
4 251 293 687 688
4 242 514 491 759
4 202 447 577 762
4 620 736 481 747
4 359 583 234 605
4 247 565 515 589
4 492 550 276 763
4 325 491 235 501
4 416 578 266 730
4 206 554 306 589
4 465 469 610 670
4 222 289 430 590
4 250 295 386 641
4 326 410 327 718
4 150 124 187 657
4 243 403 523 776
4 192 533 390 735
4 211 434 310 477
4 436 477 393 813
4 211 434 477 742
4 178 567 175 779
4 195 398 603 612
4 63 653 75 779
4 75 653 453 779
4 195 391 327 757
4 184 513 329 679
4 330 443 430 445
4 184 329 443 673
4 239 612 271 644
4 244 369 321 671
4 390 533 282 735
4 256 477 434 742
4 737 738 276 739
4 219 302 508 549
4 216 762 369 791
4 83 88 462 684
4 245 419 511 714
4 235 491 325 759
4 114 438 292 786
4 179 169 518 744
4 335 562 435 758
4 277 489 414 675
4 317 335 203 562
4 169 180 567 625
4 318 652 317 686
4 282 735 427 795
4 328 327 566 726
4 265 333 551 574
4 201 403 426 582
4 58 92 60 798
4 215 441 440 619
4 590 634 372 680
4 182 187 368 487
4 192 390 282 735
4 197 470 407 661
4 364 501 269 637
4 206 522 355 710
4 203 551 333 574
4 356 463 224 714
4 179 416 172 494
4 194 515 565 589
4 9 83 307 684
4 308 506 349 652
4 262 522 214 593
4 73 309 76 653
4 113 114 112 438
4 81 428 180 625
4 142 150 548 658
4 251 293 688 690
4 322 238 564 693
4 455 597 285 627
4 308 540 318 652
4 172 308 416 681
4 519 715 300 729
4 282 188 583 605
4 271 195 566 644
4 182 187 487 667
4 209 506 318 652
4 206 515 332 554
4 279 204 495 568
4 175 177 613 798
4 348 496 349 741
4 349 506 209 652
4 235 327 391 757
4 192 547 270 605
4 174 463 356 714
4 192 403 390 505
4 379 306 452 758
4 174 260 682 749
4 302 422 191 503
4 204 612 439 780
4 326 718 570 743
4 206 784 247 787
4 206 247 515 787
4 193 300 434 620
4 169 323 382 821
4 375 790 237 801
4 373 476 278 820
4 231 411 413 539
4 202 611 447 762
4 451 240 550 744
4 192 505 390 533
4 260 447 233 577
4 262 639 355 776
4 214 486 350 787
4 65 360 45 363
4 244 369 671 791
4 141 99 394 657
4 317 436 233 477
4 490 503 302 549
4 237 378 377 422
4 237 790 378 801
4 302 490 218 504
4 221 439 392 612
4 280 247 440 565
4 234 515 429 784
4 372 590 239 634
4 287 445 430 500
4 196 273 379 595
4 275 342 338 756
4 338 342 273 756
4 570 718 717 724
4 318 343 209 686
4 306 198 452 758
4 141 493 124 657
4 288 452 205 768
4 196 379 273 573
4 345 510 442 691
4 431 494 175 716
4 335 416 203 551
4 321 326 235 818
4 234 495 526 775
4 208 341 340 460
4 189 648 548 649
4 327 391 195 566
4 392 485 439 604
4 348 682 260 749
4 170 341 340 509
4 340 341 208 509
4 252 439 279 565
4 260 577 233 661
4 443 480 329 513
4 173 473 381 517
4 228 407 366 637
4 298 382 323 821
4 384 553 171 692
4 237 555 377 812
4 221 392 439 604
4 344 456 365 650
4 355 393 212 639
4 474 475 173 587
4 282 390 192 605
4 153 99 140 394
4 287 380 330 586
4 244 321 369 594
4 141 146 99 657
4 214 623 486 787
4 41 663 462 684
4 218 479 312 659
4 321 369 193 671
4 352 658 657 793
4 192 270 403 713
4 168 349 416 494
4 430 445 443 500
4 359 547 583 605
4 232 510 553 692
4 307 664 541 681
4 194 565 515 568
4 290 423 337 680
4 355 710 262 776
4 310 577 369 736
4 383 388 230 557
4 286 500 289 767
4 33 250 316 746
4 283 605 282 735
4 221 439 485 604
4 252 485 439 565
4 286 455 430 500
4 76 309 47 462
4 205 573 379 758
4 193 620 434 736
4 359 495 204 568
4 197 436 470 661
4 209 365 344 456
4 348 669 232 749
4 358 640 592 698
4 174 356 511 714
4 373 438 102 786
4 295 689 254 735
4 233 577 447 762
4 258 257 446 597
4 237 422 377 555
4 253 495 279 645
4 197 483 343 686
4 176 684 663 797
4 183 405 282 512
4 419 245 468 610
4 423 614 555 812
4 241 504 423 704
4 304 185 438 660
4 359 234 547 605
4 230 463 469 482
4 590 621 239 634
4 168 447 348 682
4 379 452 306 768
4 717 724 718 727
4 74 309 73 653
4 310 369 193 736
4 173 475 474 482
4 373 786 102 820
4 236 470 407 761
4 240 338 596 631
4 265 581 333 774
4 233 477 436 661
4 198 435 562 758
4 349 496 209 741
4 384 388 383 557
4 514 759 242 773
4 460 550 240 744
4 377 378 237 790
4 396 397 232 692
4 282 547 390 605
4 174 511 260 749
4 373 438 185 660
4 234 495 279 526
4 174 511 356 682
4 357 333 581 774
4 292 708 114 786
4 183 607 433 731
4 12 167 320 546
4 213 461 395 709
4 197 343 436 686
4 344 510 232 669
4 271 239 644 769
4 286 627 500 723
4 194 485 392 604
4 256 369 310 762
4 217 312 729 783
4 276 424 296 492
4 663 684 51 797
4 204 392 359 568
4 424 560 296 739
4 317 652 496 686
4 236 434 651 747
4 579 580 266 748
4 450 729 312 783
4 408 466 569 670
4 211 393 477 813
4 188 283 700 775
4 437 603 257 788
4 196 654 564 763
4 286 455 500 627
4 350 214 522 593
4 260 233 483 661
4 262 516 214 522
4 62 587 381 666
4 271 644 380 769
4 266 626 730 748
4 162 291 702 808
4 248 280 534 672
4 97 598 304 632
4 366 407 236 637
4 234 605 495 775
4 133 647 293 648
4 314 470 315 703
4 392 439 204 612
4 58 60 428 798
4 120 263 153 679
4 368 478 417 792
4 318 540 203 652
4 265 452 214 516
4 155 480 329 584
4 238 675 564 693
4 390 547 192 605
4 216 435 379 772
4 513 679 263 708
4 149 102 373 438
4 393 516 198 745
4 478 751 417 792
4 381 473 351 499
4 206 515 270 608
4 183 433 533 731
4 278 480 128 820
4 349 496 416 652
4 452 623 306 768
4 58 381 92 798
4 71 474 14 643
4 287 380 328 644
4 287 445 500 723
4 175 665 431 716
4 85 363 45 537
4 257 455 285 757
4 124 493 123 559
4 254 433 301 641
4 251 636 293 690
4 390 505 223 533
4 280 252 565 618
4 197 407 470 761
4 55 53 613 779
4 234 583 495 605
4 467 224 676 782
4 513 708 292 786
4 306 401 215 589
4 244 671 498 791
4 368 488 187 658
4 200 591 446 766
4 384 177 665 733
4 69 475 70 587
4 297 404 545 631
4 226 321 408 638
4 124 493 187 657
4 467 472 224 782
4 184 430 330 443
4 207 372 437 603
4 265 551 205 758
4 270 547 241 606
4 446 591 258 766
4 207 437 372 606
4 363 448 171 655
4 201 426 355 527
4 407 637 269 736
4 191 555 423 614
4 359 495 234 583
4 265 205 452 758
4 198 516 393 639
4 356 208 509 752
4 206 429 515 784
4 266 551 333 578
4 333 551 203 578
4 304 598 303 632
4 431 517 177 798
4 348 209 496 741
4 206 710 355 713
4 116 543 493 708
4 330 673 443 811
4 443 673 329 811
4 208 575 509 752
4 232 510 347 669
4 95 587 62 666
4 233 317 496 686
4 183 282 427 512
4 287 500 627 723
4 360 507 176 797
4 247 280 526 565
4 516 574 562 745
4 420 225 484 676
4 287 330 445 586
4 372 239 621 634
4 351 473 381 643
4 175 567 428 779
4 188 282 512 795
4 415 271 771 780
4 53 453 663 779
4 169 567 340 744
4 242 491 740 759
4 286 597 455 627
4 365 650 456 789
4 513 708 263 777
4 212 393 355 527
4 376 660 377 678
4 471 673 329 679
4 425 673 471 679
4 349 506 308 796
4 372 437 222 680
4 83 462 307 684
4 355 713 710 776
4 184 289 430 443
4 273 196 573 756
4 184 443 329 513
4 181 282 547 704
4 302 218 479 504
4 332 554 256 608
4 186 708 292 777
4 138 394 657 760
4 207 359 392 753
4 368 417 253 418
4 493 543 116 559
4 197 436 483 686
4 212 426 355 776
4 53 56 453 779
4 333 357 319 574
4 194 561 332 589
4 424 701 276 739
4 96 122 155 513
4 48 45 360 537
4 168 431 340 682
4 328 566 412 726
4 399 578 416 730
4 309 172 462 653
4 172 399 309 681
4 202 447 260 577
4 279 495 204 645
4 315 470 211 703
4 7 444 26 602
4 492 573 196 756
4 393 639 516 745
4 217 729 450 783
4 591 740 258 773
4 174 348 431 665
4 208 341 460 560
4 61 177 613 655
4 177 517 431 665
4 217 313 457 785
4 253 495 645 815
4 92 58 62 381
4 317 436 393 813
4 444 584 471 811
4 471 584 329 811
4 58 428 613 798
4 174 431 348 682
4 285 627 597 765
4 222 437 372 603
4 211 477 436 813
4 235 398 391 671
4 372 606 437 680
4 174 511 463 714
4 41 462 88 684
4 210 436 317 813
4 197 347 669 761
4 41 59 462 663
4 212 355 426 527
4 272 439 415 780
4 168 348 431 682
4 176 716 349 741
4 232 553 384 692
4 79 78 39 449
4 467 469 465 670
4 178 175 453 779
4 113 111 543 800
4 516 213 574 745
4 172 416 349 494
4 207 332 558 753
4 322 752 550 763
4 116 493 117 708
4 349 209 506 741
4 588 614 337 705
4 270 201 403 608
4 49 8 48 360
4 72 178 43 400
4 332 498 207 558
4 250 386 301 641
4 327 717 285 757
4 270 515 234 753
4 577 638 269 683
4 317 393 198 745
4 324 621 590 634
4 718 725 327 727
4 77 47 309 630
4 492 276 654 763
4 146 141 124 657
4 217 519 313 785
4 177 448 175 613
4 118 679 513 708
4 243 523 525 776
4 388 463 230 482
4 326 570 569 743
4 406 495 359 583
4 222 590 372 680
4 219 505 302 582
4 507 684 176 797
4 215 311 401 595
4 136 148 107 647
4 189 488 512 795
4 12 320 82 546
4 173 388 475 482
4 230 610 469 714
4 225 552 484 676
4 194 485 311 565
4 105 373 458 764
4 276 424 492 701
4 205 265 452 502
4 384 388 387 733
4 387 388 173 733
4 275 492 424 701
4 236 407 310 736
4 368 487 187 488
4 96 128 278 480
4 254 641 295 735
4 175 663 453 779
4 253 645 367 755
4 326 717 570 718
4 81 428 60 528
4 113 111 154 543
4 187 186 487 493
4 406 583 359 634
4 252 280 534 618
4 253 406 495 815
4 206 355 608 713
4 200 740 715 788
4 460 492 276 560
4 207 372 359 606
4 292 186 543 708
4 128 96 278 786
4 237 377 376 812
4 98 559 135 647
4 372 634 606 680
4 506 646 507 789
4 194 332 515 589
4 331 220 527 601
4 217 457 706 785
4 200 715 437 788
4 331 527 220 703
4 94 53 56 453
4 189 512 427 795
4 182 406 324 667
4 192 694 295 735
4 184 513 292 705
4 564 654 196 675
4 128 786 278 820
4 296 424 276 560
4 264 707 706 806
4 408 326 569 743
4 89 65 363 655
4 195 398 391 757
4 137 293 636 690
4 369 762 256 791
4 240 573 492 756
4 149 127 102 438
4 177 655 387 733
4 367 417 253 755
4 203 416 308 578
4 47 76 73 309
4 243 713 403 776
4 317 198 562 745
4 171 665 448 716
4 104 329 151 471
4 193 481 620 736
4 717 718 327 727
4 304 660 438 764
4 417 792 751 794
4 348 232 553 749
4 235 391 398 757
4 174 431 509 517
4 617 619 618 819
4 216 594 432 791
4 194 568 753 781
4 206 608 270 713
4 194 392 568 781
4 150 187 103 548
4 366 385 236 761
4 170 499 341 509
4 406 324 667 814
4 259 706 707 806
4 359 372 204 634
4 183 427 282 533
4 237 422 504 801
4 417 418 368 792
4 174 384 383 749
4 383 384 232 749
4 381 587 91 643
4 420 676 421 738
4 268 578 308 681
4 233 436 317 686
4 181 614 423 680
4 554 561 332 791
4 329 513 122 679
4 197 436 315 470
4 315 436 211 470
4 270 606 558 753
4 63 43 178 625
4 270 241 558 606
4 187 186 493 559
4 180 170 428 528
4 555 660 377 812
4 207 498 398 788
4 336 425 263 673
4 29 459 373 820
4 722 285 727 728
4 61 177 655 666
4 272 367 645 755
4 168 340 575 682
4 320 382 82 546
4 426 450 220 527
4 392 753 568 781
4 93 80 39 528
4 186 667 708 777
4 372 392 204 612
4 309 462 172 681
4 284 404 240 626
4 184 705 292 777
4 523 243 525 778
4 294 599 370 635
4 355 639 212 776
4 269 577 407 736
4 377 458 304 633
4 253 497 367 645
4 60 58 428 613
4 170 180 428 567
4 337 614 181 680
4 234 429 339 784
4 431 509 340 682
4 176 646 506 796
4 182 487 406 667
4 473 474 173 587
4 340 431 168 494
4 207 398 498 781
4 337 590 324 777
4 137 133 293 690
4 304 458 377 660
4 283 188 700 795
4 97 304 598 800
4 285 717 327 727
4 279 439 252 497
4 272 367 497 645
4 406 667 487 814
4 206 589 306 787
4 312 479 218 504
4 182 281 621 815
4 230 482 469 532
4 344 510 529 553
4 451 573 240 626
4 116 117 493 559
4 328 615 327 725
4 200 446 290 766
4 525 776 262 778
4 438 660 373 764
4 204 439 279 645
4 417 478 253 755
4 193 491 300 620
4 184 337 705 777
4 244 398 498 671
4 308 416 203 652
4 254 687 427 712
4 185 555 614 812
4 240 273 573 756
4 302 479 219 582
4 104 329 471 584
4 207 558 606 753
4 516 562 198 745
4 86 382 90 625
4 173 517 381 666
4 263 679 120 708
4 216 322 432 594
4 42 363 85 387
4 205 573 273 768
4 287 615 328 721
4 132 189 134 548
4 228 637 364 683
4 57 428 81 625
4 53 453 94 663
4 262 525 592 640
4 265 562 551 758
4 279 526 565 568
4 322 216 432 564
4 277 654 701 737
4 262 213 516 639
4 433 607 533 731
4 255 699 418 700
4 244 432 594 791
4 254 688 687 712
4 236 407 366 761
4 366 407 347 761
4 97 108 304 764
4 285 615 327 757
4 195 327 615 757
4 484 544 420 763
4 378 490 422 801
4 247 589 515 787
4 245 511 419 683
4 285 717 520 757
4 236 637 407 736
4 352 657 394 760
4 231 414 489 675
4 188 699 495 775
4 193 491 481 501
4 279 234 526 568
4 173 463 388 482
4 715 740 300 788
4 469 670 552 714
4 381 666 517 798
4 200 591 519 740
4 262 358 592 593
4 231 489 411 693
4 244 498 398 781
4 270 608 515 753
4 253 417 368 478
4 379 401 216 564
4 390 505 403 582
4 292 705 588 777
4 205 451 335 551
4 265 214 452 674
4 61 613 54 655
4 272 439 497 696
4 588 705 337 777
4 113 115 114 543
4 515 608 332 753
4 81 60 93 528
4 261 505 223 508
4 219 505 261 508
4 453 462 59 663
4 256 310 477 762
4 214 516 452 522
4 238 411 489 693
4 308 172 416 796
4 227 597 759 773
4 259 305 519 785
4 326 327 717 718
4 427 512 282 795
4 474 587 473 643
4 324 588 337 777
4 182 324 406 621
4 335 435 246 758
4 311 485 252 565
4 226 321 501 818
4 118 152 679 708
4 420 544 238 763
4 296 492 460 560
4 403 426 219 523
4 195 271 612 644
4 253 495 406 699
4 313 217 457 783
4 212 525 523 776
4 169 460 296 631
4 523 525 524 778
4 423 614 181 704
4 201 450 426 527
4 257 285 597 759
4 260 483 348 669
4 391 398 244 671
4 292 513 184 777
4 252 497 439 696
4 535 710 429 713
4 214 350 522 787
4 235 520 717 757
4 397 529 361 531
4 362 529 397 531
4 221 539 391 604
4 357 574 333 774
4 296 276 492 560
4 233 310 477 661
4 209 496 349 652
4 188 700 699 775
4 271 221 566 612
4 211 436 315 813
4 149 125 127 764
4 63 625 178 779
4 443 329 480 584
4 307 462 309 681
4 200 702 591 766
4 98 132 559 647
4 770 771 271 780
4 265 333 574 774
4 170 340 431 509
4 467 552 469 670
4 54 613 448 655
4 185 290 476 812
4 217 706 519 785
4 265 562 516 574
4 205 573 451 626
4 41 51 663 684
4 306 206 522 554
4 292 588 186 777
4 322 594 544 693
4 544 594 199 693
4 65 67 448 655
4 448 613 53 663
4 189 559 132 647
4 169 382 545 821
4 379 564 216 772
4 395 212 639 640
4 140 425 394 585
4 272 415 771 780
4 238 411 693 734
4 231 411 539 693
4 452 502 265 674
4 201 270 558 608
4 509 575 340 682
4 203 308 540 578
4 308 268 540 578
4 379 758 452 768
4 328 725 327 726
4 246 573 379 772
4 186 667 493 708
4 322 763 550 772
4 407 669 347 761
4 232 397 510 692
4 297 596 338 631
4 40 351 381 643
4 193 434 310 736
4 225 420 544 600
4 238 544 420 600
4 243 776 525 778
4 91 62 95 587
4 107 635 293 647
4 211 315 703 813
4 120 679 152 708
4 202 356 447 752
4 541 664 268 681
4 45 65 48 360
4 253 368 418 699
4 369 216 611 762
4 132 189 548 559
4 91 381 62 587
4 192 535 295 694
4 349 416 308 652
4 276 560 424 739
4 262 776 710 778
4 418 700 699 754
4 219 479 302 549
4 260 669 348 749
4 205 265 502 551
4 144 471 151 679
4 206 515 589 787
4 478 609 354 732
4 279 526 255 672
4 423 437 241 680
4 193 269 501 736
4 118 708 513 786
4 62 91 92 381
4 194 753 332 781
4 184 590 337 777
4 426 527 220 601
4 389 521 275 701
4 345 530 344 691
4 187 493 487 667
4 542 629 267 799
4 390 547 282 704
4 240 460 296 492
4 188 512 282 583
4 135 543 402 559
4 215 306 589 787
4 469 532 465 610
4 231 432 539 604
4 231 564 401 595
4 373 476 376 660
4 173 388 463 733
4 224 469 467 552
4 487 493 186 667
4 225 420 484 544
4 307 462 681 796
4 118 122 513 679
4 236 385 366 616
4 220 527 450 703
4 248 672 497 711
4 118 114 708 786
4 183 533 433 687
4 356 509 174 682
4 185 476 373 660
4 196 492 654 763
4 436 483 233 661
4 215 623 306 787
4 443 329 584 811
4 175 613 428 798
4 232 510 344 553
4 306 452 522 623
4 189 649 488 795
4 214 522 623 787
4 205 502 284 626
4 68 655 387 666
4 281 182 478 815
4 196 550 492 763
4 340 575 460 744
4 239 621 336 769
4 281 336 621 769
4 233 483 436 686
4 226 501 325 818
4 201 527 355 742
4 308 416 349 796
4 231 539 485 604
4 281 609 478 732
4 41 51 59 663
4 224 421 552 676
4 206 350 784 787
4 304 190 598 800
4 40 381 351 528
4 324 239 590 621
4 127 102 438 786
4 197 470 346 761
4 77 309 11 630
4 224 467 469 472
4 319 540 333 574
4 185 376 476 660
4 181 337 588 614
4 331 703 315 813
4 219 403 505 582
4 244 594 369 791
4 237 378 422 801
4 311 565 252 618
4 134 189 132 647
4 185 660 555 812
4 118 152 122 679
4 333 540 203 574
4 241 547 390 704
4 296 460 240 631
4 337 423 614 680
4 359 606 372 634
4 144 425 471 679
4 195 271 566 612
4 367 497 253 711
4 198 516 452 562
4 227 728 520 765
4 435 611 216 762
4 311 252 485 617
4 719 722 721 727
4 327 615 285 727
4 207 300 498 788
4 479 504 312 582
4 55 56 53 779
4 262 592 525 778
4 154 402 135 543
4 59 462 453 653
4 216 432 561 791
4 308 541 307 646
4 235 501 321 818
4 313 785 305 803
4 207 498 300 558
4 226 408 326 569
4 265 452 562 758
4 174 517 463 733
4 311 485 231 617
4 302 504 479 582
4 181 614 405 704
4 135 559 402 647
4 362 510 397 529
4 253 418 417 711
4 410 718 326 743
4 234 279 495 568
4 287 328 615 644
4 242 491 481 620
4 193 481 491 620
4 265 574 516 774
4 325 501 235 818
4 106 657 150 658
4 221 485 413 539
4 116 123 117 559
4 262 710 371 778
4 209 652 318 686
4 170 509 431 517
4 231 432 401 564
4 242 481 514 677
4 40 381 91 643
4 349 416 172 796
4 516 574 213 774
4 193 501 321 671
4 451 550 240 573
4 240 550 492 573
4 410 327 718 726
4 257 491 398 757
4 197 669 407 761
4 304 97 764 800
4 202 577 369 762
4 523 524 243 778
4 409 600 544 734
4 181 606 634 680
4 379 595 273 768
4 209 483 348 496
4 192 605 429 694
4 353 417 367 755
4 135 116 543 559
4 282 605 192 735
4 257 740 491 759
4 308 307 681 796
4 322 432 594 693
4 322 202 594 611
4 89 65 45 363
4 117 493 141 708
4 359 568 392 753
4 405 512 186 814
4 306 623 522 787
4 282 533 427 735
4 54 53 448 613
4 198 562 452 758
4 427 533 254 735
4 305 375 801 802
4 245 638 511 683
4 120 117 141 708
4 481 736 236 747
4 327 725 615 727
4 224 552 467 676
4 677 706 242 747
4 310 233 477 762
4 215 595 379 768
4 262 592 371 593
4 285 722 627 728
4 206 332 515 608
4 332 206 554 608
4 537 538 361 650
4 174 509 431 682
4 139 585 394 760
4 203 551 416 578
4 413 415 221 576
4 170 517 431 798
4 181 547 282 583
4 171 553 348 741
4 125 438 127 764
4 432 199 594 693
4 249 339 694 784
4 195 603 372 612
4 242 620 706 740
4 44 587 474 643
4 152 120 153 679
4 185 304 555 660
4 381 473 173 587
4 308 646 307 796
4 401 432 216 564
4 192 605 694 735
4 492 550 196 573
4 62 58 36 666
4 194 515 332 753
4 208 550 752 763
4 272 780 755 815
4 208 752 484 763
4 493 543 186 708
4 205 451 551 626
4 322 216 564 772
4 103 548 187 559
4 52 65 448 797
4 212 523 426 776
4 223 533 433 607
4 311 618 617 619
4 216 322 594 611
4 205 758 379 768
4 423 680 241 704
4 123 493 117 559
4 321 501 235 671
4 413 485 231 539
4 377 660 376 812
4 386 688 254 689
4 257 603 455 757
4 597 627 286 765
4 375 802 305 808
4 322 752 611 772
4 134 132 98 647
4 481 677 242 747
4 272 497 367 696
4 237 662 305 801
4 455 615 285 757
4 107 293 133 647
4 364 637 269 683
4 216 432 401 561
4 203 540 333 578
4 169 340 460 744
4 244 561 432 791
4 95 62 36 666
4 292 708 513 777
4 241 680 606 704
4 371 592 262 778
4 149 373 105 764
4 256 554 332 791
4 272 755 645 815
4 429 710 206 713
4 172 308 681 796
4 405 186 588 814
4 235 717 327 757
4 246 611 752 772
4 49 50 684 797
4 174 665 384 749
4 263 673 425 679
4 298 546 545 656
4 314 651 470 703
4 326 569 570 818
4 172 681 462 796
4 214 522 452 623
4 72 63 43 178
4 235 398 491 757
4 327 725 718 726
4 272 645 780 815
4 260 511 383 749
4 657 658 106 793
4 322 544 484 763
4 207 603 437 788
4 369 594 216 791
4 333 579 578 799
4 307 541 308 681
4 308 541 268 681
4 195 615 455 757
4 197 483 436 661
4 215 401 379 595
4 128 121 96 786
4 285 257 757 759
4 390 302 505 582
4 578 579 268 799
4 287 455 430 644
4 110 599 598 632
4 201 450 527 742
4 278 705 438 786
4 473 587 381 643
4 429 694 339 784
4 202 369 611 762
4 181 588 405 614
4 407 577 310 736
4 208 460 340 575
4 202 322 484 752
4 359 547 270 606
4 84 15 351 643
4 387 655 177 666
4 353 478 417 755
4 67 54 448 655
4 188 406 495 699
4 240 626 404 744
4 359 606 270 753
4 235 325 520 759
4 116 154 135 543
4 364 419 228 683
4 437 606 241 680
4 298 545 382 821
4 281 755 780 815
4 647 648 189 712
4 487 488 188 512
4 129 128 480 820
4 372 621 204 634
4 181 680 423 704
4 352 760 751 794
4 308 540 268 541
4 231 564 595 675
4 615 725 721 727
4 183 427 533 687
4 254 533 427 687
4 122 151 155 329
4 57 428 625 779
4 393 395 212 639
4 344 553 529 650
4 598 599 303 632
4 456 530 157 789
4 491 757 257 759
4 68 61 655 666
4 344 365 553 650
4 253 417 367 711
4 97 304 109 632
4 322 238 544 763
4 217 300 620 729
4 175 613 448 663
4 202 611 322 752
4 385 563 236 761
4 196 550 763 772
4 182 621 406 815
4 308 203 540 652
4 240 451 626 744
4 506 507 365 789
4 174 682 348 749
4 37 360 65 797
4 243 710 776 778
4 52 65 67 448
4 245 511 356 714
4 326 226 569 818
4 174 348 665 749
4 138 99 146 657
4 169 631 296 821
4 174 384 665 733
4 489 277 654 675
4 38 74 73 653
4 206 306 522 787
4 300 207 558 788
4 242 740 591 773
4 34 570 571 724
4 434 620 300 729
4 333 266 579 580
4 179 518 404 744
4 138 394 99 657
4 163 445 444 723
4 437 558 207 788
4 81 57 60 428
4 205 452 758 768
4 196 564 322 763
4 174 383 511 749
4 517 666 177 798
4 495 699 255 775
4 240 460 492 550
4 369 594 202 611
4 234 495 359 568
4 211 470 651 703
4 283 694 605 735
4 143 370 599 635
4 523 601 426 642
4 245 356 552 714
4 404 626 179 744
4 316 535 371 746
4 312 715 519 729
4 316 243 524 778
4 520 717 285 727
4 75 59 453 653
4 37 49 360 797
4 207 498 332 781
4 295 535 316 746
4 110 598 97 632
4 217 312 519 729
4 242 706 591 740
4 87 46 382 546
4 208 356 484 752
4 238 600 420 737
4 381 517 170 798
4 238 322 544 693
4 325 520 570 818
4 501 637 481 736
4 322 484 752 763
4 116 117 115 708
4 139 394 138 760
4 246 611 447 752
4 116 115 543 708
4 442 685 347 761
4 346 685 442 761
4 179 626 451 744
4 216 594 369 611
4 97 108 109 304
4 201 355 608 742
4 448 613 177 655
4 236 563 470 761
4 451 550 246 575
4 272 497 439 645
4 335 551 203 562
4 365 456 209 506
4 293 648 647 712
4 186 543 493 559
4 376 476 290 812
4 185 476 376 812
4 402 559 189 647
4 563 616 236 747
4 60 428 55 613
4 234 526 339 775
4 264 706 677 747
4 155 130 480 584
4 512 583 188 814
4 563 651 457 747
4 361 531 529 538
4 135 402 136 647
4 119 101 370 598
4 328 721 615 725
4 48 65 37 360
4 520 728 285 765
4 86 90 64 625
4 356 682 447 752
4 489 675 238 693
4 217 457 651 747
4 76 462 59 653
4 196 521 595 675
4 241 606 547 704
4 243 316 535 778
4 194 332 561 781
4 206 350 522 710
4 207 398 603 788
4 192 429 535 694
4 253 645 755 815
4 330 443 445 811
4 150 124 103 187
4 310 661 233 762
4 302 490 422 503
4 46 382 78 454
4 94 453 59 663
4 293 687 688 712
4 194 401 561 589
4 256 332 498 791
4 235 757 491 759
4 529 553 361 650
4 280 526 565 672
4 288 623 452 768
4 305 803 785 807
4 304 764 438 800
4 191 405 614 704
4 379 564 196 595
4 399 266 578 730
4 236 616 366 637
4 319 574 357 709
4 213 357 574 709
4 234 568 359 753
4 196 573 550 772
4 213 698 358 774
4 487 512 188 814
4 368 418 699 754
4 73 76 38 653
4 552 670 245 714
4 213 574 357 774
4 268 399 578 681
4 53 52 448 663
4 188 512 488 795
4 371 535 316 778
4 236 563 385 616
4 52 54 53 448
4 207 753 392 781
4 274 595 521 675
4 269 637 501 736
4 235 491 398 671
4 223 533 607 731
4 211 331 527 813
4 61 36 58 666
4 246 550 451 573
4 406 487 188 814
4 340 509 208 575
4 233 661 577 762
4 751 792 352 794
4 181 405 588 814
4 196 564 379 772
4 266 578 333 579
4 691 816 529 817
4 202 447 611 752
4 219 523 426 642
4 196 763 322 772
4 193 501 481 736
4 55 613 428 779
4 504 662 312 715
4 202 484 356 752
4 169 460 631 744
4 151 329 122 679
4 310 577 407 661
4 377 555 304 660
4 233 496 483 686
4 792 793 352 794
4 430 443 289 500
4 192 535 429 713
4 365 506 209 741
4 194 604 392 781
4 165 24 648 649
4 617 618 252 697
4 208 484 420 763
4 87 382 46 454
4 503 607 303 731
4 167 628 579 629
4 255 339 526 775
4 413 539 411 576
4 221 539 413 576
4 217 620 434 729
4 270 608 403 713
4 452 516 265 562
4 184 324 590 777
4 216 322 611 772
4 439 497 279 645
4 279 565 526 672
4 205 551 502 626
4 428 613 175 779
4 217 706 457 747
4 457 706 264 747
4 469 552 224 714
4 355 554 206 608
4 189 548 488 649
4 398 491 257 788
4 211 527 393 813
4 238 489 654 675
4 136 135 119 402
4 369 577 310 762
4 89 67 65 655
4 325 235 520 818
4 211 527 331 703
4 471 673 602 811
4 285 757 520 759
4 186 402 543 559
4 127 438 114 786
4 235 520 757 759
4 311 252 617 618
4 401 564 379 595
4 196 322 564 772
4 208 550 460 575
4 356 224 552 714
4 468 569 226 571
4 300 620 491 740
4 549 642 479 659
4 699 700 255 775
4 406 188 583 814
4 567 625 428 779
4 322 564 432 693
4 618 697 617 819
4 273 573 379 768
4 421 676 224 782
4 129 480 30 820
4 444 602 445 811
4 445 602 330 811
4 195 455 603 757
4 222 337 590 680
4 550 573 246 772
4 181 606 359 634
4 235 501 491 671
4 137 293 635 636
4 194 568 515 753
4 196 521 492 756
4 211 434 450 651
4 112 114 127 438
4 461 574 319 709
4 213 574 461 709
4 688 690 293 712
4 453 462 172 653
4 181 588 324 814
4 173 517 666 733
4 177 666 517 733
4 206 522 350 787
4 353 417 478 751
4 445 586 330 602
4 719 722 727 728
4 335 205 551 758
4 413 231 485 617
4 72 75 63 653
4 374 678 375 790
4 242 620 481 747
4 67 61 54 655
4 276 701 654 737
4 602 673 330 811
4 284 626 502 748
4 118 120 152 708
4 457 563 314 651
4 241 437 558 606
4 616 677 481 747
4 263 708 667 777
4 178 625 567 779
4 461 574 213 745
4 285 728 627 765
4 83 41 88 684
4 413 485 252 617
4 539 693 411 734
4 433 533 254 687
4 207 558 437 606
4 502 551 266 626
4 418 253 699 711
4 300 740 491 788
4 447 682 575 752
4 119 101 148 370
4 381 170 528 798
4 485 539 221 604
4 472 473 224 782
4 276 738 560 739
4 434 450 217 729
4 185 376 660 812
4 314 563 470 651
4 174 665 517 733
4 26 471 444 584
4 312 662 519 715
4 502 626 266 748
4 382 545 298 546
4 320 545 382 546
4 242 706 620 747
4 259 785 706 806
4 212 426 523 601
4 194 561 604 781
4 344 529 510 691
4 125 438 764 800
4 77 47 73 309
4 804 805 457 809
4 57 55 428 779
4 346 385 685 761
4 75 76 59 653
4 173 463 517 733
4 345 346 32 442
4 196 379 573 772
4 395 461 213 745
4 236 470 563 651
4 276 737 420 738
4 181 324 634 814
4 493 667 263 708
4 264 563 457 747
4 236 481 616 637
4 181 547 359 606
4 381 587 173 666
4 199 693 539 734
4 223 607 503 731
4 54 52 67 448
4 393 527 331 813
4 211 450 434 742
4 57 55 60 428
4 118 114 115 708
4 235 326 717 818
4 40 351 80 528
4 428 528 170 798
4 399 628 309 681
4 268 628 399 681
4 521 654 277 675
4 207 606 359 753
4 217 450 434 651
4 181 359 547 583
4 215 486 623 787
4 387 666 177 733
4 173 666 387 733
4 240 631 460 744
4 448 716 663 797
4 174 431 517 665
4 180 428 567 625
4 106 658 142 793
4 457 651 314 783
4 217 651 457 783
4 79 39 80 449
4 230 532 469 610
4 211 703 331 813
4 310 577 661 762
4 185 337 614 705
4 171 365 553 741
4 207 332 753 781
4 721 725 719 727
4 463 469 224 714
4 230 469 463 714
4 212 527 426 601
4 282 583 547 605
4 200 519 662 715
4 243 710 535 713
4 435 477 233 762
4 268 578 399 579
4 399 578 266 579
4 542 664 629 799
4 259 785 806 807
4 253 755 478 815
4 135 154 119 402
4 434 620 217 747
4 498 332 781 791
4 663 716 176 797
4 216 611 435 772
4 520 724 717 727
4 260 407 577 661
4 141 117 124 493
4 68 387 69 666
4 139 140 394 585
4 434 217 651 747
4 435 611 246 772
4 420 238 737 763
4 426 479 219 642
4 241 558 437 715
4 479 549 219 642
4 246 447 575 752
4 231 675 489 693
4 148 370 143 635
4 48 37 49 360
4 56 75 453 779
4 51 684 50 797
4 98 132 135 559
4 188 495 406 583
4 292 705 513 786
4 513 705 278 786
4 193 491 501 671
4 520 724 727 728
4 521 654 492 701
4 122 96 118 513
4 329 673 471 811
4 276 492 654 701
4 181 359 583 634
4 89 363 42 655
4 287 615 455 644
4 654 737 238 763
4 421 224 499 782
4 281 732 336 769
4 86 78 46 382
4 134 647 133 648
4 88 41 59 462
4 285 615 455 627
4 561 781 332 791
4 130 31 480 584
4 515 568 234 753
4 442 510 362 691
4 570 717 520 724
4 168 575 447 682
4 243 710 713 776
4 394 585 354 760
4 108 105 458 764
4 520 727 285 728
4 457 563 264 810
4 189 648 649 712
4 473 499 224 782
4 229 366 616 637
4 72 400 74 653
4 124 117 123 493
4 335 551 562 758
4 349 716 176 796
4 52 448 663 797
4 144 104 151 471
4 165 689 339 700
4 57 625 63 779
4 303 598 370 599
4 40 92 91 381
4 86 64 81 625
4 281 478 755 815
4 181 606 680 704
4 142 150 103 548
4 248 534 497 672
4 268 579 399 628
4 125 112 438 800
4 196 492 521 654
4 205 379 573 768
4 450 729 434 742
4 471 602 444 811
4 373 660 458 764
4 274 389 624 668
4 44 474 71 643
4 481 637 236 736
4 119 111 101 598
4 432 561 244 604
4 398 603 257 757
4 186 512 487 814
4 260 661 483 669
4 304 458 660 764
4 125 764 97 800
4 208 550 575 752
4 92 381 40 528
4 32 346 345 809
4 140 99 139 394
4 213 357 698 774
4 213 698 357 709
4 588 667 186 777
4 38 72 74 653
4 85 17 363 537
4 507 646 176 684
4 211 450 527 703
4 195 455 615 644
4 128 102 786 820
4 506 646 308 796
4 44 91 587 643
4 544 238 693 734
4 179 626 404 730
4 361 538 529 650
4 455 615 287 627
4 457 785 313 804
4 94 75 59 453
4 137 293 107 635
4 296 631 596 821
4 211 651 450 703
4 395 639 393 745
4 213 639 395 745
4 491 620 242 740
4 204 621 406 634
4 161 26 471 602
4 516 639 213 745
4 191 614 423 704
4 179 404 518 730
4 352 792 658 793
4 70 474 71 587
4 370 598 101 599
4 150 146 124 657
4 139 99 138 394
4 236 651 563 747
4 195 603 398 757
4 60 55 58 613
4 175 663 448 716
4 275 521 492 701
4 56 63 75 779
4 155 329 104 584
4 142 106 150 658
4 677 706 264 707
4 519 706 259 785
4 166 793 792 794
4 57 64 63 625
4 211 527 450 742
4 209 496 652 686
4 404 631 240 744
4 104 155 151 329
4 432 539 199 693
4 281 478 609 755
4 73 74 11 309
4 510 529 362 691
4 354 609 478 751
4 483 496 209 686
4 362 691 529 817
4 84 351 40 643
4 199 544 693 734
4 719 727 724 728
4 107 137 133 293
4 231 564 675 693
4 42 387 68 655
4 648 293 690 712
4 252 618 534 697
4 266 580 502 748
4 242 706 677 707
4 204 621 780 815
4 60 92 93 528
4 352 368 658 792
4 90 43 64 625
4 88 76 47 462
4 438 705 292 786
4 213 395 639 640
4 100 153 425 679
4 2 299 298 334
4 204 439 645 780
4 29 373 145 820
4 231 539 432 693
4 186 667 588 814
4 169 545 631 821
4 181 547 606 704
4 25 142 658 793
4 149 145 105 373
4 166 6 793 794
4 272 645 439 780
4 295 694 535 746
4 249 535 694 746
4 155 130 96 480
4 246 575 550 752
4 407 661 260 669
4 197 661 407 669
4 188 488 754 795
4 82 90 46 382
4 44 91 95 587
4 406 621 324 634
4 86 46 90 382
4 37 50 49 797
4 785 803 313 804
4 244 498 781 791
4 125 112 127 438
4 56 75 94 453
4 110 97 109 632
4 544 600 238 734
4 621 281 780 815
4 591 702 258 766
4 61 58 54 613
4 277 654 521 701
4 101 598 110 599
4 204 406 621 815
4 186 487 667 814
4 478 609 353 751
4 244 604 561 781
4 231 432 564 693
4 491 740 257 788
4 57 81 64 625
4 492 521 275 756
4 27 144 425 471
4 456 506 365 789
4 520 717 570 818
4 196 595 564 675
4 324 406 634 814
4 103 132 548 559
4 63 64 43 625
4 529 816 538 817
4 398 257 603 788
4 136 107 133 647
4 85 89 45 363
4 98 135 136 647
4 244 781 561 791
4 2 298 299 656
4 548 648 24 649
4 147 138 106 657
4 242 707 677 773
4 242 677 514 773
4 517 665 177 733
4 570 717 326 818
4 54 55 53 613
4 44 71 474 587
4 281 609 732 770
4 215 623 622 768
4 188 754 700 795
4 197 483 661 669
4 52 663 51 797
4 201 729 450 742
4 46 82 382 546
4 236 616 481 747
4 8 66 48 537
4 248 497 534 695
4 217 450 651 783
4 314 563 457 809
4 318 319 157 461
4 165 283 689 700
4 237 504 662 801
4 588 667 324 814
4 163 500 723 767
4 160 16 449 454
4 259 591 702 707
4 281 732 769 770
4 128 102 121 786
4 135 123 116 559
4 51 94 59 663
4 26 444 131 584
4 519 591 259 706
4 188 699 700 754
4 31 129 130 480
4 324 667 588 777
4 521 196 654 675
4 591 707 242 773
4 300 715 558 729
4 181 634 583 814
4 115 113 116 543
4 457 783 314 805
4 583 634 406 814
4 159 464 3 536
4 620 706 217 747
4 42 89 85 363
4 88 59 76 462
4 104 471 26 584
4 140 100 153 425
4 156 157 530 789
4 242 591 706 707
4 149 102 145 373
4 16 15 160 449
4 113 112 111 800
4 110 97 598 800
4 235 717 520 818
4 353 609 478 755
4 288 622 623 768
4 529 650 538 816
4 108 458 20 633
4 204 780 645 815
4 100 425 144 679
4 84 40 91 643
4 110 598 111 800
4 97 125 108 764
4 57 56 55 779
4 53 51 52 663
4 314 457 805 809
4 152 151 122 679
4 107 148 143 635
4 36 61 68 666
4 125 97 112 800
4 298 656 545 821
4 52 37 65 797
4 145 373 102 820
4 121 114 118 786
4 120 115 117 708
4 47 10 307 630
4 49 9 507 684
4 143 370 101 599
4 87 46 78 454
4 259 706 591 707
4 96 129 128 480
4 108 105 126 458
4 11 77 73 309
4 132 123 135 559
4 12 74 72 400
4 121 127 114 786
4 83 10 9 307
4 159 472 464 536
4 75 38 76 653
4 15 80 351 449
4 20 632 109 633
4 24 25 142 548
4 134 98 133 647
4 103 123 132 559
4 116 113 154 543
4 41 50 51 684
4 85 45 17 537
4 52 51 37 797
4 72 38 75 653
4 102 127 121 786
4 48 66 45 537
4 43 82 12 320
4 110 111 97 800
4 307 646 157 684
4 18 42 85 387
4 44 71 14 643
4 18 68 42 387
4 40 80 93 528
4 100 144 151 679
4 130 129 96 480
4 118 115 120 708
4 20 109 108 633
4 63 56 57 779
4 157 646 507 684
4 133 98 136 647
4 163 444 7 723
4 36 68 69 666
4 346 32 442 685
4 51 53 94 663
4 54 58 55 613
4 101 143 148 370
4 20 158 632 633
4 162 258 702 766
4 44 70 71 587
4 2 334 298 454
4 37 51 50 797
4 104 26 131 584
4 42 68 61 655
4 108 125 105 764
4 112 97 111 800
4 166 6 25 793
4 69 68 18 387
4 24 548 134 648
4 21 599 110 632
4 27 425 140 585
4 40 15 80 351
4 23 648 133 690
4 29 105 145 373
4 138 146 106 657
4 33 371 593 746
4 83 47 10 307
4 108 126 20 458
4 149 105 125 764
4 155 104 130 584
4 10 157 307 541
4 27 26 144 471
4 89 42 67 655
4 150 106 146 657
4 22 635 294 636
4 93 92 40 528
4 15 351 159 449
4 27 100 140 425
4 66 17 45 537
4 278 476 163 820
4 44 95 70 587
4 278 289 163 476
4 111 110 101 598
4 25 106 142 793
4 84 15 40 351
4 21 109 20 632
4 35 750 697 819
4 21 20 158 632
4 153 100 152 679
4 42 61 67 655
4 101 110 21 599
4 27 144 100 425
4 130 131 31 584
4 24 165 166 649
4 164 531 361 537
4 137 23 133 690
4 44 84 91 643
4 100 151 152 679
4 106 25 147 793
4 31 444 163 584
4 167 404 297 748
4 9 307 157 684
4 14 84 44 643
4 144 26 104 471
4 156 789 530 816
4 47 77 10 630
4 27 161 26 471
4 143 101 21 599
4 9 157 507 684
4 163 480 278 820
4 16 79 15 449
4 30 29 145 820
4 160 449 323 454
4 162 702 291 766
4 24 166 548 649
4 15 79 80 449
4 156 9 157 507
4 159 738 160 782
4 49 50 9 684
4 361 363 164 537
4 131 130 104 584
4 163 289 278 480
4 158 599 21 632
4 132 134 24 548
4 33 316 371 746
4 129 30 128 820
4 139 27 140 585
4 373 459 162 820
4 23 24 134 648
4 164 17 531 537
4 109 21 110 632
4 23 134 133 648
4 167 580 579 748
4 10 157 9 307
4 14 474 159 643
4 33 316 524 778
4 9 41 83 684
4 289 500 163 767
4 156 507 157 789
4 8 537 156 538
4 33 524 525 778
4 24 142 103 548
4 157 319 540 542
4 374 458 5 459
4 132 24 103 548
4 157 319 318 540
4 85 363 164 387
4 17 164 363 537
4 167 320 297 404
4 50 41 9 684
4 30 102 128 820
4 14 159 84 643
4 158 294 599 607
4 49 156 360 507
4 30 145 102 820
4 160 499 351 782
4 157 540 541 542
4 159 351 15 643
4 444 445 163 811
4 167 11 309 628
4 443 163 445 811
4 166 142 548 658
4 163 584 444 811
4 163 30 480 820
4 163 443 289 480
4 160 738 421 782
4 49 9 156 507
4 163 500 445 723
4 167 309 11 400
4 7 31 131 444
4 5 458 126 459
4 163 443 584 811
4 31 163 129 480
4 341 351 160 499
4 159 464 473 474
4 162 476 373 820
4 488 649 166 754
4 160 159 351 449
4 78 16 87 454
4 167 320 404 518
4 129 163 30 480
4 84 159 15 643
4 12 320 167 400
4 25 166 142 548
4 66 8 1 538
4 421 499 160 782
4 341 160 421 499
4 160 351 341 449
4 488 548 166 649
4 167 730 404 748
4 18 85 164 387
4 85 17 164 363
4 2 298 87 454
4 71 3 14 474
4 24 166 25 548
4 27 425 161 471
4 3 464 159 474
4 165 648 690 712
4 161 425 27 585
4 49 156 8 360
4 159 464 472 473
4 160 15 159 449
4 20 126 5 458
4 163 289 443 500
4 165 690 688 712
4 35 534 618 697
4 49 9 8 156
4 157 318 456 506
4 162 290 291 376
4 162 291 290 766
4 389 35 624 668
4 30 163 162 820
4 159 351 473 782
4 31 163 480 584
4 166 548 488 658
4 163 31 129 30
4 163 443 480 584
4 164 363 361 692
4 166 25 658 793
4 159 474 473 643
4 33 371 592 593
4 163 443 445 500
4 160 341 323 449
4 166 25 142 658
4 159 15 14 84
4 158 599 303 607
4 0 77 11 630
4 157 318 308 540
4 17 18 85 164
4 166 488 368 658
4 166 368 488 754
4 161 354 425 585
4 33 371 316 778
4 162 376 373 476
4 156 360 507 650
4 164 363 384 387
4 161 425 354 732
4 156 537 360 650
4 167 518 404 730
4 160 323 560 739
4 156 650 507 789
4 34 719 718 724
4 157 308 318 506
4 159 473 351 643
4 167 400 320 518
4 162 290 376 476
4 158 377 633 790
4 157 307 541 646
4 161 380 769 770
4 7 163 31 444
4 158 378 377 790
4 157 506 456 789
4 12 82 13 546
4 164 384 363 692
4 162 290 476 767
4 29 5 126 459
4 165 754 649 795
4 33 592 371 778
4 156 538 537 650
4 156 650 789 816
4 157 540 308 541
4 309 167 399 400
4 166 368 418 792
4 167 309 399 628
4 35 697 618 819
4 341 421 160 560
4 158 303 304 555
4 22 599 294 635
4 8 156 1 538
4 158 377 378 422
4 160 560 421 738
4 158 304 377 555
4 158 422 378 490
4 166 418 368 754
4 161 769 732 770
4 147 28 760 794
4 158 303 503 607
4 147 793 6 794
4 158 377 304 633
4 158 304 303 632
4 700 754 165 795
4 161 330 380 586
4 158 377 422 555
4 158 422 303 555
4 162 163 476 820
4 159 473 472 782
4 161 380 330 769
4 7 131 26 444
4 34 569 570 743
4 167 400 518 730
4 165 649 648 712
4 157 507 646 789
4 161 330 336 769
4 161 336 425 732
4 34 570 569 571
4 167 399 400 730
4 323 341 160 560
4 2 87 16 454
4 161 330 586 602
4 33 592 358 593
4 143 599 22 635
4 157 646 506 789
4 165 166 649 754
4 165 283 700 795
4 159 160 351 782
4 158 303 422 503
4 158 422 490 503
4 166 658 792 793
4 34 570 718 743
4 158 303 599 632
4 33 592 640 698
4 161 336 330 673
4 33 592 525 640
4 143 21 22 599
4 158 304 632 633
4 161 425 336 673
4 157 541 308 646
4 167 399 579 628
4 3 159 14 474
4 165 649 712 795
4 157 308 506 646
4 22 137 635 636
4 161 471 425 673
4 165 712 427 795
4 166 658 368 792
4 161 336 732 769
4 164 557 384 692
4 34 718 570 724
4 161 330 602 673
4 33 358 592 698
4 161 602 471 673
4 69 19 70 475
4 28 27 139 585
4 35 618 619 819
4 6 147 25 793
4 160 560 738 739
4 0 10 77 630
4 28 138 147 760
4 33 525 592 778
4 139 28 585 760
4 87 13 46 546
4 538 650 156 816
4 139 138 28 760
4 35 619 668 819
4 32 805 804 809
4 46 13 82 546
4 137 107 22 635
4 147 6 28 794
4 107 143 22 635
4 22 4 137 636
4 32 34 164 229
4 33 250 4 301
4 210 343 315 345
4 32 229 164 385
4 4 250 165 386
4 35 389 334 424
4 294 301 251 433
4 35 165 33 441
4 35 33 167 441
4 210 318 343 456
4 29 162 5 459
4 411 414 277 489
4 33 158 32 508
4 343 345 210 530
4 343 210 456 530
4 157 456 210 530
4 156 157 32 530
4 1 164 17 531
4 388 475 482 532
4 388 482 230 532
4 19 164 34 532
4 19 475 164 532
4 159 467 472 536
4 34 159 3 536
4 157 0 33 542
4 0 267 33 542
4 297 545 320 546
4 158 32 508 549
4 228 419 364 556
4 230 388 532 557
4 325 364 226 571
4 229 364 325 571
4 466 536 34 572
4 34 536 3 572
4 3 536 465 572
4 33 167 441 580
4 33 580 441 581
4 441 580 288 581
4 214 581 358 593
4 214 350 486 593
4 33 581 441 593
4 214 486 288 593
4 288 486 441 593
4 288 441 581 593
4 444 471 26 602
4 7 26 161 602
4 223 433 301 607
4 301 433 294 607
4 301 508 223 607
4 223 508 503 607
4 301 294 508 607
4 532 572 465 610
4 34 572 532 610
4 229 366 385 616
4 273 342 338 622
4 284 273 338 622
4 214 288 486 623
4 35 167 13 624
4 35 441 167 624
4 0 267 542 629
4 32 157 33 642
4 508 219 549 642
4 33 524 508 642
4 33 525 524 642
4 299 596 297 656
4 545 546 297 656
4 297 13 299 656
4 32 601 642 659
4 288 581 580 674
4 32 385 362 685
4 32 362 442 685
4 347 397 396 685
4 165 648 23 690
4 251 386 4 690
4 251 688 386 690
4 23 4 165 690
4 4 386 165 690
4 345 32 530 691
4 32 442 362 691
4 248 534 35 695
4 255 165 339 700
4 275 424 389 701
4 315 331 314 703
4 314 331 220 703
4 319 357 267 709
4 267 542 319 709
4 33 542 267 709
4 319 157 461 709
4 319 542 157 709
4 395 461 157 709
4 33 157 542 709
4 417 695 367 711
4 166 418 248 711
4 444 445 602 720
4 586 602 445 720
4 161 602 586 720
4 7 444 602 720
4 7 602 161 720
4 34 7 161 720
4 34 720 719 722
4 34 7 720 722
4 34 163 7 723
4 34 7 722 723
4 325 570 520 724
4 325 571 570 724
4 719 721 720 725
4 719 720 34 725
4 328 412 725 726
4 718 725 34 726
4 34 725 412 726
4 520 227 724 728
4 34 722 719 728
4 34 719 724 728
4 34 724 227 728
4 411 600 409 734
4 410 411 409 734
4 238 600 411 734
4 420 600 676 738
4 420 737 600 738
4 159 467 536 738
4 466 536 467 738
4 701 737 276 739
4 277 737 701 739
4 35 424 334 739
4 35 2 160 739
4 35 334 2 739
4 34 409 466 743
4 689 694 295 746
4 33 593 441 746
4 165 33 441 746
4 165 441 249 746
4 288 580 441 748
4 411 414 413 750
4 411 413 576 750
4 415 576 413 750
4 277 414 411 750
4 412 576 415 750
4 272 696 367 755
4 367 696 353 755
4 227 723 728 765
4 286 627 723 765
4 258 597 286 765
4 162 765 258 767
4 258 765 286 767
4 286 723 500 767
4 286 765 723 767
4 271 380 328 770
4 328 725 412 770
4 412 750 415 770
4 34 750 412 770
4 161 35 34 770
4 35 750 34 770
4 272 415 696 771
4 415 770 696 771
4 272 696 755 771
4 677 707 514 773
4 255 700 339 775
4 421 738 676 782
4 267 580 333 799
4 374 790 375 802
4 220 331 314 805
4 314 331 315 805
4 162 32 5 807
4 259 807 702 808
4 314 805 315 809
4 345 346 315 809
4 707 806 264 810
4 677 707 264 810
4 32 691 362 817
4 1 32 362 817
4 318 574 745 203
4 745 574 318 461
4 687 294 183 370
4 687 183 294 433
4 483 553 741 348
4 741 553 483 344
4 741 209 483 348
4 483 209 741 344
4 418 248 699 255
4 418 699 248 711
4 672 699 248 255
4 672 248 699 711
4 518 382 545 169
4 518 545 382 320
4 338 404 748 297
4 748 404 338 284
4 702 662 259 291
4 702 259 662 519
4 305 259 662 291
4 305 662 259 519
4 812 662 291 237
4 812 291 662 290
4 360 716 365 171
4 365 716 360 176
4 601 527 393 212
4 393 527 601 331
4 393 395 601 212
4 601 395 393 331
4 760 751 585 354
4 609 585 751 354
4 609 751 585 353
4 662 766 702 200
4 702 766 662 291
4 215 441 486 440
4 696 413 439 252
4 696 439 413 415
4 731 282 183 405
4 731 183 282 533
4 424 596 334 296
4 407 683 637 228
4 637 683 407 269
4 347 397 232 396
4 232 397 347 510
4 552 638 356 245
4 356 638 552 484
4 655 665 448 171
4 448 665 655 177
4 672 252 279 565
4 672 279 252 497
4 638 356 511 202
4 638 511 356 245
4 363 553 360 361
4 360 553 363 171
4 705 290 289 476
4 705 289 290 337
4 559 488 548 187
4 559 548 488 189
4 435 447 335 246
4 335 447 435 233
4 574 540 318 319
4 574 318 540 203
4 715 582 504 241
4 715 504 582 312
4 593 710 350 371
4 350 710 593 522
4 313 659 305 218
4 313 305 659 803
4 801 312 305 218
4 801 305 312 662
4 314 220 450 703
4 450 220 314 783
4 450 651 314 703
4 314 651 450 783
4 641 533 433 223
4 641 433 533 254
4 773 257 258 597
4 773 258 257 740
4 490 802 801 378
4 647 148 402 136
4 647 402 148 370
4 119 402 148 136
4 119 148 402 370
4 607 158 508 503
4 607 508 158 294
4 797 507 49 360
4 797 49 507 684
4 651 310 211 434
4 651 211 310 470
4 819 619 274 617
4 274 619 819 668
4 274 414 819 617
4 819 414 274 668
4 382 43 82 90
4 382 82 43 320
4 546 167 13 12
4 546 13 167 297
4 638 577 369 202
4 638 369 577 269
4 566 644 615 328
4 615 644 566 195
4 559 124 103 123
4 559 103 124 187
4 715 201 582 558
4 715 582 201 312
4 512 559 402 186
4 402 559 512 189
4 306 768 215 379
4 215 768 306 623
4 155 513 480 96
4 480 513 155 329
4 441 274 668 619
4 668 274 441 624
4 668 35 441 619
4 441 35 668 624
4 775 694 605 283
4 790 237 376 375
4 376 237 790 377
4 376 678 790 375
4 790 678 376 377
4 518 631 744 169
4 744 631 518 404
4 595 622 768 215
4 768 622 595 273
4 730 400 172 399
4 730 172 400 518
4 792 478 352 368
4 792 352 478 751
4 647 712 687 293
4 687 712 647 189
4 383 714 419 230
4 419 714 383 511
4 674 580 265 581
4 674 265 580 502
4 633 109 304 632
4 633 304 109 108
4 681 628 664 268
4 681 664 628 309
4 771 780 755 272
4 708 114 543 292
4 708 543 114 115
4 509 752 682 356
4 682 752 509 575
4 582 426 219 403
4 582 219 426 479
4 462 83 47 88
4 462 47 83 307
4 815 495 204 406
4 815 204 495 645
4 43 400 12 72
4 12 400 43 320
4 782 159 467 472
4 761 385 347 366
4 761 347 385 685
4 396 347 385 366
4 396 385 347 685
4 262 640 776 525
4 262 776 640 639
4 212 776 640 525
4 212 640 776 639
4 256 355 608 554
4 608 355 256 742
4 486 784 787 247
4 787 784 486 350
4 338 275 240 596
4 338 240 275 756
4 492 240 275 596
4 492 275 240 756
4 780 769 770 281
4 780 770 769 271
4 551 574 562 265
4 562 574 551 203
4 788 200 257 437
4 788 257 200 740
4 540 799 578 268
4 578 799 540 333
4 628 630 0 11
4 0 630 628 629
4 0 167 628 11
4 628 167 0 629
4 716 494 172 349
4 716 172 494 175
4 753 608 558 270
4 753 558 608 332
4 700 775 689 339
4 700 689 775 283
4 694 689 775 339
4 694 775 689 283
4 752 772 550 246
4 550 772 752 322
4 325 818 571 226
4 325 571 818 570
4 569 571 818 226
4 569 818 571 570
4 557 384 387 164
4 387 384 557 388
4 599 607 370 303
4 370 607 599 294
4 747 563 677 264
4 747 677 563 616
4 33 316 508 524
4 786 96 118 121
4 786 118 96 513
4 614 812 337 185
4 337 812 614 423
4 535 710 784 429
4 535 694 784 249
4 784 694 535 429
4 69 666 70 36
4 69 70 666 587
4 95 70 666 36
4 95 666 70 587
4 635 148 647 107
4 635 647 148 370
4 644 769 330 380
4 330 769 644 239
4 698 774 581 358
4 581 774 698 357
4 581 33 698 358
4 698 33 581 357
4 701 35 424 389
4 521 668 701 389
4 521 701 668 277
4 668 35 701 389
4 668 701 35 277
4 715 788 558 437
4 558 788 715 300
4 454 2 160 16
4 599 158 22 294
4 599 22 158 21
4 265 581 214 674
4 214 581 265 774
4 657 147 793 106
4 657 793 147 352
4 650 816 344 530
4 650 344 816 529
4 691 344 816 530
4 691 816 344 529
4 538 529 362 531
4 362 529 538 817
4 362 1 538 531
4 538 1 362 817
4 690 137 4 636
4 690 4 137 23
4 476 767 163 162
4 163 767 476 289
4 32 346 385 685
4 32 385 346 809
4 538 66 531 1
4 538 531 66 537
4 17 531 66 1
4 17 66 531 537
4 475 70 71 19
4 71 70 475 474
4 11 400 12 167
4 12 400 11 74
4 360 8 537 156
4 360 537 8 48
4 579 748 730 167
4 730 748 579 266
4 730 399 579 167
4 579 399 730 266
4 624 13 342 167
4 624 342 13 299
4 301 4 386 250
4 301 386 4 251
4 334 2 389 35
4 334 389 2 299
4 255 672 280 248
4 275 342 596 338
4 275 596 342 299
4 158 5 633 20
4 158 633 5 374
4 458 633 5 20
4 458 5 633 374
4 418 255 166 248
4 389 334 275 299
4 389 275 334 424
4 596 275 334 299
4 596 334 275 424
4 619 441 618 35
4 35 165 248 166
4 440 165 280 441
4 249 440 165 339
4 249 165 440 441
4 486 249 440 441
4 29 162 820 30
4 29 820 162 459
4 745 395 318 210
4 745 318 395 461
4 157 318 395 210
4 157 395 318 461
4 69 19 387 18
4 69 387 19 475
4 164 387 19 18
4 164 19 387 475
4 316 261 301 508
4 316 33 301 250
4 301 33 316 508
4 503 158 549 490
4 503 549 158 508
4 301 33 22 4
4 524 219 642 523
4 524 642 219 508
4 210 157 331 395
4 331 157 601 395
4 601 157 642 395
4 32 156 817 1
4 538 817 156 1
4 315 210 805 331
4 362 32 164 385
4 396 362 164 385
4 464 19 474 3
4 474 19 71 3
4 474 71 19 475
4 34 164 610 532
4 3 464 465 536
4 32 508 642 33
4 32 642 508 549
4 229 366 396 385
4 396 164 229 385
4 230 610 557 532
4 164 610 557 556
4 164 557 610 532
4 387 388 164 475
4 387 164 388 557
4 532 164 388 475
4 532 388 164 557
4 571 226 683 364
4 683 419 571 364
4 572 34 19 3
4 572 19 34 532
4 464 465 19 3
4 465 572 19 3
4 465 19 572 532
4 33 167 267 0
4 33 267 167 580
4 629 267 167 0
4 167 748 441 580
4 333 357 580 267
4 333 580 357 581
4 33 580 357 267
4 33 357 580 581
4 770 609 585 353
4 287 380 721 328
4 287 721 380 586
4 746 486 441 249
4 746 441 486 593
4 371 746 350 593
4 350 746 486 593
4 523 525 642 524
4 364 556 571 229
4 571 556 34 229
4 34 556 164 229
4 34 164 556 610
4 441 440 618 280
4 441 618 440 619
4 311 440 618 619
4 622 338 748 342
4 622 441 748 288
4 622 284 748 338
4 622 748 284 288
4 274 624 273 441
4 624 167 748 441
4 624 748 167 342
4 622 624 748 441
4 622 748 624 342
4 273 624 622 441
4 273 622 624 342
4 35 389 299 2
4 299 389 35 624
4 299 13 35 2
4 35 13 299 624
4 664 10 0 630
4 664 629 0 542
4 0 629 664 630
4 32 601 157 642
4 642 525 395 33
4 640 395 525 33
4 659 601 479 220
4 659 479 601 642
4 426 479 601 220
4 426 601 479 642
4 664 307 10 630
4 664 10 307 541
4 581 214 288 593
4 581 288 214 674
4 676 738 466 467
4 442 685 510 347
4 442 510 685 362
4 397 510 685 347
4 397 685 510 362
4 386 165 688 689
4 386 688 165 690
4 754 700 166 418
4 754 166 700 165
4 255 166 700 418
4 255 700 166 165
4 677 514 810 229
4 677 810 514 707
4 810 514 32 229
4 810 32 514 707
4 32 514 34 229
4 213 698 395 640
4 213 395 698 709
4 33 395 698 640
4 33 698 395 709
4 33 157 395 642
4 33 395 157 709
4 794 711 695 417
4 723 34 728 722
4 723 728 34 227
4 725 770 34 412
4 738 409 676 466
4 738 676 409 600
4 225 676 409 466
4 225 409 676 600
4 409 600 739 738
4 737 600 739 277
4 737 739 600 738
4 323 739 454 334
4 323 454 739 160
4 2 454 739 334
4 2 739 454 160
4 739 35 701 277
4 739 701 35 424
4 165 33 250 4
4 165 250 33 746
4 284 674 205 288
4 284 205 674 502
4 205 674 452 288
4 205 452 674 502
4 596 338 299 297
4 596 299 338 342
4 35 697 770 353
4 35 770 697 750
4 696 770 697 353
4 723 728 627 722
4 723 627 728 765
4 723 773 765 227
4 721 725 586 720
4 586 725 161 720
4 161 725 34 720
4 161 34 725 770
4 770 271 412 328
4 258 702 765 162
4 249 784 440 339
4 249 440 784 486
4 247 440 784 339
4 247 784 440 486
4 794 751 28 760
4 585 28 751 760
4 585 751 28 353
4 695 794 28 6
4 28 35 695 6
4 695 35 28 353
4 353 417 695 367
4 799 579 267 580
4 799 267 579 629
4 167 267 579 580
4 167 579 267 629
4 490 32 158 549
4 659 490 32 803
4 802 5 490 803
4 32 5 490 158
4 32 490 5 803
4 5 803 807 32
4 659 32 804 803
4 804 32 659 805
4 804 313 659 803
4 157 32 331 601
4 678 375 459 374
4 678 459 375 808
4 459 375 5 374
4 459 5 375 808
4 5 375 802 374
4 5 802 375 808
4 702 807 162 808
4 809 563 470 314
4 470 315 809 314
4 809 315 470 346
4 806 707 32 810
4 32 804 806 810
4 563 810 677 264
4 563 810 616 677
4 229 616 810 677
4 687 293 294 635
4 636 294 293 635
4 298 299 821 334
4 821 299 298 656
4 470 809 761 563
4 470 761 809 346
4 385 761 809 563
4 385 809 761 346
4 637 364 325 229
4 637 325 364 501
4 514 637 325 229
4 514 325 637 501
4 481 514 637 501
4 444 7 722 720
4 722 7 444 723
4 722 287 445 720
4 445 287 722 723
4 444 722 445 720
4 445 722 444 723
4 440 589 565 247
4 565 589 440 311
4 433 386 687 254
4 433 687 386 251
4 688 687 386 254
4 688 386 687 251
4 295 641 316 261
4 295 316 641 250
4 301 316 641 261
4 301 641 316 250
4 596 424 492 296
4 596 492 424 275
4 375 376 808 291
4 375 808 376 678
4 162 808 376 291
4 162 376 808 678
4 563 385 32 809
4 32 804 457 809
4 457 804 32 810
4 563 32 457 809
4 457 32 563 810
4 617 413 697 252
4 696 697 413 252
4 243 316 261 535
4 692 396 164 557
4 261 192 533 505
4 533 192 261 641
4 533 223 261 505
4 261 223 533 641
4 441 595 619 215
4 619 595 441 274
4 553 529 692 510
4 553 692 529 361
4 397 692 529 510
4 397 529 692 361
4 589 787 486 215
4 486 787 589 247
4 486 440 589 215
4 589 440 486 247
4 271 415 770 412
4 770 415 271 771
4 805 659 783 220
4 312 659 783 313
4 312 783 659 220
4 275 389 756 521
4 274 756 389 521
4 315 210 436 343
4 315 436 210 813
4 348 171 716 665
4 348 716 171 741
4 743 408 466 569
4 743 466 408 409
4 229 556 637 364
4 228 637 556 364
4 790 678 458 374
4 458 678 790 377
4 458 633 790 374
4 790 633 458 377
4 813 331 395 210
4 813 395 331 393
4 745 813 395 210
4 745 395 813 393
4 317 813 745 210
4 317 745 813 393
4 801 790 802 375
4 801 802 790 378
4 259 807 305 785
4 305 807 259 808
4 657 760 147 138
4 147 760 657 352
4 287 615 722 627
4 722 615 287 721
4 569 572 670 466
4 670 572 569 468
4 712 795 189 427
4 189 795 712 649
4 670 572 467 466
4 670 467 572 465
4 536 467 572 466
4 536 572 467 465
4 339 234 694 429
4 339 694 234 775
4 605 694 234 429
4 605 234 694 775
4 465 467 472 469
4 472 467 465 536
4 472 464 465 469
4 465 464 472 536
4 34 610 468 572
4 34 569 468 571
4 468 569 34 572
4 386 295 254 641
4 254 295 386 689
4 572 670 610 468
4 610 670 572 465
4 624 273 756 274
4 756 273 624 342
4 756 389 624 274
4 565 618 440 280
4 440 618 565 311
4 247 339 234 526
4 234 339 247 784
4 452 288 214 623
4 214 288 452 674
4 768 622 284 288
4 768 284 622 273
4 449 78 16 79
4 449 16 78 454
4 566 576 415 412
4 415 576 566 221
4 413 697 819 617
4 819 697 413 750
4 819 414 413 617
4 413 414 819 750
4 597 285 520 759
4 520 285 597 765
4 520 227 597 759
4 597 227 520 765
4 297 545 596 631
4 297 596 545 656
4 821 596 545 631
4 821 545 596 656
4 755 780 609 281
4 755 609 780 771
4 770 609 780 281
4 770 780 609 771
4 497 711 695 248
4 695 711 497 367
4 810 804 264 457
4 810 264 804 806
4 706 264 785 457
4 706 785 264 806
4 264 804 785 457
4 264 785 804 806
4 697 252 497 534
4 497 252 697 696
4 737 763 276 420
4 276 763 737 654
4 803 785 806 804
4 806 785 803 807
4 806 32 803 804
4 803 32 806 807
4 799 579 628 629
4 628 579 799 268
4 628 664 799 629
4 799 664 628 268
4 778 710 535 243
4 778 535 710 371
4 459 373 105 29
4 105 373 459 458
4 105 126 459 29
4 459 126 105 458
4 637 514 677 229
4 677 514 637 481
4 677 616 637 229
4 637 616 677 481
4 457 783 804 313
4 457 804 783 805
4 659 804 783 313
4 659 783 804 805
4 258 162 446 766
4 258 446 162 767
4 290 446 162 766
4 290 162 446 767
4 354 732 770 161
4 770 732 354 609
4 770 585 354 161
4 354 585 770 609
4 466 34 569 572
4 466 569 34 743
4 660 678 373 459
4 660 373 678 376
4 162 373 678 459
4 162 678 373 376
4 695 711 166 248
4 695 35 166 6
4 166 35 695 248
4 532 482 19 475
4 474 19 482 475
4 474 482 19 464
4 411 414 231 413
4 411 231 414 489
4 33 158 301 22
4 33 301 158 508
4 294 301 158 22
4 294 158 301 508
4 1 164 362 32
4 362 164 1 531
4 531 361 692 164
4 692 361 531 397
4 541 157 664 10
4 541 664 157 542
4 0 664 157 10
4 0 157 664 542
4 325 229 724 514
4 325 724 229 571
4 34 724 229 514
4 34 229 724 571
4 576 410 750 412
4 576 750 410 411
4 409 410 750 411
4 571 419 556 364
4 441 288 623 486
4 623 288 441 622
4 623 215 441 486
4 441 215 623 622
4 756 624 275 342
4 756 275 624 389
4 299 275 624 342
4 299 624 275 389
4 552 676 670 467
4 552 670 676 225
4 466 670 676 467
4 466 676 670 225
4 697 353 367 696
4 367 497 697 696
4 353 35 367 695
4 353 367 35 697
4 497 367 534 695
4 497 534 367 697
4 367 35 534 695
4 367 534 35 697
4 33 357 709 267
4 709 357 33 698
4 227 773 34 723
4 726 34 743 409
4 743 34 726 718
4 743 410 726 409
4 726 410 743 718
4 726 410 750 409
4 750 410 726 412
4 750 34 726 409
4 726 34 750 412
4 277 489 600 411
4 277 600 489 737
4 238 600 489 411
4 238 489 600 737
4 250 295 689 386
4 689 295 250 746
4 689 165 250 386
4 250 165 689 746
4 415 770 697 696
4 697 770 415 750
4 697 413 415 696
4 415 413 697 750
4 585 161 353 28
4 585 353 161 770
4 35 353 161 28
4 35 161 353 770
4 773 597 765 227
4 773 765 597 258
4 378 490 5 158
4 378 5 490 802
4 374 378 5 158
4 374 5 378 802
4 790 378 374 158
4 790 374 378 802
4 803 801 490 802
4 659 220 331 601
4 331 220 659 805
4 331 32 659 601
4 659 32 331 805
4 259 702 806 707
4 806 702 259 807
4 702 32 806 707
4 806 32 702 807
4 702 162 32 707
4 32 162 702 807
4 5 162 808 459
4 5 808 162 807
4 229 32 616 385
4 229 616 32 810
4 563 616 32 385
4 563 32 616 810
4 738 782 467 676
4 738 467 782 159
4 371 350 784 710
4 784 535 371 710
4 156 816 817 538
4 218 490 803 801
4 803 490 218 659
4 803 305 218 801
4 218 305 803 659
4 688 689 712 254
4 688 712 689 165
4 427 712 689 254
4 427 689 712 165
4 689 427 795 165
4 795 427 689 735
4 795 283 689 165
4 689 283 795 735
4 767 162 723 163
4 723 162 767 765
4 316 508 243 261
4 316 243 508 524
4 219 243 508 261
4 219 508 243 524
4 35 277 414 668
4 414 277 35 750
4 414 819 35 668
4 35 819 414 750
4 664 268 542 541
4 664 542 268 799
4 540 542 268 541
4 540 268 542 799
4 2 87 546 13
4 546 87 2 298
4 546 656 2 13
4 2 656 546 298
4 297 338 342 748
4 342 338 297 299
4 297 13 342 299
4 167 342 297 13
4 167 297 342 748
4 301 251 22 294
4 301 22 251 4
4 636 22 251 294
4 636 251 22 4
4 255 526 280 672
4 165 255 440 280
4 165 440 255 339
4 440 255 247 280
4 440 247 255 339
4 247 255 526 280
4 247 526 255 339
4 34 159 466 160
4 34 466 159 536
4 738 466 159 160
4 738 159 466 536
4 165 255 248 166
4 165 248 255 280
4 35 165 280 248
4 280 165 35 441
4 280 534 35 248
4 35 618 280 441
4 35 280 618 534
4 157 32 805 331
4 805 210 157 331
4 32 156 816 817
4 816 156 32 530
4 816 691 32 817
4 32 691 816 530
4 210 345 32 530
4 32 157 210 530
4 210 157 32 805
4 315 210 32 805
4 32 210 315 345
4 32 809 315 805
4 315 809 32 345
4 685 362 396 385
4 396 362 685 397
4 362 164 397 396
4 362 397 164 531
4 692 397 164 396
4 692 164 397 531
4 229 637 228 366
4 228 637 229 556
4 228 396 229 366
4 164 229 557 396
4 164 557 229 556
4 383 557 228 396
4 383 228 557 556
4 557 229 228 396
4 557 228 229 556
4 610 557 419 230
4 610 419 557 556
4 383 419 557 230
4 383 557 419 556
4 245 419 226 683
4 245 226 419 468
4 571 226 419 683
4 571 419 226 468
4 724 514 520 325
4 759 520 514 325
4 724 34 773 514
4 773 34 724 227
4 773 759 520 514
4 520 759 773 227
4 724 773 520 514
4 520 773 724 227
4 469 465 482 464
4 469 482 465 532
4 19 482 465 464
4 19 465 482 532
4 535 746 784 371
4 535 784 746 249
4 350 784 746 371
4 746 486 784 350
4 746 784 486 249
4 395 525 212 640
4 419 556 468 571
4 419 468 556 610
4 34 468 556 571
4 34 556 468 610
4 251 294 293 636
4 687 251 294 293
4 294 251 687 433
4 395 642 523 525
4 523 642 395 601
4 523 212 395 525
4 395 212 523 601
4 218 302 549 490
4 549 302 218 479
4 549 659 218 490
4 218 659 549 479
4 694 249 689 339
4 694 689 249 746
4 165 689 249 339
4 165 249 689 746
4 773 723 514 34
4 773 514 723 707
4 723 163 514 34
4 162 32 514 34
4 162 514 32 707
4 163 162 514 34
4 723 162 514 163
4 514 162 723 707
4 160 35 466 34
4 35 750 466 34
4 750 409 466 34
4 738 160 409 466
4 409 160 738 739
4 160 750 409 466
4 160 35 750 466
4 284 502 580 748
4 580 502 284 674
4 580 288 284 748
4 284 288 580 674
4 277 35 600 739
4 160 35 409 750
4 160 409 35 739
4 35 409 600 739
4 277 35 409 600
4 409 35 277 750
4 409 411 277 600
4 277 411 409 750
4 380 328 725 721
4 725 328 380 770
4 725 586 380 721
4 380 161 725 770
4 725 161 380 586
4 755 771 353 609
4 755 353 771 696
4 770 353 771 609
4 770 771 353 696
4 723 707 765 773
4 258 591 707 702
4 707 591 258 773
4 765 258 707 702
4 707 258 765 773
4 162 765 707 702
4 162 707 765 723
4 417 751 695 794
4 417 695 751 353
4 28 695 751 794
4 28 751 695 353
4 794 166 695 711
4 794 695 166 6
4 166 792 711 794
4 166 711 792 418
4 417 711 792 794
4 417 792 711 418
4 549 659 32 642
4 549 32 659 490
4 5 803 808 807
4 5 808 803 802

CELL_TYPES 4726
5
5
5
5
5
5
5
5
5
5
5
5
5
5
5
5
5
5
5
5
5
5
5
5
5
5
5
5
5
5
5
5
5
5
5
5
5
5
5
5
5
5
5
5
5
5
5
5
5
5
5
5
5
5
5
5
5
5
5
5
5
5
5
5
5
5
5
5
5
5
5
5
5
5
5
5
5
5
5
5
5
5
5
5
5
5
5
5
5
5
5
5
5
5
5
5
5
5
5
5
5
5
5
5
5
5
5
5
5
5
5
5
5
5
5
5
5
5
5
5
5
5
5
5
5
5
5
5
5
5
5
5
5
5
5
5
5
5
5
5
5
5
5
5
5
5
5
5
5
5
5
5
5
5
5
5
5
5
5
5
5
5
5
5
5
5
5
5
5
5
5
5
5
5
5
5
5
5
5
5
5
5
5
5
5
5
5
5
5
5
5
5
5
5
5
5
5
5
5
5
5
5
5
5
5
5
5
5
5
5
5
5
5
5
5
5
5
5
5
5
5
5
5
5
5
5
5
5
5
5
5
5
5
5
5
5
5
5
5
5
5
5
5
5
5
5
5
5
5
5
5
5
5
5
5
5
5
5
5
5
5
5
5
5
5
5
5
5
5
5
5
5
5
5
5
5
5
5
5
5
5
5
5
5
5
5
5
5
5
5
5
5
5
5
5
5
5
5
5
5
5
5
5
5
5
5
5
5
5
5
5
5
5
5
5
5
5
5
5
5
5
5
5
5
5
5
5
5
5
5
5
5
10
10
10
10
10
10
10
10
10
10
10
10
10
10
10
10
10
10
10
10
10
10
10
10
10
10
10
10
10
10
10
10
10
10
10
10
10
10
10
10
10
10
10
10
10
10
10
10
10
10
10
10
10
10
10
10
10
10
10
10
10
10
10
10
10
10
10
10
10
10
10
10
10
10
10
10
10
10
10
10
10
10
10
10
10
10
10
10
10
10
10
10
10
10
10
10
10
10
10
10
10
10
10
10
10
10
10
10
10
10
10
10
10
10
10
10
10
10
10
10
10
10
10
10
10
10
10
10
10
10
10
10
10
10
10
10
10
10
10
10
10
10
10
10
10
10
10
10
10
10
10
10
10
10
10
10
10
10
10
10
10
10
10
10
10
10
10
10
10
10
10
10
10
10
10
10
10
10
10
10
10
10
10
10
10
10
10
10
10
10
10
10
10
10
10
10
10
10
10
10
10
10
10
10
10
10
10
10
10
10
10
10
10
10
10
10
10
10
10
10
10
10
10
10
10
10
10
10
10
10
10
10
10
10
10
10
10
10
10
10
10
10
10
10
10
10
10
10
10
10
10
10
10
10
10
10
10
10
10
10
10
10
10
10
10
10
10
10
10
10
10
10
10
10
10
10
10
10
10
10
10
10
10
10
10
10
10
10
10
10
10
10
10
10
10
10
10
10
10
10
10
10
10
10
10
10
10
10
10
10
10
10
10
10
10
10
10
10
10
10
10
10
10
10
10
10
10
10
10
10
10
10
10
10
10
10
10
10
10
10
10
10
10
10
10
10
10
10
10
10
10
10
10
10
10
10
10
10
10
10
10
10
10
10
10
10
10
10
10
10
10
10
10
10
10
10
10
10
10
10
10
10
10
10
10
10
10
10
10
10
10
10
10
10
10
10
10
10
10
10
10
10
10
10
10
10
10
10
10
10
10
10
10
10
10
10
10
10
10
10
10
10
10
10
10
10
10
10
10
10
10
10
10
10
10
10
10
10
10
10
10
10
10
10
10
10
10
10
10
10
10
10
10
10
10
10
10
10
10
10
10
10
10
10
10
10
10
10
10
10
10
10
10
10
10
10
10
10
10
10
10
10
10
10
10
10
10
10
10
10
10
10
10
10
10
10
10
10
10
10
10
10
10
10
10
10
10
10
10
10
10
10
10
10
10
10
10
10
10
10
10
10
10
10
10
10
10
10
10
10
10
10
10
10
10
10
10
10
10
10
10
10
10
10
10
10
10
10
10
10
10
10
10
10
10
10
10
10
10
10
10
10
10
10
10
10
10
10
10
10
10
10
10
10
10
10
10
10
10
10
10
10
10
10
10
10
10
10
10
10
10
10
10
10
10
10
10
10
10
10
10
10
10
10
10
10
10
10
10
10
10
10
10
10
10
10
10
10
10
10
10
10
10
10
10
10
10
10
10
10
10
10
10
10
10
10
10
10
10
10
10
10
10
10
10
10
10
10
10
10
10
10
10
10
10
10
10
10
10
10
10
10
10
10
10
10
10
10
10
10
10
10
10
10
10
10
10
10
10
10
10
10
10
10
10
10
10
10
10
10
10
10
10
10
10
10
10
10
10
10
10
10
10
10
10
10
10
10
10
10
10
10
10
10
10
10
10
10
10
10
10
10
10
10
10
10
10
10
10
10
10
10
10
10
10
10
10
10
10
10
10
10
10
10
10
10
10
10
10
10
10
10
10
10
10
10
10
10
10
10
10
10
10
10
10
10
10
10
10
10
10
10
10
10
10
10
10
10
10
10
10
10
10
10
10
10
10
10
10
10
10
10
10
10
10
10
10
10
10
10
10
10
10
10
10
10
10
10
10
10
10
10
10
10
10
10
10
10
10
10
10
10
10
10
10
10
10
10
10
10
10
10
10
10
10
10
10
10
10
10
10
10
10
10
10
10
10
10
10
10
10
10
10
10
10
10
10
10
10
10
10
10
10
10
10
10
10
10
10
10
10
10
10
10
10
10
10
10
10
10
10
10
10
10
10
10
10
10
10
10
10
10
10
10
10
10
10
10
10
10
10
10
10
10
10
10
10
10
10
10
10
10
10
10
10
10
10
10
10
10
10
10
10
10
10
10
10
10
10
10
10
10
10
10
10
10
10
10
10
10
10
10
10
10
10
10
10
10
10
10
10
10
10
10
10
10
10
10
10
10
10
10
10
10
10
10
10
10
10
10
10
10
10
10
10
10
10
10
10
10
10
10
10
10
10
10
10
10
10
10
10
10
10
10
10
10
10
10
10
10
10
10
10
10
10
10
10
10
10
10
10
10
10
10
10
10
10
10
10
10
10
10
10
10
10
10
10
10
10
10
10
10
10
10
10
10
10
10
10
10
10
10
10
10
10
10
10
10
10
10
10
10
10
10
10
10
10
10
10
10
10
10
10
10
10
10
10
10
10
10
10
10
10
10
10
10
10
10
10
10
10
10
10
10
10
10
10
10
10
10
10
10
10
10
10
10
10
10
10
10
10
10
10
10
10
10
10
10
10
10
10
10
10
10
10
10
10
10
10
10
10
10
10
10
10
10
10
10
10
10
10
10
10
10
10
10
10
10
10
10
10
10
10
10
10
10
10
10
10
10
10
10
10
10
10
10
10
10
10
10
10
10
10
10
10
10
10
10
10
10
10
10
10
10
10
10
10
10
10
10
10
10
10
10
10
10
10
10
10
10
10
10
10
10
10
10
10
10
10
10
10
10
10
10
10
10
10
10
10
10
10
10
10
10
10
10
10
10
10
10
10
10
10
10
10
10
10
10
10
10
10
10
10
10
10
10
10
10
10
10
10
10
10
10
10
10
10
10
10
10
10
10
10
10
10
10
10
10
10
10
10
10
10
10
10
10
10
10
10
10
10
10
10
10
10
10
10
10
10
10
10
10
10
10
10
10
10
10
10
10
10
10
10
10
10
10
10
10
10
10
10
10
10
10
10
10
10
10
10
10
10
10
10
10
10
10
10
10
10
10
10
10
10
10
10
10
10
10
10
10
10
10
10
10
10
10
10
10
10
10
10
10
10
10
10
10
10
10
10
10
10
10
10
10
10
10
10
10
10
10
10
10
10
10
10
10
10
10
10
10
10
10
10
10
10
10
10
10
10
10
10
10
10
10
10
10
10
10
10
10
10
10
10
10
10
10
10
10
10
10
10
10
10
10
10
10
10
10
10
10
10
10
10
10
10
10
10
10
10
10
10
10
10
10
10
10
10
10
10
10
10
10
10
10
10
10
10
10
10
10
10
10
10
10
10
10
10
10
10
10
10
10
10
10
10
10
10
10
10
10
10
10
10
10
10
10
10
10
10
10
10
10
10
10
10
10
10
10
10
10
10
10
10
10
10
10
10
10
10
10
10
10
10
10
10
10
10
10
10
10
10
10
10
10
10
10
10
10
10
10
10
10
10
10
10
10
10
10
10
10
10
10
10
10
10
10
10
10
10
10
10
10
10
10
10
10
10
10
10
10
10
10
10
10
10
10
10
10
10
10
10
10
10
10
10
10
10
10
10
10
10
10
10
10
10
10
10
10
10
10
10
10
10
10
10
10
10
10
10
10
10
10
10
10
10
10
10
10
10
10
10
10
10
10
10
10
10
10
10
10
10
10
10
10
10
10
10
10
10
10
10
10
10
10
10
10
10
10
10
10
10
10
10
10
10
10
10
10
10
10
10
10
10
10
10
10
10
10
10
10
10
10
10
10
10
10
10
10
10
10
10
10
10
10
10
10
10
10
10
10
10
10
10
10
10
10
10
10
10
10
10
10
10
10
10
10
10
10
10
10
10
10
10
10
10
10
10
10
10
10
10
10
10
10
10
10
10
10
10
10
10
10
10
10
10
10
10
10
10
10
10
10
10
10
10
10
10
10
10
10
10
10
10
10
10
10
10
10
10
10
10
10
10
10
10
10
10
10
10
10
10
10
10
10
10
10
10
10
10
10
10
10
10
10
10
10
10
10
10
10
10
10
10
10
10
10
10
10
10
10
10
10
10
10
10
10
10
10
10
10
10
10
10
10
10
10
10
10
10
10
10
10
10
10
10
10
10
10
10
10
10
10
10
10
10
10
10
10
10
10
10
10
10
10
10
10
10
10
10
10
10
10
10
10
10
10
10
10
10
10
10
10
10
10
10
10
10
10
10
10
10
10
10
10
10
10
10
10
10
10
10
10
10
10
10
10
10
10
10
10
10
10
10
10
10
10
10
10
10
10
10
10
10
10
10
10
10
10
10
10
10
10
10
10
10
10
10
10
10
10
10
10
10
10
10
10
10
10
10
10
10
10
10
10
10
10
10
10
10
10
10
10
10
10
10
10
10
10
10
10
10
10
10
10
10
10
10
10
10
10
10
10
10
10
10
10
10
10
10
10
10
10
10
10
10
10
10
10
10
10
10
10
10
10
10
10
10
10
10
10
10
10
10
10
10
10
10
10
10
10
10
10
10
10
10
10
10
10
10
10
10
10
10
10
10
10
10
10
10
10
10
10
10
10
10
10
10
10
10
10
10
10
10
10
10
10
10
10
10
10
10
10
10
10
10
10
10
10
10
10
10
10
10
10
10
10
10
10
10
10
10
10
10
10
10
10
10
10
10
10
10
10
10
10
10
10
10
10
10
10
10
10
10
10
10
10
10
10
10
10
10
10
10
10
10
10
10
10
10
10
10
10
10
10
10
10
10
10
10
10
10
10
10
10
10
10
10
10
10
10
10
10
10
10
10
10
10
10
10
10
10
10
10
10
10
10
10
10
10
10
10
10
10
10
10
10
10
10
10
10
10
10
10
10
10
10
10
10
10
10
10
10
10
10
10
10
10
10
10
10
10
10
10
10
10
10
10
10
10
10
10
10
10
10
10
10
10
10
10
10
10
10
10
10
10
10
10
10
10
10
10
10
10
10
10
10
10
10
10
10
10
10
10
10
10
10
10
10
10
10
10
10
10
10
10
10
10
10
10
10
10
10
10
10
10
10
10
10
10
10
10
10
10
10
10
10
10
10
10
10
10
10
10
10
10
10
10
10
10
10
10
10
10
10
10
10
10
10
10
10
10
10
10
10
10
10
10
10
10
10
10
10
10
10
10
10
10
10
10
10
10
10
10
10
10
10
10
10
10
10
10
10
10
10
10
10
10
10
10
10
10
10
10
10
10
10
10
10
10
10
10
10
10
10
10
10
10
10
10
10
10
10
10
10
10
10
10
10
10
10
10
10
10
10
10
10
10
10
10
10
10
10
10
10
10
10
10
10
10
10
10
10
10
10
10
10
10
10
10
10
10
10
10
10
10
10
10
10
10
10
10
10
10
10
10
10
10
10
10
10
10
10
10
10
10
10
10
10
10
10
10
10
10
10
10
10
10
10
10
10
10
10
10
10
10
10
10
10
10
10
10
10
10
10
10
10
10
10
10
10
10
10
10
10
10
10
10
10
10
10
10
10
10
10
10
10
10
10
10
10
10
10
10
10
10
10
10
10
10
10
10
10
10
10
10
10
10
10
10
10
10
10
10
10
10
10
10
10
10
10
10
10
10
10
10
10
10
10
10
10
10
10
10
10
10
10
10
10
10
10
10
10
10
10
10
10
10
10
10
10
10
10
10
10
10
10
10
10
10
10
10
10
10
10
10
10
10
10
10
10
10
10
10
10
10
10
10
10
10
10
10
10
10
10
10
10
10
10
10
10
10
10
10
10
10
10
10
10
10
10
10
10
10
10
10
10
10
10
10
10
10
10
10
10
10
10
10
10
10
10
10
10
10
10
10
10
10
10
10
10
10
10
10
10
10
10
10
10
10
10
10
10
10
10
10
10
10
10
10
10
10
10
10
10
10
10
10
10
10
10
10
10
10
10
10
10
10
10
10
10
10
10
10
10
10
10
10
10
10
10
10
10
10
10
10
10
10
10
10
10
10
10
10
10
10
10
10
10
10
10
10
10
10
10
10
10
10
10
10
10
10
10
10
10
10
10
10
10
10
10
10
10
10
10
10
10
10
10
10
10
10
10
10
10
10
10
10
10
10
10
10
10
10
10
10
10
10
10
10
10
10
10
10
10
10
10
10
10
10
10
10
10
10
10
10
10
10
10
10
10
10
10
10
10
10
10
10
10
10
10
10
10
10
10
10
10
10
10
10
10
10
10
10
10
10
10
10
10
10
10
10
10
10
10
10
10
10
10
10
10
10
10
10
10
10
10
10
10
10
10
10
10
10
10
10
10
10
10
10
10
10
10
10
10
10
10
10
10
10
10
10
10
10
10
10
10
10
10
10
10
10
10
10
10
10
10
10
10
10
10
10
10
10
10
10
10
10
10
10
10
10
10
10
10
10
10
10
10
10
10
10
10
10
10
10
10
10
10
10
10
10
10
10
10
10
10
10
10
10
10
10
10
10
10
10
10
10
10
10
10
10
10
10
10
10
10
10
10
10
10
10
10
10
10
10
10
10
10
10
10
10
10
10
10
10
10
10
10
10
10
10
10
10
10
10
10
10
10
10
10
10
10
10
10
10
10
10
10
10
10
10
10
10
10
10
10
10
10
10
10
10
10
10
10
10
10
10
10
10
10
10
10
10
10
10
10
10
10
10
10
10
10
10
10
10
10
10
10
10
10
10
10
10
10
10
10
10
10
10
10
10
10
10
10
10
10
10
10
10
10
10
10
10
10
10
10
10
10
10
10
10
10
10
10
10
10
10
10
10
10
10
10
10
10
10
10
10
10
10
10
10
10
10
10
10
10
10
10
10
10
10
10
10
10
10
10
10
10
10
10
10
10
10
10
10
10
10
10
10
10
10
10
10
10
10
10
10
10
10
10
10
10
10
10
10
10
10
10
10
10
10
10
10
10
10
10
10
10
10
10
10
10
10
10
10
10
10
10
10
10
10
10
10
10
10
10
10
10
10
10
10
10
10
10
10
10
10
10
10
10
10
10
10
10
10
10
10
10
10
10
10
10
10
10
10
10
10
10
10
10
10
10
10
10
10
10
10
10
10
10
10
10
10
10
10
10
10
10
10
10
10
10
10
10
10
10
10
10
10
10
10
10
10
10
10
10
10
10
10
10
10
10
10
10
10
10
10
10
10
10
10
10
10
10
10
10
10
10
10
10
10
10
10
10
10
10
10
10
10
10
10
10
10
10
10
10
10
10
10
10
10
10
10
10
10
10
10
10
10
10
10
10
10
10
10
10
10
10
10
10
10
10
10
10
10
10
10
10
10
10
10
10
10
10
10
10
10
10
10
10
10
10
10
10
10
10
10
10
10
10
10
10
10
10
10
10
10
10
10
10
10
10
10
10
10
10
10
10
10
10
10
10
10
10
10
10
10
10
10
10
10
10
10
10
10
10
10
10
10
10
10
10
10
10
10
10
10
10
10
10
10
10
10
10
10
10
10
10
10
10
10
10
10
10
10
10
10
10
10
10
10
10
10
10
10
10
10
10
10
10
10
10
10
10
10
10
10
10
10
10
10
10
10
10
10
10
10
10
10
10
10
10
10
10
10
10
10
10
10
10
10
10
10
10
10
10
10
10
10
10
10
10
10
10
10
10
10
10
10
10
10
10
10
10
10
10
10
10
10
10
10
10
10
10
10
10
10
10
10
10
10
10
10
10
10
10
10
10
10
10
10
10
10
10
10
10
10
10
10
10
10
10
10
10
10
10
10
10
10
10
10
10
10
10
10
10
10
10
10
10
10
10
10
10
10
10
10
10
10
10
10
10
10
10
10
10
10
10
10
10
10
10
10
10
10
10
10
10
10
10
10
10
10
10
10
10
10
10
10
10
10
10
10
10
10
10
10
10
10
10
10
10
10
10
10
10
10
10
10
10
10
10
10
10
10
10
10
10
10
10
10
10
10
10
10
10
10
10
10
10
10
10
10
10
10
10
10
10
10
10
10
10
10
10
10
10
10
10
10
10
10
10
10
10
10
10
10
10
10
10
10
10
10
10
10
10
10
10
10
10
10
10
10
10
10
10
10
10
10
10
10
10
10
10
10
10
10
10
10
10
10
10
10
10
10
10
10
10
10
10
10
10
10
10
10
10
10
10
10
10
10
10
10
10
10
10
10
10
10
10
10
10
10
10
10
10
10
10
10
10
10
10
10
10
10
10
10
10
10
10
10
10
10
10
10
10
10
10
10
10
10
10
10
10
10
10
10
10
10
10
10
10
10
10
10
10
10
10
10
10
10
10
10
10
10
10
10
10
10
10
10
10
10
10
10
10
10
10
10
10
10
10
10
10
10
10
10
10
10
10
10
10
10
10
10
10
10
10
10
10
10
10
10
10
10
10
10
10
10
10
10
10
10
10
10
10
10
10
10
10
10
10
10
10
10
10
10
10
10
10
10
10
10
10
10
10
10
10
10
10
10
10
10
10
10
10
10
10
10
10
10
10
10
10
10
10
10
10
10
10
10
10
10
10
10
10
10
10
10
10
10
10
10
10
10
10
10
10
10
10
10
10
10
10
10
10
10
10
10
10
10
10
10
10
10
10
10
10
10
10
10
10
10
10
10
10
10
10
10
10
10
10
10
10
10
10
10
10
10
10
10
10
10
10
10
10
10
10
10
10
10
10
10
10
10
10
10
10
10
10
10
10
10
10
10
10
10
10
10
10
10
10
10
10
10
10
10
10
10
10
10
10
10
10
10
10
10
10
10
10
10
10
10
10
10
10
10
10
10
10
10
10
10
10
10
10
10
10
10
10
10
10
10
10
10
10
10
10
10
10
10
10
10
10
10
10
10
10
10
10
10
10
10
10
10
10
10
10
10
10
10
10
10
10
10
10
10
10
10
10
10
10
10
10
10
10
10
10
10
10
10
10
10
10
10
10
10
10
10
10
10
10
10
10
10
10
10
10
10
10
10
10
10
10
10
10
10
10
10
10
10
10
10
10
10
10
10
10
10
10
10
10
10
10
10
10
10
10
10
10
10
10
10
10
10
10
10
10
10
10
10
10
10
10
10
10
10
10
10
10
10
10
10
10
10
10
10
10
10
10
10
10
10
10
10
10
10
10
10
10
10
10
10
10
10
10
10
10
10
10
10
10
10
10
10
10
10
10
10
10
10
10
10
10
10
10
10
10
10
10
10
10
10
10
10
10
10
10
10
10
10
10
10
10
10
10
10
10
10
10
10
10
10
10
10
10
10
10
10
10
10
10
10
10
10
10
10
10
10
10
10
10
10
10
10
10
10
10
10
10
10
10
10
10
10
10
10
10
10
10
10
10
10
10
10
10
10
10
10
10
10
10
10
10
10
10
10
10
10
10
10
10
10
10
10
10
10
10
10
10
10
10
10
10
10
10
10
10
10
10
10
10
10
10
10
10
10
10
10
10
10
10
10
10
10
10
10
10
10
10
10
10
10
10
10
10
10
10
10
10
10
10
10
10
10
10
10
10
10
10
10
10
10
10
10
10
10
10
10
10
10
10
10
10
10
10
10
10
10
10
10
10
10
10
10
10
10
10
10
10
10
10
10
10
10
10
10
10
10
10
10
10
10
10
10
10
10
10
10
10
10
10
10
10
10
10
10
10
10
10
10
10
10
10
10
10
10
10
10
10
10
10
10
10
10
10
10
10
10
10
10
10
10
10
10
10
10
10
10
10
10
10
10
10
10
10
10
10
10
10
10
10
10
10
10
10
10
10
10
10
10
10
10
10
10
10
10
10
10
10
10
10
10
10
10
10
10
10
10
10
10
10
10
10
10
10
10
10
10
10
10
10
10
10
10
10
10
10
10
10
10
10
10
10
10
10
10
10
10
10
10
10
10
10
10
10
10
10
10
10
10
10
10
10
10
10
10
10
10
10
10
10
10
10
10
10
10
10
10
10
10
10
10
10
10
10
10
10
10
10
10
10
10
10
10
10
10
10
10
10
10
10
10
10
10
10
10
10
10
10
10
10
10
10

CELL_DATA 4726
SCALARS CellEntityIds int 1
LOOKUP_TABLE default
1
1
1
1
1
1
1
1
1
1
1
1
1
1
1
1
1
1
1
1
1
1
1
1
1
1
1
1
1
1
1
1
1
1
1
1
1
1
1
1
1
1
1
1
1
1
1
1
1
1
1
1
1
1
1
1
1
1
1
1
1
1
1
1
1
1
1
1
1
1
1
1
1
1
1
1
1
1
1
1
1
1
1
1
1
1
1
1
1
1
1
1
1
1
1
1
1
1
1
1
1
1
1
1
1
1
1
1
1
1
1
1
1
1
1
1
1
1
1
1
1
1
1
1
1
1
1
1
1
1
1
1
1
1
2
2
2
2
2
2
2
2
2
2
2
2
2
2
2
2
2
2
2
2
2
2
2
2
2
2
2
2
2
2
2
2
2
2
2
2
2
2
2
2
2
2
2
2
2
2
2
2
2
2
2
2
2
2
2
2
2
2
2
2
2
2
2
2
2
2
2
2
2
2
2
2
2
2
2
2
2
2
2
2
2
2
2
2
2
2
2
2
2
2
2
2
2
2
2
2
2
2
2
2
2
2
2
2
2
2
2
2
2
2
2
2
2
2
2
2
2
2
2
2
2
2
2
2
2
2
2
2
2
2
2
2
2
2
3
3
3
3
3
3
3
3
3
3
3
3
3
3
3
3
4
4
4
4
4
4
4
4
4
4
4
4
4
4
4
4
5
5
5
5
5
5
5
5
5
5
5
5
5
5
5
5
6
6
6
6
6
6
6
6
6
6
6
6
6
6
6
6
7
7
7
7
7
7
7
7
7
7
7
7
7
7
7
7
7
7
7
7
7
7
7
7
7
7
7
7
7
7
7
7
7
7
7
7
7
7
7
7
7
7
7
7
7
7
7
7
7
7
7
7
7
7
7
7
7
7
7
7
7
7
7
7
7
7
7
7
7
7
7
7
7
7
7
7
7
7
7
7
7
7
7
7
7
7
7
7
7
7
7
7
7
7
7
7
7
7
7
7
7
7
7
7
7
7
7
7
7
7
7
7
7
7
7
7
7
7
7
7
7
7
7
7
7
7
7
7
7
7
7
7
7
7
7
7
7
7
7
7
7
7
7
7
7
7
7
7
7
7
7
7
7
7
7
7
7
7
7
7
7
7
7
7
7
7
7
7
7
7
7
7
7
7
7
7
7
7
7
7
7
7
7
7
7
7
7
7
7
7
7
7
7
7
7
7
7
7
7
7
7
7
7
7
7
7
7
7
7
7
7
7
7
7
7
7
7
7
7
7
7
7
7
7
7
7
7
7
7
7
7
7
7
7
7
7
7
7
7
7
7
7
7
7
7
7
7
7
7
7
7
7
7
7
7
7
7
7
7
7
7
7
7
7
7
7
7
7
7
7
7
7
7
7
7
7
7
7
7
7
7
7
7
7
7
7
7
7
7
7
7
7
7
7
7
7
7
7
7
7
7
7
7
7
7
7
7
7
7
7
7
7
7
7
7
7
7
7
7
7
7
7
7
7
7
7
7
7
7
7
7
7
7
7
7
7
7
7
7
7
7
7
7
7
7
7
7
7
7
7
7
7
7
7
7
7
7
7
7
7
7
7
7
7
7
7
7
7
7
7
7
7
7
7
7
7
7
7
7
7
7
7
7
7
7
7
7
7
7
7
7
7
7
7
7
7
7
7
7
7
7
7
7
7
7
7
7
7
7
7
7
7
7
7
7
7
7
7
7
7
7
7
7
7
7
7
7
7
7
7
7
7
7
7
7
7
7
7
7
7
7
7
7
7
7
7
7
7
7
7
7
7
7
7
7
7
7
7
7
7
7
7
7
7
7
7
7
7
7
7
7
7
7
7
7
7
7
7
7
7
7
7
7
7
7
7
7
7
7
7
7
7
7
7
7
7
7
7
7
7
7
7
7
7
7
7
7
7
7
7
7
7
7
7
7
7
7
7
7
7
7
7
7
7
7
7
7
7
7
7
7
7
7
7
7
7
7
7
7
7
7
7
7
7
7
7
7
7
7
7
7
7
7
7
7
7
7
7
7
7
7
7
7
7
7
7
7
7
7
7
7
7
7
7
7
7
7
7
7
7
7
7
7
7
7
7
7
7
7
7
7
7
7
7
7
7
7
7
7
7
7
7
7
7
7
7
7
7
7
7
7
7
7
7
7
7
7
7
7
7
7
7
7
7
7
7
7
7
7
7
7
7
7
7
7
7
7
7
7
7
7
7
7
7
7
7
7
7
7
7
7
7
7
7
7
7
7
7
7
7
7
7
7
7
7
7
7
7
7
7
7
7
7
7
7
7
7
7
7
7
7
7
7
7
7
7
7
7
7
7
7
7
7
7
7
7
7
7
7
7
7
7
7
7
7
7
7
7
7
7
7
7
7
7
7
7
7
7
7
7
7
7
7
7
7
7
7
7
7
7
7
7
7
7
7
7
7
7
7
7
7
7
7
7
7
7
7
7
7
7
7
7
7
7
7
7
7
7
7
7
7
7
7
7
7
7
7
7
7
7
7
7
7
7
7
7
7
7
7
7
7
7
7
7
7
7
7
7
7
7
7
7
7
7
7
7
7
7
7
7
7
7
7
7
7
7
7
7
7
7
7
7
7
7
7
7
7
7
7
7
7
7
7
7
7
7
7
7
7
7
7
7
7
7
7
7
7
7
7
7
7
7
7
7
7
7
7
7
7
7
7
7
7
7
7
7
7
7
7
7
7
7
7
7
7
7
7
7
7
7
7
7
7
7
7
7
7
7
7
7
7
7
7
7
7
7
7
7
7
7
7
7
7
7
7
7
7
7
7
7
7
7
7
7
7
7
7
7
7
7
7
7
7
7
7
7
7
7
7
7
7
7
7
7
7
7
7
7
7
7
7
7
7
7
7
7
7
7
7
7
7
7
7
7
7
7
7
7
7
7
7
7
7
7
7
7
7
7
7
7
7
7
7
7
7
7
7
7
7
7
7
7
7
7
7
7
7
7
7
7
7
7
7
7
7
7
7
7
7
7
7
7
7
7
7
7
7
7
7
7
7
7
7
7
7
7
7
7
7
7
7
7
7
7
7
7
7
7
7
7
7
7
7
7
7
7
7
7
7
7
7
7
7
7
7
7
7
7
7
7
7
7
7
7
7
7
7
7
7
7
7
7
7
7
7
7
7
7
7
7
7
7
7
7
7
7
7
7
7
7
7
7
7
7
7
7
7
7
7
7
7
7
7
7
7
7
7
7
7
7
7
7
7
7
7
7
7
7
7
7
7
7
7
7
7
7
7
7
7
7
7
7
7
7
7
7
7
7
7
7
7
7
7
7
7
7
7
7
7
7
7
7
7
7
7
7
7
7
7
7
7
7
7
7
7
7
7
7
7
7
7
7
7
7
7
7
7
7
7
7
7
7
7
7
7
7
7
7
7
7
7
7
7
7
7
7
7
7
7
7
7
7
7
7
7
7
7
7
7
7
7
7
7
7
7
7
7
7
7
7
7
7
7
7
7
7
7
7
7
7
7
7
7
7
7
7
7
7
7
7
7
7
7
7
7
7
7
7
7
7
7
7
7
7
7
7
7
7
7
7
7
7
7
7
7
7
7
7
7
7
7
7
7
7
7
7
7
7
7
7
7
7
7
7
7
7
7
7
7
7
7
7
7
7
7
7
7
7
7
7
7
7
7
7
7
7
7
7
7
7
7
7
7
7
7
7
7
7
7
7
7
7
7
7
7
7
7
7
7
7
7
7
7
7
7
7
7
7
7
7
7
7
7
7
7
7
7
7
7
7
7
7
7
7
7
7
7
7
7
7
7
7
7
7
7
7
7
7
7
7
7
7
7
7
7
7
7
7
7
7
7
7
7
7
7
7
7
7
7
7
7
7
7
7
7
7
7
7
7
7
7
7
7
7
7
7
7
7
7
7
7
7
7
7
7
7
7
7
7
7
7
7
7
7
7
7
7
7
7
7
7
7
7
7
7
7
7
7
7
7
7
7
7
7
7
7
7
7
7
7
7
7
7
7
7
7
7
7
7
7
7
7
7
7
7
7
7
7
7
7
7
7
7
7
7
7
7
7
7
7
7
7
7
7
7
7
7
7
7
7
7
7
7
7
7
7
7
7
7
7
7
7
7
7
7
7
7
7
7
7
7
7
7
7
7
7
7
7
7
7
7
7
7
7
7
7
7
7
7
7
7
7
7
7
7
7
7
7
7
7
7
7
7
7
7
7
7
7
7
7
7
7
7
7
7
7
7
7
7
7
7
7
7
7
7
7
7
7
7
7
7
7
7
7
7
7
7
7
7
7
7
7
7
7
7
7
7
7
7
7
7
7
7
7
7
7
7
7
7
7
7
7
7
7
7
7
7
7
7
7
7
7
7
7
7
7
7
7
7
7
7
7
7
7
7
7
7
7
7
7
7
7
7
7
7
7
7
7
7
7
7
7
7
7
7
7
7
7
7
7
7
7
7
7
7
7
7
7
7
7
7
7
7
7
7
7
7
7
7
7
7
7
7
7
7
7
7
7
7
7
7
7
7
7
7
7
7
7
7
7
7
7
7
7
7
7
7
7
7
7
7
7
7
7
7
7
7
7
7
7
7
7
7
7
7
7
7
7
7
7
7
7
7
7
7
7
7
7
7
7
7
7
7
7
7
7
7
7
7
7
7
7
7
7
7
7
7
7
7
7
7
7
7
7
7
7
7
7
7
7
7
7
7
7
7
7
7
7
7
7
7
7
7
7
7
7
7
7
7
7
7
7
7
7
7
7
7
7
7
7
7
7
7
7
7
7
7
7
7
7
7
7
7
7
7
7
7
7
7
7
7
7
7
7
7
7
7
7
7
7
7
7
7
7
7
7
7
7
7
7
7
7
7
7
7
7
7
7
7
7
7
7
7
7
7
7
7
7
7
7
7
7
7
7
7
7
7
7
7
7
7
7
7
7
7
7
7
7
7
7
7
7
7
7
7
7
7
7
7
7
7
7
7
7
7
7
7
7
7
7
7
7
7
7
7
7
7
7
7
7
7
7
7
7
7
7
7
7
7
7
7
7
7
7
7
7
7
7
7
7
7
7
7
7
7
7
7
7
7
7
7
7
7
7
7
7
7
7
7
7
7
7
7
7
7
7
7
7
7
7
7
7
7
7
7
7
7
7
7
7
7
7
7
7
7
7
7
7
7
7
7
7
7
7
7
7
7
7
7
7
7
7
7
7
7
7
7
7
7
7
7
7
7
7
7
7
7
7
7
7
7
7
7
7
7
7
7
7
7
7
7
7
7
7
7
7
7
7
7
7
7
7
7
7
7
7
7
7
7
7
7
7
7
7
7
7
7
7
7
7
7
7
7
7
7
7
7
7
7
7
7
7
7
7
7
7
7
7
7
7
7
7
7
7
7
7
7
7
7
7
7
7
7
7
7
7
7
7
7
7
7
7
7
7
7
7
7
7
7
7
7
7
7
7
7
7
7
7
7
7
7
7
7
7
7
7
7
7
7
7
7
7
7
7
7
7
7
7
7
7
7
7
7
7
7
7
7
7
7
7
7
7
7
7
7
7
7
7
7
7
7
7
7
7
7
7
7
7
7
7
7
7
7
7
7
7
7
7
7
7
7
7
7
7
7
7
7
7
7
7
7
7
7
7
7
7
7
7
7
7
7
7
7
7
7
7
7
7
7
7
7
7
7
7
7
7
7
7
7
7
7
7
7
7
7
7
7
7
7
7
7
7
7
7
7
7
7
7
7
7
7
7
7
7
7
7
7
7
7
7
7
7
7
7
7
7
7
7
7
7
7
7
7
7
7
7
7
7
7
7
7
7
7
7
7
7
7
7
7
7
7
7
7
7
7
7
7
7
7
7
7
7
7
7
7
7
7
7
7
7
7
7
7
7
7
7
7
7
7
7
7
7
7
7
7
7
7
7
7
7
7
7
7
7
7
7
7
7
7
7
7
7
7
7
7
7
7
7
7
7
7
7
7
7
7
7
7
7
7
7
7
7
7
7
7
7
7
7
7
7
7
7
7
7
7
7
7
7
7
7
7
7
7
7
7
7
7
7
7
7
7
7
7
7
7
7
7
7
7
7
7
7
7
7
7
7
7
7
7
7
7
7
7
7
7
7
7
7
7
7
7
7
7
7
7
7
7
7
7
7
7
7
7
7
7
7
7
7
7
7
7
7
7
7
7
7
7
7
7
7
7
7
7
7
7
7
7
7
7
7
7
7
7
7
7
7
7
7
7
7
7
7
7
7
7
7
7
7
7
7
7
7
7
7
7
7
7
7
7
7
7
7
7
7
7
7
7
7
7
7
7
7
7
7
7
7
7
7
7
7
7
7
7
7
7
7
7
7
7
7
7
7
7
7
7
7
7
7
7
7
7
7
7
7
7
7
7
7
7
7
7
7
7
7
7
7
7
7
7
7
7
7
7
7
7
7
7
7
7
7
7
7
7
7
7
7
7
7
7
7
7
7
7
7
7
7
7
7
7
7
7
7
7
7
7
7
7
7
7
7
7
7
7
7
7
7
7
7
7
7
7
7
7
7
7
7
7
7
7
7
7
7
7
7
7
7
7
7
7
7
7
7
7
7
7
7
7
7
7
7
7
7
7
7
7
7
7
7
7
7
7
7
7
7
7
7
7
7
7
7
7
7
7
7
7
7
7
7
7
7
7
7
7
7
7
7
7
7
7
7
7
7
7
7
7
7
7
7
7
7
7
7
7
7
7
7
7
7
7
7
7
7
7
7
7
7
7
7
7
7
7
7
7
7
7
7
7
7
7
7
7
7
7
7
7
7
7
7
7
7
7
7
7
7
7
7
7
7
7
7
7
7
7
7
7
7
7
7
7
7
7
7
7
7
7
7
7
7
7
7
7
7
7
7
7
7
7
7
7
7
7
7
7
7
7
7
7
7
7
7
7
7
7
7
7
7
7
7
7
7
7
7
7
7
7
7
7
7
7
7
7
7
7
7
7
7
7
7
7
7
7
7
7
7
7
7
7
7
7
7
7
7
7
7
7
7
7
7
7
7
7
7
7
7
7
7
7
7
7
7
7
7
7
7
7
7
7
7
7
7
7
7
7
7
7
7
7
7
7
7
7
7
7
7
7
7
7
7
7
7
7
7
7
7
7
7
7
7
7
7
7
7
7
7
7
7
7
7
7
7
7
7
7
7
7
7
7
7
7
7
7
7
7
7
7
7
7
7
7
7
7
7
7
7
7
7
7
7
7
7
7
7
7
7
7
7
7
7
7
7
7
7
7
7
7
7
7
7
7
7
7
7
7
7
7
7
7
7
7
7
7
7
7
7
7
7
7
7
7
7
7
7
7
7
7
7
7
7
7
7
7
7
7
7
7
7
7
7
7
7
7
7
7
7
7
7
7
7
7
7
7
7
7
7
7
7
7
7
7
7
7
7
7
7
7
7
7
7
7
7
7
7
7
7
7
7
7
7
7
7
7
7
7
7
7
7
7
7
7
7
7
7
7
7
7
7
7
7
7
7
7
7
7
7
7
7
7
7
7
7
7
7
7
7
7
7
7
7
7
7
7
7
7
7
7
7
7
7
7
7
7
7
7
7
7
7
7
7
7
7
7
7
7
7
7
7
7
7
7
7
7
7
7
7
7
7
7
7
7
7
7
7
7
7
7
7
7
7
7
7
7
7
7
7
7
7
7
7
7
7
7
7
7
7
7
7
7
7
7
7
7
7
7
7
7
7
7
7
7
7
7
7
7
7
7
7
7
7
7
7
7
7
7
7
7
7
7
7
7
7
7
7
7
7
7
7
7
7
7
7
7
7
7
7
7
7
7
7
7
7
7
7
7
7
7
7
7
7
7
7
7
7
7
7
7
7
7
7
7
7
7
7
7
7
7
7
7
7
7
7
7
7
7
7
7
7
7
7
7
7
7
7
7
7
7
7
7
7
7
7
7
7
7
7
7
7
7
7
7
7
7
7
7
7
7
7
7
7
7
7
7
7
7
7
7
7
7
7
7
7
7
7
7
7
7
7
7
7
7
7
7
7
7
7
7
7
7
7
7
7
7
7
7
7
7
7
7
7
7
7
7
7
7
7
7
7
7
7
7
7
7
7
7
7
7
7
7
7
7
7
7
7
7
7
7
7
7
7
7
7
7
7
7
7
7
7
7
7
7
7
7
7
7
7
7
7
7
7
7
7
7
7
7
7
7
7
7
7
7
7
7
7
7
7
7
7
7
7
7
7
7
7
7
7
7
7
7
7
7
7
7
7
7
7
7
7
7
7
7
7
7
7
7
7
7
7
7
7
7
7
7
7
7
7
7
7
7
7
7
7
7
7
7
7
7
7
7
7
7
7
7
7
7
7
7
7
7
7
7
7
7
7
7
7
7
7
7
7
7
7
7
7
7
7
7
7
7
7
7
7
7
7
7
7
7
7
7
7
7
7
7
7
7
7
7
7
7
7
7
7
7
7
7
7
7
7
7
7
7
7
7
7
7
7
7
7
7
7
7
7
7
7
7
7
7
7
7
7
7
7
7
7
7
7
7
7
7
7
7
7
7
7
7
7
7
7
7
7
7
7
7
7
7
7
7
7
7
7
7
7
7
7
7
7
7
7
7
7
7
7
7
7
7
7
7
7
7
7
7
7
7
7
7
7
7
7
7
7
7
7
7
7
7
7
7
7
7
7
7
7
7
7
7
7
7
7
7
7
7
7
7
7
7
7
7
7
7
7
7
7
7
7
7
7
7
7
7
7
7
7
7
7
7
7
7
7
7
7
7
7
7
7
7
7
7
7
7
7
7
7
7
7
7
7
7
7
7
7
7
7
7
7
7
7
7
7
7
7
7
7
7
7
7
7
7
7
7
7
7
7
7
7
7
7
7
7
7
7
7
7
7
7
7
7
7
7
7
7
7
7
7
7
7
7
7
7
7
7
7
7
7
7
7
7
7
7
7
7
7
7
7
7
7
7
7
7
7
7
7
7
7
7
7
7
7
7
7
7
7
7
7
7
7
7
7
7
7
7
7
7
7
7
7
7
7
7
7
7
7
7
7
7
7
7
7
7
7
7
7
7
7
7
7
7
7
7
7
7
7
7
7
7
7
7
7
7
7
7
7
7
7
7
7
7
7
7
7
7
7
7
7
7
7
7
7
7
7
7
7
7
7
7
7
7
7
7
7
7
7
7
7
7
7
7
7
7
7
7
7
7
7
7
7
7
7
7
7
7
7
7
7
7
7
7
7
7
7
7
7
7
7
7
7
7
7
7
7
7
7
7
7
7
7
7
7
7
7
7
7
7
7
7
7
7
7
7
7
7
7
7
7
7
7
7
7
7
7
7
7
7
7
7
7
7
7
7
7
7
7
7
7
7
7
7
7
7
7
7
7
7
7
7
7
7
7
7
7
7
7
7
7
7
7
7
7
7
7
7
7
7
7
7
7
7
7
7
7
7
7
7
7
7
7
7
7
7
7
7
7
7
7
7
7
7
7
7
7
7
7
7
7
7
7
7
7
7
7
7
7
7
7
7
7
7
7
7
7
7
7
7
7
7
7
7
7
7
7
7
7
7
7
7
7
7
7
7
7
7
7
7
7
7
7
7
7
7
7
7
7
7
7
7
7
7
7
7
7
7
7
7
7
7
7
7
7
7
7
7
7
7
7
7
7
7
7
7
7
7
7
7
7
7
7
7
7
7
7
7
7
7
7
7
7
7
7
7
7
7
7
7
7
7
7
7
7
7
7
7
7
7
7
7
7
7
7
7
7
7
7
7
7
7
7
7
7
7
7
7
7
7
7
7
7
7
7
7
7
7
7
7
7
7
7
7
7
7
7
7
7
7
7
7
7
7
7
7
7
7
7
7
7
7
7
7
7
7
7
7
7
7
7
7
7
7
7
7
7
7
7
7
7
7
7
7
7
7
7
7
7
7
7
7
7
7
7
7
7
7
7
7
7
7
7
7
7
7
7
7
7
7
7
7
7
7
7
7
7
7
7
7
7
7
7
7
7
7
7
7
7
7
7
7
7
7
7
7
7
7
7
7
7
7
7
7
7
7
7
7
7
7
7
7
7
7
7
7
7
7
7
7
7
7
7
7
7
7
7
7
7
7
7
7
7
7
7
7
7
7
7
7
7
7
7
7
7
7
7
7
7
7
7
7
7
7
7
7
7
7
7
7
7
7
7
7
7
7
7
7
7
7
7
7
7
7
7
7
7
7
7
7
7
7
7
7
7
7
7
7
7
7
7
7
7
7
7
7
7
7
7
7
7
7
7
7
7
7
7
7
7
7
7
7
7
7
7
7
7
7
7
7
7
7
7
7
7
7
7
7
7
7
7
7
7
7
7
7
7
7
7
7
7
7
7
7
7
7
7
7
7
7
7
7
7
7
7
7
7
7
7
7
7
7
7
7
7
7
7
7
7
7
7
7
7
7
7
7
7
7
7
7
7
7
7
7
7
7
7
7
7
7
7
7
7
7
7
7
7
7
7
7
7
7
7
7
7
7
7
7
7
7
7
7
7
7
7
7
7
7
7
7
7
7
7
7
7
7
7
7
7
7
7
7
7
7
7
7
7
7
7
7
7
7
7
7
7
7
7
7
7
7
7
7
7
7
7
7
7
7
7
7
7
7
7
7
7
7
7
7
7
7
7
7
7
7
7
7
7
7
7
7
7
7
7
7
7
7
7
7
7
7
7
7
7
7
SCALARS boundary_id int 1
LOOKUP_TABLE default
1
1
1
1
1
1
1
1
1
1
1
1
1
1
1
1
1
1
1
1
1
1
1
1
1
1
1
1
1
1
1
1
1
1
1
1
1
1
1
1
1
1
1
1
1
1
1
1
1
1
1
1
1
1
1
1
1
1
1
1
1
1
1
1
1
1
1
1
1
1
1
1
1
1
1
1
1
1
1
1
1
1
1
1
1
1
1
1
1
1
1
1
1
1
1
1
1
1
1
1
1
1
1
1
1
1
1
1
1
1
1
1
1
1
1
1
1
1
1
1
1
1
1
1
1
1
1
1
1
1
1
1
1
1
2
2
2
2
2
2
2
2
2
2
2
2
2
2
2
2
2
2
2
2
2
2
2
2
2
2
2
2
2
2
2
2
2
2
2
2
2
2
2
2
2
2
2
2
2
2
2
2
2
2
2
2
2
2
2
2
2
2
2
2
2
2
2
2
2
2
2
2
2
2
2
2
2
2
2
2
2
2
2
2
2
2
2
2
2
2
2
2
2
2
2
2
2
2
2
2
2
2
2
2
2
2
2
2
2
2
2
2
2
2
2
2
2
2
2
2
2
2
2
2
2
2
2
2
2
2
2
2
2
2
2
2
2
2
3
3
3
3
3
3
3
3
3
3
3
3
3
3
3
3
4
4
4
4
4
4
4
4
4
4
4
4
4
4
4
4
5
5
5
5
5
5
5
5
5
5
5
5
5
5
5
5
6
6
6
6
6
6
6
6
6
6
6
6
6
6
6
6
0
0
0
0
0
0
0
0
0
0
0
0
0
0
0
0
0
0
0
0
0
0
0
0
0
0
0
0
0
0
0
0
0
0
0
0
0
0
0
0
0
0
0
0
0
0
0
0
0
0
0
0
0
0
0
0
0
0
0
0
0
0
0
0
0
0
0
0
0
0
0
0
0
0
0
0
0
0
0
0
0
0
0
0
0
0
0
0
0
0
0
0
0
0
0
0
0
0
0
0
0
0
0
0
0
0
0
0
0
0
0
0
0
0
0
0
0
0
0
0
0
0
0
0
0
0
0
0
0
0
0
0
0
0
0
0
0
0
0
0
0
0
0
0
0
0
0
0
0
0
0
0
0
0
0
0
0
0
0
0
0
0
0
0
0
0
0
0
0
0
0
0
0
0
0
0
0
0
0
0
0
0
0
0
0
0
0
0
0
0
0
0
0
0
0
0
0
0
0
0
0
0
0
0
0
0
0
0
0
0
0
0
0
0
0
0
0
0
0
0
0
0
0
0
0
0
0
0
0
0
0
0
0
0
0
0
0
0
0
0
0
0
0
0
0
0
0
0
0
0
0
0
0
0
0
0
0
0
0
0
0
0
0
0
0
0
0
0
0
0
0
0
0
0
0
0
0
0
0
0
0
0
0
0
0
0
0
0
0
0
0
0
0
0
0
0
0
0
0
0
0
0
0
0
0
0
0
0
0
0
0
0
0
0
0
0
0
0
0
0
0
0
0
0
0
0
0
0
0
0
0
0
0
0
0
0
0
0
0
0
0
0
0
0
0
0
0
0
0
0
0
0
0
0
0
0
0
0
0
0
0
0
0
0
0
0
0
0
0
0
0
0
0
0
0
0
0
0
0
0
0
0
0
0
0
0
0
0
0
0
0
0
0
0
0
0
0
0
0
0
0
0
0
0
0
0
0
0
0
0
0
0
0
0
0
0
0
0
0
0
0
0
0
0
0
0
0
0
0
0
0
0
0
0
0
0
0
0
0
0
0
0
0
0
0
0
0
0
0
0
0
0
0
0
0
0
0
0
0
0
0
0
0
0
0
0
0
0
0
0
0
0
0
0
0
0
0
0
0
0
0
0
0
0
0
0
0
0
0
0
0
0
0
0
0
0
0
0
0
0
0
0
0
0
0
0
0
0
0
0
0
0
0
0
0
0
0
0
0
0
0
0
0
0
0
0
0
0
0
0
0
0
0
0
0
0
0
0
0
0
0
0
0
0
0
0
0
0
0
0
0
0
0
0
0
0
0
0
0
0
0
0
0
0
0
0
0
0
0
0
0
0
0
0
0
0
0
0
0
0
0
0
0
0
0
0
0
0
0
0
0
0
0
0
0
0
0
0
0
0
0
0
0
0
0
0
0
0
0
0
0
0
0
0
0
0
0
0
0
0
0
0
0
0
0
0
0
0
0
0
0
0
0
0
0
0
0
0
0
0
0
0
0
0
0
0
0
0
0
0
0
0
0
0
0
0
0
0
0
0
0
0
0
0
0
0
0
0
0
0
0
0
0
0
0
0
0
0
0
0
0
0
0
0
0
0
0
0
0
0
0
0
0
0
0
0
0
0
0
0
0
0
0
0
0
0
0
0
0
0
0
0
0
0
0
0
0
0
0
0
0
0
0
0
0
0
0
0
0
0
0
0
0
0
0
0
0
0
0
0
0
0
0
0
0
0
0
0
0
0
0
0
0
0
0
0
0
0
0
0
0
0
0
0
0
0
0
0
0
0
0
0
0
0
0
0
0
0
0
0
0
0
0
0
0
0
0
0
0
0
0
0
0
0
0
0
0
0
0
0
0
0
0
0
0
0
0
0
0
0
0
0
0
0
0
0
0
0
0
0
0
0
0
0
0
0
0
0
0
0
0
0
0
0
0
0
0
0
0
0
0
0
0
0
0
0
0
0
0
0
0
0
0
0
0
0
0
0
0
0
0
0
0
0
0
0
0
0
0
0
0
0
0
0
0
0
0
0
0
0
0
0
0
0
0
0
0
0
0
0
0
0
0
0
0
0
0
0
0
0
0
0
0
0
0
0
0
0
0
0
0
0
0
0
0
0
0
0
0
0
0
0
0
0
0
0
0
0
0
0
0
0
0
0
0
0
0
0
0
0
0
0
0
0
0
0
0
0
0
0
0
0
0
0
0
0
0
0
0
0
0
0
0
0
0
0
0
0
0
0
0
0
0
0
0
0
0
0
0
0
0
0
0
0
0
0
0
0
0
0
0
0
0
0
0
0
0
0
0
0
0
0
0
0
0
0
0
0
0
0
0
0
0
0
0
0
0
0
0
0
0
0
0
0
0
0
0
0
0
0
0
0
0
0
0
0
0
0
0
0
0
0
0
0
0
0
0
0
0
0
0
0
0
0
0
0
0
0
0
0
0
0
0
0
0
0
0
0
0
0
0
0
0
0
0
0
0
0
0
0
0
0
0
0
0
0
0
0
0
0
0
0
0
0
0
0
0
0
0
0
0
0
0
0
0
0
0
0
0
0
0
0
0
0
0
0
0
0
0
0
0
0
0
0
0
0
0
0
0
0
0
0
0
0
0
0
0
0
0
0
0
0
0
0
0
0
0
0
0
0
0
0
0
0
0
0
0
0
0
0
0
0
0
0
0
0
0
0
0
0
0
0
0
0
0
0
0
0
0
0
0
0
0
0
0
0
0
0
0
0
0
0
0
0
0
0
0
0
0
0
0
0
0
0
0
0
0
0
0
0
0
0
0
0
0
0
0
0
0
0
0
0
0
0
0
0
0
0
0
0
0
0
0
0
0
0
0
0
0
0
0
0
0
0
0
0
0
0
0
0
0
0
0
0
0
0
0
0
0
0
0
0
0
0
0
0
0
0
0
0
0
0
0
0
0
0
0
0
0
0
0
0
0
0
0
0
0
0
0
0
0
0
0
0
0
0
0
0
0
0
0
0
0
0
0
0
0
0
0
0
0
0
0
0
0
0
0
0
0
0
0
0
0
0
0
0
0
0
0
0
0
0
0
0
0
0
0
0
0
0
0
0
0
0
0
0
0
0
0
0
0
0
0
0
0
0
0
0
0
0
0
0
0
0
0
0
0
0
0
0
0
0
0
0
0
0
0
0
0
0
0
0
0
0
0
0
0
0
0
0
0
0
0
0
0
0
0
0
0
0
0
0
0
0
0
0
0
0
0
0
0
0
0
0
0
0
0
0
0
0
0
0
0
0
0
0
0
0
0
0
0
0
0
0
0
0
0
0
0
0
0
0
0
0
0
0
0
0
0
0
0
0
0
0
0
0
0
0
0
0
0
0
0
0
0
0
0
0
0
0
0
0
0
0
0
0
0
0
0
0
0
0
0
0
0
0
0
0
0
0
0
0
0
0
0
0
0
0
0
0
0
0
0
0
0
0
0
0
0
0
0
0
0
0
0
0
0
0
0
0
0
0
0
0
0
0
0
0
0
0
0
0
0
0
0
0
0
0
0
0
0
0
0
0
0
0
0
0
0
0
0
0
0
0
0
0
0
0
0
0
0
0
0
0
0
0
0
0
0
0
0
0
0
0
0
0
0
0
0
0
0
0
0
0
0
0
0
0
0
0
0
0
0
0
0
0
0
0
0
0
0
0
0
0
0
0
0
0
0
0
0
0
0
0
0
0
0
0
0
0
0
0
0
0
0
0
0
0
0
0
0
0
0
0
0
0
0
0
0
0
0
0
0
0
0
0
0
0
0
0
0
0
0
0
0
0
0
0
0
0
0
0
0
0
0
0
0
0
0
0
0
0
0
0
0
0
0
0
0
0
0
0
0
0
0
0
0
0
0
0
0
0
0
0
0
0
0
0
0
0
0
0
0
0
0
0
0
0
0
0
0
0
0
0
0
0
0
0
0
0
0
0
0
0
0
0
0
0
0
0
0
0
0
0
0
0
0
0
0
0
0
0
0
0
0
0
0
0
0
0
0
0
0
0
0
0
0
0
0
0
0
0
0
0
0
0
0
0
0
0
0
0
0
0
0
0
0
0
0
0
0
0
0
0
0
0
0
0
0
0
0
0
0
0
0
0
0
0
0
0
0
0
0
0
0
0
0
0
0
0
0
0
0
0
0
0
0
0
0
0
0
0
0
0
0
0
0
0
0
0
0
0
0
0
0
0
0
0
0
0
0
0
0
0
0
0
0
0
0
0
0
0
0
0
0
0
0
0
0
0
0
0
0
0
0
0
0
0
0
0
0
0
0
0
0
0
0
0
0
0
0
0
0
0
0
0
0
0
0
0
0
0
0
0
0
0
0
0
0
0
0
0
0
0
0
0
0
0
0
0
0
0
0
0
0
0
0
0
0
0
0
0
0
0
0
0
0
0
0
0
0
0
0
0
0
0
0
0
0
0
0
0
0
0
0
0
0
0
0
0
0
0
0
0
0
0
0
0
0
0
0
0
0
0
0
0
0
0
0
0
0
0
0
0
0
0
0
0
0
0
0
0
0
0
0
0
0
0
0
0
0
0
0
0
0
0
0
0
0
0
0
0
0
0
0
0
0
0
0
0
0
0
0
0
0
0
0
0
0
0
0
0
0
0
0
0
0
0
0
0
0
0
0
0
0
0
0
0
0
0
0
0
0
0
0
0
0
0
0
0
0
0
0
0
0
0
0
0
0
0
0
0
0
0
0
0
0
0
0
0
0
0
0
0
0
0
0
0
0
0
0
0
0
0
0
0
0
0
0
0
0
0
0
0
0
0
0
0
0
0
0
0
0
0
0
0
0
0
0
0
0
0
0
0
0
0
0
0
0
0
0
0
0
0
0
0
0
0
0
0
0
0
0
0
0
0
0
0
0
0
0
0
0
0
0
0
0
0
0
0
0
0
0
0
0
0
0
0
0
0
0
0
0
0
0
0
0
0
0
0
0
0
0
0
0
0
0
0
0
0
0
0
0
0
0
0
0
0
0
0
0
0
0
0
0
0
0
0
0
0
0
0
0
0
0
0
0
0
0
0
0
0
0
0
0
0
0
0
0
0
0
0
0
0
0
0
0
0
0
0
0
0
0
0
0
0
0
0
0
0
0
0
0
0
0
0
0
0
0
0
0
0
0
0
0
0
0
0
0
0
0
0
0
0
0
0
0
0
0
0
0
0
0
0
0
0
0
0
0
0
0
0
0
0
0
0
0
0
0
0
0
0
0
0
0
0
0
0
0
0
0
0
0
0
0
0
0
0
0
0
0
0
0
0
0
0
0
0
0
0
0
0
0
0
0
0
0
0
0
0
0
0
0
0
0
0
0
0
0
0
0
0
0
0
0
0
0
0
0
0
0
0
0
0
0
0
0
0
0
0
0
0
0
0
0
0
0
0
0
0
0
0
0
0
0
0
0
0
0
0
0
0
0
0
0
0
0
0
0
0
0
0
0
0
0
0
0
0
0
0
0
0
0
0
0
0
0
0
0
0
0
0
0
0
0
0
0
0
0
0
0
0
0
0
0
0
0
0
0
0
0
0
0
0
0
0
0
0
0
0
0
0
0
0
0
0
0
0
0
0
0
0
0
0
0
0
0
0
0
0
0
0
0
0
0
0
0
0
0
0
0
0
0
0
0
0
0
0
0
0
0
0
0
0
0
0
0
0
0
0
0
0
0
0
0
0
0
0
0
0
0
0
0
0
0
0
0
0
0
0
0
0
0
0
0
0
0
0
0
0
0
0
0
0
0
0
0
0
0
0
0
0
0
0
0
0
0
0
0
0
0
0
0
0
0
0
0
0
0
0
0
0
0
0
0
0
0
0
0
0
0
0
0
0
0
0
0
0
0
0
0
0
0
0
0
0
0
0
0
0
0
0
0
0
0
0
0
0
0
0
0
0
0
0
0
0
0
0
0
0
0
0
0
0
0
0
0
0
0
0
0
0
0
0
0
0
0
0
0
0
0
0
0
0
0
0
0
0
0
0
0
0
0
0
0
0
0
0
0
0
0
0
0
0
0
0
0
0
0
0
0
0
0
0
0
0
0
0
0
0
0
0
0
0
0
0
0
0
0
0
0
0
0
0
0
0
0
0
0
0
0
0
0
0
0
0
0
0
0
0
0
0
0
0
0
0
0
0
0
0
0
0
0
0
0
0
0
0
0
0
0
0
0
0
0
0
0
0
0
0
0
0
0
0
0
0
0
0
0
0
0
0
0
0
0
0
0
0
0
0
0
0
0
0
0
0
0
0
0
0
0
0
0
0
0
0
0
0
0
0
0
0
0
0
0
0
0
0
0
0
0
0
0
0
0
0
0
0
0
0
0
0
0
0
0
0
0
0
0
0
0
0
0
0
0
0
0
0
0
0
0
0
0
0
0
0
0
0
0
0
0
0
0
0
0
0
0
0
0
0
0
0
0
0
0
0
0
0
0
0
0
0
0
0
0
0
0
0
0
0
0
0
0
0
0
0
0
0
0
0
0
0
0
0
0
0
0
0
0
0
0
0
0
0
0
0
0
0
0
0
0
0
0
0
0
0
0
0
0
0
0
0
0
0
0
0
0
0
0
0
0
0
0
0
0
0
0
0
0
0
0
0
0
0
0
0
0
0
0
0
0
0
0
0
0
0
0
0
0
0
0
0
0
0
0
0
0
0
0
0
0
0
0
0
0
0
0
0
0
0
0
0
0
0
0
0
0
0
0
0
0
0
0
0
0
0
0
0
0
0
0
0
0
0
0
0
0
0
0
0
0
0
0
0
0
0
0
0
0
0
0
0
0
0
0
0
0
0
0
0
0
0
0
0
0
0
0
0
0
0
0
0
0
0
0
0
0
0
0
0
0
0
0
0
0
0
0
0
0
0
0
0
0
0
0
0
0
0
0
0
0
0
0
0
0
0
0
0
0
0
0
0
0
0
0
0
0
0
0
0
0
0
0
0
0
0
0
0
0
0
0
0
0
0
0
0
0
0
0
0
0
0
0
0
0
0
0
0
0
0
0
0
0
0
0
0
0
0
0
0
0
0
0
0
0
0
0
0
0
0
0
0
0
0
0
0
0
0
0
0
0
0
0
0
0
0
0
0
0
0
0
0
0
0
0
0
0
0
0
0
0
0
0
0
0
0
0
0
0
0
0
0
0
0
0
0
0
0
0
0
0
0
0
0
0
0
0
0
0
0
0
0
0
0
0
0
0
0
0
0
0
0
0
0
0
0
0
0
0
0
0
0
0
0
0
0
0
0
0
0
0
0
0
0
0
0
0
0
0
0
0
0
0
0
0
0
0
0
0
0
0
0
0
0
0
0
0
0
0
0
0
0
0
0
0
0
0
0
0
0
0
0
0
0
0
0
0
0
0
0
0
0
0
0
0
0
0
0
0
0
0
0
0
0
0
0
0
0
0
0
0
0
0
0
0
0
0
0
0
0
0
0
0
0
0
0
0
0
0
0
0
0
0
0
0
0
0
0
0
0
0
0
0
0
0
0
0
0
0
0
0
0
0
0
0
0
0
0
0
0
0
0
0
0
0
0
0
0
0
0
0
0
0
0
0
0
0
0
0
0
0
0
0
0
0
0
0
0
0
0
0
0
0
0
0
0
0
0
0
0
0
0
0
0
0
0
0
0
0
0
0
0
0
0
0
0
0
0
0
0
0
0
0
0
0
0
0
0
0
0
0
0
0
0
0
0
0
0
0
0
0
0
0
0
0
0
0
0
0
0
0
0
0
0
0
0
0
0
0
0
0
0
0
0
0
0
0
0
0
0
0
0
0
0
0
0
0
0
0
0
0
0
0
0
0
0
0
0
0
0
0
0
0
0
0
0
0
0
0
0
0
0
0
0
0
0
0
0
0
0
0
0
0
0
0
0
0
0
0
0
0
0
0
0
0
0
0
0
0
0
0
0
0
0
0
0
0
0
0
0
0
0
0
0
0
0
0
0
0
0
0
0
0
0
0
0
0
0
0
0
0
0
0
0
0
0
0
0
0
0
0
0
0
0
0
0
0
0
0
0
0
0
0
0
0
0
0
0
0
0
0
0
0
0
0
0
0
0
0
0
0
0
0
0
0
0
0
0
0
0
0
0
0
0
0
0
0
0
0
0
0
0
0
0
0
0
0
0
0
0
0
0
0
0
0
0
0
0
0
0
0
0
0
0
0
0
0
0
0
0
0
0
0
0
0
0
0
0
0
0
0
0
0
0
0
0
0
0
0
0
0
0
0
0
0
0
0
0
0
0
0
0
0
0
0
0
0
0
0
0
0
0
0
0
0
0
0
0
0
0
0
0
0
0
0
0
0
0
0
0
0
0
0
0
0
0
0
0
0
0
0
0
0
0
0
0
0
0
0
0
0
0
0
0
0
0
0
0
0
0
0
0
0
0
0
0
0
0
0
0
0
0
0
0
0
0
0
0
0
0
0
0
0
0
0
0
0
0
0
0
0
0
0
0
0
0
0
0
0
0
0
0
0
0
0
0
0
0
0
0
0
0
0
0
0
0
0
0
0
0
0
0
0
0
0
0
0
0
0
0
0
0
0
0
0
0
0
0
0
0
0
0
0
0
0
0
0
0
0
0
0
0
0
0
0
0
0
0
0
0
0
0
0
0
0
0
0
0
0
0
0
0
0
0
0
0
0
0
0
0
0
0
0
0
0
0
0
0
0
0
0
0
0
0
0
0
0
0
0
0
0
0
0
0
0
0
0
0
0
0
0
0
0
0
0
0
0
0
0
0
0
0
0
0
0
0
0
0
0
0
0
0
0
0
0
0
0
0
0
0
0
0
0
0
0
0
0
0
0
0
0
0
0
0
0
0
0
0
0
0
0
0
0
0
0
0
0
0
0
0
0
0
0
0
0
0
0
0
0
0
0
0
0
0
0
0
0
0
0
0
0
0
0
0
0
0
0
0
0
0
0
0
0
0
0
0
0
0
0
0
0
0
0
0
0
0
0
0
0
0
0
0
0
0
0
0
0
0
0
0
0
0
0
0
0
0
0
0
0
0
0
0
0
0
0
0
0
0
0
0
0
0
0
0
0
0
0
0
0
0
0
0
0
0
0
0
0
0
0
0
0
0
0
0
0
0
0
0
0
0
0
0
0
0
0
0
0
0
0
0
0
0
0
0
0
0
0
0
0
0
0
0
0
0
0
0
0
0
0
0
0
0
0
0
0
0
0
0
0
0
0
0
0
0
0
0
0
0
0
0
0
0
0
0
0
0
0
0
0
0
0
0
0
0
0
0
0
0
0
0
0
0
0
0
0
0
0
0
0
0
0
0
0
0
0
0
0
0
0
0
0
0
0
0
0
0
0
0
0
0
0
0
0
0
0
0
0
0
0
0
0
0
0
0
0
0
0
0
0
0
0
0
0
0
0
0
0
0
0
0
0
0
0
0
0
0
0
0
0
0
0
0
0
0
0
0
0
0
0
0
0
0
0
0
0
0
0
0
0
0
0
0
0
0
0
0
0
0
0
0
0
0
0
0
0
0
0
0
0
0
0
0
0
0
0
0
0
0
0
0
0
0
0
0
0
0
0
0
0
0
0
0
0
0
0
0
0
0
0
0
0
0
0
0
0
0
0
0
0
0
0
0
0
0
0
0
0
0
0
0
0
0
0
0
0
0
0
0
0
0
0
0
0
0
0
0
0
0
0
0
0
0
0
0
0
0
0
0
0
0
0
0
0
0
0
0
0
0
0
0
0
0
0
0
0
0
0
0
0
0
0
0
0
0
0
0
0
0
0
0
0
0
0
0
0
0
0
0
0
0
0
0
0
0
0
0
0
0
0
0
0
0
0
0
0
0
0
0
0
0
0
0
0
0
0
0
0
0
0
0
0
0
0
0
0
0
0
0
0
0
0
0
0
0
0
0
0
0
0
0
0
0
0
0
0
0
0
0
0
0
0
0
0
0
0
0
0
0
0
0
0
0
0
0
0
0
0
0
0
0
0
0
0
0
SCALARS material_id int 1
LOOKUP_TABLE default
0
0
0
0
0
0
0
0
0
0
0
0
0
0
0
0
0
0
0
0
0
0
0
0
0
0
0
0
0
0
0
0
0
0
0
0
0
0
0
0
0
0
0
0
0
0
0
0
0
0
0
0
0
0
0
0
0
0
0
0
0
0
0
0
0
0
0
0
0
0
0
0
0
0
0
0
0
0
0
0
0
0
0
0
0
0
0
0
0
0
0
0
0
0
0
0
0
0
0
0
0
0
0
0
0
0
0
0
0
0
0
0
0
0
0
0
0
0
0
0
0
0
0
0
0
0
0
0
0
0
0
0
0
0
0
0
0
0
0
0
0
0
0
0
0
0
0
0
0
0
0
0
0
0
0
0
0
0
0
0
0
0
0
0
0
0
0
0
0
0
0
0
0
0
0
0
0
0
0
0
0
0
0
0
0
0
0
0
0
0
0
0
0
0
0
0
0
0
0
0
0
0
0
0
0
0
0
0
0
0
0
0
0
0
0
0
0
0
0
0
0
0
0
0
0
0
0
0
0
0
0
0
0
0
0
0
0
0
0
0
0
0
0
0
0
0
0
0
0
0
0
0
0
0
0
0
0
0
0
0
0
0
0
0
0
0
0
0
0
0
0
0
0
0
0
0
0
0
0
0
0
0
0
0
0
0
0
0
0
0
0
0
0
0
0
0
0
0
0
0
0
0
0
0
0
0
0
0
0
0
0
0
0
0
0
0
0
0
0
0
0
0
0
0
0
0
0
0
0
0
0
0
1
1
1
1
1
1
1
1
1
1
1
1
1
1
1
1
1
1
1
1
1
1
1
1
1
1
1
1
1
1
1
1
1
1
1
1
1
1
1
1
1
1
1
1
1
1
1
1
1
1
1
1
1
1
1
1
1
1
1
1
1
1
1
1
1
1
1
1
1
1
1
1
1
1
1
1
1
1
1
1
1
1
1
1
1
1
1
1
1
1
1
1
1
1
1
1
1
1
1
1
1
1
1
1
1
1
1
1
1
1
1
1
1
1
1
1
1
1
1
1
1
1
1
1
1
1
1
1
1
1
1
1
1
1
1
1
1
1
1
1
1
1
1
1
1
1
1
1
1
1
1
1
1
1
1
1
1
1
1
1
1
1
1
1
1
1
1
1
1
1
1
1
1
1
1
1
1
1
1
1
1
1
1
1
1
1
1
1
1
1
1
1
1
1
1
1
1
1
1
1
1
1
1
1
1
1
1
1
1
1
1
1
1
1
1
1
1
1
1
1
1
1
1
1
1
1
1
1
1
1
1
1
1
1
1
1
1
1
1
1
1
1
1
1
1
1
1
1
1
1
1
1
1
1
1
1
1
1
1
1
1
1
1
1
1
1
1
1
1
1
1
1
1
1
1
1
1
1
1
1
1
1
1
1
1
1
1
1
1
1
1
1
1
1
1
1
1
1
1
1
1
1
1
1
1
1
1
1
1
1
1
1
1
1
1
1
1
1
1
1
1
1
1
1
1
1
1
1
1
1
1
1
1
1
1
1
1
1
1
1
1
1
1
1
1
1
1
1
1
1
1
1
1
1
1
1
1
1
1
1
1
1
1
1
1
1
1
1
1
1
1
1
1
1
1
1
1
1
1
1
1
1
1
1
1
1
1
1
1
1
1
1
1
1
1
1
1
1
1
1
1
1
1
1
1
1
1
1
1
1
1
1
1
1
1
1
1
1
1
1
1
1
1
1
1
1
1
1
1
1
1
1
1
1
1
1
1
1
1
1
1
1
1
1
1
1
1
1
1
1
1
1
1
1
1
1
1
1
1
1
1
1
1
1
1
1
1
1
1
1
1
1
1
1
1
1
1
1
1
1
1
1
1
1
1
1
1
1
1
1
1
1
1
1
1
1
1
1
1
1
1
1
1
1
1
1
1
1
1
1
1
1
1
1
1
1
1
1
1
1
1
1
1
1
1
1
1
1
1
1
1
1
1
1
1
1
1
1
1
1
1
1
1
1
1
1
1
1
1
1
1
1
1
1
1
1
1
1
1
1
1
1
1
1
1
1
1
1
1
1
1
1
1
1
1
1
1
1
1
1
1
1
1
1
1
1
1
1
1
1
1
1
1
1
1
1
1
1
1
1
1
1
1
1
1
1
1
1
1
1
1
1
1
1
1
1
1
1
1
1
1
1
1
1
1
1
1
1
1
1
1
1
1
1
1
1
1
1
1
1
1
1
1
1
1
1
1
1
1
1
1
1
1
1
1
1
1
1
1
1
1
1
1
1
1
1
1
1
1
1
1
1
1
1
1
1
1
1
1
1
1
1
1
1
1
1
1
1
1
1
1
1
1
1
1
1
1
1
1
1
1
1
1
1
1
1
1
1
1
1
1
1
1
1
1
1
1
1
1
1
1
1
1
1
1
1
1
1
1
1
1
1
1
1
1
1
1
1
1
1
1
1
1
1
1
1
1
1
1
1
1
1
1
1
1
1
1
1
1
1
1
1
1
1
1
1
1
1
1
1
1
1
1
1
1
1
1
1
1
1
1
1
1
1
1
1
1
1
1
1
1
1
1
1
1
1
1
1
1
1
1
1
1
1
1
1
1
1
1
1
1
1
1
1
1
1
1
1
1
1
1
1
1
1
1
1
1
1
1
1
1
1
1
1
1
1
1
1
1
1
1
1
1
1
1
1
1
1
1
1
1
1
1
1
1
1
1
1
1
1
1
1
1
1
1
1
1
1
1
1
1
1
1
1
1
1
1
1
1
1
1
1
1
1
1
1
1
1
1
1
1
1
1
1
1
1
1
1
1
1
1
1
1
1
1
1
1
1
1
1
1
1
1
1
1
1
1
1
1
1
1
1
1
1
1
1
1
1
1
1
1
1
1
1
1
1
1
1
1
1
1
1
1
1
1
1
1
1
1
1
1
1
1
1
1
1
1
1
1
1
1
1
1
1
1
1
1
1
1
1
1
1
1
1
1
1
1
1
1
1
1
1
1
1
1
1
1
1
1
1
1
1
1
1
1
1
1
1
1
1
1
1
1
1
1
1
1
1
1
1
1
1
1
1
1
1
1
1
1
1
1
1
1
1
1
1
1
1
1
1
1
1
1
1
1
1
1
1
1
1
1
1
1
1
1
1
1
1
1
1
1
1
1
1
1
1
1
1
1
1
1
1
1
1
1
1
1
1
1
1
1
1
1
1
1
1
1
1
1
1
1
1
1
1
1
1
1
1
1
1
1
1
1
1
1
1
1
1
1
1
1
1
1
1
1
1
1
1
1
1
1
1
1
1
1
1
1
1
1
1
1
1
1
1
1
1
1
1
1
1
1
1
1
1
1
1
1
1
1
1
1
1
1
1
1
1
1
1
1
1
1
1
1
1
1
1
1
1
1
1
1
1
1
1
1
1
1
1
1
1
1
1
1
1
1
1
1
1
1
1
1
1
1
1
1
1
1
1
1
1
1
1
1
1
1
1
1
1
1
1
1
1
1
1
1
1
1
1
1
1
1
1
1
1
1
1
1
1
1
1
1
1
1
1
1
1
1
1
1
1
1
1
1
1
1
1
1
1
1
1
1
1
1
1
1
1
1
1
1
1
1
1
1
1
1
1
1
1
1
1
1
1
1
1
1
1
1
1
1
1
1
1
1
1
1
1
1
1
1
1
1
1
1
1
1
1
1
1
1
1
1
1
1
1
1
1
1
1
1
1
1
1
1
1
1
1
1
1
1
1
1
1
1
1
1
1
1
1
1
1
1
1
1
1
1
1
1
1
1
1
1
1
1
1
1
1
1
1
1
1
1
1
1
1
1
1
1
1
1
1
1
1
1
1
1
1
1
1
1
1
1
1
1
1
1
1
1
1
1
1
1
1
1
1
1
1
1
1
1
1
1
1
1
1
1
1
1
1
1
1
1
1
1
1
1
1
1
1
1
1
1
1
1
1
1
1
1
1
1
1
1
1
1
1
1
1
1
1
1
1
1
1
1
1
1
1
1
1
1
1
1
1
1
1
1
1
1
1
1
1
1
1
1
1
1
1
1
1
1
1
1
1
1
1
1
1
1
1
1
1
1
1
1
1
1
1
1
1
1
1
1
1
1
1
1
1
1
1
1
1
1
1
1
1
1
1
1
1
1
1
1
1
1
1
1
1
1
1
1
1
1
1
1
1
1
1
1
1
1
1
1
1
1
1
1
1
1
1
1
1
1
1
1
1
1
1
1
1
1
1
1
1
1
1
1
1
1
1
1
1
1
1
1
1
1
1
1
1
1
1
1
1
1
1
1
1
1
1
1
1
1
1
1
1
1
1
1
1
1
1
1
1
1
1
1
1
1
1
1
1
1
1
1
1
1
1
1
1
1
1
1
1
1
1
1
1
1
1
1
1
1
1
1
1
1
1
1
1
1
1
1
1
1
1
1
1
1
1
1
1
1
1
1
1
1
1
1
1
1
1
1
1
1
1
1
1
1
1
1
1
1
1
1
1
1
1
1
1
1
1
1
1
1
1
1
1
1
1
1
1
1
1
1
1
1
1
1
1
1
1
1
1
1
1
1
1
1
1
1
1
1
1
1
1
1
1
1
1
1
1
1
1
1
1
1
1
1
1
1
1
1
1
1
1
1
1
1
1
1
1
1
1
1
1
1
1
1
1
1
1
1
1
1
1
1
1
1
1
1
1
1
1
1
1
1
1
1
1
1
1
1
1
1
1
1
1
1
1
1
1
1
1
1
1
1
1
1
1
1
1
1
1
1
1
1
1
1
1
1
1
1
1
1
1
1
1
1
1
1
1
1
1
1
1
1
1
1
1
1
1
1
1
1
1
1
1
1
1
1
1
1
1
1
1
1
1
1
1
1
1
1
1
1
1
1
1
1
1
1
1
1
1
1
1
1
1
1
1
1
1
1
1
1
1
1
1
1
1
1
1
1
1
1
1
1
1
1
1
1
1
1
1
1
1
1
1
1
1
1
1
1
1
1
1
1
1
1
1
1
1
1
1
1
1
1
1
1
1
1
1
1
1
1
1
1
1
1
1
1
1
1
1
1
1
1
1
1
1
1
1
1
1
1
1
1
1
1
1
1
1
1
1
1
1
1
1
1
1
1
1
1
1
1
1
1
1
1
1
1
1
1
1
1
1
1
1
1
1
1
1
1
1
1
1
1
1
1
1
1
1
1
1
1
1
1
1
1
1
1
1
1
1
1
1
1
1
1
1
1
1
1
1
1
1
1
1
1
1
1
1
1
1
1
1
1
1
1
1
1
1
1
1
1
1
1
1
1
1
1
1
1
1
1
1
1
1
1
1
1
1
1
1
1
1
1
1
1
1
1
1
1
1
1
1
1
1
1
1
1
1
1
1
1
1
1
1
1
1
1
1
1
1
1
1
1
1
1
1
1
1
1
1
1
1
1
1
1
1
1
1
1
1
1
1
1
1
1
1
1
1
1
1
1
1
1
1
1
1
1
1
1
1
1
1
1
1
1
1
1
1
1
1
1
1
1
1
1
1
1
1
1
1
1
1
1
1
1
1
1
1
1
1
1
1
1
1
1
1
1
1
1
1
1
1
1
1
1
1
1
1
1
1
1
1
1
1
1
1
1
1
1
1
1
1
1
1
1
1
1
1
1
1
1
1
1
1
1
1
1
1
1
1
1
1
1
1
1
1
1
1
1
1
1
1
1
1
1
1
1
1
1
1
1
1
1
1
1
1
1
1
1
1
1
1
1
1
1
1
1
1
1
1
1
1
1
1
1
1
1
1
1
1
1
1
1
1
1
1
1
1
1
1
1
1
1
1
1
1
1
1
1
1
1
1
1
1
1
1
1
1
1
1
1
1
1
1
1
1
1
1
1
1
1
1
1
1
1
1
1
1
1
1
1
1
1
1
1
1
1
1
1
1
1
1
1
1
1
1
1
1
1
1
1
1
1
1
1
1
1
1
1
1
1
1
1
1
1
1
1
1
1
1
1
1
1
1
1
1
1
1
1
1
1
1
1
1
1
1
1
1
1
1
1
1
1
1
1
1
1
1
1
1
1
1
1
1
1
1
1
1
1
1
1
1
1
1
1
1
1
1
1
1
1
1
1
1
1
1
1
1
1
1
1
1
1
1
1
1
1
1
1
1
1
1
1
1
1
1
1
1
1
1
1
1
1
1
1
1
1
1
1
1
1
1
1
1
1
1
1
1
1
1
1
1
1
1
1
1
1
1
1
1
1
1
1
1
1
1
1
1
1
1
1
1
1
1
1
1
1
1
1
1
1
1
1
1
1
1
1
1
1
1
1
1
1
1
1
1
1
1
1
1
1
1
1
1
1
1
1
1
1
1
1
1
1
1
1
1
1
1
1
1
1
1
1
1
1
1
1
1
1
1
1
1
1
1
1
1
1
1
1
1
1
1
1
1
1
1
1
1
1
1
1
1
1
1
1
1
1
1
1
1
1
1
1
1
1
1
1
1
1
1
1
1
1
1
1
1
1
1
1
1
1
1
1
1
1
1
1
1
1
1
1
1
1
1
1
1
1
1
1
1
1
1
1
1
1
1
1
1
1
1
1
1
1
1
1
1
1
1
1
1
1
1
1
1
1
1
1
1
1
1
1
1
1
1
1
1
1
1
1
1
1
1
1
1
1
1
1
1
1
1
1
1
1
1
1
1
1
1
1
1
1
1
1
1
1
1
1
1
1
1
1
1
1
1
1
1
1
1
1
1
1
1
1
1
1
1
1
1
1
1
1
1
1
1
1
1
1
1
1
1
1
1
1
1
1
1
1
1
1
1
1
1
1
1
1
1
1
1
1
1
1
1
1
1
1
1
1
1
1
1
1
1
1
1
1
1
1
1
1
1
1
1
1
1
1
1
1
1
1
1
1
1
1
1
1
1
1
1
1
1
1
1
1
1
1
1
1
1
1
1
1
1
1
1
1
1
1
1
1
1
1
1
1
1
1
1
1
1
1
1
1
1
1
1
1
1
1
1
1
1
1
1
1
1
1
1
1
1
1
1
1
1
1
1
1
1
1
1
1
1
1
1
1
1
1
1
1
1
1
1
1
1
1
1
1
1
1
1
1
1
1
1
1
1
1
1
1
1
1
1
1
1
1
1
1
1
1
1
1
1
1
1
1
1
1
1
1
1
1
1
1
1
1
1
1
1
1
1
1
1
1
1
1
1
1
1
1
1
1
1
1
1
1
1
1
1
1
1
1
1
1
1
1
1
1
1
1
1
1
1
1
1
1
1
1
1
1
1
1
1
1
1
1
1
1
1
1
1
1
1
1
1
1
1
1
1
1
1
1
1
1
1
1
1
1
1
1
1
1
1
1
1
1
1
1
1
1
1
1
1
1
1
1
1
1
1
1
1
1
1
1
1
1
1
1
1
1
1
1
1
1
1
1
1
1
1
1
1
1
1
1
1
1
1
1
1
1
1
1
1
1
1
1
1
1
1
1
1
1
1
1
1
1
1
1
1
1
1
1
1
1
1
1
1
1
1
1
1
1
1
1
1
1
1
1
1
1
1
1
1
1
1
1
1
1
1
1
1
1
1
1
1
1
1
1
1
1
1
1
1
1
1
1
1
1
1
1
1
1
1
1
1
1
1
1
1
1
1
1
1
1
1
1
1
1
1
1
1
1
1
1
1
1
1
1
1
1
1
1
1
1
1
1
1
1
1
1
1
1
1
1
1
1
1
1
1
1
1
1
1
1
1
1
1
1
1
1
1
1
1
1
1
1
1
1
1
1
1
1
1
1
1
1
1
1
1
1
1
1
1
1
1
1
1
1
1
1
1
1
1
1
1
1
1
1
1
1
1
1
1
1
1
1
1
1
1
1
1
1
1
1
1
1
1
1
1
1
1
1
1
1
1
1
1
1
1
1
1
1
1
1
1
1
1
1
1
1
1
1
1
1
1
1
1
1
1
1
1
1
1
1
1
1
1
1
1
1
1
1
1
1
1
1
1
1
1
1
1
1
1
1
1
1
1
1
1
1
1
1
1
1
1
1
1
1
1
1
1
1
1
1
1
1
1
1
1
1
1
1
1
1
1
1
1
1
1
1
1
1
1
1
1
1
1
1
1
1
1
1
1
1
1
1
1
1
1
1
1
1
1
1
1
1
1
1
1
1
1
1
1
1
1
1
1
1
1
1
1
1
1
1
1
1
1
1
1
1
1
1
1
1
1
1
1
1
1
1
1
1
1
1
1
1
1
1
1
1
1
1
1
1
1
1
1
1
1
1
1
1
1
1
1
1
1
1
1
1
1
1
1
1
1
1
1
1
1
1
1
1
1
1
1
1
1
1
1
1
1
1
1
1
1
1
1
1
1
1
1
1
1
1
1
1
1
1
1
1
1
1
1
1
1
1
1
1
1
1
1
1
1
1
1
1
1
1
1
1
1
1
1
1
1
1
1
1
1
1
1
1
1
1
1
1
1
1
1
1
1
1
1
1
1
1
1
1
1
1
1
1
1
1
1
1
1
1
1
1
1
1
1
1
1
1
1
1
1
1
1
1
1
1
1
1
1
1
1
1
1
1
1
1
1
1
1
1
1
1
1
1
1
1
1
1
1
1
1
1
1
1
1
1
1
1
1
1
1
1
1
1
1
1
1
1
1
1
1
1
1
1
1
1
1
1
1
1
1
1
1
1
1
1
1
1
1
1
1
1
1
1
1
1
1
1
1
1
1
1
1
1
1
1
1
1
1
1
1
1
1
1
1
1
1
1
1
1
1
1
1
1
1
1
1
1
1
1
1
1
1
1
1
1
1
1
1
1
1
1
1
1
1
1
1
1
1
1
1
1
1
1
1
1
1
1
1
1
1
1
1
1
1
1
1
1
1
1
1
1
1
1
1
1
1
1
1
1
1
1
1
1
1
1
1
1
1
1
1
1
1
1
1
1
1
1
1
1
1
1
1
1
1
1
1
1
1
1
1
1
1
1
1
1
1
1
1
1
1
1
1
1
1
1
1
1
1
1
1
1
1
1
1
1
1
1
1
1
1
1
1
1
1
1
1
1
1
1
1
1
1
1
1
1
1
1
1
1
1
1
1
1
1
1
1
1
1
1
1
1
1
1
1
1
1
1
1
1
1
1
1
1
1
1
1
1
1
1
1
1
1
1
1
1
1
1
1
1
1
1
1
1
1
1
1
1
1
1
1
1
1
1
1
1
1
1
1
1
1
1
1
1
1
1
1
1
1
1
1
1
1
1
1
1
1
1
1
1
1
1
1
1
1
1
1
1
1
1
1
1
1
1
1
1
1
1
1
1
1
1
1
1
1
1
1
1
1
1
1
1
1
1
1
1
1
1
1
1
1
1
1
1
1
1
1
1
1
1
1
1
1
1
1
1
1
1
1
1
1
1
1
1
1
1
1
1
1
1
1
1
1
1
1
1
1
1
1
1
1
1
1
1
1
1
1
1
1
1
1
1
1
1
1
1
1
1
1
1
1
1
1
1
1
1
1
1
1
1
1
1
1
1
1
1
1
1
1
1
1
1
1
1
1
1
1
1
1
1
1
1
1
1
1
1
1
1
1
1
1
1
1
1
1
1
1
1
1
1
1
1
1
1
1
1
1
1
1
1
1
1
1
1
1
1
1
1
1
1
1
1
1
1
1
1
1
1
1
1
1
1
1
1
1
1
1
1
1
1
1
1
1
1
1
1
1
1
1
1
1
1
1
1
1
1
1
1
1
1
1
1
1
1
1
1
1
1
1
1
1
1
1
1
1
1
1
1
1
1
1
1
1
1
1
1
1
1
1
1
1
1
1
1
1
1
1
1
1
1
1
1
1
1
1
1
1
1
1
1
1
1
1
1
1
1
1
1
1
1
1
1
1
1
1
1
1
1
1
1
1
1
1
1
1
1
1
1
1
1
1
1
1
1
1
1
1
1
1
1
1
1
1
1
1
1
1
1
1
1
1
1
1
1
1
1
1
1
1
1
1
1
1
1
1
1
1
1
1
1
1
1
1
1
1
1
1
1
1
1
1
1
1
1
1
1
1
1
1
1
1
1
1
1
1
1
1
1
1
1
1
1
1
1
1
1
1
1
1
1
1
1
1
1
1
1
1
1
1
1
1
1
1
1
1
1
1
1
1
1
1
1
1
1
1
1
1
1
1
1
1
1
1
1
1
1
1
1
1
1
1
1
1
1
1
1
1
1
1
1
1
1
1
1
1
1
1
1
1
1
1
1
1
1
1
1
1
1
1
1
1
1
1
1
1
1
1
1
1
1
1
1
1
1
1
1
1
1
1
1
1
1
1
1
1
1
1
1
1
1
1
1
1
1
1
1
1
1
1
1
1
1
1
1
1
1
1
1
1
1
1
1
1
1
1
1
1
1
1
1
1
1
1
1
1
1
1
1
1
1
1
1
1
1
1
1
1
1
1
1
1
1
1
1
1
1
1
1
1
1
1
1
1
1
1
1
1
1
1
1
1
1
1
1
1
1
1
1
1
1
1
1
1
1
1
1
1
1
1
1
1
1
1
1
1
1
1
1
1
1
1
1
1
1
1
1
1
1
1
1
1
1
1
1
1
1
1
1
1
1
1
1
1
1
1
1
1
1
1
1
1
1
1
1
1
1
1
1
1
1
1
1
1
1
1
1
1
1
1
1
1
1
1
1
1
1
1
1
1
1
1
1
1
1
1
1
1
1
1
1
1
1
1
1
1
1
1
