# vtk DataFile Version 2.0
periodic_box_2x1x1_unstructured_nx8_ny4_nz4
ASCII
DATASET UNSTRUCTURED_GRID
POINTS 1136 double
0.0 0.0 1.0
0.0 0.0 0.0
0.0 1.0 1.0
0.0 1.0 0.0
2.0 0.0 1.0
2.0 0.0 0.0
2.0 1.0 1.0
2.0 1.0 0.0
0.0 0.0 0.25
0.0 0.0 0.5
0.0 0.0 0.75
0.0 0.25 1.0
0.0 0.5 1.0
0.0 0.75 1.0
0.0 1.0 0.25
0.0 1.0 0.5
0.0 1.0 0.75
0.0 0.25 0.0
0.0 0.5 0.0
0.0 0.75 0.0
2.0 0.0 0.25
2.0 0.0 0.5
2.0 0.0 0.75
2.0 0.25 1.0
2.0 0.5 1.0
2.0 0.75 1.0
2.0 1.0 0.25
2.0 1.0 0.5
2.0 1.0 0.75
2.0 0.25 0.0
2.0 0.5 0.0
2.0 0.75 0.0
0.25 0.0 0.0
0.5 0.0 0.0
0.75 0.0 0.0
1.0 0.0 0.0
1.25 0.0 0.0
1.5 0.0 0.0
1.75 0.0 0.0
0.25 0.0 1.0
0.5 0.0 1.0
0.75 0.0 1.0
1.0 0.0 1.0
1.25 0.0 1.0
1.5 0.0 1.0
1.75 0.0 1.0
0.25 1.0 0.0
0.5 1.0 0.0
0.75 1.0 0.0
1.0 1.0 0.0
1.25 1.0 0.0
1.5 1.0 0.0
1.75 1.0 0.0
0.25 1.0 1.0
0.5 1.0 1.0
0.75 1.0 1.0
1.0 1.0 1.0
1.25 1.0 1.0
1.5 1.0 1.0
1.75 1.0 1.0
0.0 0.6284450523663163 0.2261756234172844
0.0 0.216748566397439 0.3830941794821514
0.0 0.372605565134799 0.7987450084315034
0.0 0.7972495469760064 0.6140769327093445
0.0 0.8105569429221541 0.421875
0.0 0.1770032112215763 0.5733329734881794
0.0 0.421875 0.189443057077846
0.0 0.586230677641836 0.8165193923039245
0.0 0.8186245339886272 0.2324547502416767
0.0 0.2401546417229684 0.1680368556306473
0.0 0.7663621169308868 0.8124656393034381
0.0 0.1689078278950022 0.7627578674701181
0.0 0.1446859782582582 0.272417285729501
0.0 0.105412323796175 0.3754195931629488
0.0 0.1564689748355761 0.4666172183105944
0.0 0.2850696742811146 0.5019574136657501
0.0 0.3458621346656628 0.3888049144165563
0.0 0.4157621581642415 0.4934250889825236
0.0 0.4717287816064503 0.3903911061832475
0.0 0.5355836813923416 0.4951389149869289
0.0 0.4833904133447865 0.5954648803250034
0.0 0.5979720885698536 0.602733355870776
0.0 0.6017748531123774 0.3806880369454107
0.0 0.2977417046671946 0.625097464535507
0.0 0.648874340606731 0.4961179626412614
0.0 0.5161835398658909 0.2809426459533469
0.0 0.7101933687030603 0.318516977624665
0.0 0.5389702982332584 0.7011772831788368
0.0 0.6407982301452655 0.7042507813797094
0.0 0.2901925577692772 0.2872182065038895
0.0 0.1182302786286933 0.1436770037039569
0.0 0.3991498765450945 0.2918819557671116
0.0 0.5351439231568549 0.1587929671450067
0.0 0.6276023800854245 0.1055403453644738
0.0 0.7301667391754907 0.1455624145884761
0.0 0.862498090737503 0.1102852145013935
0.0 0.4707578743450903 0.8212850094277823
0.0 0.2718150017401543 0.8613319491100853
0.0 0.3730356882440087 0.8962723933938742
0.0 0.4118257125485144 0.6941347417220881
0.0 0.2883001524746973 0.7357495548719615
0.0 0.1446061584116316 0.8836661495349665
0.0 0.8533728056509818 0.7248154539449364
0.0 0.8969990556603622 0.6234611772102379
0.0 0.8508329380282871 0.5314964994044951
0.0 0.6970687790607035 0.5996084451528008
0.0 0.6653922574965836 0.8941842771375856
0.0 0.10604680993587 0.6613314986959732
0.0 0.8925509408089333 0.3377025632544912
0.0 0.3384837666827503 0.1065317486975229
0.0 0.7463134209913208 0.7132327098550646
0.0 0.8867799538068302 0.8531199140529653
0.0 0.2069051028625194 0.6724302979624676
0.0 0.3303284151521639 0.202310030530211
0.0 0.6745923496427966 0.79907558644351
0.0 0.797527479768032 0.3272697404399234
0.0 0.7143857933602945 0.4148529654620033
0.0 0.752075034280139 0.5087374207639103
0.0 0.3820416555201666 0.5826105447194296
0.0 0.7274267149292338 0.2360717753586006
2.0 0.6284450523663163 0.2261756234172844
2.0 0.216748566397439 0.3830941794821514
2.0 0.372605565134799 0.7987450084315034
2.0 0.7972495469760064 0.6140769327093445
2.0 0.8105569429221541 0.421875
2.0 0.1770032112215763 0.5733329734881794
2.0 0.421875 0.189443057077846
2.0 0.586230677641836 0.8165193923039245
2.0 0.8186245339886272 0.2324547502416767
2.0 0.2401546417229684 0.1680368556306473
2.0 0.7663621169308868 0.8124656393034381
2.0 0.1689078278950022 0.7627578674701181
2.0 0.1446859782582582 0.272417285729501
2.0 0.105412323796175 0.3754195931629488
2.0 0.1564689748355761 0.4666172183105944
2.0 0.2850696742811146 0.5019574136657501
2.0 0.3458621346656628 0.3888049144165563
2.0 0.4157621581642415 0.4934250889825236
2.0 0.4717287816064503 0.3903911061832475
2.0 0.5355836813923416 0.4951389149869289
2.0 0.4833904133447865 0.5954648803250034
2.0 0.5979720885698536 0.602733355870776
2.0 0.6017748531123774 0.3806880369454107
2.0 0.2977417046671946 0.625097464535507
2.0 0.648874340606731 0.4961179626412614
2.0 0.5161835398658909 0.2809426459533469
2.0 0.7101933687030603 0.318516977624665
2.0 0.5389702982332584 0.7011772831788368
2.0 0.6407982301452655 0.7042507813797094
2.0 0.2901925577692772 0.2872182065038895
2.0 0.1182302786286933 0.1436770037039569
2.0 0.3991498765450945 0.2918819557671116
2.0 0.5351439231568549 0.1587929671450067
2.0 0.6276023800854245 0.1055403453644738
2.0 0.7301667391754907 0.1455624145884761
2.0 0.862498090737503 0.1102852145013935
2.0 0.4707578743450903 0.8212850094277823
2.0 0.2718150017401543 0.8613319491100853
2.0 0.3730356882440087 0.8962723933938742
2.0 0.4118257125485144 0.6941347417220881
2.0 0.2883001524746973 0.7357495548719615
2.0 0.1446061584116316 0.8836661495349665
2.0 0.8533728056509818 0.7248154539449364
2.0 0.8969990556603622 0.6234611772102379
2.0 0.8508329380282871 0.5314964994044951
2.0 0.6970687790607035 0.5996084451528008
2.0 0.6653922574965836 0.8941842771375856
2.0 0.10604680993587 0.6613314986959732
2.0 0.8925509408089333 0.3377025632544912
2.0 0.3384837666827503 0.1065317486975229
2.0 0.7463134209913208 0.7132327098550646
2.0 0.8867799538068302 0.8531199140529653
2.0 0.2069051028625194 0.6724302979624676
2.0 0.3303284151521639 0.202310030530211
2.0 0.6745923496427966 0.79907558644351
2.0 0.797527479768032 0.3272697404399234
2.0 0.7143857933602945 0.4148529654620033
2.0 0.752075034280139 0.5087374207639103
2.0 0.3820416555201666 0.5826105447194296
2.0 0.7274267149292338 0.2360717753586006
0.6259895644621811 0.0 0.216441667877362
0.8722262800729835 0.0 0.7725977017834671
1.121760763346986 0.0 0.2136462221747307
1.366721472603598 0.0 0.7893660123181419
0.2165063509461096 0.0 0.375
1.78349364905389 0.0 0.625
1.625 0.0 0.2165063509461096
0.3755123208670575 0.0 0.8108999348250953
0.8044462647126782 0.0 0.1680387277244231
1.303936274904592 0.0 0.1838294142168191
0.5974683482669302 0.0 0.8337044272696967
1.078125 0.0 0.810556942922154
1.800444855746276 0.0 0.4209548820280318
0.1893864016138299 0.0 0.5746865509454055
0.4075453490560089 0.0 0.2060053666199443
1.579589669884434 0.0 0.8419269084130048
0.2428074856507538 0.0 0.1677125303496351
0.1839702967211904 0.0 0.7679179426874658
1.838063729742617 0.0 0.2524874317082836
1.766362116930887 0.0 0.812465639303438
0.272692004824735 0.0 0.8687636677966065
0.1522436037139386 0.0 0.2714779846002567
0.1068754057970452 0.0 0.3736128970406697
0.1599223953965734 0.0 0.4594091213417181
0.2782881257980955 0.0 0.4849086249578921
0.3140648335432633 0.0 0.5953514748151473
0.4056645148468395 0.0 0.5127318009826767
0.3793300072901367 0.0 0.3892143262509911
0.4987684217916618 0.0 0.4261823752890657
0.5267624289601499 0.0 0.5481605897705839
0.6183220973619882 0.0 0.4628326948553885
0.64632047875645 0.0 0.5846662433588505
0.7378370868931611 0.0 0.4994728234170559
0.7636559259057218 0.0 0.6189605302705934
0.8569763128384095 0.0 0.5357468616914319
0.8287935633990641 0.0 0.4158399165932806
0.9486918276442072 0.0 0.4511666232702284
0.9767555153196179 0.0 0.572767692099668
1.068305832715787 0.0 0.4876682016593596
1.097213583308265 0.0 0.6065596574146445
1.187985605826964 0.0 0.5238274474557676
1.216004250036012 0.0 0.641146529000798
1.306335472859793 0.0 0.5589199511956613
1.27920538618891 0.0 0.4387266130910895
1.398659647796267 0.0 0.4754017430417911
1.426238908811234 0.0 0.5939585806619507
1.518220358483345 0.0 0.5117976916249278
1.489608759842919 0.0 0.3927336826314792
1.605490759816283 0.0 0.4165746086288685
1.548822587441056 0.0 0.6251198800249742
0.9236341977406016 0.0 0.3362348152566757
0.5606340193564459 0.0 0.6766524525186514
1.004839008094594 0.0 0.6946249465786976
0.5895908953386964 0.0 0.3362914179949897
1.642097980924191 0.0 0.546759411096623
1.664080621761129 0.0 0.6682572641572403
1.375829856259907 0.0 0.3597372756624338
1.472521206993751 0.0 0.2681655478705547
1.26325765145765 0.0 0.3114400154068143
1.160153721239901 0.0 0.4068060014843514
1.038841390109567 0.0 0.3742403690570461
0.8758702048176137 0.0 0.653962794785615
0.6743326311573767 0.0 0.7064503543420632
0.7075081974102707 0.0 0.3851828841680198
0.4563704345038032 0.0 0.3085338896991894
0.3089870013525005 0.0 0.2809398914356684
0.4369103414921411 0.0 0.631604157832015
1.013604780000163 0.0 0.2504020851162166
1.334334233864487 0.0 0.6759614283189355
1.254377374717904 0.0 0.7577545436638471
0.7978306832861766 0.0 0.2977807776564197
0.1212762562338683 0.0 0.1422668293362915
0.75412469893882 0.0 0.8258669496734435
1.751041825834808 0.0 0.512465708948713
1.456191779455699 0.0 0.7018462908000682
1.577895955051276 0.0 0.319674580400805
1.679858867302331 0.0 0.3174235880975685
0.4649284122440441 0.0 0.7511314127854136
1.136129154317702 0.0 0.7246582553184462
0.7859637306058899 0.0 0.7194280576335494
0.2387908546285554 0.0 0.6753373685258617
0.1264264807475559 0.0 0.6716142566986296
0.7293088063375581 0.0 0.2235872531544403
1.539703586199384 0.0 0.155205931451116
1.203491578417584 0.0 0.2208509710151871
0.5218734320658825 0.0 0.2147138995682939
1.475030284448555 0.0 0.808525421782108
0.929595248728327 0.0 0.1325515851609767
0.9610286071257701 0.0 0.8382299539279843
1.711076209564776 0.0 0.4187099819052494
1.38623793993898 0.0 0.9040092745099404
1.287801627424799 0.0 0.8628715306893698
1.18167134986351 0.0 0.8632278229549196
0.3767267263302398 0.0 0.9076025940985896
0.473948620031982 0.0 0.8595321770164057
1.850474655474834 0.0 0.7265806315442984
1.897221602085355 0.0 0.6239472951193388
1.85213970589805 0.0 0.5181558440523951
1.04500191374563 0.0 0.1518230200500051
0.8624692972943029 0.0 0.8947764231565858
1.154858728473689 0.0 0.1175705828491305
0.3466963234197217 0.0 0.7032838576100064
1.74999418340379 0.0 0.7185785762099088
1.886779953806831 0.0 0.8531199140529647
1.668393427528599 0.0 0.7774016461621809
0.8938222348935891 0.0 0.2370015981829423
1.126083198300545 0.0 0.3071150253302887
0.3696776792554374 0.0 0.1167674162865431
1.885913469978645 0.0 0.3640375903870366
1.40665891538538 0.0 0.1454344237000521
1.661347198464361 0.0 0.9001734917007463
1.772411275230998 0.0 0.3324254217655496
0.3276732690275546 0.0 0.1966912460112314
0.5805978396093316 0.0 0.1042355257171459
0.6980684950243499 0.0 0.1424606348946743
1.728464417977288 0.0 0.2274514723438711
1.653578697846991 0.0 0.1224067311831483
1.828351140927816 0.0 0.1420576058725505
0.283532360092252 0.0 0.7652405542890071
0.1468800859470342 0.0 0.8867799538068294
1.565351395086579 0.0 0.7371795685565959
0.6720921234343982 0.0 0.2946192704878196
0.4863693366980951 0.0 0.129713546871918
1.369021177676647 0.0 0.259444264329941
0.6259895644621811 1.0 0.216441667877362
0.8722262800729835 1.0 0.7725977017834671
1.121760763346986 1.0 0.2136462221747307
1.366721472603598 1.0 0.7893660123181419
0.2165063509461096 1.0 0.375
1.78349364905389 1.0 0.625
1.625 1.0 0.2165063509461096
0.3755123208670575 1.0 0.8108999348250953
0.8044462647126782 1.0 0.1680387277244231
1.303936274904592 1.0 0.1838294142168191
0.5974683482669302 1.0 0.8337044272696967
1.078125 1.0 0.810556942922154
1.800444855746276 1.0 0.4209548820280318
0.1893864016138299 1.0 0.5746865509454055
0.4075453490560089 1.0 0.2060053666199443
1.579589669884434 1.0 0.8419269084130048
0.2428074856507538 1.0 0.1677125303496351
0.1839702967211904 1.0 0.7679179426874658
1.838063729742617 1.0 0.2524874317082836
1.766362116930887 1.0 0.812465639303438
0.272692004824735 1.0 0.8687636677966065
0.1522436037139386 1.0 0.2714779846002567
0.1068754057970452 1.0 0.3736128970406697
0.1599223953965734 1.0 0.4594091213417181
0.2782881257980955 1.0 0.4849086249578921
0.3140648335432633 1.0 0.5953514748151473
0.4056645148468395 1.0 0.5127318009826767
0.3793300072901367 1.0 0.3892143262509911
0.4987684217916618 1.0 0.4261823752890657
0.5267624289601499 1.0 0.5481605897705839
0.6183220973619882 1.0 0.4628326948553885
0.64632047875645 1.0 0.5846662433588505
0.7378370868931611 1.0 0.4994728234170559
0.7636559259057218 1.0 0.6189605302705934
0.8569763128384095 1.0 0.5357468616914319
0.8287935633990641 1.0 0.4158399165932806
0.9486918276442072 1.0 0.4511666232702284
0.9767555153196179 1.0 0.572767692099668
1.068305832715787 1.0 0.4876682016593596
1.097213583308265 1.0 0.6065596574146445
1.187985605826964 1.0 0.5238274474557676
1.216004250036012 1.0 0.641146529000798
1.306335472859793 1.0 0.5589199511956613
1.27920538618891 1.0 0.4387266130910895
1.398659647796267 1.0 0.4754017430417911
1.426238908811234 1.0 0.5939585806619507
1.518220358483345 1.0 0.5117976916249278
1.489608759842919 1.0 0.3927336826314792
1.605490759816283 1.0 0.4165746086288685
1.548822587441056 1.0 0.6251198800249742
0.9236341977406016 1.0 0.3362348152566757
0.5606340193564459 1.0 0.6766524525186514
1.004839008094594 1.0 0.6946249465786976
0.5895908953386964 1.0 0.3362914179949897
1.642097980924191 1.0 0.546759411096623
1.664080621761129 1.0 0.6682572641572403
1.375829856259907 1.0 0.3597372756624338
1.472521206993751 1.0 0.2681655478705547
1.26325765145765 1.0 0.3114400154068143
1.160153721239901 1.0 0.4068060014843514
1.038841390109567 1.0 0.3742403690570461
0.8758702048176137 1.0 0.653962794785615
0.6743326311573767 1.0 0.7064503543420632
0.7075081974102707 1.0 0.3851828841680198
0.4563704345038032 1.0 0.3085338896991894
0.3089870013525005 1.0 0.2809398914356684
0.4369103414921411 1.0 0.631604157832015
1.013604780000163 1.0 0.2504020851162166
1.334334233864487 1.0 0.6759614283189355
1.254377374717904 1.0 0.7577545436638471
0.7978306832861766 1.0 0.2977807776564197
0.1212762562338683 1.0 0.1422668293362915
0.75412469893882 1.0 0.8258669496734435
1.751041825834808 1.0 0.512465708948713
1.456191779455699 1.0 0.7018462908000682
1.577895955051276 1.0 0.319674580400805
1.679858867302331 1.0 0.3174235880975685
0.4649284122440441 1.0 0.7511314127854136
1.136129154317702 1.0 0.7246582553184462
0.7859637306058899 1.0 0.7194280576335494
0.2387908546285554 1.0 0.6753373685258617
0.1264264807475559 1.0 0.6716142566986296
0.7293088063375581 1.0 0.2235872531544403
1.539703586199384 1.0 0.155205931451116
1.203491578417584 1.0 0.2208509710151871
0.5218734320658825 1.0 0.2147138995682939
1.475030284448555 1.0 0.808525421782108
0.929595248728327 1.0 0.1325515851609767
0.9610286071257701 1.0 0.8382299539279843
1.711076209564776 1.0 0.4187099819052494
1.38623793993898 1.0 0.9040092745099404
1.287801627424799 1.0 0.8628715306893698
1.18167134986351 1.0 0.8632278229549196
0.3767267263302398 1.0 0.9076025940985896
0.473948620031982 1.0 0.8595321770164057
1.850474655474834 1.0 0.7265806315442984
1.897221602085355 1.0 0.6239472951193388
1.85213970589805 1.0 0.5181558440523951
1.04500191374563 1.0 0.1518230200500051
0.8624692972943029 1.0 0.8947764231565858
1.154858728473689 1.0 0.1175705828491305
0.3466963234197217 1.0 0.7032838576100064
1.74999418340379 1.0 0.7185785762099088
1.886779953806831 1.0 0.8531199140529647
1.668393427528599 1.0 0.7774016461621809
0.8938222348935891 1.0 0.2370015981829423
1.126083198300545 1.0 0.3071150253302887
0.3696776792554374 1.0 0.1167674162865431
1.885913469978645 1.0 0.3640375903870366
1.40665891538538 1.0 0.1454344237000521
1.661347198464361 1.0 0.9001734917007463
1.772411275230998 1.0 0.3324254217655496
0.3276732690275546 1.0 0.1966912460112314
0.5805978396093316 1.0 0.1042355257171459
0.6980684950243499 1.0 0.1424606348946743
1.728464417977288 1.0 0.2274514723438711
1.653578697846991 1.0 0.1224067311831483
1.828351140927816 1.0 0.1420576058725505
0.283532360092252 1.0 0.7652405542890071
0.1468800859470342 1.0 0.8867799538068294
1.565351395086579 1.0 0.7371795685565959
0.6720921234343982 1.0 0.2946192704878196
0.4863693366980951 1.0 0.129713546871918
1.369021177676647 1.0 0.259444264329941
0.6262034961553185 0.2093022946190231 0.0
0.8749999999999999 0.7834936490538904 0.0
1.126195506885763 0.2120835478068053 0.0
1.375 0.7834936490538904 0.0
0.216748566397439 0.3830941794821514 0.0
1.78349364905389 0.625 0.0
1.625 0.2165063509461096 0.0
0.3726055651347991 0.7987450084315034 0.0
1.082449837328499 0.8418404426819788 0.0
0.8335936799891733 0.1599231715668354 0.0
1.321190769545577 0.201138808443347 0.0
0.5936550013713981 0.8234656604068848 0.0
1.567948763991606 0.8196247415171437 0.0
0.1770032112215763 0.5733329734881794 0.0
1.834049213830614 0.431232433096455 0.0
0.421875 0.189443057077846 0.0
1.812465639303438 0.233637883069113 0.0
0.2401546417229684 0.1680368556306473 0.0
1.766362116930887 0.8124656393034378 0.0
0.1689078278950022 0.7627578674701181 0.0
0.1446859782582582 0.272417285729501 0.0
0.105412323796175 0.3754195931629488 0.0
0.1564689748355761 0.4666172183105944 0.0
0.2850696742811146 0.5019574136657502 0.0
0.3458621346656628 0.3888049144165563 0.0
0.4157621581642415 0.4934250889825238 0.0
0.4717090946741178 0.3903799786225793 0.0
0.5355894341354568 0.4951175710583992 0.0
0.4833913721353058 0.5954613230035819 0.0
0.5998997433784633 0.5996473172055252 0.0
0.6598778131992566 0.4933203860141416 0.0
0.7226366448330169 0.6004077752447423 0.0
0.7843648285342082 0.4922685252544364 0.0
0.8471287339382267 0.595610797959111 0.0
0.9091900913790811 0.4904217194459596 0.0
0.9727383981686017 0.5928544278004915 0.0
1.034258003617526 0.4887824958310352 0.0
1.097887329501666 0.5951261152075527 0.0
1.159289581469887 0.4880158859658753 0.0
0.9694359525557026 0.3836443375577827 0.0
1.222455860290719 0.5954348066604931 0.0
1.28421837021523 0.48706754562335 0.0
1.347331854696142 0.5910482959595434 0.0
1.409181271429052 0.4853063832034411 0.0
1.472762209532386 0.5886782603657252 0.0
1.53424225145961 0.4837458296213953 0.0
1.469214192611196 0.3789927840356378 0.0
0.7208384606205495 0.3905105563323122 0.0
1.220726675845876 0.3859393908433967 0.0
1.593297196795521 0.5879909520677342 0.0
0.2977417046671946 0.625097464535507 0.0
1.602718049960996 0.3685195902028354 0.0
1.161574378259403 0.7050934966867041 0.0
0.6616023788264378 0.7103261265749865 0.0
1.648952381921873 0.4864943102974447 0.0
1.345446601523117 0.3839492406847862 0.0
1.094300177663359 0.388563578880292 0.0
0.8455281812091561 0.3880842940248626 0.0
0.596316018420573 0.3944661766009104 0.0
1.285504737806986 0.7002796992629043 0.0
1.225227142103259 0.8118686251109353 0.0
1.536507511146351 0.6967416924885527 0.0
1.657891440926018 0.6880908957110423 0.0
0.7843254892906484 0.7044235054055326 0.0
0.9071140571793401 0.2801807160149356 0.0
1.036506226335127 0.6992350382795358 0.0
1.400501783723714 0.2822664580262819 0.0
1.038819870969983 0.2719680433712974 0.0
0.9637550169467167 0.1707851139193667 0.0
0.5324627972959514 0.287982141040703 0.0
0.5409274575623045 0.7019864068225976 0.0
1.519950219334628 0.2655916480318634 0.0
1.438434095333061 0.1697259450470945 0.0
1.710550570261937 0.3146082193119735 0.0
0.7309336974969463 0.8165574761194465 0.0
0.2901925577692772 0.2872182065038895 0.0
0.1182302786286933 0.1436770037039569 0.0
0.7822256969860552 0.291479909543749 0.0
1.276728738111209 0.2980467471893892 0.0
0.4080742204182324 0.2978832788225204 0.0
1.412541007859702 0.6842223350764429 0.0
0.9113446788196572 0.6844517167730384 0.0
0.5379692906809423 0.1568231526402895 0.0
0.6265642204300118 0.1019399629408708 0.0
0.718648315313798 0.1435743674450415 0.0
1.346856485458552 0.1016806697742463 0.0
1.224657562414123 0.1375385953807899 0.0
1.468117784018839 0.7771783044858296 0.0
0.9661810569617528 0.7802492657056563 0.0
0.4723214548548583 0.8225775747189026 0.0
0.2718150017401543 0.8613319491100853 0.0
0.3733484043459623 0.8965309064520982 0.0
0.4121850695515077 0.6943488367846862 0.0
0.2883600453085295 0.7357852373823945 0.0
0.1446061584116316 0.8836661495349665 0.0
1.727307995175264 0.131236332203393 0.0
1.630943868353793 0.101844060480413 0.0
1.851081344602395 0.7266360737806258 0.0
1.893789583866222 0.6260099146355068 0.0
1.852249101717362 0.5352276042554615 0.0
1.689493266373919 0.5762249481651396 0.0
1.130876305284377 0.102199049150028 0.0
0.6597100139474358 0.3052572269588826 0.0
1.158599019286565 0.3046107889042549 0.0
1.657064103514474 0.8891015075797586 0.0
0.10604680993587 0.6613314986959732 0.0
0.3384837666827503 0.1065317486975229 0.0
1.894319652668451 0.3387781312059087 0.0
1.752812638877695 0.7201446103650835 0.0
1.886779953806829 0.853119914052966 0.0
0.2069051028625194 0.6724302979624676 0.0
1.672418031887257 0.7943045869845745 0.0
0.3320547155673512 0.2036360053052408 0.0
1.800410086838894 0.3341409711957726 0.0
1.717091164437004 0.4087624135801532 0.0
0.9256045423254816 0.8922254817398381 0.0
0.817084623480224 0.8765896306440879 0.0
1.42782324097801 0.8912288942856349 0.0
1.319512595770317 0.8716477921126151 0.0
1.862824804925529 0.113323082553529 0.0
1.71883105118516 0.2239971963826473 0.0
1.75422146288911 0.510490284899109 0.0
1.542865636604297 0.1507336009010961 0.0
1.218350572478031 0.2292911983136934 0.0
1.051929340017368 0.1514071508494995 0.0
0.7210295070554842 0.2252030226032918 0.0
0.3820784224378719 0.5826320281624071 0.0
0.6262034961553185 0.2093022946190231 1.0
0.8749999999999999 0.7834936490538904 1.0
1.126195506885763 0.2120835478068053 1.0
1.375 0.7834936490538904 1.0
0.216748566397439 0.3830941794821514 1.0
1.78349364905389 0.625 1.0
1.625 0.2165063509461096 1.0
0.3726055651347991 0.7987450084315034 1.0
1.082449837328499 0.8418404426819788 1.0
0.8335936799891733 0.1599231715668354 1.0
1.321190769545577 0.201138808443347 1.0
0.5936550013713981 0.8234656604068848 1.0
1.567948763991606 0.8196247415171437 1.0
0.1770032112215763 0.5733329734881794 1.0
1.834049213830614 0.431232433096455 1.0
0.421875 0.189443057077846 1.0
1.812465639303438 0.233637883069113 1.0
0.2401546417229684 0.1680368556306473 1.0
1.766362116930887 0.8124656393034378 1.0
0.1689078278950022 0.7627578674701181 1.0
0.1446859782582582 0.272417285729501 1.0
0.105412323796175 0.3754195931629488 1.0
0.1564689748355761 0.4666172183105944 1.0
0.2850696742811146 0.5019574136657502 1.0
0.3458621346656628 0.3888049144165563 1.0
0.4157621581642415 0.4934250889825238 1.0
0.4717090946741178 0.3903799786225793 1.0
0.5355894341354568 0.4951175710583992 1.0
0.4833913721353058 0.5954613230035819 1.0
0.5998997433784633 0.5996473172055252 1.0
0.6598778131992566 0.4933203860141416 1.0
0.7226366448330169 0.6004077752447423 1.0
0.7843648285342082 0.4922685252544364 1.0
0.8471287339382267 0.595610797959111 1.0
0.9091900913790811 0.4904217194459596 1.0
0.9727383981686017 0.5928544278004915 1.0
1.034258003617526 0.4887824958310352 1.0
1.097887329501666 0.5951261152075527 1.0
1.159289581469887 0.4880158859658753 1.0
0.9694359525557026 0.3836443375577827 1.0
1.222455860290719 0.5954348066604931 1.0
1.28421837021523 0.48706754562335 1.0
1.347331854696142 0.5910482959595434 1.0
1.409181271429052 0.4853063832034411 1.0
1.472762209532386 0.5886782603657252 1.0
1.53424225145961 0.4837458296213953 1.0
1.469214192611196 0.3789927840356378 1.0
0.7208384606205495 0.3905105563323122 1.0
1.220726675845876 0.3859393908433967 1.0
1.593297196795521 0.5879909520677342 1.0
0.2977417046671946 0.625097464535507 1.0
1.602718049960996 0.3685195902028354 1.0
1.161574378259403 0.7050934966867041 1.0
0.6616023788264378 0.7103261265749865 1.0
1.648952381921873 0.4864943102974447 1.0
1.345446601523117 0.3839492406847862 1.0
1.094300177663359 0.388563578880292 1.0
0.8455281812091561 0.3880842940248626 1.0
0.596316018420573 0.3944661766009104 1.0
1.285504737806986 0.7002796992629043 1.0
1.225227142103259 0.8118686251109353 1.0
1.536507511146351 0.6967416924885527 1.0
1.657891440926018 0.6880908957110423 1.0
0.7843254892906484 0.7044235054055326 1.0
0.9071140571793401 0.2801807160149356 1.0
1.036506226335127 0.6992350382795358 1.0
1.400501783723714 0.2822664580262819 1.0
1.038819870969983 0.2719680433712974 1.0
0.9637550169467167 0.1707851139193667 1.0
0.5324627972959514 0.287982141040703 1.0
0.5409274575623045 0.7019864068225976 1.0
1.519950219334628 0.2655916480318634 1.0
1.438434095333061 0.1697259450470945 1.0
1.710550570261937 0.3146082193119735 1.0
0.7309336974969463 0.8165574761194465 1.0
0.2901925577692772 0.2872182065038895 1.0
0.1182302786286933 0.1436770037039569 1.0
0.7822256969860552 0.291479909543749 1.0
1.276728738111209 0.2980467471893892 1.0
0.4080742204182324 0.2978832788225204 1.0
1.412541007859702 0.6842223350764429 1.0
0.9113446788196572 0.6844517167730384 1.0
0.5379692906809423 0.1568231526402895 1.0
0.6265642204300118 0.1019399629408708 1.0
0.718648315313798 0.1435743674450415 1.0
1.346856485458552 0.1016806697742463 1.0
1.224657562414123 0.1375385953807899 1.0
1.468117784018839 0.7771783044858296 1.0
0.9661810569617528 0.7802492657056563 1.0
0.4723214548548583 0.8225775747189026 1.0
0.2718150017401543 0.8613319491100853 1.0
0.3733484043459623 0.8965309064520982 1.0
0.4121850695515077 0.6943488367846862 1.0
0.2883600453085295 0.7357852373823945 1.0
0.1446061584116316 0.8836661495349665 1.0
1.727307995175264 0.131236332203393 1.0
1.630943868353793 0.101844060480413 1.0
1.851081344602395 0.7266360737806258 1.0
1.893789583866222 0.6260099146355068 1.0
1.852249101717362 0.5352276042554615 1.0
1.689493266373919 0.5762249481651396 1.0
1.130876305284377 0.102199049150028 1.0
0.6597100139474358 0.3052572269588826 1.0
1.158599019286565 0.3046107889042549 1.0
1.657064103514474 0.8891015075797586 1.0
0.10604680993587 0.6613314986959732 1.0
0.3384837666827503 0.1065317486975229 1.0
1.894319652668451 0.3387781312059087 1.0
1.752812638877695 0.7201446103650835 1.0
1.886779953806829 0.853119914052966 1.0
0.2069051028625194 0.6724302979624676 1.0
1.672418031887257 0.7943045869845745 1.0
0.3320547155673512 0.2036360053052408 1.0
1.800410086838894 0.3341409711957726 1.0
1.717091164437004 0.4087624135801532 1.0
0.9256045423254816 0.8922254817398381 1.0
0.817084623480224 0.8765896306440879 1.0
1.42782324097801 0.8912288942856349 1.0
1.319512595770317 0.8716477921126151 1.0
1.862824804925529 0.113323082553529 1.0
1.71883105118516 0.2239971963826473 1.0
1.75422146288911 0.510490284899109 1.0
1.542865636604297 0.1507336009010961 1.0
1.218350572478031 0.2292911983136934 1.0
1.051929340017368 0.1514071508494995 1.0
0.7210295070554842 0.2252030226032918 1.0
0.3820784224378719 0.5826320281624071 1.0
1.343351893405645 0.5000000000000001 0.4999999999999999
0.6985730751043352 0.5 0.5
1.02096248425499 0.6287209962870105 0.3668920528037635
0.3721787365390877 0.6310943960252675 0.6287275999630947
1.646011640476633 0.6198506191351691 0.6478267575540996
1.651645565390473 0.4201243810896312 0.3470128819419571
0.3507847329376411 0.4017320638131959 0.3564117708879404
1.03422340099447 0.4206663675202874 0.6527855580705553
0.4711809361471474 0.3226055708887657 0.6791892738704532
1.543984874198674 0.3165957629378355 0.6830822869773016
1.131880572538993 0.325346499924568 0.3240801195295649
1.513135872935655 0.697039282781861 0.3312904446927695
0.8371801200492709 0.6958526379072673 0.6952969030787006
1.154609009268428 0.7007794652792398 0.6320910153093356
0.4949249188545001 0.6853318403412275 0.3398115789898465
0.6232215551191188 0.294755068888675 0.2963616303591776
0.7696943930304123 0.2959430975865074 0.7034794923402019
1.410748126393752 0.280873450035323 0.2849078815639357
0.8726260426082479 0.2819049731076643 0.4369371853394089
1.268432210318858 0.2713106148653242 0.6814520154087232
0.7540561279292803 0.7324241052867438 0.2694703736454612
1.409111116341184 0.7312180222460165 0.7297776097128789
1.762214112613072 0.2399661214176227 0.7605122142707768
0.2542460892149428 0.6956048237952067 0.2512061468187846
1.268741598732875 0.6067011836768652 0.2646825378349911
0.8291276824563101 0.4773403393666507 0.2617934997340122
0.5974541359866289 0.547378878724817 0.7402681726592152
1.748040086039701 0.7485935502890454 0.2516810759335752
0.2428823025651153 0.2414346683803382 0.7293858983894632
0.6147317419200659 0.741116214545245 0.5654697226808003
1.715398151691878 0.247107447296361 0.5153628259977364
1.279905201258966 0.5147394040037137 0.7487385010104786
1.760714139257603 0.7610452029724722 0.491123670312761
0.2382822403399578 0.4350297906890892 0.5707951265409578
0.3651525423117353 0.2208978418183299 0.2224160031081275
1.347007313900758 0.7630400980179455 0.4965488937626062
0.2379107302021367 0.7636180310921582 0.4806238622858358
0.3321092075032313 0.7847914311772991 0.7828590497365225
0.6268385575032005 0.2295497907640541 0.5251602423519453
0.8663966856613795 0.7721948622212018 0.4735533159425942
0.3340690203494865 0.2288025111628103 0.5137956680512972
1.092591646923162 0.2281909439678095 0.5332614537539163
0.60278306836884 0.5148324302584616 0.2243195493649392
1.782301615245557 0.7819371204040727 0.7096910212803845
1.778001023237574 0.4684950122576336 0.5340276676452063
1.470856171305549 0.4962152842442825 0.2232910958898829
1.418057491309469 0.2280493556216062 0.5101825538320858
1.731098058040198 0.4612900957577026 0.7821359465113078
1.731234334741389 0.2171889975261651 0.2934650764581095
0.8603123121107561 0.4879447590384753 0.7797698966703945
0.3254235052323949 0.4663764950513545 0.7787786001238703
1.136541570236423 0.7840874447349198 0.2597970348700667
0.5579513136076103 0.7663012455666679 0.7833883340212163
1.496169757723506 0.5366254981975392 0.7868270756851274
0.4806687000389844 0.473730516134665 0.5191561693565839
0.9061913254666432 0.5578930552655618 0.539630248335885
0.9544295431226614 0.2169939086358991 0.2373014342569419
1.022381410726286 0.6332007529848942 0.7916389746978882
1.240659788420729 0.2010508463083005 0.2021337081442281
1.089877661215719 0.5014159147632871 0.2075712911449436
1.554741916653478 0.7902869503754607 0.5506468331843966
1.72681337732175 0.548237747461632 0.202161228075758
1.552548099610612 0.4668610083723891 0.5308900750310103
1.132328414576378 0.4795976131254037 0.4721627686497353
0.9716660655177433 0.2552119990123654 0.7882345596884974
0.1981974671502679 0.6285660872263859 0.7620443890736543
0.3945484785024345 0.5442878780662392 0.2071213859155271
0.2078915312084682 0.3593705528118144 0.2084682237588072
1.338713302627235 0.7995748808264461 0.2943094431121678
1.807195011567662 0.3688062343062938 0.193603695054043
0.2434641527047106 0.5685325713697307 0.4134823198330322
1.27569822228971 0.4110947611937968 0.1978076269090622
0.7612452664130612 0.1945095625151344 0.1929577159585216
0.9380401448726527 0.8006300117350766 0.2039355184187451
1.093188320987806 0.7972785516221733 0.4607590176387979
0.41602578826595 0.8000352439047265 0.1956479421966524
0.2047846636333424 0.2111649070516071 0.3530274728490734
0.1867400304233989 0.8148325119126391 0.6595232982855798
1.394314578365963 0.3618171324729708 0.8075129723634737
0.4357621849373446 0.8012761368889094 0.4940883231651037
1.141464980803432 0.3576765339762456 0.8085955253750273
1.556225370939463 0.1865245435773965 0.3770132338746087
1.658332291863166 0.6016713355772424 0.4290538688865817
1.590324483524325 0.8054178988473318 0.7430668011608693
0.9873134986496863 0.8091228283122889 0.6292358973278066
0.607032769502599 0.269824062906645 0.8127700864884624
0.4777142878341444 0.1919624647546039 0.3826637308447797
1.258166040521943 0.1927272536107781 0.3990688190778086
0.9124452662559701 0.1906234188620466 0.609398964313295
1.234496226677448 0.694914681160867 0.8109006053435611
0.4324614844408133 0.6229603420027391 0.8156496423459657
0.4784962126104499 0.3724986853492903 0.1909320259981022
0.9776675483260664 0.4280644825105127 0.3719300106933582
1.424109914212298 0.1826593506957834 0.7480152240138208
1.461248303523853 0.6268502495010686 0.5792464481824153
1.585949805388094 0.311207092236259 0.1916801355232506
0.9378681992797975 0.6121601838297146 0.1851613658764691
1.208111300465497 0.6491772684553164 0.4383571581719179
0.6274378528828674 0.8176020452276456 0.3882876504084882
0.9404101201082715 0.8031910877598548 0.8132091767903873
0.6012151791413501 0.8160033523565229 0.2040837695419871
1.193331621727197 0.1814783487173318 0.8237773555589787
1.249031891426213 0.3406637001628154 0.5105447643595464
0.8054211182530777 0.6051309508585463 0.3926020970660038
0.181239155046684 0.6189333547078504 0.5791109278961418
1.820199060960209 0.6020375697090541 0.7041491741968731
1.686939990688452 0.6337115447521873 0.8259634676535321
1.819562569007739 0.4992458804031824 0.355544764276066
0.6327761721689594 0.3990923361719828 0.638290789713703
0.4364344113694655 0.1820109522772806 0.8052725311474688
0.7089693576271425 0.6678808125797046 0.8260287381441209
1.580834870043627 0.6506862893502505 0.1696383035638498
0.1741020033897391 0.399697273897235 0.4033062356824111
1.278104591954522 0.8309871768838148 0.6485772179815577
0.8706643192048814 0.3864938850051396 0.5841867618658744
0.7316424644844993 0.1798438401392523 0.3856184244887894
0.6980877359984752 0.4245223891892052 0.8248057211686659
0.4948078668971007 0.425893303792801 0.824894632674062
1.457300349290709 0.4216294878892504 0.3858214711623502
1.42185845792435 0.4456177180064721 0.6515785132979047
1.63610959190438 0.8250876443263289 0.3740083120935034
1.492304773616778 0.8182305424200191 0.1839664472280172
1.599548508660613 0.1709613029052793 0.7665154268228767
0.1770328702385267 0.5324316130120442 0.2495502441702059
0.7262435206721352 0.8304503245806187 0.7465261591157208
1.56972503977391 0.1715556565224117 0.5836324156605855
0.1770492854091755 0.3775408818140719 0.8254266742100423
0.1681158167627036 0.2697961834807567 0.5686511301178507
1.823482667672481 0.3268075115146077 0.3987996295152975
0.9573413202568218 0.3854395544205622 0.1781381601442852
0.5245816972363914 0.4276844165723431 0.355353130542235
0.726724646044674 0.3654519767784317 0.1735693295597621
1.114189840140692 0.8227494581476557 0.7614963730836174
1.058699346361208 0.1736196592276501 0.3707071710373718
0.7512057318841873 0.5489669418038278 0.6585788729020402
1.406418857018251 0.6659205708642345 0.1740696128881735
0.4776563031138892 0.1676157218897939 0.5955935629237286
1.631290863872816 0.3283966268708193 0.832860606448176
1.827553288441437 0.3266153633108769 0.6234096756230874
0.6399808515540124 0.644147771606133 0.4245074878617139
0.7450255484121928 0.3839978218103049 0.3805364387227495
1.840823736825671 0.6684773498937545 0.3713166398956762
1.842574302091571 0.3571168831706996 0.8429340629255749
0.3418766241891628 0.8049322084513045 0.3504065698228053
0.1708701630989218 0.8231648394422181 0.332825052029548
1.259053039436797 0.4331518694972581 0.3667920729805284
0.4497991163136784 0.8303910664685452 0.6642476403836635
0.7443145199354677 0.5938589720643509 0.169585730363193
0.520899649831149 0.6592423353447319 0.1686215192364698
1.839625304141454 0.8371922461619082 0.3626064507305403
0.4007127642793449 0.6127784100454061 0.4617885512285257
1.821208860969247 0.1634829214096523 0.4206583916531945
1.098821872504053 0.2878768756146529 0.1599472428103137
1.159913785277562 0.5317076116428502 0.6307153472504946
1.372392134946806 0.6297996435069808 0.3959703267025305
0.7529119353115522 0.8363715001072418 0.580272738430616
1.24155957485252 0.1553584301198753 0.562384332857535
1.01882979944226 0.470220330257809 0.8334454214158293
1.31422069698869 0.8423877305419215 0.8118895685304046
0.584237424264975 0.1695254226932188 0.1733192564764368
1.84097163705332 0.6229992883008807 0.539833374035116
0.273314509256684 0.8563528299693866 0.2207092173204462
1.095481895786877 0.6603204244063893 0.1544332241725671
0.4808900437028568 0.3075540641665813 0.5030855836268199
1.300367571260655 0.6208104772425038 0.6219571476869956
0.1949648560528744 0.182048592930724 0.1746806536736011
1.08170980588314 0.1613902775079675 0.6927737308772803
1.471766104883979 0.8357553435544043 0.4136130574796981
0.7595035302612813 0.6646199884912162 0.5402479868580637
1.563682186268355 0.3072658782913305 0.4895661736539165
1.261542989810807 0.7451234998175715 0.1579173362240839
1.059497308900216 0.6170208352676224 0.5267162204459888
0.7560447035559512 0.1833325348604517 0.8350659396794831
0.4530184732009442 0.497166467463648 0.6796171235669555
1.157912341814285 0.5554164751972703 0.8505053762013868
0.7508530397633281 0.1631273110536073 0.6092825315677923
0.9675246036641963 0.8419989229943123 0.3619601371479104
0.8421677910033628 0.3384402719736515 0.8440124862024053
1.664141667647099 0.4181921994728079 0.6396347423677986
1.524673316897942 0.689305469286463 0.8372894288235383
0.5844930678906312 0.5821229317726658 0.5818783214128996
0.8682690138128325 0.6373428665810901 0.8440360240752377
0.3694347083440878 0.3246020564569268 0.8445697833298228
1.706581846026211 0.7879591798278264 0.8469878166033938
1.842014302498062 0.6965974912627148 0.8360263119436576
1.719080194345072 0.2550496361952747 0.147783489514332
1.374975546545902 0.6246593629275112 0.8452270228184937
1.509124424397769 0.1590100577096081 0.2139584739113993
1.716817123657006 0.147335438954059 0.6393343476251857
0.26439170244974 0.1366554208443967 0.6012178112591978
1.238514967192751 0.8464737760346337 0.4114808218243289
0.7810966926750146 0.8555452354500656 0.367428624278786
0.1536822958277864 0.4828554705842105 0.7024165972954213
1.640183408674938 0.7914552393720669 0.1505205769440482
0.6109232087692494 0.1898040678828627 0.6769365784766112
0.8408459461635677 0.3204821673980276 0.2726314861633682
1.007162557529316 0.3586909151034593 0.510382745110479
1.383921464034315 0.219144152563592 0.1421088532895166
1.605904431349007 0.4618116977040591 0.1496212715783653
1.597239437697836 0.5560721358241629 0.2927749230127256
1.090561293978677 0.1491860807491255 0.2233572024178109
1.432065254529062 0.8477639929197163 0.6283680308755997
0.1420018015432402 0.675725496895965 0.3682761958753935
0.7308023260355183 0.3450423346668817 0.5303845491988609
0.8974673261252034 0.7101397248003368 0.3223727754088745
0.3183421336744574 0.8448949083040086 0.5844607688039097
1.133043490711369 0.8500062422053866 0.6000199633729605
1.466724639844439 0.8319300922804107 0.8311449967784477
1.509471337977966 0.5635694267340193 0.4190741147823696
1.855535978033111 0.1880973732531867 0.6607035846918848
1.444151156173927 0.3598874965598597 0.157214837484382
0.8815320410189468 0.1485881860301873 0.3568033938952554
1.675647237716955 0.8527471205353516 0.6234721809420637
1.405523505753356 0.1562989839799983 0.3748154595630491
0.4893876422805584 0.8377683651882804 0.324823927469246
0.1680624137654236 0.782932472967725 0.8247634963588516
0.3256985523714131 0.3254685801648146 0.6320407834922858
0.9771920298119539 0.6582170329734349 0.6482246100195568
0.5095970635361177 0.6878593872446621 0.6620429095545706
1.148421128364089 0.5508107619781933 0.3388524460649033
0.5996218389676395 0.8531710692357589 0.6663943757407412
0.6869320775394547 0.5206608570159457 0.3502352775846925
1.349425803756674 0.5298232877683816 0.1387893661185798
0.3376195891362267 0.4146674560787034 0.1501651069281763
1.330751362991722 0.2339343222749591 0.8538119651030543
0.2964735596837621 0.1369531251701533 0.8189248106755627
1.864313316561055 0.4677014517945378 0.6559497756692221
1.178591281141136 0.3828209475278176 0.6362741349996162
0.8384252171370223 0.1365696137450465 0.7235009989093778
0.6264260506293753 0.6539443265536832 0.2749941384413788
0.8335012384564945 0.7115044554238265 0.1442133054929578
1.267164148381237 0.4181148234125723 0.8618186872241056
0.6900563022833635 0.6827390428754025 0.6794319809766327
1.720489318151779 0.6736366997053408 0.1321377763113851
0.6003886893064013 0.3913350031103034 0.4773847798758494
1.853768837456908 0.8434822527683689 0.5854012690915453
0.2663407884855515 0.591112447107014 0.1433652573820831
1.497785527246637 0.2624482983953187 0.8515990798555252
1.420269724174195 0.3755028584961614 0.5213710116920843
1.849066393876 0.5413611563541386 0.8445248364012563
0.3448782081260174 0.2547936985595375 0.3689171837706593
0.8557458071962961 0.4503990888776058 0.4520113737392027
0.6037377613365327 0.1501399238412857 0.3182958297108615
1.697564769206457 0.1752860144360641 0.8686938894019066
0.963477662858696 0.1439432070133833 0.4792346958474963
0.7491147237635418 0.854082799789181 0.171786204507157
1.606209875813805 0.4711172306813048 0.8597864148332419
0.3604749506829903 0.3913244493603512 0.5024100914046047
1.376530855937034 0.1362573067620049 0.6170456138047277
1.206273423653081 0.5598672417194026 0.1409719253315449
0.5693003700656749 0.644218339978297 0.8637405959355691
0.8642155121106817 0.8579837096483844 0.6974890624504992
1.406694111004453 0.2925046912135741 0.640430974692586
0.3621471217102932 0.6278897699423615 0.322039818282103
0.5974587594847931 0.3097373715047684 0.1326409699576528
0.1303881364147281 0.3386760102157141 0.6922096507365842
0.8012452317251224 0.7802145452688815 0.8679402979059038
1.546454291259508 0.3227017410925779 0.3300689023798201
1.350831631359479 0.310616795456788 0.4127756147147054
0.9170595583362839 0.3697519332966473 0.719703930876623
0.2595514789980943 0.6887837262865201 0.8718788856887992
0.1483214234637752 0.2273284682338321 0.8515847505240617
1.84836413108787 0.6409397231558693 0.2096151464167525
0.8204368243606056 0.130593956430616 0.4875926890276211
0.5235154363656501 0.5616946565868489 0.4073032403051468
1.869770854854905 0.4974883797706547 0.2191501484407121
0.3643920282359228 0.1543264630934155 0.6838032877394251
0.6908445564976775 0.7236531321271333 0.1412731384875173
1.270371363977674 0.3059861897881762 0.294515451413161
0.4707240575023806 0.2440229895862589 0.1290743278806554
0.564809533650086 0.8654097082962647 0.5099893176003285
0.7635621140334206 0.5433003631320041 0.8685712355800674
1.018540540569405 0.2793286449965392 0.643739941604886
0.9777728797356868 0.8700033064873882 0.5010384346046798
1.363660799099121 0.5137416359623084 0.3146911823953685
0.1340896733750296 0.1862029909844946 0.6699871390290499
1.249880365320512 0.1315133773957453 0.7027529399196563
0.1408830316701444 0.5068993727770731 0.4931885586214051
1.648523226313954 0.1268632225179234 0.4709534151983118
0.846292677740754 0.4585787820867449 0.122639432149484
1.241341077184393 0.8665782345436934 0.2217562087753822
0.3819456478088633 0.6717304958463737 0.1480827867071054
1.684235285546531 0.3794035177642506 0.4779746111801839
1.854230595600191 0.7806553523597203 0.1444680474009047
0.2882062803412077 0.8828448577248819 0.7068298234062251
0.4432601044633604 0.7564765262519221 0.8722467126613612
1.560289940071681 0.5096511380380158 0.6646179665213597
0.3017788347795552 0.125778914624384 0.4177302368228241
0.171671544354615 0.1497406811986127 0.4829995615355548
0.517927985609422 0.6884177942036916 0.4783641331814168
0.1523421998520386 0.7743711448147641 0.1578062021066628
0.1272499896650383 0.7432791179935839 0.558892668146082
0.9415403786028552 0.5244351848828033 0.6712778468413935
0.279274985350505 0.5319169518020277 0.6636266261903088
0.2740289139074886 0.71107373223042 0.682363770820252
0.8452010749450176 0.2944143644211731 0.1303076113690549
0.5970243630808265 0.5074593318598325 0.8748280826330638
0.2467991971227561 0.5458481534728624 0.8688069787757954
1.689568226928729 0.8789850219733807 0.4889582055634838
1.854848979818438 0.2261765408329774 0.2072201788216921
1.676531678653527 0.2800313398231488 0.6574880646161396
1.520873209186996 0.646673294271966 0.7041675764063439
1.47009488412677 0.7054039739085576 0.4639926853559309
0.9836407919088317 0.2899309840883869 0.3526866051088163
1.873181594449772 0.23351964555898 0.5297835461354108
1.353564010427249 0.1366813656235193 0.2484988679121307
1.156458319500808 0.4106091685883252 0.123849129641866
1.3587029510644 0.8509092695678191 0.1380551464763598
0.45945760077931 0.3118052855713997 0.3145696306598233
0.9000845545406789 0.1434829954848929 0.8621311613937812
0.7485942926934243 0.7294776785656903 0.4146145180081274
1.752385214434493 0.8697754400425383 0.1812345320654072
1.386506674699006 0.488037642918818 0.8635694052902558
0.5007025165825916 0.4959342305947878 0.1334682542185568
1.211691866282361 0.7654608476678642 0.5242069753514557
0.5471979408909139 0.122260869125725 0.4825697058610716
1.152991320307986 0.1279855268205265 0.4603378166341617
1.288846084512024 0.4638535177465225 0.6211366617375346
1.534111559308676 0.8736975975038241 0.2998831035513251
1.648973869183759 0.692454352266683 0.5314717638966396
1.648612991697847 0.6808095976232817 0.3174691409420745
0.3555764350118115 0.5191969589645786 0.5507894539153507
1.658275714543289 0.2758414813884859 0.3928628908831038
1.707414783955908 0.8809876158481182 0.7455222104104583
1.082395181070358 0.2492598731448473 0.8707851058750361
1.029820457931776 0.1339033181488345 0.8172355765238537
1.786853407653977 0.118386204916562 0.739722759169801
0.4720822997069775 0.1310441529288721 0.2533507188981891
1.757787621715735 0.1295880275126462 0.1902159335979897
0.9163693958135116 0.5455742426167425 0.3409183785499242
1.104664795903748 0.724911043347575 0.8681034183327446
0.6659027625923022 0.7917083911049049 0.8620363514443875
1.396123251332505 0.5936437166503531 0.7145613328721169
1.023043248572119 0.7097108611330205 0.2580195733125055
0.9884337615626468 0.7322467451557367 0.5174225568817742
1.871527091164177 0.7088699369944091 0.6394586062161135
0.1213432011727329 0.702843827107262 0.6844748670668285
1.234466028749408 0.720906620694952 0.3273999597598701
1.847239574893205 0.8515322978105926 0.8321123808813454
1.122386066302199 0.4761981768293529 0.7475443159590109
1.519300816809461 0.4042716390233756 0.7819750093770287
0.3006936637354552 0.5112186771990712 0.2971531534461955
0.122054733693071 0.2780621833222047 0.4396692293562641
1.126854248489441 0.3325227203315564 0.4573116866459267
0.3144879969187379 0.1241096335843214 0.1387619136356403
0.9860685162326701 0.5039013216360662 0.1236142793779743
1.140320538312378 0.6148874101665497 0.7327471511676396
1.664592856481805 0.5371650555289589 0.5452553925481717
1.87690206656737 0.7523702383838395 0.2709241724912537
0.7179466780911835 0.3036426322374708 0.8795424447652886
1.217011564999749 0.2895894103139059 0.8874563068183271
1.217450163452179 0.2892170102164427 0.1127424066659266
0.7924767693491253 0.4253687296457573 0.6842609233653638
1.197626181919417 0.1189511994378906 0.3019106729431938
0.6327572689921868 0.4408967431294755 0.1185818103254042
0.9747340098130555 0.2690093139977988 0.1169486817286572
1.018444716950778 0.4874805556190923 0.5394467956828473
1.344548305691383 0.1203685131266756 0.4867852142026353
0.8465821491332521 0.8790234092073413 0.2561073683344665
0.1523306545370166 0.6446501874527378 0.1839258832554844
1.846872156653924 0.1742660966499901 0.8645664975413772
1.885220388996495 0.7575464102874442 0.452033710808859
1.749500452455748 0.4545732895567707 0.1162633862329999
0.1216510172485466 0.5454232485912499 0.3685332857949385
0.4345519730051587 0.875385243942045 0.8024563283194543
1.627355036385906 0.1466451730769935 0.1352822724860833
0.2818643071659793 0.7580397983296744 0.1311989831027935
0.2494391934980018 0.3240171798003209 0.4803850393324697
1.097727127157874 0.8756130830527882 0.3510061136425421
0.4279496772915101 0.5135647548240334 0.3306653663289773
1.489184438126746 0.1229920716179956 0.4720023860536054
1.873400458274116 0.3791065272185227 0.5102816983013236
0.9175567624146789 0.6485073055045861 0.445318130701185
0.416256507237186 0.1315926694259062 0.4817187393211582
0.8328583693111052 0.6117928315779182 0.2645828986535797
1.139762805154707 0.2781327205081328 0.7046275233068625
0.677845247209163 0.1155361035555391 0.4861011939429131
0.5726333655562924 0.2757497814234967 0.4154643654483114
1.696641040752944 0.3376242807951015 0.2560860785231769
0.7273962599034925 0.1115811593052205 0.2806068723858703
0.2950394367291379 0.6551602338406955 0.5259892614160625
1.731541550666575 0.8804823478442272 0.3077778461932188
0.863541659936315 0.1254268732765571 0.2310073504537139
1.628031408274095 0.1212851663879278 0.2802277982949936
1.289644780403315 0.8753091378085449 0.5271860333797771
0.6669333574928042 0.415342284042542 0.2772643745647996
0.3369916221781423 0.8833150694299237 0.4581541435531691
1.518017550488669 0.5509191900651174 0.1155483451355932
1.515152063669457 0.1142872568956409 0.6862199212874143
1.044674895732627 0.1153011556144845 0.5768312628350875
1.28777135590014 0.3860070395020593 0.7381654606060862
1.227055704455203 0.5522982820348837 0.522027257234129
0.9969635574278033 0.3484744379153489 0.8767793357363308
1.813995092438238 0.8874069660929412 0.4747509719538662
0.2797169855865073 0.4218879795205461 0.8925566156830467
1.744369638664873 0.6984785379499148 0.618526413159752
0.1220124228264178 0.3872836208765196 0.5393001107210043
1.871936093788762 0.3951665263041408 0.3014025857085053
0.1305570254602057 0.3143191760135854 0.3089034080288502
1.057364447594254 0.7835374699576737 0.1579233772472987
0.2462769439053504 0.3931745972784984 0.7078998452650533
0.3518371438206466 0.2914913457073569 0.1156080379897594
0.6860960745272042 0.8726997176718372 0.282389545005492
0.7060213703002703 0.8794611266325408 0.4687933818185225
1.830820658681605 0.1362069254357721 0.2955837967899946
1.070504162741043 0.8863491242708744 0.2288629330077861
0.4061212559278842 0.5086282902673522 0.8713683110312345
1.747082324167315 0.598489267160468 0.318513674793415
0.2224471533271943 0.4707622926957873 0.1468026676214236
1.873635276378329 0.295197625084248 0.7370168971067066
0.8185925957100884 0.2538607801514788 0.5495542038090585
0.8791504138004733 0.6944865090916147 0.5744183401619326
0.6235214478809838 0.5948709103298195 0.1261029189790449
1.741915309520004 0.5195557937033728 0.6456053709502444
1.279413268814692 0.5526162468682146 0.8902996073786295
0.9707005575232263 0.7022844574860243 0.8871750159748878
1.329895143681845 0.7381312784545657 0.8854465964728128
0.2680840956462171 0.6935849102786603 0.3781623140267626
0.1294423438289505 0.85861693374776 0.4669991884534362
1.762144059462597 0.1245354388769862 0.5244374913235393
0.2650492067592976 0.8660273951512293 0.8660347240858205
0.5961479927768031 0.3849926512224546 0.7594652878989184
0.3241544584565544 0.6149219992993369 0.7491466346510826
1.723383393448049 0.1118787035189028 0.361310864975432
0.9861682011138044 0.1303623323688484 0.1320851498885783
0.2760130065875497 0.1309291920727198 0.2703841795812448
1.199306098061586 0.8089320698491863 0.8550449440847524
0.8725958780032511 0.8790238836942763 0.5722069425332134
1.113043918136426 0.7163385632277346 0.3647651333054422
1.67676455267732 0.713627215294923 0.7277736416355203
0.3882557898655493 0.8952010600688888 0.2745515238682725
1.174937691574388 0.4326314756604097 0.2718229920250056
1.045269399841282 0.3994833907365511 0.2684763086717522
0.3254978677618856 0.3378865306537763 0.2500724620823271
1.582358466476484 0.7973294525450796 0.869075707951482
1.875131086408993 0.521543105259172 0.4690555516135139
0.4906047464248129 0.2807867700212118 0.8746812532472584
1.442566983249181 0.6059465098098606 0.2793122706945124
0.441788360816701 0.1196559122557243 0.1298290635770316
1.709098372888016 0.5307939783559225 0.8881746256898184
0.9081861019574684 0.4378088219574506 0.885261631782199
1.018852792467328 0.7450329486789783 0.7332715212246339
0.9604955995858002 0.7144707606246529 0.1132720872344966
1.384869677633195 0.4018804791505127 0.2603535973787569
1.328439565232415 0.1196107297166181 0.8006644561802662
1.55372204366661 0.8757443628281836 0.6451863567890884
1.379454662601788 0.7172503091655381 0.6087149724267565
1.821271536366311 0.5573137791992547 0.1202009746708873
1.636295149073171 0.5401860411587074 0.759554355268873
1.14997542959846 0.1818673154879616 0.1186620276710107
1.716994445779601 0.4910174709870692 0.4269725686485589
1.41866266103009 0.8864691915667673 0.2566417619439086
1.288328313071322 0.7175661409454601 0.7002980717865476
0.6323249025161348 0.155641089960325 0.8776491254622834

CELLS 6230 29790
3 10 0 101
3 0 11 101
3 1 8 90
3 17 1 90
3 2 16 111
3 13 2 111
3 14 3 95
3 3 19 95
3 8 9 73
3 72 8 73
3 8 72 90
3 9 10 107
3 9 65 74
3 65 9 107
3 73 9 74
3 71 10 101
3 10 71 107
3 15 14 108
3 68 14 95
3 14 68 108
3 16 15 103
3 15 64 104
3 64 15 108
3 103 15 104
3 102 16 103
3 16 102 111
3 18 17 109
3 69 17 90
3 17 69 109
3 19 18 93
3 18 66 92
3 66 18 109
3 18 92 93
3 19 93 94
3 19 94 95
3 11 12 98
3 97 11 98
3 11 97 101
3 12 13 106
3 12 67 96
3 67 12 106
3 12 96 98
3 13 70 106
3 70 13 111
3 82 60 85
3 60 82 86
3 85 60 92
3 60 86 119
3 92 60 93
3 93 60 94
3 94 60 119
3 61 72 73
3 72 61 89
3 61 73 74
3 61 74 75
3 61 75 76
3 61 76 89
3 96 62 98
3 62 96 99
3 62 97 98
3 97 62 100
3 62 99 100
3 63 102 103
3 102 63 110
3 63 103 104
3 63 104 117
3 63 105 110
3 105 63 117
3 104 64 117
3 64 108 115
3 64 115 116
3 64 116 117
3 74 65 75
3 75 65 83
3 83 65 112
3 65 107 112
3 85 66 91
3 66 85 92
3 91 66 113
3 66 109 113
3 87 67 88
3 67 87 96
3 88 67 114
3 67 106 114
3 94 68 95
3 68 94 119
3 108 68 115
3 115 68 119
3 69 72 89
3 72 69 90
3 69 89 113
3 109 69 113
3 70 102 110
3 102 70 111
3 106 70 114
3 70 110 114
3 71 97 100
3 97 71 101
3 71 100 112
3 107 71 112
3 76 75 77
3 77 75 118
3 75 83 118
3 76 77 78
3 76 78 91
3 89 76 91
3 78 77 79
3 79 77 80
3 80 77 118
3 78 79 82
3 78 82 85
3 78 85 91
3 79 80 81
3 79 81 84
3 82 79 84
3 81 80 87
3 87 80 99
3 99 80 118
3 84 81 105
3 81 87 88
3 81 88 105
3 82 84 116
3 86 82 116
3 99 83 100
3 83 99 118
3 100 83 112
3 84 105 117
3 116 84 117
3 115 86 116
3 86 115 119
3 96 87 99
3 105 88 110
3 110 88 114
3 89 91 113
3 22 4 161
3 4 23 161
3 5 20 150
3 29 5 150
3 6 28 171
3 25 6 171
3 26 7 155
3 7 31 155
3 20 21 133
3 132 20 133
3 20 132 150
3 21 22 167
3 21 125 134
3 125 21 167
3 133 21 134
3 131 22 161
3 22 131 167
3 27 26 168
3 128 26 155
3 26 128 168
3 28 27 163
3 27 124 164
3 124 27 168
3 163 27 164
3 162 28 163
3 28 162 171
3 30 29 169
3 129 29 150
3 29 129 169
3 31 30 153
3 30 126 152
3 126 30 169
3 30 152 153
3 31 153 154
3 31 154 155
3 23 24 158
3 157 23 158
3 23 157 161
3 24 25 166
3 24 127 156
3 127 24 166
3 24 156 158
3 25 130 166
3 130 25 171
3 142 120 145
3 120 142 146
3 145 120 152
3 120 146 179
3 152 120 153
3 153 120 154
3 154 120 179
3 121 132 133
3 132 121 149
3 121 133 134
3 121 134 135
3 121 135 136
3 121 136 149
3 156 122 158
3 122 156 159
3 122 157 158
3 157 122 160
3 122 159 160
3 123 162 163
3 162 123 170
3 123 163 164
3 123 164 177
3 123 165 170
3 165 123 177
3 164 124 177
3 124 168 175
3 124 175 176
3 124 176 177
3 134 125 135
3 135 125 143
3 143 125 172
3 125 167 172
3 145 126 151
3 126 145 152
3 151 126 173
3 126 169 173
3 147 127 148
3 127 147 156
3 148 127 174
3 127 166 174
3 154 128 155
3 128 154 179
3 168 128 175
3 175 128 179
3 129 132 149
3 132 129 150
3 129 149 173
3 169 129 173
3 130 162 170
3 162 130 171
3 166 130 174
3 130 170 174
3 131 157 160
3 157 131 161
3 131 160 172
3 167 131 172
3 136 135 137
3 137 135 178
3 135 143 178
3 136 137 138
3 136 138 151
3 149 136 151
3 138 137 139
3 139 137 140
3 140 137 178
3 138 139 142
3 138 142 145
3 138 145 151
3 139 140 141
3 139 141 144
3 142 139 144
3 141 140 147
3 147 140 159
3 159 140 178
3 144 141 165
3 141 147 148
3 141 148 165
3 142 144 176
3 146 142 176
3 159 143 160
3 143 159 178
3 160 143 172
3 144 165 177
3 176 144 177
3 175 146 176
3 146 175 179
3 156 147 159
3 165 148 170
3 170 148 174
3 149 151 173
3 0 10 299
3 39 0 299
3 8 1 251
3 1 32 251
3 22 4 283
3 4 45 283
3 5 20 297
3 38 5 297
3 9 8 202
3 8 201 202
3 201 8 251
3 10 9 261
3 193 9 203
3 9 193 261
3 9 202 203
3 197 10 261
3 10 197 299
3 20 21 288
3 198 20 288
3 20 198 297
3 21 22 276
3 21 276 277
3 21 277 288
3 22 275 276
3 275 22 283
3 32 33 287
3 32 196 251
3 196 32 287
3 33 34 293
3 287 33 302
3 33 293 302
3 34 35 267
3 188 34 267
3 34 188 294
3 293 34 294
3 35 36 280
3 267 35 278
3 278 35 280
3 36 37 289
3 36 189 280
3 189 36 289
3 37 38 296
3 37 263 289
3 263 37 296
3 296 38 297
3 40 39 273
3 39 200 273
3 200 39 299
3 41 40 190
3 190 40 274
3 40 273 274
3 42 41 279
3 41 190 252
3 41 252 279
3 43 42 272
3 191 42 268
3 42 191 272
3 268 42 279
3 44 43 270
3 270 43 271
3 271 43 272
3 45 44 290
3 195 44 266
3 44 195 290
3 266 44 270
3 45 199 283
3 199 45 290
3 180 233 265
3 233 180 301
3 262 180 294
3 180 262 301
3 180 265 293
3 180 293 294
3 232 181 241
3 181 232 268
3 241 181 259
3 181 252 259
3 252 181 279
3 181 268 279
3 182 247 278
3 247 182 286
3 264 182 280
3 182 264 286
3 182 278 280
3 248 183 249
3 183 248 254
3 249 183 271
3 183 254 266
3 183 266 270
3 183 270 271
3 201 184 202
3 184 201 245
3 202 184 203
3 203 184 204
3 204 184 207
3 207 184 245
3 234 185 235
3 185 234 253
3 235 185 282
3 185 253 277
3 275 185 276
3 185 275 282
3 276 185 277
3 237 186 255
3 186 237 263
3 255 186 256
3 256 186 295
3 186 263 296
3 295 186 296
3 200 187 273
3 187 200 298
3 187 257 274
3 257 187 281
3 273 187 274
3 281 187 298
3 188 250 262
3 250 188 285
3 188 262 294
3 188 267 285
3 189 238 264
3 238 189 303
3 189 264 280
3 189 289 303
3 190 231 242
3 231 190 257
3 190 242 252
3 257 190 274
3 191 232 258
3 232 191 268
3 191 258 272
3 192 253 269
3 253 192 277
3 192 269 291
3 277 192 288
3 288 192 291
3 193 203 204
3 193 204 205
3 193 205 260
3 193 260 261
3 194 244 245
3 244 194 265
3 194 245 292
3 265 194 302
3 287 194 292
3 194 287 302
3 195 266 300
3 195 284 290
3 284 195 300
3 201 196 245
3 196 201 251
3 245 196 292
3 196 287 292
3 200 197 298
3 197 200 299
3 260 197 261
3 197 260 298
3 198 288 291
3 198 291 295
3 198 295 297
3 275 199 282
3 199 275 283
3 282 199 284
3 284 199 290
3 205 204 206
3 206 204 207
3 205 206 246
3 205 246 281
3 260 205 281
3 206 207 208
3 206 208 209
3 206 209 246
3 208 207 244
3 244 207 245
3 209 208 210
3 210 208 233
3 233 208 244
3 209 210 211
3 209 211 231
3 209 231 246
3 211 210 212
3 212 210 243
3 210 233 243
3 211 212 213
3 211 213 242
3 231 211 242
3 213 212 214
3 214 212 215
3 215 212 243
3 213 214 241
3 213 241 259
3 242 213 259
3 214 215 216
3 214 216 217
3 214 217 241
3 216 215 230
3 230 215 250
3 215 243 250
3 217 216 218
3 218 216 240
3 216 230 240
3 217 218 219
3 217 219 232
3 217 232 241
3 219 218 220
3 220 218 239
3 239 218 240
3 219 220 221
3 219 221 258
3 232 219 258
3 221 220 222
3 222 220 223
3 223 220 239
3 221 222 248
3 221 248 249
3 221 249 258
3 222 223 224
3 222 224 225
3 222 225 248
3 224 223 236
3 236 223 238
3 238 223 239
3 225 224 226
3 226 224 227
3 227 224 236
3 225 226 229
3 225 229 254
3 248 225 254
3 226 227 228
3 226 228 234
3 229 226 234
3 228 227 255
3 227 236 237
3 227 237 255
3 234 228 269
3 228 255 256
3 228 256 269
3 229 234 235
3 229 235 300
3 254 229 300
3 240 230 247
3 247 230 285
3 230 250 285
3 246 231 257
3 243 233 301
3 233 244 265
3 253 234 269
3 235 282 284
3 235 284 300
3 237 236 303
3 236 238 303
3 263 237 289
3 289 237 303
3 238 239 286
3 264 238 286
3 239 240 286
3 240 247 286
3 252 242 259
3 250 243 301
3 246 257 281
3 247 267 278
3 267 247 285
3 258 249 272
3 249 271 272
3 262 250 301
3 266 254 300
3 269 256 291
3 291 256 295
3 260 281 298
3 293 265 302
3 295 296 297
3 2 16 423
3 53 2 423
3 14 3 375
3 3 46 375
3 28 6 407
3 6 59 407
3 7 26 421
3 52 7 421
3 15 14 326
3 14 325 326
3 325 14 375
3 16 15 385
3 317 15 327
3 15 317 385
3 15 326 327
3 321 16 385
3 16 321 423
3 26 27 412
3 322 26 412
3 26 322 421
3 27 28 400
3 27 400 401
3 27 401 412
3 28 399 400
3 399 28 407
3 46 47 411
3 46 320 375
3 320 46 411
3 47 48 417
3 411 47 426
3 47 417 426
3 48 49 391
3 312 48 391
3 48 312 418
3 417 48 418
3 49 50 404
3 391 49 402
3 402 49 404
3 50 51 413
3 50 313 404
3 313 50 413
3 51 52 420
3 51 387 413
3 387 51 420
3 420 52 421
3 54 53 397
3 53 324 397
3 324 53 423
3 55 54 314
3 314 54 398
3 54 397 398
3 56 55 403
3 55 314 376
3 55 376 403
3 57 56 396
3 315 56 392
3 56 315 396
3 392 56 403
3 58 57 394
3 394 57 395
3 395 57 396
3 59 58 414
3 319 58 390
3 58 319 414
3 390 58 394
3 59 323 407
3 323 59 414
3 304 357 389
3 357 304 425
3 386 304 418
3 304 386 425
3 304 389 417
3 304 417 418
3 356 305 365
3 305 356 392
3 365 305 383
3 305 376 383
3 376 305 403
3 305 392 403
3 306 371 402
3 371 306 410
3 388 306 404
3 306 388 410
3 306 402 404
3 372 307 373
3 307 372 378
3 373 307 395
3 307 378 390
3 307 390 394
3 307 394 395
3 325 308 326
3 308 325 369
3 326 308 327
3 327 308 328
3 328 308 331
3 331 308 369
3 358 309 359
3 309 358 377
3 359 309 406
3 309 377 401
3 399 309 400
3 309 399 406
3 400 309 401
3 361 310 379
3 310 361 387
3 379 310 380
3 380 310 419
3 310 387 420
3 419 310 420
3 324 311 397
3 311 324 422
3 311 381 398
3 381 311 405
3 397 311 398
3 405 311 422
3 312 374 386
3 374 312 409
3 312 386 418
3 312 391 409
3 313 362 388
3 362 313 427
3 313 388 404
3 313 413 427
3 314 355 366
3 355 314 381
3 314 366 376
3 381 314 398
3 315 356 382
3 356 315 392
3 315 382 396
3 316 377 393
3 377 316 401
3 316 393 415
3 401 316 412
3 412 316 415
3 317 327 328
3 317 328 329
3 317 329 384
3 317 384 385
3 318 368 369
3 368 318 389
3 318 369 416
3 389 318 426
3 411 318 416
3 318 411 426
3 319 390 424
3 319 408 414
3 408 319 424
3 325 320 369
3 320 325 375
3 369 320 416
3 320 411 416
3 324 321 422
3 321 324 423
3 384 321 385
3 321 384 422
3 322 412 415
3 322 415 419
3 322 419 421
3 399 323 406
3 323 399 407
3 406 323 408
3 408 323 414
3 329 328 330
3 330 328 331
3 329 330 370
3 329 370 405
3 384 329 405
3 330 331 332
3 330 332 333
3 330 333 370
3 332 331 368
3 368 331 369
3 333 332 334
3 334 332 357
3 357 332 368
3 333 334 335
3 333 335 355
3 333 355 370
3 335 334 336
3 336 334 367
3 334 357 367
3 335 336 337
3 335 337 366
3 355 335 366
3 337 336 338
3 338 336 339
3 339 336 367
3 337 338 365
3 337 365 383
3 366 337 383
3 338 339 340
3 338 340 341
3 338 341 365
3 340 339 354
3 354 339 374
3 339 367 374
3 341 340 342
3 342 340 364
3 340 354 364
3 341 342 343
3 341 343 356
3 341 356 365
3 343 342 344
3 344 342 363
3 363 342 364
3 343 344 345
3 343 345 382
3 356 343 382
3 345 344 346
3 346 344 347
3 347 344 363
3 345 346 372
3 345 372 373
3 345 373 382
3 346 347 348
3 346 348 349
3 346 349 372
3 348 347 360
3 360 347 362
3 362 347 363
3 349 348 350
3 350 348 351
3 351 348 360
3 349 350 353
3 349 353 378
3 372 349 378
3 350 351 352
3 350 352 358
3 353 350 358
3 352 351 379
3 351 360 361
3 351 361 379
3 358 352 393
3 352 379 380
3 352 380 393
3 353 358 359
3 353 359 424
3 378 353 424
3 364 354 371
3 371 354 409
3 354 374 409
3 370 355 381
3 367 357 425
3 357 368 389
3 377 358 393
3 359 406 408
3 359 408 424
3 361 360 427
3 360 362 427
3 387 361 413
3 413 361 427
3 362 363 410
3 388 362 410
3 363 364 410
3 364 371 410
3 376 366 383
3 374 367 425
3 370 381 405
3 371 391 402
3 391 371 409
3 382 373 396
3 373 395 396
3 386 374 425
3 390 378 424
3 393 380 415
3 415 380 419
3 384 405 422
3 417 389 426
3 419 420 421
3 1 17 504
3 32 1 504
3 19 3 522
3 3 46 522
3 29 5 547
3 5 38 547
3 7 31 537
3 52 7 537
3 17 18 449
3 448 17 449
3 17 448 504
3 18 19 533
3 18 441 450
3 441 18 533
3 449 18 450
3 447 19 522
3 19 447 533
3 30 29 535
3 29 444 535
3 444 29 547
3 31 30 526
3 30 442 527
3 442 30 535
3 526 30 527
3 525 31 526
3 31 525 537
3 33 32 534
3 445 32 504
3 32 445 534
3 34 33 511
3 33 443 510
3 443 33 534
3 33 510 511
3 35 34 437
3 437 34 512
3 34 511 512
3 36 35 529
3 35 437 496
3 35 496 552
3 529 35 552
3 37 36 513
3 513 36 514
3 514 36 529
3 38 37 524
3 500 37 513
3 37 500 550
3 524 37 550
3 523 38 524
3 38 523 547
3 46 47 519
3 518 46 519
3 46 518 522
3 47 48 439
3 47 439 517
3 47 517 519
3 48 49 543
3 439 48 502
3 502 48 544
3 48 543 544
3 49 50 436
3 49 436 543
3 50 51 545
3 436 50 488
3 488 50 546
3 50 545 546
3 51 52 532
3 440 51 532
3 51 440 545
3 52 446 532
3 446 52 537
3 497 428 510
3 428 497 530
3 510 428 511
3 511 428 512
3 512 428 553
3 428 530 553
3 429 491 502
3 491 429 509
3 429 502 544
3 509 429 516
3 516 429 543
3 543 429 544
3 430 495 531
3 495 430 552
3 430 514 529
3 514 430 551
3 430 529 552
3 430 531 551
3 431 487 488
3 487 431 508
3 431 488 546
3 508 431 515
3 515 431 545
3 545 431 546
3 432 448 449
3 448 432 503
3 432 449 450
3 432 450 451
3 432 451 452
3 432 452 503
3 490 433 528
3 433 490 536
3 433 525 526
3 525 433 536
3 433 526 527
3 433 527 549
3 528 433 549
3 479 434 499
3 434 479 501
3 499 434 550
3 434 501 548
3 434 523 524
3 523 434 548
3 434 524 550
3 517 435 519
3 435 517 520
3 435 518 519
3 518 435 521
3 435 520 521
3 480 436 488
3 436 480 493
3 436 493 516
3 436 516 543
3 437 492 496
3 492 437 505
3 505 437 553
3 437 512 553
3 438 494 500
3 494 438 506
3 438 500 513
3 506 438 551
3 438 513 514
3 438 514 551
3 439 481 498
3 481 439 502
3 439 498 517
3 489 440 490
3 440 489 515
3 490 440 539
3 440 515 545
3 440 532 539
3 450 441 451
3 451 441 478
3 478 441 538
3 441 533 538
3 527 442 549
3 442 535 541
3 442 541 542
3 442 542 549
3 497 443 507
3 443 497 510
3 507 443 540
3 443 534 540
3 444 501 541
3 501 444 548
3 523 444 547
3 444 523 548
3 535 444 541
3 445 448 503
3 448 445 504
3 445 503 540
3 534 445 540
3 446 525 536
3 525 446 537
3 532 446 539
3 446 536 539
3 447 518 521
3 518 447 522
3 447 521 538
3 533 447 538
3 452 451 453
3 453 451 554
3 451 478 554
3 452 453 454
3 452 454 507
3 503 452 507
3 454 453 455
3 455 453 456
3 456 453 554
3 454 455 486
3 454 486 497
3 454 497 507
3 455 456 457
3 455 457 458
3 455 458 486
3 457 456 498
3 498 456 520
3 520 456 554
3 458 457 459
3 459 457 481
3 481 457 498
3 458 459 460
3 458 460 475
3 458 475 486
3 460 459 461
3 461 459 491
3 459 481 491
3 460 461 462
3 460 462 485
3 475 460 485
3 462 461 463
3 463 461 509
3 461 491 509
3 462 463 464
3 462 464 467
3 462 467 485
3 464 463 465
3 465 463 493
3 493 463 509
3 464 465 466
3 464 466 484
3 467 464 484
3 466 465 468
3 468 465 480
3 480 465 493
3 466 468 469
3 466 469 476
3 466 476 484
3 467 484 495
3 485 467 492
3 492 467 495
3 469 468 470
3 470 468 487
3 468 480 487
3 469 470 471
3 469 471 483
3 476 469 483
3 471 470 472
3 472 470 508
3 470 487 508
3 471 472 473
3 471 473 474
3 471 474 483
3 473 472 477
3 477 472 489
3 489 472 508
3 474 473 479
3 473 477 482
3 479 473 482
3 474 479 499
3 483 474 494
3 494 474 499
3 475 485 505
3 486 475 530
3 475 505 530
3 476 483 506
3 484 476 531
3 476 506 531
3 482 477 528
3 477 489 490
3 477 490 528
3 520 478 521
3 478 520 554
3 521 478 538
3 479 482 542
3 501 479 542
3 487 480 488
3 491 481 502
3 482 528 549
3 542 482 549
3 483 494 506
3 495 484 531
3 485 492 505
3 497 486 530
3 489 508 515
3 536 490 539
3 492 495 496
3 493 509 516
3 494 499 500
3 496 495 552
3 517 498 520
3 500 499 550
3 541 501 542
3 503 507 540
3 530 505 553
3 531 506 551
3 39 0 631
3 0 11 631
3 2 53 649
3 13 2 649
3 4 45 674
3 23 4 674
3 59 6 664
3 6 25 664
3 40 39 661
3 572 39 631
3 39 572 661
3 41 40 638
3 40 570 637
3 570 40 661
3 40 637 638
3 42 41 564
3 564 41 639
3 41 638 639
3 43 42 656
3 42 564 623
3 42 623 679
3 656 42 679
3 44 43 640
3 640 43 641
3 641 43 656
3 45 44 651
3 627 44 640
3 44 627 677
3 651 44 677
3 650 45 651
3 45 650 674
3 53 54 646
3 645 53 646
3 53 645 649
3 54 55 566
3 54 566 644
3 54 644 646
3 55 56 670
3 566 55 629
3 629 55 671
3 55 670 671
3 56 57 563
3 56 563 670
3 57 58 672
3 563 57 615
3 615 57 673
3 57 672 673
3 58 59 659
3 567 58 659
3 58 567 672
3 59 573 659
3 573 59 664
3 11 12 576
3 575 11 576
3 11 575 631
3 12 13 660
3 12 568 577
3 568 12 660
3 576 12 577
3 574 13 649
3 13 574 660
3 24 23 662
3 23 571 662
3 571 23 674
3 25 24 653
3 24 569 654
3 569 24 662
3 653 24 654
3 652 25 653
3 25 652 664
3 624 555 637
3 555 624 657
3 637 555 638
3 638 555 639
3 639 555 680
3 555 657 680
3 556 618 629
3 618 556 636
3 556 629 671
3 636 556 643
3 643 556 670
3 670 556 671
3 557 622 658
3 622 557 679
3 557 641 656
3 641 557 678
3 557 656 679
3 557 658 678
3 558 614 615
3 614 558 635
3 558 615 673
3 635 558 642
3 642 558 672
3 672 558 673
3 559 575 576
3 575 559 630
3 559 576 577
3 559 577 578
3 559 578 579
3 559 579 630
3 617 560 655
3 560 617 663
3 560 652 653
3 652 560 663
3 560 653 654
3 560 654 676
3 655 560 676
3 606 561 626
3 561 606 628
3 626 561 677
3 561 628 675
3 561 650 651
3 650 561 675
3 561 651 677
3 644 562 646
3 562 644 647
3 562 645 646
3 645 562 648
3 562 647 648
3 607 563 615
3 563 607 620
3 563 620 643
3 563 643 670
3 564 619 623
3 619 564 632
3 632 564 680
3 564 639 680
3 565 621 627
3 621 565 633
3 565 627 640
3 633 565 678
3 565 640 641
3 565 641 678
3 566 608 625
3 608 566 629
3 566 625 644
3 616 567 617
3 567 616 642
3 617 567 666
3 567 642 672
3 567 659 666
3 577 568 578
3 578 568 605
3 605 568 665
3 568 660 665
3 654 569 676
3 569 662 668
3 569 668 669
3 569 669 676
3 624 570 634
3 570 624 637
3 634 570 667
3 570 661 667
3 571 628 668
3 628 571 675
3 650 571 674
3 571 650 675
3 662 571 668
3 572 575 630
3 575 572 631
3 572 630 667
3 661 572 667
3 573 652 663
3 652 573 664
3 659 573 666
3 573 663 666
3 574 645 648
3 645 574 649
3 574 648 665
3 660 574 665
3 579 578 580
3 580 578 681
3 578 605 681
3 579 580 581
3 579 581 634
3 630 579 634
3 581 580 582
3 582 580 583
3 583 580 681
3 581 582 613
3 581 613 624
3 581 624 634
3 582 583 584
3 582 584 585
3 582 585 613
3 584 583 625
3 625 583 647
3 647 583 681
3 585 584 586
3 586 584 608
3 608 584 625
3 585 586 587
3 585 587 602
3 585 602 613
3 587 586 588
3 588 586 618
3 586 608 618
3 587 588 589
3 587 589 612
3 602 587 612
3 589 588 590
3 590 588 636
3 588 618 636
3 589 590 591
3 589 591 594
3 589 594 612
3 591 590 592
3 592 590 620
3 620 590 636
3 591 592 593
3 591 593 611
3 594 591 611
3 593 592 595
3 595 592 607
3 607 592 620
3 593 595 596
3 593 596 603
3 593 603 611
3 594 611 622
3 612 594 619
3 619 594 622
3 596 595 597
3 597 595 614
3 595 607 614
3 596 597 598
3 596 598 610
3 603 596 610
3 598 597 599
3 599 597 635
3 597 614 635
3 598 599 600
3 598 600 601
3 598 601 610
3 600 599 604
3 604 599 616
3 616 599 635
3 601 600 606
3 600 604 609
3 606 600 609
3 601 606 626
3 610 601 621
3 621 601 626
3 602 612 632
3 613 602 657
3 602 632 657
3 603 610 633
3 611 603 658
3 603 633 658
3 609 604 655
3 604 616 617
3 604 617 655
3 647 605 648
3 605 647 681
3 648 605 665
3 606 609 669
3 628 606 669
3 614 607 615
3 618 608 629
3 609 655 676
3 669 609 676
3 610 621 633
3 622 611 658
3 612 619 632
3 624 613 657
3 616 635 642
3 663 617 666
3 619 622 623
3 620 636 643
3 621 626 627
3 623 622 679
3 644 625 647
3 627 626 677
3 668 628 669
3 630 634 667
3 657 632 680
3 658 633 678
4 360 872 849 1066
4 501 880 867 1044
4 724 696 830 1051
4 704 729 820 982
4 688 752 1003 1051
4 901 1019 844 1110
4 832 1003 752 1051
4 844 901 706 1019
4 802 984 693 1001
4 779 836 827 956
4 840 883 307 889
4 827 901 779 956
4 706 779 901 956
4 802 1001 693 1002
4 819 824 628 925
4 683 796 737 816
4 348 360 849 1066
4 91 805 794 1080
4 242 876 854 910
4 350 742 849 980
4 378 307 883 889
4 693 875 1000 1002
4 727 880 687 939
4 669 819 729 824
4 704 820 729 1091
4 849 883 348 1066
4 720 698 790 876
4 690 720 790 876
4 704 824 819 925
4 720 690 790 845
4 257 818 791 876
4 91 794 805 1045
4 879 892 483 1033
4 753 483 892 1033
4 751 867 541 981
4 119 826 884 972
4 770 746 910 1007
4 770 848 746 1007
4 710 907 864 943
4 693 875 803 1000
4 864 907 630 943
4 720 790 698 885
4 763 728 939 940
4 242 857 876 910
4 360 750 849 872
4 604 861 788 928
4 683 737 796 923
4 719 900 772 1104
4 719 685 900 1104
4 242 854 876 1135
4 719 772 900 967
4 604 735 861 928
4 779 836 717 846
4 811 1027 1011 1114
4 119 972 884 1041
4 779 706 836 956
4 685 828 761 887
4 739 839 590 863
4 729 860 820 982
4 604 735 599 861
4 791 876 767 1135
4 763 895 728 940
4 763 939 895 940
4 590 863 839 1122
4 1011 1027 741 1114
4 765 883 742 983
4 764 693 1001 1002
4 470 817 487 904
4 724 830 748 1051
4 890 1001 776 1029
4 339 873 858 955
4 339 721 873 955
4 709 714 802 1002
4 613 798 767 1103
4 699 895 939 940
4 162 917 725 1020
4 593 762 839 856
4 836 846 779 1073
4 715 794 752 929
4 752 794 688 929
4 719 685 828 900
4 714 709 823 1002
4 685 736 832 862
4 684 774 741 901
4 823 944 145 947
4 789 823 145 947
4 818 876 211 997
4 741 774 684 1011
4 836 846 776 1128
4 797 885 822 1059
4 727 777 880 939
4 470 904 487 931
4 348 849 350 883
4 794 922 758 1115
4 84 884 786 959
4 399 725 917 1020
4 717 846 836 1128
4 724 946 696 1051
4 590 739 592 839
4 690 855 736 929
4 794 758 1080 1115
4 690 898 855 929
4 489 803 515 817
4 506 879 483 1033
4 710 864 808 943
4 307 840 372 883
4 851 939 728 940
4 736 790 690 845
4 907 943 710 957
4 793 803 489 817
4 777 869 499 1047
4 858 873 721 955
4 322 993 965 1030
4 697 797 754 877
4 816 863 792 953
4 350 849 352 980
4 721 955 339 1109
4 703 883 765 983
4 709 802 714 831
4 599 735 604 928
4 764 693 984 1001
4 802 1000 875 1002
4 707 1011 811 1027
4 742 883 765 1127
4 776 836 682 846
4 792 816 694 863
4 630 808 864 943
4 871 907 710 957
4 749 847 503 1083
4 753 892 879 1033
4 733 844 1019 1110
4 593 762 611 839
4 761 828 685 900
4 684 774 745 1038
4 728 851 763 939
4 762 839 689 1074
4 701 784 723 909
4 704 729 824 1091
4 685 862 832 971
4 723 784 701 838
4 687 880 777 939
4 742 984 802 1001
4 839 941 689 1074
4 592 839 739 856
4 827 836 682 956
4 613 978 798 1103
4 613 799 978 1103
4 698 770 746 910
4 688 1003 929 1051
4 350 849 742 883
4 698 746 770 941
4 823 842 764 1132
4 717 883 849 1066
4 748 830 696 1051
4 517 426 757 782
4 688 752 929 1003
4 685 887 761 1062
4 693 793 803 875
4 797 720 885 1059
4 727 687 800 939
4 922 1009 969 1107
4 761 825 696 832
4 689 762 746 954
4 768 969 922 1009
4 793 875 693 1002
4 685 719 828 976
4 628 819 669 824
4 688 922 794 1115
4 714 823 709 831
4 121 833 810 1086
4 765 983 742 1111
4 758 847 72 1080
4 724 830 696 911
4 690 790 736 855
4 84 786 884 973
4 697 951 841 990
4 742 983 883 1128
4 823 1117 842 1132
4 717 836 776 1128
4 698 720 857 876
4 339 873 721 1109
4 690 818 720 876
4 727 800 687 881
4 723 701 909 1057
4 684 1011 774 1038
4 855 898 975 1003
4 684 1011 1038 1054
4 553 841 754 936
4 613 767 798 1031
4 731 863 816 953
4 725 866 170 1020
4 683 796 816 1034
4 818 205 948 1055
4 697 822 797 877
4 690 864 732 898
4 849 872 717 1066
4 778 741 1011 1027
4 211 997 876 1058
4 720 818 690 845
4 553 428 841 936
4 682 846 836 1073
4 72 758 201 847
4 727 687 880 881
4 352 849 802 980
4 844 1015 901 1110
4 520 830 757 963
4 704 819 729 982
4 791 818 690 876
4 703 883 983 1128
4 698 746 859 910
4 247 815 738 893
4 685 761 900 971
4 389 757 426 782
4 554 905 748 918
4 855 898 732 975
4 899 974 835 1028
4 685 855 736 862
4 871 948 205 1055
4 429 912 755 927
4 720 698 857 885
4 929 1003 736 1051
4 737 1038 1011 1054
4 669 824 729 1121
4 325 843 826 972
4 211 209 818 997
4 734 900 772 967
4 741 684 778 1011
4 372 840 795 883
4 825 832 761 1099
4 696 724 911 946
4 692 745 1113 1114
4 259 242 854 910
4 697 990 841 1009
4 808 874 96 979
4 667 864 791 907
4 832 1062 761 1099
4 802 849 742 980
4 266 804 775 919
4 762 856 593 913
4 854 859 746 910
4 685 900 862 971
4 347 872 360 1066
4 587 859 798 1122
4 669 729 819 928
4 824 925 704 1042
4 781 1012 643 1097
4 600 994 928 1022
4 729 820 908 1091
4 901 1113 745 1114
4 764 1001 890 1029
4 754 813 553 936
4 730 939 777 1065
4 344 756 872 888
4 786 874 80 959
4 692 774 745 1114
4 790 876 698 1103
4 744 890 776 1029
4 305 933 781 938
4 767 791 690 876
4 717 836 750 984
4 750 836 693 984
4 587 798 953 1122
4 788 928 861 1130
4 732 855 690 898
4 774 901 745 1114
4 841 990 951 1009
4 800 939 851 940
4 731 694 816 863
4 855 929 898 1003
4 687 744 800 851
4 201 847 758 1107
4 80 786 81 874
4 587 612 798 859
4 322 831 993 1030
4 707 778 1011 1027
4 773 951 697 990
4 707 829 813 1067
4 762 746 954 1057
4 378 307 372 883
4 782 830 498 949
4 330 761 828 887
4 861 928 735 1130
4 732 975 898 1082
4 684 745 774 901
4 685 832 736 1003
4 682 744 776 801
4 667 630 864 907
4 348 347 360 1066
4 829 1036 813 1067
4 741 901 844 1015
4 717 750 849 984
4 750 693 849 984
4 685 828 887 976
4 741 778 684 1015
4 689 762 954 1057
4 790 845 736 916
4 854 910 746 991
4 778 829 461 961
4 221 838 219 848
4 479 777 867 880
4 602 587 612 798
4 630 864 808 1076
4 684 901 741 1015
4 700 878 770 926
4 515 817 803 989
4 746 859 854 991
4 718 761 1062 1099
4 706 750 836 1119
4 696 832 825 935
4 551 740 438 1033
4 757 782 696 830
4 974 1021 835 1028
4 698 859 854 910
4 728 784 769 838
4 750 803 693 817
4 602 798 612 859
4 690 864 898 948
4 554 453 748 905
4 339 858 340 955
4 767 698 876 1103
4 479 867 501 880
4 688 749 794 1023
4 832 736 1003 1051
4 448 503 749 847
4 714 823 764 1002
4 681 942 772 979
4 824 908 729 921
4 685 832 761 971
4 332 896 761 1068
4 890 984 776 1001
4 773 936 697 951
4 764 823 714 842
4 748 905 773 1051
4 739 863 590 1097
4 753 879 699 950
4 587 612 859 1122
4 517 782 757 830
4 601 994 600 1022
4 701 723 838 1057
4 378 424 889 1127
4 798 816 708 953
4 694 899 863 974
4 706 817 750 1119
4 884 959 84 1045
4 752 715 929 1003
4 221 838 848 958
4 460 961 829 1036
4 690 799 732 864
4 729 908 824 1091
4 764 1089 823 1132
4 879 950 753 1033
4 744 687 800 890
4 429 755 544 927
4 266 677 804 919
4 489 803 793 875
4 518 843 972 1048
4 699 879 753 1125
4 792 708 816 953
4 741 901 774 1114
4 757 696 782 896
4 219 848 838 1071
4 744 687 890 1132
4 717 849 750 872
4 477 880 793 1069
4 863 899 739 974
4 779 901 827 1073
4 349 348 350 883
4 724 1036 829 1067
4 599 604 600 928
4 599 600 735 928
4 681 979 772 1088
4 399 917 162 1020
4 723 926 878 985
4 736 855 790 862
4 373 382 795 814
4 879 892 753 1125
4 716 847 758 1115
4 758 847 749 1115
4 246 818 205 948
4 697 936 841 951
4 706 852 817 931
4 479 880 501 1044
4 749 805 794 1023
4 770 878 723 926
4 729 928 669 1121
4 668 628 669 824
4 758 847 716 1107
4 858 1016 684 1110
4 342 756 344 888
4 247 738 815 882
4 691 851 807 934
4 714 1001 802 1002
4 720 845 790 916
4 690 736 845 929
4 694 816 737 974
4 589 863 590 1122
4 466 741 465 1027
4 811 1011 774 1114
4 706 817 904 931
4 705 884 826 972
4 590 592 591 839
4 339 1085 873 1109
4 728 838 930 934
4 691 744 851 920
4 754 877 797 893
4 784 950 769 1025
4 682 776 744 890
4 757 782 389 896
4 378 889 883 1127
4 734 708 900 914
4 328 1068 887 1100
4 753 892 483 904
4 802 875 1000 1063
4 700 822 797 885
4 205 818 246 1055
4 774 811 707 1011
4 723 769 784 838
4 696 782 780 911
4 683 816 737 850
4 884 972 705 1041
4 734 708 914 932
4 690 732 799 855
4 684 1016 858 1054
4 685 761 832 1062
4 743 789 751 947
4 464 466 465 1027
4 807 851 728 934
4 710 898 864 948
4 170 866 725 1017
4 247 893 738 1064
4 554 451 905 918
4 758 922 794 1049
4 494 483 879 892
4 506 494 483 879
4 682 801 776 846
4 729 860 819 1022
4 683 737 785 850
4 603 762 593 913
4 701 934 784 999
4 601 600 928 1022
4 690 845 818 898
4 562 1046 967 1102
4 757 843 519 1048
4 706 901 844 931
4 777 727 892 939
4 794 805 749 1080
4 722 818 845 898
4 465 741 466 931
4 699 892 879 1125
4 694 731 816 974
4 922 716 1009 1107
4 718 825 761 1099
4 773 724 995 1051
4 741 774 1011 1114
4 731 694 863 974
4 683 885 796 1034
4 819 860 729 982
4 686 776 1001 1029
4 689 746 941 954
4 685 719 976 1104
4 829 961 813 1036
4 791 818 257 948
4 773 812 724 1051
4 382 795 814 888
4 697 924 990 1009
4 737 816 694 1093
4 684 858 886 1054
4 752 884 786 1062
4 774 1011 737 1038
4 113 69 749 1080
4 774 707 877 923
4 780 782 696 896
4 776 983 742 1128
4 745 774 692 1025
4 740 950 879 1033
4 553 813 754 977
4 709 802 875 1002
4 691 801 744 920
4 742 983 776 1001
4 541 867 751 1044
4 471 904 892 1069
4 823 789 1117 1132
4 688 1023 752 1051
4 701 930 838 934
4 106 747 897 942
4 797 822 697 1059
4 692 815 769 1025
4 950 1033 834 1113
4 697 754 813 877
4 627 906 775 1126
4 765 889 424 1127
4 690 876 790 1103
4 696 825 757 935
4 819 919 606 1022
4 707 813 829 961
4 759 887 718 1100
4 723 784 769 1025
4 461 829 778 912
4 720 876 997 1058
4 330 828 370 887
4 711 828 761 900
4 382 345 795 888
4 688 845 812 929
4 698 770 796 941
4 468 470 487 931
4 743 687 880 1060
4 852 962 488 1081
4 757 696 935 963
4 697 841 924 1009
4 699 753 950 1125
4 693 1000 802 1002
4 769 784 728 940
4 692 882 815 985
4 700 878 926 985
4 344 888 872 1066
4 214 857 770 945
4 887 1068 718 1100
4 479 501 542 1044
4 825 935 832 1099
4 114 897 747 1018
4 684 745 853 1038
4 684 1038 853 1054
4 91 805 85 1045
4 599 861 735 868
4 593 603 611 762
4 116 973 884 1100
4 67 874 747 979
4 775 906 627 919
4 685 736 855 1003
4 742 1001 894 1111
4 827 950 784 1025
4 688 794 922 1049
4 823 1089 789 1132
4 714 764 1001 1002
4 211 876 857 1058
4 734 967 625 1013
4 332 761 896 952
4 80 81 786 959
4 344 756 363 872
4 806 933 376 938
4 800 851 920 940
4 148 866 174 1017
4 700 774 877 923
4 688 794 749 1115
4 729 819 704 824
4 756 1016 858 1110
4 786 884 752 959
4 484 811 834 988
4 460 829 458 1036
4 694 974 737 1093
4 734 1013 314 1046
4 739 1021 974 1028
4 740 1033 551 1131
4 592 739 590 1097
4 732 898 864 1082
4 729 860 1022 1130
4 810 981 730 1079
4 878 909 745 1038
4 404 1081 962 1087
4 790 855 708 862
4 484 811 988 1027
4 700 770 878 1092
4 784 934 920 999
4 744 851 687 964
4 786 959 752 1003
4 844 901 741 931
4 815 998 769 1025
4 691 851 744 860
4 753 1033 950 1113
4 605 942 681 979
4 601 760 994 1022
4 554 451 453 905
4 723 878 770 954
4 737 816 796 1034
4 715 959 786 1003
4 484 834 811 1037
4 360 849 750 1133
4 698 854 767 876
4 688 812 845 990
4 737 683 785 923
4 551 514 438 740
4 698 796 770 1092
4 728 838 769 1039
4 231 818 257 876
4 736 862 790 916
4 774 923 737 1011
4 796 878 770 1092
4 373 382 345 795
4 705 757 825 935
4 740 692 882 1035
4 170 174 866 1017
4 677 804 919 925
4 660 747 942 979
4 802 831 709 1063
4 350 883 742 1127
4 690 791 864 948
4 197 943 907 957
4 448 749 109 847
4 294 754 512 841
4 733 962 852 1081
4 687 851 800 939
4 69 847 749 1080
4 342 363 344 756
4 692 769 950 1025
4 797 822 700 877
4 742 894 765 1111
4 187 907 791 948
4 689 909 878 1038
4 715 752 959 1003
4 693 803 750 1133
4 693 750 849 1133
4 692 950 834 1113
4 776 846 801 1014
4 708 799 772 855
4 642 889 861 1098
4 731 839 739 863
4 686 776 983 1001
4 750 693 836 1119
4 745 909 878 1025
4 750 817 693 1119
4 736 929 855 1003
4 703 883 840 889
4 779 846 717 996
4 810 1060 687 1079
4 517 498 782 830
4 530 553 813 936
4 761 828 711 952
4 839 863 731 1122
4 708 855 772 900
4 332 896 780 952
4 761 896 780 971
4 709 875 802 1063
4 577 808 96 979
4 599 735 600 994
4 715 975 898 1003
4 789 810 687 1079
4 465 741 844 1027
4 604 928 788 1121
4 810 730 981 1086
4 690 818 791 948
4 554 456 963 995
4 707 903 829 1067
4 399 917 725 1005
4 87 88 747 1018
4 383 806 337 933
4 700 885 797 1092
4 116 117 973 1100
4 777 939 730 1060
4 723 815 926 985
4 190 876 791 1135
4 794 1080 749 1115
4 723 769 838 998
4 708 772 799 978
4 738 815 882 985
4 708 734 900 932
4 264 882 740 1131
4 757 896 389 1112
4 742 849 802 984
4 892 904 727 1069
4 822 877 707 923
4 586 932 792 978
4 743 880 528 1044
4 693 849 1000 1133
4 737 974 816 1034
4 189 879 740 987
4 465 844 741 931
4 739 974 899 1028
4 730 1060 810 1079
4 769 815 692 1035
4 737 923 774 1038
4 795 1108 814 1134
4 508 489 515 817
4 790 862 683 916
4 717 750 836 1019
4 728 920 851 940
4 501 867 541 1044
4 723 909 878 954
4 274 791 637 1135
4 785 903 911 1056
4 793 817 489 1069
4 824 921 729 1121
4 687 881 800 890
4 601 606 919 1022
4 784 940 769 950
4 149 981 810 1079
4 606 928 819 1022
4 742 849 717 883
4 292 194 1026 1107
4 586 792 953 978
4 87 81 88 1018
4 776 836 717 984
4 87 747 874 1018
4 356 814 766 888
4 682 801 846 999
4 692 950 827 1025
4 741 844 778 1015
4 663 788 865 866
4 835 974 689 1021
4 683 790 885 1034
4 714 764 842 1001
4 706 836 750 1019
4 720 797 885 1092
4 892 939 727 1125
4 860 964 820 982
4 757 830 696 963
4 760 601 919 1022
4 685 855 862 900
4 241 770 214 857
4 686 968 776 1029
4 844 733 1015 1110
4 722 948 871 1055
4 162 725 170 1020
4 812 845 736 929
4 731 816 798 953
4 691 934 807 1070
4 737 796 974 1034
4 777 867 730 1065
4 682 827 784 1073
4 784 827 745 1073
4 777 1047 867 1065
4 685 976 887 1062
4 734 914 792 932
4 749 1023 688 1115
4 770 878 796 954
4 142 145 789 823
4 718 1068 826 1100
4 873 1085 721 1109
4 310 1000 875 1063
4 142 145 823 944
4 231 211 818 876
4 554 963 748 995
4 792 914 708 932
4 138 1079 1053 1117
4 785 911 702 1056
4 512 754 553 841
4 712 820 964 982
4 769 223 895 1039
4 682 744 800 890
4 878 909 723 1025
4 776 968 744 1029
4 693 803 793 817
4 428 512 553 841
4 724 829 903 1067
4 719 967 828 1046
4 683 903 916 946
4 789 1053 1079 1117
4 977 738 1064 1106
4 707 811 774 877
4 853 899 835 1028
4 697 754 841 936
4 592 1012 739 1097
4 807 934 930 1070
4 625 932 734 1013
4 100 808 62 943
4 642 861 635 1098
4 723 848 838 1057
4 757 935 705 963
4 708 816 790 862
4 683 790 816 862
4 768 990 924 1009
4 592 856 739 1012
4 830 963 456 995
4 830 935 696 963
4 424 408 765 1005
4 140 908 842 1117
4 815 882 692 1035
4 828 967 734 1046
4 707 785 903 923
4 683 816 790 1034
4 438 740 513 879
4 472 489 817 1069
4 715 794 929 1049
4 833 277 986 1101
4 474 471 892 1069
4 471 483 892 904
4 141 842 140 908
4 340 339 955 1109
4 786 874 747 1018
4 795 840 1108 1134
4 599 868 735 994
4 764 1002 823 1089
4 778 961 461 1027
4 752 794 715 959
4 613 657 767 1031
4 691 851 860 982
4 266 775 627 919
4 357 896 782 1084
4 92 1041 805 1090
4 207 969 1009 1107
4 713 994 801 1014
4 702 780 782 911
4 748 696 830 935
4 691 920 851 934
4 692 740 950 1035
4 735 928 600 994
4 764 984 890 1001
4 80 959 874 1078
4 696 761 832 971
4 606 601 928 1022
4 773 936 454 1036
4 259 857 242 910
4 348 883 349 1066
4 102 759 321 897
4 695 899 853 1028
4 761 711 900 971
4 697 813 754 936
4 725 917 162 1017
4 834 985 692 1114
4 693 1000 803 1133
4 773 454 995 1036
4 700 877 822 923
4 238 769 895 987
4 708 900 772 932
4 682 836 776 890
4 744 801 691 968
4 787 866 148 1017
4 834 1033 988 1113
4 815 893 240 926
4 842 1029 764 1132
4 731 863 739 974
4 729 1022 928 1130
4 740 692 834 882
4 688 845 922 990
4 484 811 467 1037
4 750 817 706 852
4 939 1004 730 1060
4 114 106 747 897
4 701 775 760 906
4 588 953 863 1122
4 514 740 551 1131
4 754 877 893 1064
4 223 236 769 895
4 141 787 842 908
4 692 950 769 1035
4 729 819 928 1022
4 738 985 834 1114
4 781 863 694 1123
4 977 1037 738 1106
4 885 916 822 1059
4 647 772 681 942
4 842 1001 764 1029
4 740 882 264 1035
4 785 702 911 992
4 571 675 628 925
4 825 826 308 843
4 170 148 174 1017
4 760 775 691 919
4 486 454 936 1036
4 62 808 100 937
4 760 906 610 913
4 189 740 514 1131
4 333 902 828 952
4 225 1052 930 1070
4 847 1083 749 1115
4 734 932 625 967
4 691 775 760 934
4 760 775 701 934
4 932 978 583 1088
4 619 859 746 991
4 432 905 749 1083
4 700 797 877 893
4 731 798 816 1034
4 853 1038 737 1054
4 232 770 848 1071
4 785 911 821 992
4 710 864 791 948
4 743 880 687 881
4 586 584 932 978
4 592 591 839 856
4 335 837 902 952
4 325 826 68 972
4 988 1033 753 1113
4 696 830 782 911
4 743 687 789 1089
4 743 880 1044 1060
4 589 588 863 1122
4 469 753 483 904
4 802 849 693 984
4 690 791 767 1118
4 341 888 766 955
4 688 1023 905 1115
4 819 860 691 1022
4 682 800 744 920
4 716 1083 847 1115
4 725 917 894 1005
4 695 853 835 1028
4 752 786 1003 1062
4 736 832 862 971
4 682 744 801 920
4 791 864 710 907
4 707 903 822 923
4 688 922 845 929
4 835 689 974 1038
4 736 862 946 971
4 736 946 832 971
4 207 969 768 1009
4 722 818 898 948
4 690 898 818 948
4 503 432 448 749
4 735 801 994 1014
4 334 332 780 952
4 230 893 247 1064
4 812 916 903 946
4 499 869 550 1047
4 691 775 934 1070
4 746 698 859 941
4 851 964 860 982
4 844 852 706 931
4 864 898 710 1082
4 748 935 830 963
4 928 994 735 1022
4 728 930 807 934
4 204 969 871 1055
4 91 78 794 1045
4 170 725 162 1017
4 754 893 797 1061
4 720 1058 797 1092
4 318 757 389 1112
4 780 952 761 971
4 697 877 813 1067
4 827 940 784 950
4 357 782 304 1084
4 884 1041 805 1045
4 829 911 903 1056
4 697 822 877 1067
4 693 890 764 984
4 702 782 780 1084
4 467 811 484 1027
4 100 937 808 943
4 683 796 885 923
4 343 766 341 888
4 839 974 739 1021
4 116 84 884 973
4 571 628 668 824
4 310 875 993 1063
4 694 816 792 914
4 466 931 741 988
4 745 827 692 1113
4 799 978 772 1088
4 627 775 266 1126
4 141 140 842 1117
4 806 837 337 933
4 538 972 1041 1048
4 739 839 731 974
4 538 1041 918 1048
4 476 483 469 753
4 284 870 804 1008
4 754 797 697 1061
4 780 896 761 952
4 777 869 699 892
4 435 757 519 1048
4 310 803 875 1000
4 231 211 209 818
4 515 431 817 989
4 695 996 846 1073
4 483 753 476 1033
4 753 931 469 988
4 690 790 855 1103
4 705 805 752 884
4 205 204 871 1055
4 765 883 703 889
4 742 717 849 984
4 837 952 335 1085
4 930 1052 807 1070
4 756 695 888 1016
4 322 965 128 1030
4 472 489 508 817
4 777 880 687 1060
4 848 958 838 1057
4 780 896 696 971
4 755 858 371 1040
4 774 877 811 985
4 122 824 156 908
4 774 985 811 1114
4 748 830 724 995
4 735 801 760 994
4 371 858 755 1087
4 690 767 876 1103
4 332 357 780 896
4 769 998 723 1025
4 743 1044 751 1060
4 633 610 906 913
4 61 970 758 1024
4 460 475 961 1036
4 238 769 987 1035
4 590 589 588 863
4 340 338 339 1109
4 795 814 695 1134
4 238 769 236 895
4 754 697 841 924
4 808 864 710 1082
4 711 837 992 1085
4 362 750 360 872
4 767 876 854 1135
4 114 747 88 1018
4 389 782 357 896
4 389 318 426 757
4 432 749 503 1083
4 718 759 973 976
4 641 783 906 1126
4 748 773 995 1051
4 514 513 438 740
4 697 773 812 1067
4 689 878 909 954
4 621 610 760 906
4 762 689 839 1021
4 688 794 752 1023
4 695 853 756 996
4 463 844 778 1027
4 723 985 878 1025
4 820 860 726 964
4 591 593 611 839
4 727 800 881 890
4 541 535 751 981
4 505 813 553 977
4 62 874 808 937
4 792 816 708 914
4 779 853 684 901
4 756 853 779 996
4 688 990 773 1051
4 789 1053 810 1079
4 682 827 800 940
4 766 888 695 1016
4 695 756 853 1016
4 697 916 822 1067
4 748 696 935 1051
4 246 257 818 948
4 789 1079 138 1117
4 330 761 332 952
4 519 843 518 1048
4 138 136 1053 1079
4 706 753 956 1113
4 728 920 784 934
4 712 820 870 891
4 684 1015 858 1110
4 872 888 756 996
4 482 528 880 1044
4 705 752 805 1023
4 761 696 825 896
4 343 888 341 955
4 688 929 794 1049
4 156 908 824 921
4 72 61 758 1080
4 749 847 758 1080
4 936 1036 773 1067
4 724 812 773 1067
4 799 864 581 1088
4 813 961 475 1036
4 777 880 479 892
4 701 934 999 1072
4 770 796 941 954
4 684 901 1015 1110
4 235 804 870 1070
4 713 771 1014 1134
4 697 924 768 990
4 391 927 755 1040
4 745 853 779 901
4 697 812 916 1067
4 798 1034 698 1103
4 197 71 943 957
4 790 698 1034 1103
4 560 788 663 866
4 748 995 724 1051
4 711 837 850 992
4 717 742 883 1128
4 206 205 246 1055
4 723 815 985 1025
4 772 942 647 967
4 745 684 853 901
4 435 520 757 963
4 795 840 703 883
4 690 845 898 929
4 313 962 546 989
4 785 903 821 911
4 761 887 718 1062
4 1001 1077 894 1111
4 223 236 895 1039
4 201 72 202 758
4 717 984 742 1128
4 888 996 872 1066
4 770 857 241 910
4 458 460 459 829
4 332 761 330 1068
4 778 844 463 1124
4 884 973 718 1100
4 235 804 284 870
4 727 880 777 892
4 726 1029 842 1132
4 763 869 237 895
4 474 473 471 1069
4 219 838 220 1071
4 700 878 796 1092
4 753 904 469 931
4 691 860 819 982
4 735 760 801 1022
4 477 482 528 880
4 713 771 868 1014
4 69 109 749 847
4 800 727 939 1125
4 710 791 907 948
4 779 695 853 1073
4 713 846 1028 1134
4 411 416 843 1112
4 713 1028 771 1134
4 708 855 790 1103
4 684 886 858 1015
4 308 826 825 1068
4 695 779 996 1073
4 871 969 722 1055
4 740 879 438 1033
4 798 731 953 1122
4 354 858 339 873
4 692 827 745 1025
4 593 839 591 856
4 883 889 765 1127
4 803 817 750 989
4 525 944 915 1129
4 746 859 619 1074
4 692 740 834 950
4 771 695 814 1134
4 770 941 746 954
4 682 890 800 956
4 583 932 772 967
4 798 859 731 1122
4 294 754 841 1061
4 695 771 814 1028
4 869 879 699 892
4 772 932 583 1088
4 834 950 740 1033
4 697 936 773 1067
4 458 1036 829 1094
4 605 647 681 942
4 751 947 789 1079
4 238 223 236 769
4 698 767 798 1103
4 773 1036 724 1067
4 846 996 779 1073
4 235 870 807 1070
4 284 804 925 1008
4 342 756 888 955
4 776 801 744 968
4 745 909 835 1038
4 208 924 768 997
4 362 962 872 1050
4 810 833 121 986
4 772 855 799 1088
4 744 691 860 968
4 240 893 230 926
4 232 770 241 910
4 712 964 820 1053
4 814 1108 771 1134
4 696 757 825 896
4 903 916 812 1067
4 363 872 756 1050
4 810 1053 136 1079
4 579 581 864 1088
4 711 992 780 1085
4 819 919 804 925
4 602 798 859 1031
4 69 72 847 1080
4 462 461 961 1027
4 698 798 767 1031
4 227 255 237 763
4 683 816 850 862
4 305 376 933 938
4 746 848 770 954
4 571 628 824 925
4 717 836 779 1019
4 828 902 711 952
4 718 976 973 1062
4 900 902 734 914
4 694 806 837 914
4 144 842 823 1117
4 705 884 752 1099
4 305 781 403 938
4 682 836 890 956
4 721 858 1016 1054
4 699 769 950 987
4 589 590 839 1122
4 304 357 389 782
4 762 1032 701 1072
4 694 837 933 1093
4 825 826 718 1068
4 687 810 789 1132
4 906 701 1032 1072
4 217 214 770 926
4 962 1081 733 1087
4 633 913 906 1032
4 227 763 237 895
4 100 937 943 957
4 717 872 750 1019
4 363 756 342 1050
4 611 839 762 1074
4 719 887 828 976
4 683 862 821 946
4 308 826 1068 1100
4 525 915 944 965
4 762 701 1032 1057
4 700 877 774 985
4 694 837 850 914
4 827 901 745 1073
4 802 980 742 1001
4 522 518 843 972
4 773 905 454 1083
4 589 953 588 1122
4 476 753 469 988
4 787 908 147 921
4 806 902 837 914
4 751 981 173 1079
4 773 990 812 1051
4 737 850 816 1093
4 893 1061 754 1064
4 677 195 804 925
4 442 947 152 1129
4 759 718 887 976
4 699 895 769 987
4 454 905 773 995
4 714 831 802 980
4 806 938 376 1013
4 444 541 867 981
4 399 1005 725 1020
4 844 852 480 1081
4 581 799 613 1118
4 783 1032 701 1057
4 572 630 907 943
4 822 916 903 1067
4 726 810 789 1053
4 792 863 618 953
4 851 920 728 934
4 282 235 284 1008
4 694 899 974 1093
4 463 778 461 1027
4 789 810 726 1132
4 838 998 220 1071
4 373 795 372 840
4 694 781 933 938
4 691 807 851 982
4 797 893 215 1061
4 715 898 975 1082
4 788 866 560 921
4 772 900 734 932
4 797 1058 945 1092
4 712 964 851 982
4 788 921 560 1121
4 751 1044 867 1060
4 752 959 884 1045
4 754 697 924 1061
4 372 883 795 1066
4 732 975 874 979
4 874 975 747 979
4 708 932 772 978
4 689 835 909 1038
4 719 966 887 976
4 1001 1029 842 1077
4 701 784 909 999
4 165 177 842 1017
4 516 1081 755 1124
4 702 780 911 992
4 746 991 910 1007
4 372 346 883 1066
4 465 844 463 1027
4 575 808 630 943
4 241 214 213 857
4 903 911 724 946
4 715 874 786 959
4 1009 1026 194 1107
4 248 254 775 1126
4 683 850 821 862
4 242 857 211 876
4 738 247 1064 1106
4 595 856 771 1096
4 766 695 899 1016
4 842 1017 177 1043
4 829 961 778 1056
4 810 833 730 1086
4 332 357 334 780
4 933 1093 837 1109
4 761 696 896 971
4 721 886 858 1054
4 589 590 591 839
4 968 1022 860 1130
4 708 953 792 978
4 409 755 371 1040
4 717 779 872 1019
4 837 902 711 914
4 258 783 848 1007
4 718 973 759 1100
4 254 248 775 930
4 682 784 827 940
4 190 257 791 876
4 102 759 897 1018
4 695 814 795 888
4 694 933 806 938
4 391 544 755 927
4 687 744 964 1132
4 780 821 696 911
4 727 800 890 956
4 624 613 767 1118
4 442 751 947 1044
4 601 621 760 919
4 366 837 806 902
4 711 902 900 914
4 734 792 914 1013
4 208 244 768 924
4 202 72 73 758
4 727 956 890 1119
4 103 759 63 973
4 781 1097 863 1123
4 695 779 853 996
4 405 887 828 966
4 806 914 792 1013
4 743 881 687 1089
4 711 821 780 992
4 717 872 779 996
4 846 999 801 1014
4 214 770 926 945
4 772 978 932 1088
4 499 777 479 892
4 863 1097 739 1123
4 802 980 831 1063
4 520 517 757 830
4 861 868 635 1098
4 838 848 723 1071
4 453 748 905 995
4 350 358 742 980
4 772 979 942 1104
4 738 882 247 1106
4 701 838 958 1057
4 712 820 891 986
4 794 1023 805 1045
4 973 976 786 1062
4 708 862 855 900
4 219 221 220 838
4 750 852 706 1019
4 720 857 876 1058
4 244 768 924 1009
4 216 240 230 926
4 712 986 891 1101
4 706 931 753 1113
4 694 806 792 938
4 460 461 829 961
4 248 775 930 1126
4 571 925 824 1042
4 749 1080 758 1115
4 698 857 885 1092
4 777 869 1047 1065
4 724 812 946 1051
4 779 853 756 1110
4 311 422 966 1102
4 787 788 729 921
4 238 895 236 987
4 683 903 785 923
4 87 80 81 874
4 760 934 801 1022
4 930 934 775 1070
4 761 887 330 1068
4 712 891 870 1101
4 563 781 814 1012
4 771 868 1014 1134
4 720 876 818 997
4 554 748 453 995
4 802 849 352 1000
4 277 134 833 986
4 821 911 780 992
4 487 470 508 817
4 561 919 819 925
4 771 1012 814 1028
4 81 79 84 786
4 924 1058 797 1059
4 667 572 630 907
4 783 906 701 1032
4 722 818 948 1055
4 716 758 922 1115
4 583 978 582 1088
4 910 991 181 1007
4 690 864 791 1118
4 691 801 920 934
4 997 1058 924 1059
4 454 936 773 951
4 339 354 340 858
4 951 990 716 1009
4 738 834 811 1114
4 554 918 748 963
4 784 723 909 1025
4 697 822 916 1059
4 734 902 828 1046
4 499 500 869 879
4 835 909 745 1073
4 595 771 614 1096
4 637 791 1118 1135
4 712 870 820 982
4 337 806 366 837
4 79 84 786 959
4 794 752 1023 1045
4 454 951 773 1083
4 887 976 718 1062
4 79 786 81 959
4 703 861 889 1098
4 562 646 1046 1102
4 752 935 832 1051
4 801 934 691 1022
4 705 752 1023 1099
4 123 162 917 1017
4 719 828 887 966
4 434 777 499 1047
4 432 749 905 1090
4 474 479 880 892
4 242 252 854 1135
4 748 963 830 995
4 699 869 777 939
4 470 472 817 904
4 920 934 801 999
4 480 852 844 931
4 232 217 770 1071
4 767 1118 791 1135
4 624 613 657 767
4 678 906 783 1032
4 366 335 837 902
4 850 862 816 914
4 744 860 851 964
4 705 1023 935 1099
4 358 350 742 1127
4 260 197 298 907
4 710 907 871 948
4 586 792 618 953
4 722 758 970 1049
4 690 799 864 1118
4 821 850 711 862
4 694 863 781 938
4 682 784 999 1073
4 760 691 934 1022
4 820 964 726 1053
4 817 852 750 989
4 827 956 753 1113
4 395 840 673 1108
4 682 800 920 940
4 677 266 627 919
4 621 906 760 919
4 760 735 994 1022
4 812 903 724 946
4 935 1023 752 1099
4 60 1041 884 1045
4 694 837 806 933
4 435 963 757 1048
4 694 766 933 1123
4 195 266 677 804
4 356 382 814 888
4 116 117 84 973
4 967 1046 719 1102
4 507 951 454 1083
4 767 1103 690 1118
4 459 458 829 1094
4 177 144 165 842
4 669 569 824 1121
4 817 904 472 1069
4 746 1006 991 1007
4 726 860 820 1095
4 690 1103 799 1118
4 750 872 362 962
4 839 856 762 1021
4 610 601 621 760
4 858 873 354 1040
4 259 242 252 854
4 715 874 959 1078
4 723 998 815 1025
4 714 980 802 1001
4 406 309 399 1005
4 814 1028 1012 1123
4 381 828 902 1046
4 487 817 431 852
4 720 857 1058 1092
4 589 839 591 1122
4 559 630 808 1076
4 778 707 961 1027
4 775 804 691 919
4 431 852 817 989
4 337 366 335 837
4 829 903 707 1056
4 97 62 808 943
4 694 850 837 1093
4 712 810 964 1053
4 370 828 405 887
4 73 758 61 970
4 743 915 793 1002
4 229 235 807 1070
4 141 842 787 1017
4 499 494 879 892
4 252 259 854 910
4 331 896 332 1068
4 800 827 682 956
4 742 776 984 1001
4 825 1068 896 1112
4 617 788 604 861
4 729 908 787 921
4 601 760 610 994
4 376 806 383 933
4 441 1041 92 1090
4 498 949 830 1094
4 726 820 908 1095
4 870 891 820 982
4 454 453 905 995
4 216 230 893 926
4 243 797 215 1061
4 356 766 343 888
4 694 933 781 1123
4 343 342 888 955
4 707 785 923 1011
4 97 100 62 943
4 641 783 678 906
4 461 778 509 912
4 635 861 599 868
4 223 998 769 1035
4 411 519 757 843
4 276 891 125 986
4 712 851 807 982
4 682 920 784 940
4 135 810 121 986
4 695 1028 814 1123
4 754 924 841 1061
4 360 750 362 1133
4 528 915 743 1129
4 505 530 553 813
4 880 892 727 1069
4 726 842 1117 1132
4 683 785 821 850
4 815 926 218 998
4 703 868 861 1098
4 691 804 775 1070
4 786 975 715 1003
4 144 842 177 1043
4 766 933 356 1109
4 742 980 358 1127
4 797 924 697 1061
4 79 84 959 1045
4 756 955 342 1050
4 232 910 181 1007
4 761 825 718 1068
4 706 901 931 1113
4 177 1017 917 1043
4 241 217 214 770
4 722 758 969 970
4 719 942 772 967
4 753 904 706 956
4 588 618 863 953
4 812 697 916 1059
4 677 919 561 925
4 248 183 254 1126
4 707 778 961 1056
4 60 805 1041 1045
4 322 993 831 1063
4 357 780 896 1084
4 763 851 807 960
4 821 903 683 946
4 146 944 823 1030
4 528 743 1044 1129
4 715 898 929 1003
4 218 815 240 926
4 835 999 909 1073
4 623 1006 746 1074
4 699 939 800 940
4 696 821 780 971
4 780 821 711 971
4 708 798 953 978
4 485 813 475 977
4 788 866 787 1111
4 611 762 603 1032
4 350 351 352 849
4 608 792 586 932
4 607 771 595 856
4 321 897 759 966
4 632 859 854 1031
4 432 449 749 1090
4 461 491 829 912
4 705 825 757 843
4 801 968 776 1014
4 909 954 723 1057
4 399 309 917 1005
4 742 894 980 1127
4 729 788 787 1130
4 752 1023 935 1051
4 811 961 707 1027
4 250 215 893 1061
4 140 1053 908 1117
4 559 630 575 808
4 196 445 847 1026
4 577 96 568 979
4 300 804 235 1070
4 725 787 866 1111
4 823 842 144 1043
4 842 1077 1029 1095
4 73 202 758 970
4 697 812 773 990
4 349 372 346 883
4 427 362 962 1133
4 743 915 1002 1089
4 123 170 162 1017
4 442 1044 947 1129
4 693 817 793 1119
4 894 917 309 1005
4 629 376 938 1013
4 613 798 602 1031
4 132 149 981 1086
4 711 828 900 902
4 807 851 763 1052
4 683 822 903 923
4 258 848 783 958
4 750 962 362 1133
4 80 874 99 1078
4 710 871 809 898
4 809 871 722 898
4 369 1068 825 1112
4 69 448 109 847
4 614 1098 771 1108
4 428 841 936 951
4 515 431 508 817
4 810 1004 687 1060
4 69 109 113 749
4 418 782 417 927
4 724 903 829 911
4 485 475 813 961
4 709 875 793 1002
4 711 902 837 952
4 607 771 856 1012
4 243 924 210 1058
4 431 487 508 817
4 356 781 392 933
4 845 922 722 929
4 311 966 1046 1102
4 130 866 652 1020
4 709 1002 915 1089
4 337 383 366 806
4 745 784 909 1025
4 863 953 731 1122
4 67 96 874 979
4 801 999 934 1072
4 485 961 813 977
4 688 773 990 1115
4 485 811 961 977
4 354 371 858 1040
4 853 899 695 1016
4 488 546 962 989
4 314 734 902 1013
4 558 840 889 1098
4 708 862 900 914
4 808 1076 864 1082
4 235 870 284 1008
4 509 912 778 1124
4 707 961 829 1056
4 241 232 217 770
4 354 409 371 1040
4 726 1053 789 1117
4 698 767 854 1031
4 694 792 806 914
4 294 841 180 1061
4 737 974 899 1093
4 721 1085 837 1109
4 147 787 141 908
4 717 776 984 1128
4 616 604 599 861
4 369 825 308 843
4 459 461 491 829
4 583 772 647 967
4 608 586 584 932
4 776 890 836 984
4 741 931 901 1113
4 522 843 320 972
4 720 790 885 916
4 621 633 610 906
4 721 873 858 886
4 727 890 881 1119
4 688 812 990 1051
4 684 1016 853 1110
4 835 853 695 1073
4 816 850 694 1093
4 706 904 753 931
4 585 587 602 798
4 62 99 874 937
4 701 775 906 1126
4 772 855 732 1104
4 474 499 479 892
4 641 678 565 906
4 872 962 733 1050
4 722 845 768 922
4 691 804 807 982
4 831 993 1030 1063
4 66 749 449 1090
4 587 798 585 953
4 555 1118 767 1135
4 810 833 712 1004
4 684 853 779 1110
4 463 461 462 1027
4 714 831 980 1075
4 314 902 806 1013
4 745 878 774 1025
4 834 988 811 1114
4 793 875 709 915
4 846 1128 996 1134
4 733 852 844 1081
4 771 614 1096 1098
4 772 732 855 1088
4 730 833 810 1004
4 702 911 829 1056
4 210 924 997 1058
4 694 792 863 938
4 467 811 485 977
4 695 888 766 1123
4 789 1089 687 1132
4 691 807 804 1070
4 710 898 809 1082
4 105 786 84 973
4 858 886 873 1040
4 704 804 819 982
4 691 819 804 982
4 716 1026 1009 1107
4 720 797 1058 1059
4 519 517 426 757
4 314 902 734 1046
4 341 766 356 1109
4 695 814 888 1123
4 583 625 932 967
4 417 426 517 782
4 687 964 810 1132
4 656 1006 783 1007
4 414 1005 865 1116
4 246 205 281 948
4 352 849 351 1000
4 826 884 718 1100
4 525 915 433 1129
4 588 586 618 953
4 710 809 937 1082
4 793 915 709 1002
4 377 309 980 1075
4 853 1016 756 1110
4 461 463 509 778
4 513 740 189 879
4 484 988 464 1027
4 774 700 878 923
4 712 1004 833 1105
4 215 893 797 945
4 811 877 738 985
4 762 913 603 1032
4 410 962 362 1050
4 716 922 758 1107
4 561 628 675 925
4 755 912 702 1040
4 690 855 799 1103
4 699 769 895 940
4 689 941 839 974
4 760 701 906 1072
4 618 863 792 938
4 874 937 99 1078
4 745 901 827 1113
4 702 886 755 1040
4 617 788 861 1116
4 705 935 918 963
4 699 939 892 1125
4 130 170 866 1020
4 832 946 736 1051
4 807 870 804 1070
4 701 906 783 958
4 208 233 244 924
4 740 699 879 950
4 714 917 894 1077
4 748 918 935 963
4 760 919 691 1022
4 810 964 726 1132
4 569 921 824 1121
4 516 755 429 1124
4 711 862 850 914
4 700 893 877 985
4 761 896 825 1068
4 235 300 284 804
4 350 349 883 1127
4 448 432 449 749
4 720 1058 997 1059
4 779 996 872 1110
4 861 983 788 1130
4 650 199 925 1042
4 786 874 715 975
4 414 573 865 1020
4 825 843 369 1112
4 699 769 940 950
4 918 935 705 1023
4 793 880 743 881
4 387 803 440 875
4 142 120 145 944
4 766 1093 933 1109
4 694 933 766 1093
4 405 966 828 1046
4 519 426 411 757
4 772 942 719 1104
4 738 893 877 1064
4 356 341 343 766
4 122 156 159 908
4 581 864 799 1118
4 713 1014 846 1134
4 317 887 759 1100
4 346 349 883 1066
4 380 802 379 1000
4 788 983 861 1111
4 470 472 508 817
4 141 139 140 1117
4 105 81 84 786
4 427 360 362 1133
4 213 857 214 945
4 770 698 857 910
4 599 600 598 994
4 613 585 602 798
4 613 799 582 978
4 319 424 765 889
4 872 1019 779 1110
4 816 862 708 914
4 411 318 416 1112
4 319 765 1005 1116
4 123 917 177 1017
4 263 550 869 1047
4 613 581 582 799
4 273 791 187 907
4 1015 1050 858 1110
4 796 700 885 923
4 684 886 778 1011
4 763 960 807 1052
4 579 864 1076 1088
4 461 459 460 829
4 945 1058 857 1092
4 807 930 728 1052
4 223 769 238 1035
4 715 809 898 1082
4 365 356 933 1109
4 613 585 798 978
4 695 766 899 1123
4 810 712 986 1053
4 136 121 135 810
4 711 952 780 971
4 221 848 258 958
4 294 262 754 1061
4 804 819 691 919
4 520 498 517 830
4 798 859 698 1034
4 704 820 891 982
4 424 1005 765 1127
4 720 916 885 1059
4 454 905 452 1083
4 774 985 692 1025
4 787 866 788 921
4 618 938 792 1013
4 227 763 895 1052
4 689 974 839 1021
4 243 797 924 1058
4 364 342 955 1050
4 738 811 985 1114
4 702 755 886 912
4 249 258 783 958
4 717 996 846 1128
4 243 215 797 945
4 310 803 387 875
4 710 943 937 957
4 712 960 1004 1105
4 707 923 774 1011
4 294 512 511 841
4 240 815 218 998
4 333 355 828 902
4 768 922 845 990
4 495 834 484 1037
4 861 788 1111 1116
4 623 991 746 1006
4 142 823 120 944
4 756 888 695 996
4 709 1030 993 1063
4 793 881 743 1002
4 711 850 837 914
4 141 787 148 1017
4 775 701 930 958
4 831 1063 980 1075
4 877 893 738 985
4 345 795 888 1066
4 309 917 894 1075
4 309 894 980 1075
4 315 781 356 814
4 434 867 777 1047
4 736 845 812 916
4 207 768 969 1055
4 708 792 932 978
4 701 906 958 1126
4 800 940 827 1125
4 713 846 835 1028
4 242 259 213 857
4 758 722 922 1049
4 485 811 467 961
4 598 600 601 994
4 787 686 1095 1130
4 746 1006 848 1057
4 864 1076 732 1082
4 683 903 822 916
4 856 913 762 1021
4 729 921 788 1121
4 749 905 1023 1115
4 796 878 700 923
4 810 964 687 1004
4 771 1108 840 1134
4 802 1000 380 1063
4 906 1032 913 1072
4 737 923 785 1011
4 772 1088 979 1104
4 784 920 728 940
4 221 219 258 848
4 701 958 775 1126
4 753 988 476 1033
4 701 760 934 1072
4 373 372 307 840
4 822 885 700 923
4 479 777 434 867
4 149 173 981 1079
4 748 935 918 1023
4 707 877 813 961
4 737 1011 785 1054
4 506 483 476 1033
4 689 909 762 1057
4 514 189 513 740
4 708 799 855 1103
4 623 746 619 1074
4 294 188 512 754
4 820 986 712 1053
4 749 1023 905 1090
4 208 233 924 997
4 813 961 877 977
4 604 788 655 1121
4 611 762 1006 1074
4 754 877 738 977
4 345 888 344 1066
4 682 784 920 999
4 426 318 411 757
4 132 121 149 1086
4 715 937 809 1082
4 684 778 886 1015
4 846 996 695 1134
4 658 611 603 1032
4 699 777 892 939
4 790 698 885 1034
4 733 962 872 1019
4 356 343 382 888
4 912 927 702 1040
4 222 930 838 958
4 707 877 822 1067
4 858 1015 755 1087
4 542 501 541 1044
4 755 912 429 1124
4 693 881 764 890
4 459 829 491 949
4 66 805 749 1090
4 775 804 266 1070
4 752 884 805 1045
4 627 266 270 1126
4 707 813 877 1067
4 689 762 909 1021
4 830 995 456 1094
4 996 1128 795 1134
4 227 228 255 763
4 467 484 464 1027
4 72 61 73 758
4 733 1050 1015 1110
4 744 800 851 920
4 740 879 699 987
4 847 1026 445 1083
4 619 746 623 991
4 719 897 759 976
4 523 867 548 1047
4 811 834 738 1037
4 305 392 781 933
4 205 871 281 948
4 805 884 705 1041
4 698 770 857 1092
4 764 881 693 1002
4 411 843 757 1112
4 702 873 886 1040
4 711 850 821 992
4 321 897 966 1102
4 118 80 99 1078
4 731 839 941 974
4 804 870 807 982
4 722 768 845 1055
4 983 1111 788 1130
4 180 841 924 1061
4 760 906 913 1072
4 709 965 915 993
4 771 713 868 1096
4 243 215 250 1061
4 722 898 845 929
4 776 742 984 1128
4 491 829 912 949
4 731 859 798 1034
4 835 909 713 1021
4 758 922 722 969
4 207 1009 245 1107
4 479 434 501 867
4 837 1085 336 1109
4 704 1042 891 1091
4 691 968 801 1022
4 691 860 968 1022
4 807 851 712 960
4 671 629 376 938
4 213 241 857 910
4 778 886 755 912
4 812 845 990 1059
4 68 826 119 972
4 766 694 899 1123
4 728 763 851 1052
4 687 1089 881 1132
4 91 78 76 794
4 877 961 811 977
4 805 918 705 1023
4 747 874 786 975
4 762 1006 746 1057
4 759 897 719 966
4 703 765 861 983
4 737 899 974 1038
4 770 217 926 1071
4 745 827 784 1025
4 707 811 877 961
4 481 949 498 1094
4 329 384 887 966
4 737 853 899 1038
4 222 248 930 958
4 878 923 796 1038
4 842 908 726 1117
4 106 660 747 942
4 894 917 725 1077
4 194 1026 1009 1120
4 528 1044 549 1129
4 821 911 903 946
4 247 815 286 882
4 714 1001 842 1077
4 538 918 478 1048
4 714 1017 842 1043
4 76 91 794 1080
4 742 980 894 1001
4 223 998 838 1039
4 845 997 818 1055
4 721 850 837 992
4 243 945 797 1058
4 704 891 870 982
4 120 823 146 944
4 714 917 1017 1043
4 861 889 642 1116
4 618 792 608 1013
4 91 85 78 1045
4 157 1042 824 1091
4 742 765 894 1127
4 865 1111 788 1116
4 712 833 960 1105
4 754 738 877 1064
4 713 909 835 999
4 783 958 906 1126
4 768 997 845 1055
4 106 897 660 942
4 774 923 878 1038
4 222 838 221 958
4 871 969 204 970
4 905 918 451 1090
4 587 953 589 1122
4 223 769 998 1039
4 771 713 856 1028
4 892 904 753 1125
4 454 497 936 951
4 553 530 428 936
4 582 799 581 1088
4 308 825 369 1068
4 719 942 897 976
4 765 319 889 1116
4 567 889 319 1116
4 247 240 286 815
4 623 622 1006 1074
4 414 865 323 1020
4 360 351 849 1133
4 915 944 709 1089
4 811 977 467 1037
4 686 1077 1001 1111
4 334 780 367 1085
4 711 952 837 1085
4 704 1008 891 1042
4 333 330 332 952
4 610 760 913 994
4 527 442 152 1129
4 176 823 144 1043
4 709 823 1002 1089
4 243 233 210 924
4 765 703 861 889
4 364 955 858 1050
4 617 865 788 1116
4 158 824 569 921
4 223 220 838 998
4 714 894 980 1001
4 785 850 737 1054
4 774 878 745 1038
4 728 851 807 1052
4 729 787 1095 1130
4 463 509 778 1124
4 872 996 756 1110
4 897 942 747 976
4 466 469 931 988
4 341 356 365 1109
4 213 857 259 910
4 699 950 740 987
4 848 1006 783 1057
4 774 878 985 1025
4 818 845 720 997
4 292 245 194 1107
4 201 758 184 1107
4 730 867 777 1060
4 722 898 871 948
4 586 953 585 978
4 771 856 713 1096
4 713 1021 909 1072
4 246 281 257 948
4 587 588 589 953
4 743 944 915 1089
4 172 891 143 986
4 727 881 793 1119
4 775 930 701 934
4 636 863 938 1097
4 351 1000 849 1133
4 616 617 604 861
4 716 1026 847 1083
4 705 843 757 1048
4 61 1024 758 1080
4 144 823 142 1117
4 370 405 329 887
4 76 1024 794 1078
4 831 1030 709 1063
4 782 911 830 949
4 683 821 785 903
4 698 859 798 1031
4 223 239 998 1035
4 796 878 689 954
4 370 333 355 828
4 522 518 320 843
4 308 1068 328 1100
4 602 859 612 1031
4 709 915 875 993
4 891 1008 131 1042
4 647 942 648 967
4 778 844 741 1027
4 248 222 221 958
4 595 607 614 771
4 687 939 777 1060
4 593 913 856 1096
4 709 993 875 1063
4 488 962 852 989
4 363 362 872 1050
4 149 121 136 810
4 801 934 760 1072
4 299 572 907 943
4 639 854 252 1135
4 735 983 861 1130
4 766 888 814 1123
4 745 779 853 1073
4 837 721 992 1085
4 69 89 72 1080
4 720 885 857 1092
4 700 926 893 985
4 319 424 408 765
4 373 345 372 795
4 810 986 135 1053
4 663 788 617 865
4 692 985 815 1025
4 782 896 780 1084
4 424 359 1005 1127
4 706 779 836 1019
4 331 896 1068 1112
4 444 981 867 1010
4 436 488 962 1081
4 755 927 912 1040
4 808 979 577 1076
4 540 445 1026 1083
4 103 317 759 1100
4 245 1009 194 1107
4 437 977 1064 1106
4 737 796 923 1038
4 343 341 342 955
4 700 926 770 1092
4 706 904 817 1119
4 390 378 424 889
4 701 999 909 1072
4 616 599 635 861
4 555 767 657 1031
4 399 400 162 917
4 620 1012 592 1097
4 563 781 315 814
4 712 960 851 1004
4 442 751 126 947
4 582 978 799 1088
4 711 780 952 1085
4 749 805 1023 1090
4 103 63 104 973
4 861 868 703 1014
4 763 851 960 1004
4 474 471 483 892
4 706 956 904 1119
4 756 888 766 1016
4 592 593 591 856
4 237 895 869 987
4 871 898 710 948
4 251 72 201 847
4 500 550 499 869
4 180 841 265 924
4 684 779 901 1110
4 255 763 228 1065
4 754 977 738 1064
4 142 823 789 1117
4 218 998 926 1071
4 243 924 797 1061
4 700 797 945 1092
4 695 899 1028 1123
4 169 173 751 981
4 826 843 705 972
4 737 974 796 1038
4 689 796 974 1038
4 761 718 887 1068
4 148 141 147 787
4 725 866 787 1017
4 735 868 861 1014
4 810 726 964 1053
4 695 846 835 1073
4 893 926 815 985
4 721 873 886 992
4 555 767 1031 1135
4 713 913 1021 1072
4 495 484 467 1037
4 677 651 195 925
4 730 1004 810 1060
4 861 703 983 1014
4 705 826 825 843
4 475 460 458 1036
4 81 786 105 1018
4 526 525 944 965
4 636 863 618 938
4 763 960 228 1065
4 210 924 233 997
4 769 998 815 1035
4 687 851 939 1004
4 616 635 642 861
4 815 998 239 1035
4 205 206 204 1055
4 516 543 755 1081
4 807 960 226 1052
4 448 449 109 749
4 599 597 868 994
4 506 438 879 1033
4 265 924 841 1009
4 489 440 803 875
4 362 360 347 872
4 827 956 800 1125
4 411 518 519 843
4 216 926 893 945
4 230 247 285 1064
4 215 216 893 945
4 962 1050 410 1087
4 872 962 750 1019
4 746 848 1006 1007
4 583 647 625 967
4 735 861 983 1014
4 346 348 349 1066
4 804 870 704 1008
4 317 328 887 1100
4 211 857 213 1058
4 713 913 856 1021
4 436 962 404 1081
4 762 1021 913 1072
4 82 884 84 1045
4 842 908 787 1095
4 726 908 842 1095
4 137 138 136 1053
4 704 819 804 925
4 626 819 561 919
4 683 885 822 923
4 699 869 895 987
4 722 969 871 970
4 730 833 1004 1105
4 452 905 432 1083
4 796 885 698 1034
4 685 786 975 976
4 669 819 606 928
4 880 881 793 1069
4 736 946 812 1051
4 136 810 135 1053
4 184 758 202 970
4 686 776 968 983
4 319 765 408 1005
4 808 937 710 943
4 227 228 763 1052
4 700 774 878 985
4 225 1039 930 1052
4 244 207 768 1009
4 975 1003 786 1062
4 254 930 775 1070
4 766 888 756 955
4 76 794 77 1078
4 548 523 444 867
4 723 998 838 1071
4 733 872 1050 1110
4 555 624 657 767
4 526 944 525 1129
4 523 1010 867 1047
4 814 1012 781 1123
4 305 376 383 933
4 520 456 830 963
4 608 932 625 1013
4 705 757 963 1048
4 184 969 758 970
4 337 933 837 1109
4 118 99 937 1078
4 68 115 119 826
4 526 944 153 965
4 334 357 367 780
4 783 1006 848 1007
4 348 351 350 849
4 150 981 547 1010
4 721 850 992 1054
4 891 1042 131 1091
4 1016 1093 766 1109
4 721 1093 1016 1109
4 505 475 813 977
4 231 246 257 818
4 337 837 336 1109
4 446 915 965 993
4 968 983 776 1014
4 678 783 557 1032
4 505 485 475 977
4 387 803 310 1000
4 796 689 941 954
4 723 770 926 1071
4 785 992 850 1054
4 799 855 732 1088
4 335 902 333 952
4 583 681 772 1088
4 208 768 207 1055
4 698 885 796 1092
4 865 1005 323 1020
4 802 693 849 1000
4 865 866 788 1111
4 701 1057 762 1072
4 480 852 488 1081
4 820 159 908 1091
4 686 1029 1077 1095
4 193 957 871 970
4 624 767 555 1118
4 454 453 452 905
4 77 794 78 959
4 517 435 520 757
4 375 325 68 972
4 105 786 973 1018
4 722 970 809 1049
4 388 962 410 1087
4 702 886 873 992
4 728 895 769 940
4 715 937 874 1078
4 727 793 1069 1119
4 687 964 851 1004
4 908 1053 726 1117
4 190 231 257 876
4 213 212 857 945
4 275 167 891 1008
4 747 975 786 976
4 141 842 139 1117
4 697 990 768 1059
4 758 794 1024 1049
4 80 79 81 959
4 330 370 329 887
4 681 647 583 772
4 693 793 881 1119
4 725 866 865 1111
4 242 213 211 857
4 870 891 185 1101
4 736 916 812 946
4 711 761 952 971
4 193 65 957 970
4 804 704 925 1008
4 249 958 783 1126
4 495 834 1037 1131
4 435 519 518 1048
4 338 337 336 1109
4 359 894 406 1005
4 733 1019 872 1110
4 543 544 429 755
4 796 885 700 1092
4 248 930 958 1126
4 411 757 318 1112
4 695 1028 846 1134
4 748 905 1023 1090
4 694 766 899 1093
4 149 810 136 1079
4 737 899 853 1016
4 768 845 997 1059
4 720 997 845 1059
4 515 489 440 803
4 816 974 731 1034
4 474 479 473 880
4 716 951 773 990
4 563 1012 814 1108
4 285 1064 247 1106
4 310 380 1000 1063
4 834 1113 988 1114
4 728 895 763 1052
4 503 847 445 1083
4 471 469 483 904
4 817 1069 793 1119
4 234 807 235 870
4 222 223 220 838
4 357 367 780 1084
4 222 223 838 1039
4 336 837 335 1085
4 243 212 945 1058
4 759 976 897 1018
4 897 976 747 1018
4 561 819 628 925
4 786 976 973 1018
4 306 388 410 1087
4 729 787 908 1095
4 242 876 190 1135
4 178 820 159 908
4 128 322 155 965
4 842 1029 726 1095
4 446 539 536 915
4 748 1023 918 1090
4 728 769 895 1039
4 63 973 759 1018
4 727 904 892 1125
4 586 585 584 978
4 437 977 754 1064
4 909 999 713 1072
4 695 835 846 1028
4 156 147 908 921
4 722 871 809 970
4 606 601 600 928
4 727 793 881 1069
4 782 702 911 949
4 156 824 158 921
4 785 707 903 1056
4 530 813 475 1036
4 685 786 976 1062
4 765 861 1111 1116
4 145 944 120 947
4 143 891 172 1091
4 656 557 783 1006
4 834 1106 1037 1131
4 755 886 778 1015
4 686 1111 983 1130
4 212 213 857 1058
4 810 712 833 986
4 530 936 813 1036
4 72 89 61 1080
4 376 305 403 938
4 350 353 349 1127
4 724 773 995 1036
4 507 454 452 1083
4 329 887 405 966
4 809 937 715 1078
4 780 702 873 992
4 585 953 798 978
4 336 337 335 837
4 450 441 92 1090
4 294 180 262 1061
4 758 1024 970 1049
4 698 854 859 1031
4 692 1113 834 1114
4 719 1046 966 1102
4 678 641 557 783
4 899 1016 737 1093
4 316 1063 831 1075
4 490 489 793 875
4 837 850 721 1093
4 96 808 62 874
4 803 989 750 1133
4 626 601 606 919
4 467 961 811 1027
4 641 565 640 906
4 805 1023 752 1045
4 614 771 607 1108
4 190 791 274 1135
4 343 342 344 888
4 694 850 816 914
4 153 944 154 965
4 722 845 818 1055
4 428 936 497 951
4 457 830 456 1094
4 711 900 862 914
4 702 780 873 1084
4 457 456 995 1094
4 608 792 932 1013
4 278 1106 882 1131
4 894 1001 714 1077
4 1012 1028 739 1123
4 499 434 479 777
4 703 840 795 1134
4 273 274 187 791
4 493 463 844 1124
4 286 882 815 1035
4 591 839 611 1074
4 821 946 862 971
4 580 582 581 1088
4 840 1098 673 1108
4 276 185 891 1101
4 607 856 592 1012
4 243 212 215 945
4 360 351 348 849
4 739 856 839 1021
4 354 873 374 1040
4 768 924 697 1059
4 354 339 374 873
4 763 1065 1004 1105
4 85 805 60 1045
4 697 924 797 1059
4 728 930 838 1039
4 358 980 894 1127
4 724 903 812 1067
4 143 891 820 986
4 762 746 1006 1074
4 86 115 116 884
4 704 870 804 982
4 613 602 657 1031
4 260 281 205 871
4 316 415 831 1063
4 554 453 456 995
4 861 983 765 1111
4 394 840 307 889
4 762 909 1021 1072
4 647 648 562 967
4 145 138 789 1079
4 766 955 756 1016
4 738 893 815 985
4 570 791 667 864
4 581 579 580 1088
4 743 947 751 1044
4 820 908 178 1053
4 759 973 976 1018
4 778 886 912 1056
4 228 1065 960 1105
4 766 341 955 1109
4 367 780 1084 1085
4 276 125 277 986
4 721 837 1093 1109
4 722 922 768 1055
4 730 981 867 1060
4 867 981 751 1060
4 855 975 732 1104
4 97 808 98 943
4 457 456 455 995
4 67 568 96 979
4 734 900 828 902
4 685 975 786 1062
4 735 968 801 1014
4 641 906 640 1126
4 795 883 717 1066
4 991 1006 623 1007
4 738 877 811 977
4 305 356 392 933
4 286 815 239 1035
4 829 1036 724 1094
4 98 808 576 943
4 825 826 705 1099
4 718 826 825 1099
4 488 546 404 962
4 723 954 770 1071
4 165 123 177 1017
4 212 211 213 1058
4 626 606 819 919
4 1004 1065 730 1105
4 717 795 996 1128
4 719 759 966 976
4 779 745 901 1073
4 581 634 864 1118
4 858 755 886 1040
4 719 966 897 1102
4 310 380 379 1000
4 711 821 862 971
4 138 1053 137 1117
4 137 1053 140 1117
4 715 898 809 1049
4 618 586 608 792
4 77 794 959 1078
4 224 1039 225 1052
4 727 904 817 1069
4 471 472 904 1069
4 411 320 518 843
4 352 379 380 802
4 717 883 795 1128
4 146 175 1030 1043
4 812 916 845 1059
4 703 1098 840 1134
4 182 264 882 1035
4 530 505 475 813
4 252 910 854 991
4 829 949 459 1094
4 163 162 400 917
4 340 858 364 955
4 284 804 195 925
4 229 235 234 807
4 575 576 808 943
4 721 992 886 1054
4 159 820 143 1091
4 299 197 71 943
4 536 915 525 965
4 667 791 570 907
4 428 511 512 841
4 712 870 807 960
4 713 801 999 1014
4 857 945 212 1058
4 321 759 384 966
4 78 77 76 794
4 727 881 880 1069
4 918 1041 441 1090
4 291 192 1086 1105
4 240 239 815 998
4 616 861 642 1116
4 100 943 71 957
4 322 421 965 993
4 795 695 996 1134
4 623 619 622 1074
4 683 885 790 916
4 882 1037 834 1106
4 564 854 859 991
4 760 906 775 919
4 834 882 738 1037
4 700 945 926 1092
4 143 820 891 1091
4 102 321 111 897
4 886 992 785 1054
4 809 898 722 1049
4 521 538 478 1048
4 882 1106 834 1131
4 689 878 796 1038
4 758 969 184 1107
4 783 958 848 1057
4 655 788 560 1121
4 823 831 714 1043
4 732 864 799 1088
4 722 929 922 1049
4 228 960 763 1052
4 573 663 865 866
4 208 997 768 1055
4 758 1024 794 1080
4 617 861 616 1116
4 477 793 489 1069
4 376 403 671 938
4 1026 1083 716 1120
4 620 592 590 1097
4 778 1011 886 1056
4 688 922 929 1049
4 388 362 410 962
4 283 131 1008 1042
4 363 410 362 1050
4 794 78 959 1045
4 92 66 450 1090
4 661 791 273 907
4 662 824 157 1042
4 398 566 644 1046
4 145 138 142 789
4 541 444 535 981
4 639 279 252 854
4 738 1037 882 1106
4 1009 1026 716 1120
4 404 546 313 962
4 145 789 947 1079
4 940 950 827 1125
4 764 881 1089 1132
4 778 912 829 1056
4 143 986 820 1053
4 714 842 823 1043
4 773 905 748 995
4 66 113 749 1080
4 455 457 995 1094
4 566 967 644 1046
4 570 637 274 791
4 744 1029 964 1132
4 691 919 819 1022
4 607 595 592 856
4 807 870 712 982
4 280 189 514 1131
4 493 463 465 844
4 842 787 1077 1095
4 273 570 274 791
4 477 528 490 915
4 723 926 815 998
4 159 178 143 820
4 579 581 634 864
4 904 956 753 1125
4 207 244 245 1009
4 216 218 240 926
4 66 85 91 805
4 683 822 885 916
4 596 913 593 1096
4 146 1030 823 1043
4 716 773 1083 1115
4 689 796 941 974
4 833 1086 192 1105
4 685 975 855 1104
4 599 598 597 994
4 693 881 793 1002
4 763 1004 960 1105
4 839 941 1074 1122
4 405 828 381 1046
4 379 802 352 1000
4 873 992 721 1085
4 140 178 908 1053
4 146 120 142 823
4 737 1016 853 1054
4 714 1017 917 1077
4 428 510 841 951
4 494 506 438 879
4 142 789 138 1117
4 467 462 961 1027
4 569 669 676 1121
4 733 1050 962 1087
4 601 610 598 994
4 381 828 355 902
4 558 889 642 1098
4 703 889 840 1098
4 865 1005 765 1116
4 748 918 905 1090
4 951 716 1083 1120
4 773 716 990 1115
4 482 880 477 1069
4 706 901 779 1019
4 66 449 450 1090
4 563 643 781 1012
4 696 911 821 946
4 584 583 932 978
4 862 900 711 971
4 709 831 823 1030
4 744 860 964 1029
4 772 932 734 967
4 573 866 865 1020
4 67 87 747 874
4 344 872 347 1066
4 286 240 239 815
4 669 569 668 824
4 700 797 893 945
4 334 952 780 1085
4 673 840 558 1098
4 575 97 576 943
4 832 935 696 946
4 314 381 902 1046
4 624 581 613 1118
4 371 1050 858 1087
4 478 918 963 1048
4 316 393 1063 1075
4 448 445 503 847
4 131 891 167 1008
4 411 416 320 843
4 96 577 98 808
4 785 886 702 992
4 707 1011 778 1056
4 566 314 1013 1046
4 477 490 793 915
4 703 1014 868 1134
4 403 781 670 938
4 307 378 390 889
4 234 807 870 960
4 201 202 184 758
4 308 826 325 843
4 941 974 796 1034
4 655 604 617 788
4 850 737 1054 1093
4 714 842 1017 1077
4 697 813 936 1067
4 220 998 218 1071
4 741 1113 901 1114
4 364 858 371 1050
4 756 1050 872 1110
4 112 937 100 957
4 931 988 753 1113
4 739 1028 899 1123
4 771 1096 868 1098
4 848 954 746 1057
4 831 1030 175 1043
4 617 663 560 788
4 299 907 197 943
4 824 1042 704 1091
4 455 995 1036 1094
4 576 98 577 808
4 835 853 745 1038
4 146 176 175 1043
4 838 930 701 958
4 83 937 112 957
4 756 858 1050 1110
4 520 456 498 830
4 721 858 955 1016
4 695 771 1028 1134
4 350 352 358 980
4 686 1029 1001 1077
4 856 1012 771 1028
4 242 211 231 876
4 715 874 937 1082
4 813 1036 936 1067
4 456 457 498 830
4 745 853 835 1073
4 277 125 134 986
4 386 927 1040 1084
4 756 955 858 1016
4 384 759 317 966
4 311 1046 397 1102
4 739 856 1021 1028
4 264 189 740 1035
4 79 82 84 1045
4 779 1019 901 1110
4 500 289 869 879
4 264 280 182 882
4 787 725 1077 1111
4 686 787 1077 1111
4 768 990 845 1059
4 839 731 941 1122
4 822 903 707 1067
4 768 997 924 1059
4 723 926 998 1071
4 619 1074 859 1122
4 713 999 846 1014
4 556 938 781 1097
4 499 474 494 892
4 405 311 966 1046
4 552 1037 1106 1131
4 504 448 69 847
4 712 964 810 1004
4 743 1002 881 1089
4 778 912 755 1124
4 955 1016 766 1109
4 523 444 867 1010
4 455 1036 458 1094
4 716 773 951 1083
4 859 941 698 1034
4 185 891 870 1008
4 721 1016 955 1109
4 146 823 176 1043
4 935 946 832 1051
4 701 958 783 1057
4 492 467 977 1037
4 979 1088 732 1104
4 713 835 846 999
4 772 732 1088 1104
4 833 712 960 1101
4 536 446 915 965
4 699 800 939 1125
4 926 945 770 1092
4 840 1098 771 1134
4 702 912 886 1056
4 134 288 277 833
4 696 946 935 1051
4 739 1012 856 1028
4 702 782 927 949
4 208 244 207 768
4 762 1057 909 1072
4 828 966 719 1046
4 871 957 809 970
4 692 985 774 1114
4 821 850 785 992
4 942 976 719 1104
4 1016 1054 737 1093
4 781 938 863 1097
4 331 1068 369 1112
4 811 738 977 1037
4 196 445 251 847
4 432 905 451 1090
4 532 875 539 993
4 637 1118 555 1135
4 770 954 848 1071
4 813 877 754 977
4 525 153 154 965
4 418 927 386 1084
4 727 1069 817 1119
4 529 1106 278 1131
4 980 1063 393 1075
4 609 669 928 1121
4 437 1037 977 1106
4 641 640 271 1126
4 304 418 386 1084
4 830 949 911 1094
4 439 927 782 949
4 92 805 66 1090
4 699 879 869 987
4 752 1003 832 1062
4 470 471 472 904
4 435 520 963 1048
4 782 702 927 1084
4 387 803 1000 1133
4 572 200 299 907
4 786 747 976 1018
4 367 1084 873 1085
4 705 935 825 1099
4 299 71 101 943
4 243 301 924 1061
4 783 1006 557 1032
4 492 467 485 977
4 132 981 150 1086
4 538 972 533 1041
4 417 389 426 782
4 779 756 996 1110
4 636 938 556 1097
4 442 541 751 1044
4 227 895 224 1052
4 570 791 864 1118
4 87 88 67 747
4 865 866 725 1020
4 498 439 782 949
4 762 913 1032 1072
4 444 547 129 981
4 133 833 121 1086
4 442 126 152 947
4 265 841 302 1120
4 83 809 937 957
4 732 1076 864 1088
4 727 904 956 1119
4 466 476 469 988
4 894 1005 359 1127
4 619 859 612 1122
4 142 144 176 823
4 731 941 859 1034
4 735 801 968 1022
4 114 67 88 747
4 667 630 634 864
4 681 578 979 1088
4 213 214 212 945
4 750 962 852 1019
4 852 962 733 1019
4 74 970 61 1024
4 391 312 927 1040
4 591 594 839 1074
4 289 869 879 987
4 574 942 897 1102
4 689 954 909 1057
4 838 998 769 1039
4 315 392 356 781
4 703 795 883 1128
4 607 771 1012 1108
4 727 817 904 1119
4 591 839 594 1122
4 829 911 702 949
4 379 352 351 1000
4 665 942 605 979
4 540 503 445 1083
4 718 884 826 1099
4 384 317 887 966
4 192 1101 833 1105
4 606 669 628 819
4 818 997 209 1055
4 922 969 768 1055
4 311 324 422 1102
4 169 751 535 981
4 268 181 991 1007
4 682 920 801 999
4 459 949 481 1094
4 965 993 709 1030
4 775 958 930 1126
4 726 1117 789 1132
4 564 854 632 859
4 809 970 65 1024
4 646 397 1046 1102
4 812 990 697 1059
4 295 291 1086 1105
4 805 1041 918 1090
4 743 947 944 1089
4 405 370 381 828
4 319 1005 414 1116
4 848 723 954 1057
4 741 988 931 1113
4 713 868 994 1014
4 264 280 882 1131
4 785 702 886 1056
4 656 679 1006 1007
4 563 814 315 1108
4 127 866 787 921
4 564 859 619 991
4 314 366 806 902
4 214 926 216 945
4 528 482 549 1044
4 386 1040 374 1084
4 178 143 820 1053
4 584 582 583 978
4 763 960 1065 1105
4 393 802 380 1063
4 859 1074 941 1122
4 189 987 740 1035
4 164 1043 917 1075
4 839 1074 594 1122
4 709 944 823 1089
4 452 432 503 1083
4 636 590 588 863
4 800 699 940 1125
4 858 955 756 1050
4 401 164 917 1075
4 82 60 884 1045
4 495 1037 552 1131
4 636 590 863 1097
4 236 237 303 987
4 518 972 447 1048
4 747 976 942 1104
4 220 218 219 1071
4 93 92 441 1041
4 617 666 865 1116
4 130 162 170 1020
4 405 311 422 966
4 432 452 451 905
4 759 887 317 966
4 502 912 927 949
4 495 430 834 1131
4 67 114 106 747
4 743 789 947 1089
4 726 964 860 1029
4 147 141 140 908
4 519 435 517 757
4 133 288 134 833
4 251 90 72 847
4 120 944 146 1030
4 612 859 632 1031
4 650 674 199 1042
4 294 262 188 754
4 727 956 904 1125
4 970 1024 809 1049
4 498 830 457 1094
4 385 321 102 759
4 265 1009 841 1120
4 648 942 574 1102
4 563 392 315 781
4 1012 1097 781 1123
4 444 547 981 1010
4 858 886 755 1015
4 735 983 968 1014
4 181 232 241 910
4 406 894 309 1005
4 602 612 632 1031
4 334 335 952 1085
4 713 999 801 1072
4 83 937 809 1078
4 685 855 975 1003
4 245 244 194 1009
4 391 312 544 927
4 340 364 342 955
4 695 888 795 996
4 890 956 836 1119
4 853 1016 684 1054
4 154 944 179 1030
4 234 226 807 960
4 525 536 433 915
4 116 884 64 1100
4 365 383 337 933
4 490 875 793 915
4 721 850 1054 1093
4 700 893 926 945
4 122 157 824 1091
4 827 753 956 1125
4 870 960 712 1101
4 543 391 755 1081
4 693 881 890 1119
4 424 359 408 1005
4 295 1086 1010 1105
4 632 854 680 1031
4 486 454 497 936
4 378 372 349 883
4 66 91 113 1080
4 300 266 804 1070
4 713 994 913 1072
4 433 915 528 1129
4 447 972 538 1048
4 344 363 347 872
4 734 932 792 1013
4 543 391 544 755
4 131 1042 157 1091
4 655 617 560 788
4 665 660 574 942
4 548 501 434 867
4 217 216 214 926
4 1010 1065 295 1105
4 70 897 114 1018
4 190 257 274 791
4 62 98 97 808
4 435 521 520 1048
4 778 755 1015 1124
4 702 873 1040 1084
4 198 132 150 1086
4 610 913 596 994
4 97 98 576 943
4 698 941 796 1034
4 826 884 705 1099
4 478 918 554 963
4 1015 1081 755 1087
4 65 809 957 970
4 102 63 103 759
4 636 588 618 863
4 531 484 834 988
4 113 89 69 1080
4 494 474 483 892
4 626 606 561 819
4 765 1111 865 1116
4 495 531 484 834
4 621 627 906 919
4 213 259 241 910
4 365 933 337 1109
4 709 944 915 965
4 437 754 188 1064
4 702 1040 927 1084
4 809 871 710 957
4 776 1014 983 1128
4 141 165 842 1017
4 703 983 1014 1128
4 788 1121 928 1130
4 236 895 237 987
4 371 364 354 858
4 478 963 521 1048
4 746 941 859 1074
4 398 644 646 1046
4 141 144 139 842
4 802 393 980 1063
4 135 986 143 1053
4 349 378 883 1127
4 64 884 826 1100
4 465 463 464 1027
4 250 1061 893 1064
4 329 330 887 1068
4 227 236 224 895
4 887 966 759 976
4 832 935 752 1099
4 620 643 1012 1097
4 352 380 393 802
4 671 403 670 938
4 180 265 233 924
4 283 131 275 1008
4 277 288 192 833
4 713 835 1021 1028
4 262 1061 250 1064
4 663 617 666 865
4 562 648 645 1102
4 83 100 112 937
4 708 978 799 1103
4 526 525 433 1129
4 141 165 144 842
4 594 1074 619 1122
4 300 235 229 1070
4 417 782 439 927
4 708 798 978 1103
4 109 449 66 749
4 673 396 395 1108
4 601 626 621 919
4 466 464 484 988
4 643 556 781 1097
4 832 752 1062 1099
4 724 911 829 1094
4 73 61 74 970
4 398 646 397 1046
4 640 906 627 1126
4 421 155 322 965
4 215 216 230 893
4 116 64 117 1100
4 874 975 732 1082
4 129 547 150 981
4 455 458 457 1094
4 520 554 456 963
4 713 856 913 1096
4 566 625 967 1013
4 180 924 301 1061
4 609 928 604 1121
4 134 121 833 986
4 199 1008 925 1042
4 731 974 941 1034
4 434 499 550 1047
4 526 153 525 965
4 635 868 597 1098
4 913 994 760 1072
4 659 414 573 865
4 705 918 1041 1048
4 119 94 972 1041
4 398 314 566 1046
4 792 938 806 1013
4 522 320 375 972
4 75 83 809 1078
4 154 965 944 1030
4 560 866 653 921
4 459 491 481 949
4 596 603 593 913
4 168 412 831 1075
4 583 582 580 1088
4 96 62 99 874
4 308 328 327 1100
4 570 667 634 864
4 406 359 309 894
4 234 960 870 1101
4 635 599 597 868
4 382 343 345 888
4 368 389 357 896
4 713 1021 856 1028
4 434 548 867 1047
4 526 153 944 1129
4 836 890 693 984
4 611 1006 622 1074
4 387 440 532 875
4 591 611 594 1074
4 918 1023 805 1090
4 752 794 959 1045
4 911 949 829 1094
4 555 1031 680 1135
4 680 1031 854 1135
4 538 441 918 1041
4 209 246 231 818
4 358 353 350 1127
4 710 937 808 1082
4 277 833 192 1101
4 453 451 452 905
4 740 882 834 1131
4 873 1084 780 1085
4 709 823 944 1030
4 664 130 652 1020
4 389 896 368 1112
4 605 648 647 942
4 485 460 475 961
4 130 170 174 866
4 627 270 266 677
4 220 221 222 838
4 268 232 181 1007
4 594 619 612 1122
4 276 275 891 1008
4 345 344 346 1066
4 685 1003 975 1062
4 129 535 444 981
4 895 1039 224 1052
4 349 353 378 1127
4 521 963 520 1048
4 710 937 809 957
4 439 517 498 782
4 172 891 131 1091
4 705 918 805 1041
4 686 1077 787 1095
4 168 175 831 1030
4 243 301 233 924
4 704 891 820 1091
4 258 191 783 1007
4 724 995 830 1094
4 836 956 706 1119
4 725 917 1017 1077
4 693 890 836 1119
4 975 976 747 1104
4 636 618 556 938
4 720 845 916 1059
4 652 866 573 1020
4 256 1065 228 1105
4 357 425 367 1084
4 968 1029 686 1095
4 187 274 257 791
4 860 1095 968 1130
4 573 652 663 866
4 860 1029 968 1095
4 345 343 344 888
4 223 238 239 1035
4 827 950 753 1125
4 229 234 226 807
4 322 831 415 1063
4 316 393 415 1063
4 670 781 556 938
4 289 879 189 987
4 564 632 619 859
4 196 847 201 1107
4 506 551 438 1033
4 210 997 211 1058
4 701 909 1057 1072
4 558 840 672 889
4 60 86 82 884
4 340 354 364 858
4 331 368 332 896
4 699 950 940 1125
4 477 489 472 1069
4 276 891 185 1008
4 304 417 418 782
4 726 908 820 1053
4 186 1047 869 1065
4 332 368 357 896
4 284 925 199 1008
4 228 226 960 1052
4 108 68 325 826
4 323 865 414 1005
4 332 330 331 1068
4 252 181 910 991
4 208 210 233 997
4 703 795 1128 1134
4 395 394 673 840
4 794 1024 76 1080
4 523 296 1010 1047
4 894 1005 765 1111
4 144 139 842 1117
4 215 214 216 945
4 64 115 826 884
4 543 429 516 755
4 771 814 1012 1108
4 930 1039 728 1052
4 485 467 462 961
4 376 314 806 1013
4 352 802 393 980
4 735 1022 968 1130
4 190 242 231 876
4 355 333 335 902
4 968 1095 686 1130
4 490 489 477 793
4 570 864 634 1118
4 512 188 437 754
4 533 972 94 1041
4 905 1083 773 1115
4 794 715 959 1078
4 507 497 454 951
4 757 843 825 1112
4 236 227 237 895
4 702 927 912 949
4 725 894 1077 1111
4 255 228 256 1065
4 611 658 622 1006
4 495 552 430 1131
4 387 532 420 875
4 725 1005 894 1111
4 481 498 457 1094
4 504 251 445 847
4 749 1083 905 1115
4 178 135 143 1053
4 735 994 868 1014
4 392 563 670 781
4 493 844 480 1081
4 428 497 510 951
4 217 218 926 1071
4 222 838 930 1039
4 391 371 409 755
4 403 305 392 781
4 579 1076 580 1088
4 897 942 719 1102
4 310 993 419 1063
4 367 873 339 1085
4 207 245 969 1107
4 852 962 750 989
4 254 225 930 1070
4 656 557 641 783
4 843 705 972 1048
4 717 996 795 1066
4 250 893 230 1064
4 139 137 140 1117
4 217 218 216 926
4 261 260 871 957
4 319 408 414 1005
4 80 77 959 1078
4 240 218 239 998
4 275 131 167 1008
4 436 488 404 962
4 715 794 1049 1078
4 75 809 65 1024
4 109 66 113 749
4 669 606 609 928
4 660 897 574 942
4 725 1017 787 1077
4 682 999 846 1073
4 741 988 1113 1114
4 224 895 236 1039
4 628 561 606 819
4 702 912 829 949
4 702 829 912 1056
4 468 465 466 931
4 502 491 912 949
4 560 663 652 866
4 152 947 944 1129
4 800 956 727 1125
4 64 116 115 884
4 127 787 147 921
4 750 989 962 1133
4 725 1005 865 1020
4 321 966 422 1102
4 531 834 430 1131
4 614 635 597 1098
4 733 1081 1015 1087
4 724 830 911 1094
4 177 917 164 1043
4 729 1095 860 1130
4 898 929 722 1049
4 490 536 539 915
4 825 896 757 1112
4 722 969 922 1055
4 461 509 491 912
4 225 222 930 1039
4 531 495 430 834
4 60 805 92 1041
4 689 909 835 1021
4 269 1101 192 1105
4 610 596 598 994
4 723 848 954 1071
4 423 897 321 1102
4 238 236 303 987
4 391 371 755 1087
4 578 1076 979 1088
4 707 785 1011 1056
4 593 856 595 1096
4 473 880 482 1069
4 209 997 208 1055
4 788 729 1121 1130
4 329 384 317 887
4 82 116 84 884
4 597 868 994 1096
4 145 151 138 1079
4 672 840 394 889
4 922 969 758 1107
4 83 118 937 1078
4 73 74 203 970
4 531 988 834 1033
4 270 640 627 1126
4 833 1101 960 1105
4 603 610 633 913
4 272 656 783 1007
4 652 130 166 866
4 490 539 875 915
4 442 169 126 751
4 279 252 854 991
4 713 994 868 1096
4 374 873 367 1084
4 715 929 898 1049
4 466 469 468 931
4 256 295 1065 1105
4 558 642 635 1098
4 531 1033 834 1131
4 439 502 418 927
4 432 450 449 1090
4 859 941 731 1122
4 605 681 578 979
4 530 486 936 1036
4 473 482 477 1069
4 705 963 918 1048
4 554 478 451 918
4 809 1024 75 1078
4 389 417 304 782
4 765 1005 894 1127
4 460 462 461 961
4 140 137 178 1053
4 545 440 387 803
4 841 951 510 1120
4 314 381 355 902
4 331 368 896 1112
4 846 999 835 1073
4 226 224 225 1052
4 545 515 803 989
4 580 1076 578 1088
4 230 250 215 893
4 572 575 630 943
4 376 629 55 1013
4 156 147 159 908
4 795 996 888 1066
4 712 833 986 1101
4 847 1026 716 1107
4 186 1010 1047 1065
4 763 939 851 1004
4 696 946 821 971
4 164 177 123 917
4 543 402 391 1081
4 656 679 557 1006
4 414 865 659 1116
4 637 624 555 1118
4 603 913 633 1032
4 597 994 598 1096
4 633 621 565 906
4 369 308 325 843
4 329 887 328 1068
4 310 875 420 993
4 593 592 595 856
4 598 994 596 1096
4 409 391 755 1040
4 255 186 237 1065
4 735 928 1022 1130
4 206 209 208 1055
4 677 626 561 919
4 374 1040 873 1084
4 530 475 486 1036
4 87 99 80 874
4 597 595 614 1096
4 73 203 202 970
4 210 209 211 997
4 597 598 596 1096
4 232 848 219 1071
4 197 261 71 957
4 579 864 630 1076
4 363 362 347 872
4 418 417 439 927
4 190 274 637 1135
4 125 891 172 986
4 107 193 65 957
4 770 945 857 1092
4 576 559 575 808
4 535 169 442 751
4 685 976 975 1104
4 290 650 199 925
4 357 304 425 1084
4 705 1041 972 1048
4 744 968 860 1029
4 687 1004 939 1060
4 92 60 85 805
4 250 230 285 1064
4 559 808 577 1076
4 112 100 71 957
4 696 832 946 971
4 186 869 237 1065
4 133 121 132 1086
4 778 1015 844 1124
4 925 1008 704 1042
4 654 676 560 1121
4 600 604 609 928
4 715 1049 809 1078
4 823 1030 831 1043
4 254 225 248 930
4 730 1065 1010 1105
4 198 297 1010 1086
4 198 288 132 1086
4 654 560 921 1121
4 173 126 751 1079
4 400 401 164 917
4 169 535 129 981
4 147 127 148 787
4 861 765 889 1116
4 363 342 364 1050
4 552 1106 529 1131
4 81 105 88 1018
4 68 95 375 972
4 331 308 369 1068
4 310 387 420 875
4 785 1011 886 1054
4 299 631 572 943
4 168 831 124 1075
4 143 172 160 1091
4 153 527 152 1129
4 387 1000 361 1133
4 827 950 692 1113
4 225 224 222 1039
4 381 370 355 828
4 684 886 1011 1054
4 672 558 673 840
4 753 950 827 1113
4 739 1097 1012 1123
4 361 1000 351 1133
4 854 1031 767 1135
4 124 831 1043 1075
4 163 123 162 917
4 437 553 754 977
4 263 524 550 1047
4 478 520 521 963
4 423 649 897 1102
4 596 994 913 1096
4 367 339 336 1085
4 61 76 1024 1080
4 145 947 151 1079
4 765 1005 865 1111
4 136 138 151 1079
4 639 564 279 854
4 439 417 517 782
4 82 85 60 1045
4 77 79 80 959
4 120 146 179 1030
4 192 833 288 1086
4 549 433 528 1129
4 78 79 959 1045
4 319 390 424 889
4 65 970 74 1024
4 493 844 1081 1124
4 279 854 564 991
4 846 1014 776 1128
4 637 791 570 1118
4 499 494 500 879
4 580 579 578 1076
4 365 356 305 933
4 787 1017 842 1077
4 269 253 192 1101
4 366 383 376 806
4 443 540 1026 1083
4 429 502 491 912
4 541 535 442 751
4 248 958 249 1126
4 870 891 704 1008
4 182 882 286 1035
4 160 159 143 1091
4 105 973 63 1018
4 90 69 72 847
4 293 841 510 1120
4 543 436 402 1081
4 523 547 444 1010
4 780 992 873 1085
4 196 1026 847 1107
4 574 645 648 1102
4 922 990 716 1115
4 195 284 300 804
4 942 979 747 1104
4 609 604 655 1121
4 629 938 618 1013
4 434 523 548 1047
4 163 400 164 917
4 233 301 180 924
4 425 374 367 1084
4 165 141 148 1017
4 443 1083 1026 1120
4 254 775 266 1070
4 308 326 826 1100
4 703 1128 1014 1134
4 865 1005 725 1111
4 670 563 643 781
4 70 114 110 1018
4 586 587 585 953
4 886 1011 785 1056
4 1014 1128 846 1134
4 493 1081 516 1124
4 951 1009 716 1120
4 841 1009 951 1120
4 169 129 173 981
4 661 570 791 907
4 42 268 991 1007
4 111 321 423 897
4 457 459 481 1094
4 376 55 314 1013
4 671 670 556 938
4 968 983 735 1130
4 679 623 1006 1007
4 234 185 253 1101
4 632 612 619 859
4 247 286 182 882
4 570 273 661 791
4 766 1016 899 1093
4 666 659 865 1116
4 102 103 385 759
4 334 336 335 1085
4 133 288 833 1086
4 358 894 359 1127
4 291 192 288 1086
4 264 238 189 1035
4 944 965 709 1030
4 71 100 97 943
4 122 160 157 1091
4 555 657 680 1031
4 587 589 612 1122
4 258 219 232 848
4 75 118 83 1078
4 867 981 730 1010
4 307 395 373 840
4 715 975 874 1082
4 571 824 662 1042
4 917 1043 714 1075
4 446 965 537 993
4 661 200 572 907
4 881 1002 764 1089
4 276 277 185 1101
4 851 964 712 1004
4 488 852 431 989
4 293 294 511 841
4 153 152 944 1129
4 437 1064 267 1106
4 79 77 78 959
4 526 527 153 1129
4 203 204 969 970
4 360 361 351 1133
4 615 1098 614 1108
4 808 937 874 1082
4 311 397 324 1102
4 686 983 968 1130
4 105 84 117 973
4 144 142 139 1117
4 504 69 90 847
4 346 347 348 1066
4 673 615 396 1108
4 242 190 252 1135
4 638 190 637 1135
4 724 1036 995 1094
4 498 481 439 949
4 685 832 1003 1062
4 964 1029 726 1132
4 579 634 630 864
4 672 673 394 840
4 615 673 1098 1108
4 65 809 83 957
4 661 667 570 907
4 166 653 866 921
4 979 1076 732 1088
4 629 618 608 1013
4 142 176 146 823
4 120 179 944 1030
4 295 1010 186 1065
4 713 913 994 1096
4 131 157 160 1091
4 567 642 889 1116
4 125 172 143 986
4 234 870 185 1101
4 623 42 991 1007
4 291 295 256 1105
4 492 977 437 1037
4 374 339 367 873
4 730 1010 1086 1105
4 112 65 83 957
4 552 278 529 1106
4 400 399 309 917
4 313 427 962 1133
4 392 670 403 781
4 915 944 743 1129
4 639 680 854 1135
4 269 960 1101 1105
4 589 591 594 1122
4 675 571 650 925
4 627 565 621 906
4 263 869 186 1047
4 173 149 151 1079
4 278 882 280 1131
4 406 399 323 1005
4 238 987 189 1035
4 150 297 198 1086
4 412 316 415 831
4 425 386 374 1084
4 1024 1049 794 1078
4 444 501 548 867
4 96 98 62 808
4 317 385 103 759
4 307 394 395 840
4 439 502 927 949
4 159 160 122 1091
4 313 962 989 1133
4 455 453 454 995
4 106 574 660 897
4 459 457 458 1094
4 137 136 135 1053
4 284 195 290 925
4 220 223 239 998
4 117 104 973 1100
4 290 195 651 925
4 249 258 272 783
4 150 547 297 1010
4 443 951 1083 1120
4 293 302 841 1120
4 421 537 965 993
4 114 70 106 897
4 323 1005 399 1020
4 92 85 66 805
4 223 224 236 1039
4 195 300 266 804
4 353 358 359 1127
4 688 990 922 1115
4 566 55 629 1013
4 261 197 260 957
4 329 317 328 887
4 538 447 533 972
4 469 471 470 904
4 596 593 595 1096
4 573 414 59 1020
4 110 114 88 1018
4 124 1043 164 1075
4 677 561 651 925
4 456 453 455 995
4 335 333 334 952
4 424 353 359 1127
4 557 1006 658 1032
4 315 356 382 814
4 446 532 539 993
4 567 319 659 1116
4 292 1026 196 1107
4 496 1037 437 1106
4 329 328 330 1068
4 222 248 225 930
4 272 249 783 1126
4 289 513 189 879
4 726 1029 860 1095
4 574 13 649 897
4 160 172 131 1091
4 276 275 167 891
4 424 378 353 1127
4 478 554 520 963
4 643 556 670 781
4 610 603 596 913
4 440 490 539 875
4 126 947 751 1079
4 413 989 803 1133
4 167 125 276 891
4 831 714 1043 1075
4 108 826 326 1100
4 134 135 121 986
4 120 179 154 944
4 227 226 228 1052
4 414 323 59 1020
4 467 464 462 1027
4 947 1044 743 1129
4 113 91 89 1080
4 420 875 532 993
4 412 322 168 831
4 944 947 743 1129
4 482 473 479 880
4 183 248 249 1126
4 638 639 41 1135
4 140 178 159 908
4 200 187 298 907
4 261 193 107 957
4 234 235 185 870
4 180 294 293 841
4 681 580 578 1088
4 733 844 1015 1081
4 405 381 311 1046
4 809 1049 1024 1078
4 501 444 541 867
4 488 487 431 852
4 334 333 332 952
4 180 301 262 1061
4 646 324 397 1102
4 133 132 288 1086
4 608 584 625 932
4 586 588 587 953
4 529 278 280 1131
4 276 185 275 1008
4 717 872 996 1066
4 1015 1081 844 1124
4 193 871 204 970
4 522 447 518 972
4 358 309 359 894
4 638 190 274 637
4 75 65 74 1024
4 107 71 261 957
4 567 58 319 889
4 545 803 413 989
4 583 580 681 1088
4 613 582 585 978
4 834 1033 740 1131
4 565 627 640 906
4 93 533 94 1041
4 490 440 489 875
4 134 121 133 833
4 278 247 882 1106
4 562 645 646 1102
4 110 105 63 1018
4 269 960 253 1101
4 42 679 656 1007
4 75 83 65 809
4 376 314 366 806
4 254 229 225 1070
4 309 401 917 1075
4 197 200 298 907
4 24 569 654 921
4 521 435 518 1048
4 771 1098 840 1108
4 194 1009 265 1120
4 577 979 578 1076
4 328 317 327 1100
4 316 831 412 1075
4 380 310 419 1063
4 198 295 291 1086
4 309 377 401 1075
4 511 428 510 841
4 521 447 538 1048
4 678 557 658 1032
4 119 60 94 1041
4 41 639 252 1135
4 262 250 188 1064
4 559 576 577 808
4 293 510 302 1120
4 103 104 15 1100
4 390 394 307 889
4 87 96 99 874
4 545 515 440 803
4 173 126 169 751
4 120 944 152 947
4 615 614 607 1108
4 237 869 289 987
4 61 89 76 1080
4 399 162 28 1020
4 325 326 108 826
4 533 93 441 1041
4 369 843 416 1112
4 512 437 553 754
4 621 626 627 919
4 445 196 32 1026
4 283 199 674 1042
4 384 321 385 759
4 168 128 175 1030
4 527 30 152 442
4 574 897 649 1102
4 344 347 346 1066
4 263 237 186 869
4 584 583 625 932
4 386 927 312 1040
4 203 969 184 970
4 516 436 543 1081
4 65 193 9 970
4 200 273 187 907
4 415 322 412 831
4 253 277 192 1101
4 122 157 158 824
4 184 202 203 970
4 197 299 200 907
4 531 476 988 1033
4 55 376 671 629
4 234 228 226 960
4 509 429 912 1124
4 249 221 258 958
4 212 214 215 945
4 340 342 341 955
4 67 96 87 874
4 472 471 473 1069
4 549 1044 527 1129
4 410 1050 371 1087
4 245 184 969 1107
4 293 302 265 841
4 500 513 289 879
4 364 371 410 1050
4 99 62 100 937
4 252 181 259 910
4 321 422 324 1102
4 156 122 158 824
4 251 201 196 847
4 728 1039 895 1052
4 65 9 74 970
4 248 221 249 958
4 413 545 387 803
4 176 144 177 1043
4 650 925 571 1042
4 571 668 662 824
4 522 375 95 972
4 488 431 546 989
4 83 118 99 937
4 111 423 649 897
4 419 993 322 1063
4 270 266 183 1126
4 606 600 609 928
4 387 413 803 1133
4 672 394 390 889
4 198 1010 295 1086
4 337 338 365 1109
4 266 270 44 677
4 149 136 151 1079
4 386 425 304 1084
4 182 286 264 1035
4 609 676 669 1121
4 318 389 368 1112
4 164 27 124 1075
4 170 165 148 1017
4 451 918 441 1090
4 665 605 568 979
4 523 297 547 1010
4 652 653 560 866
4 429 491 509 912
4 234 253 960 1101
4 656 641 272 783
4 355 366 314 902
4 310 379 361 1000
4 730 1086 833 1105
4 278 182 280 882
4 413 313 546 989
4 504 90 251 847
4 270 627 44 677
4 170 123 165 1017
4 437 505 553 977
4 493 465 480 844
4 666 573 663 865
4 329 405 384 966
4 654 560 653 921
4 566 314 55 1013
4 623 679 42 1007
4 180 293 265 841
4 111 649 13 897
4 270 271 640 1126
4 538 533 441 1041
4 279 181 252 991
4 730 1010 981 1086
4 594 611 622 1074
4 455 486 458 1036
4 319 414 659 1116
4 272 271 249 1126
4 129 149 173 981
4 101 631 299 943
4 585 582 584 978
4 323 414 408 1005
4 755 1081 1015 1124
4 445 448 504 847
4 409 354 374 1040
4 149 129 132 981
4 13 70 111 897
4 200 661 273 907
4 267 437 188 1064
4 158 157 662 824
4 139 138 137 1117
4 48 502 544 927
4 194 265 302 1120
4 269 228 960 1105
4 80 118 77 1078
4 661 572 667 907
4 653 24 654 921
4 313 388 404 962
4 558 672 642 889
4 530 497 428 936
4 283 161 131 1042
4 574 106 13 897
4 108 115 68 826
4 620 607 592 1012
4 194 287 292 1026
4 171 130 664 1020
4 9 193 203 970
4 648 665 574 942
4 619 594 622 1074
4 117 104 63 973
4 680 632 564 854
4 436 480 488 1081
4 462 464 463 1027
4 290 199 284 925
4 748 935 1023 1051
4 518 447 521 1048
4 27 164 401 1075
4 396 563 315 1108
4 421 446 537 993
4 48 418 502 927
4 182 278 247 882
4 369 325 320 843
4 293 511 510 841
4 325 308 326 826
4 677 627 626 919
4 142 138 139 1117
4 427 362 313 962
4 522 95 447 972
4 159 147 140 908
4 335 366 355 902
4 377 393 316 1075
4 514 529 280 1131
4 226 227 224 1052
4 390 319 58 889
4 432 451 450 1090
4 338 341 365 1109
4 676 655 560 1121
4 531 476 484 988
4 662 569 158 824
4 377 980 393 1075
4 316 412 401 1075
4 166 127 653 921
4 638 274 40 637
4 203 204 184 969
4 322 26 128 155
4 303 237 289 987
4 404 50 313 546
4 383 365 305 933
4 331 328 308 1068
4 117 63 105 973
4 581 624 634 1118
4 557 622 658 1006
4 486 475 458 1036
4 86 116 82 884
4 721 1054 1016 1093
4 561 675 650 925
4 78 82 79 1045
4 294 188 34 512
4 567 672 58 889
4 608 625 566 1013
4 538 441 478 918
4 536 525 446 965
4 218 220 239 998
4 154 153 120 944
4 488 480 487 852
4 27 401 412 1075
4 391 402 371 1087
4 442 542 541 1044
4 9 203 74 970
4 70 102 111 897
4 208 207 206 1055
4 269 256 228 1105
4 103 15 317 1100
4 421 537 155 965
4 460 485 462 961
4 928 1121 729 1130
4 296 38 523 1010
4 261 871 193 957
4 381 314 398 1046
4 662 157 23 1042
4 195 266 44 677
4 222 224 223 1039
4 42 656 191 1007
4 29 129 444 547
4 623 622 679 1006
4 666 659 573 865
4 196 445 32 251
4 666 617 567 1116
4 212 210 211 1058
4 496 492 437 1037
4 442 30 152 126
4 528 433 490 915
4 285 267 1064 1106
4 672 567 642 889
4 664 573 59 1020
4 523 524 296 1047
4 77 118 75 1078
4 549 482 542 1044
4 10 71 299 197
4 127 147 156 921
4 530 486 497 936
4 279 252 41 639
4 282 284 199 1008
4 502 481 491 949
4 296 524 263 1047
4 37 289 263 550
4 476 466 484 988
4 646 53 54 397
4 178 137 135 1053
4 13 106 70 897
4 653 652 166 866
4 83 99 100 937
4 105 110 88 1018
4 18 66 450 92
4 317 384 385 759
4 152 120 153 944
4 296 186 1010 1047
4 193 205 204 871
4 416 369 320 843
4 607 1012 563 1108
4 359 406 408 1005
4 336 334 367 1085
4 567 616 642 1116
4 283 1008 199 1042
4 66 18 450 449
4 68 119 94 972
4 173 151 126 1079
4 674 199 45 650
4 61 76 75 1024
4 563 620 643 1012
4 386 312 374 1040
4 492 495 467 1037
4 50 404 488 546
4 145 120 152 947
4 285 247 267 1106
4 559 579 630 1076
4 232 219 217 1071
4 272 783 191 1007
4 564 623 279 991
4 124 831 175 1043
4 422 321 384 966
4 393 380 415 1063
4 379 351 361 1000
4 212 243 210 1058
4 407 59 323 1020
4 490 433 536 915
4 492 485 505 977
4 273 570 40 274
4 605 665 648 942
4 463 493 509 1124
4 189 238 303 987
4 76 89 91 1080
4 166 866 127 921
4 387 310 361 1000
4 167 131 172 891
4 552 1037 496 1106
4 398 397 311 1046
4 272 191 656 1007
4 419 322 415 1063
4 208 209 210 997
4 245 292 196 1107
4 407 664 59 1020
4 274 570 40 637
4 396 615 563 1108
4 545 431 515 989
4 441 18 450 92
4 181 241 259 910
4 664 652 573 1020
4 189 36 514 513
4 217 219 218 1071
4 567 617 616 1116
4 28 162 171 1020
4 375 14 68 325
4 253 269 234 960
4 653 127 24 921
4 11 97 575 943
4 436 493 480 1081
4 639 555 680 1135
4 301 243 250 1061
4 308 327 326 1100
4 287 1026 194 1120
4 201 184 245 1107
4 399 28 407 1020
4 644 398 54 566
4 643 636 556 1097
4 650 290 651 925
4 414 59 659 573
4 74 61 75 1024
4 494 438 500 879
4 101 10 71 299
4 239 238 286 1035
4 664 25 652 130
4 42 279 623 991
4 574 649 645 1102
4 129 29 150 547
4 289 37 500 550
4 535 29 129 444
4 245 196 201 1107
4 396 57 673 395
4 295 296 186 1010
4 191 272 258 783
4 189 514 36 280
4 251 72 8 201
4 60 93 94 1041
4 577 12 96 98
4 612 589 594 1122
4 302 510 33 1120
4 451 478 441 918
4 306 402 404 1087
4 102 16 111 321
4 207 245 184 969
4 514 551 430 1131
4 533 19 94 972
4 163 28 27 400
4 126 151 947 1079
4 282 275 185 1008
4 18 441 93 92
4 42 191 268 1007
4 297 523 38 1010
4 31 525 154 965
4 566 625 644 967
4 277 125 21 134
4 93 60 92 1041
4 672 390 58 889
4 405 422 384 966
4 132 129 150 981
4 445 504 32 251
4 131 161 157 1042
4 108 64 826 1100
4 19 95 94 972
4 48 439 502 418
4 472 473 477 1069
4 42 268 279 991
4 15 327 317 1100
4 595 597 596 1096
4 9 65 107 193
4 198 132 20 150
4 175 179 146 1030
4 286 238 264 1035
4 21 125 277 276
4 409 312 391 1040
4 11 12 576 98
4 504 17 69 448
4 496 437 267 1106
4 622 557 679 1006
4 237 263 289 869
4 176 124 175 1043
4 447 95 19 972
4 552 35 278 1106
4 166 652 25 130
4 446 52 532 993
4 446 421 52 993
4 552 495 496 1037
4 12 106 660 568
4 108 64 115 826
4 517 417 47 426
4 204 207 184 969
4 174 127 166 866
4 322 26 168 128
4 300 229 254 1070
4 253 185 277 1101
4 73 9 8 202
4 153 31 30 526
4 26 322 421 155
4 559 577 578 1076
4 273 39 40 661
4 438 513 500 879
4 46 522 518 320
4 450 451 441 1090
4 309 401 400 917
4 527 549 442 1044
4 644 54 398 646
4 644 625 647 967
4 516 493 436 1081
4 310 420 419 993
4 145 126 151 947
4 640 44 43 270
4 30 442 169 126
4 106 12 67 568
4 256 295 186 1065
4 78 85 82 1045
4 620 590 636 1097
4 517 47 519 426
4 250 285 188 1064
4 531 506 476 1033
4 518 411 46 320
4 194 244 265 1009
4 131 275 22 283
4 657 602 632 1031
4 301 250 262 1061
4 545 413 546 989
4 161 23 157 1042
4 48 439 418 417
4 325 14 68 108
4 358 352 393 980
4 360 427 361 1133
4 658 603 633 1032
4 300 254 266 1070
4 197 10 71 261
4 563 392 56 315
4 299 572 39 200
4 523 434 524 1047
4 363 364 410 1050
4 193 260 205 871
4 527 1044 442 1129
4 579 559 578 1076
4 12 577 576 98
4 415 380 419 1063
4 662 23 571 1042
4 73 74 9 203
4 388 313 362 962
4 440 387 51 545
4 533 447 19 972
4 290 45 199 650
4 203 193 204 970
4 269 228 234 960
4 440 51 387 532
4 572 631 575 943
4 519 47 46 411
4 680 564 639 854
4 55 376 403 671
4 670 392 56 563
4 97 101 71 943
4 443 951 507 1083
4 314 54 398 566
4 24 127 156 921
4 162 399 28 400
4 15 108 326 1100
4 20 21 133 288
4 651 45 44 290
4 183 249 271 1126
4 270 183 271 1126
4 31 154 525 153
4 188 34 512 437
4 506 531 551 1033
4 202 73 9 203
4 20 132 198 288
4 125 143 135 986
4 97 11 101 943
4 324 423 321 1102
4 312 386 418 927
4 556 618 629 938
4 674 161 283 1042
4 16 102 385 321
4 678 658 633 1032
4 407 171 664 1020
4 306 410 371 1087
4 507 452 503 1083
4 358 393 377 980
4 166 130 174 866
4 11 575 631 943
4 202 8 72 201
4 502 439 481 949
4 420 532 52 993
4 507 503 540 1083
4 163 164 123 917
4 192 291 269 1105
4 190 274 40 638
4 190 40 41 638
4 635 614 558 1098
4 615 558 614 1098
4 30 152 153 527
4 260 193 261 871
4 539 532 440 875
4 387 361 413 1133
4 668 569 662 824
4 331 330 328 1068
4 615 673 558 1098
4 276 22 21 167
4 567 58 659 319
4 57 673 615 396
4 90 72 8 251
4 550 263 37 524
4 167 275 22 131
4 318 369 416 1112
4 662 24 23 158
4 15 104 64 1100
4 27 164 400 401
4 505 437 492 977
4 576 11 97 575
4 535 29 169 129
4 578 568 605 979
4 34 33 293 511
4 646 54 398 397
4 651 195 44 677
4 644 647 562 967
4 109 17 18 449
4 409 374 312 1040
4 94 95 68 972
4 509 516 429 1124
4 19 18 533 93
4 510 951 443 1120
4 650 651 561 925
4 28 171 407 1020
4 529 35 36 280
4 23 674 571 1042
4 296 38 37 524
4 653 25 24 166
4 433 549 527 1129
4 326 15 14 108
4 448 17 69 109
4 57 58 672 394
4 167 172 125 891
4 163 162 28 400
4 155 31 154 965
4 287 534 1026 1120
4 577 568 578 979
4 163 27 164 400
4 287 302 33 1120
4 153 525 31 526
4 609 655 676 1121
4 529 552 35 278
4 637 570 624 1118
4 107 112 71 957
4 261 9 107 193
4 443 507 540 1083
4 650 571 674 1042
4 296 295 297 1010
4 556 629 671 938
4 291 288 198 1086
4 632 680 657 1031
4 186 255 256 1065
4 634 624 570 1118
4 106 574 13 660
4 18 66 109 449
4 30 442 535 169
4 171 162 130 1020
4 196 292 287 1026
4 73 8 72 202
4 607 563 615 1108
4 391 48 544 312
4 327 15 326 1100
4 526 30 153 527
4 639 41 279 564
4 268 191 232 1007
4 564 619 623 991
4 23 161 674 1042
4 423 324 53 1102
4 41 42 279 564
4 103 15 16 385
4 296 297 38 1010
4 534 443 540 1026
4 107 71 10 261
4 645 649 53 1102
4 117 64 104 1100
4 287 33 32 534
4 97 11 576 98
4 43 42 656 272
4 45 283 199 674
4 443 1026 534 1120
4 421 419 420 993
4 640 43 641 271
4 318 368 369 1112
4 496 267 35 1106
4 168 27 26 412
4 495 492 496 1037
4 95 14 68 375
4 283 275 199 1008
4 661 39 572 200
4 34 511 294 512
4 537 525 31 965
4 55 54 314 566
4 128 155 154 965
4 420 387 51 532
4 55 56 670 403
4 659 58 59 414
4 398 311 381 1046
4 313 50 413 546
4 40 570 273 661
4 313 989 413 1133
4 443 497 507 951
4 279 268 181 991
4 421 7 26 155
4 46 519 411 518
4 672 58 390 394
4 37 36 289 513
4 50 545 413 546
4 534 287 33 1120
4 1 32 504 251
4 297 20 5 150
4 439 48 47 417
4 666 567 659 1116
4 543 48 544 391
4 64 108 15 1100
4 402 543 49 436
4 33 510 443 1120
4 542 442 549 1044
4 377 316 401 1075
4 607 620 563 1012
4 509 493 516 1124
4 29 30 535 169
4 620 636 643 1097
4 403 670 55 671
4 29 5 150 547
4 24 653 166 127
4 0 10 101 299
4 2 13 111 649
4 672 673 57 394
4 564 42 279 623
4 522 3 19 95
4 313 413 427 1133
4 664 59 6 407
4 323 399 407 1020
4 45 4 283 674
4 106 13 12 660
4 168 175 124 831
4 33 302 293 510
4 175 128 179 1030
4 514 430 529 1131
4 414 659 58 319
4 522 46 3 375
4 537 7 421 155
4 445 32 534 1026
4 504 17 1 90
4 11 631 101 943
4 408 406 323 1005
4 132 20 133 288
4 646 324 53 397
4 177 164 124 1043
4 95 3 14 375
4 446 52 421 537
4 32 196 287 1026
4 631 39 0 299
4 674 23 4 161
4 283 4 22 161
4 5 297 150 547
4 278 267 247 1106
4 51 52 420 532
4 90 8 1 251
4 18 441 533 93
4 421 420 52 993
4 638 555 639 1135
4 111 16 2 423
4 6 25 664 171
4 65 112 107 957
4 537 31 7 155
4 130 664 25 171
4 443 510 497 951
4 34 188 267 437
4 404 49 50 436
4 101 11 0 631
4 69 17 504 90
4 522 46 375 320
4 534 540 445 1026
4 411 519 47 426
4 287 194 302 1120
4 423 53 2 649
4 443 534 33 1120
4 269 291 256 1105
4 267 188 285 1064
4 21 125 276 167
4 6 28 171 407
4 368 331 369 1112
4 52 7 421 537
4 289 189 303 987
4 50 404 436 488
4 297 5 38 547
4 135 134 125 986
4 107 10 9 261
4 396 563 56 315
4 16 111 321 423
4 296 263 186 1047
4 433 527 526 1129
4 103 317 15 385
4 550 524 434 1047
4 529 430 552 1131
4 289 500 37 513
4 615 563 57 396
4 447 522 19 95
4 638 637 555 1135
4 496 35 552 1106
4 496 35 267 437
4 446 525 537 965
4 395 57 673 394
4 155 537 31 965
4 297 198 20 150
4 272 641 43 271
4 35 34 267 437
4 545 51 50 413
4 90 1 504 251
4 42 656 272 191
4 563 56 57 396
4 404 402 49 436
4 631 572 39 299
4 402 306 371 1087
4 322 419 421 993
4 523 297 38 547
4 423 53 649 1102
4 263 296 37 524
4 412 26 168 322
4 145 152 126 947
4 22 131 283 161
4 543 49 48 391
4 158 662 24 569
4 391 543 49 402
4 631 0 101 299
4 282 199 275 1008
4 280 529 35 278
4 47 439 417 517
4 95 522 3 375
4 423 2 111 649
4 545 546 431 989
4 32 287 534 1026
4 640 627 44 270
4 171 664 6 407
4 198 297 295 1010
4 674 4 283 161
4 413 361 427 1133
4 44 195 651 290
4 545 387 51 413
4 511 293 34 294
4 629 608 566 1013
4 36 189 289 513
4 529 36 514 280
4 38 296 523 524
4 102 103 16 385
4 14 325 326 108
4 22 276 275 167
4 93 533 19 94
4 177 124 176 1043
4 641 43 656 272
4 109 448 17 449
4 267 278 35 1106
4 25 653 652 166
4 511 33 293 510
4 670 56 392 403
4 23 662 158 157
4 661 273 39 200
4 43 640 270 271
4 290 651 45 650
4 876 910 698 854
4 698 910 876 857
4 901 956 1113 706
4 1113 956 901 827
4 1007 770 232 910
4 1007 232 770 848
4 947 823 1089 789
4 947 1089 823 944
4 907 260 948 298
4 907 948 260 871
4 281 948 260 298
4 281 260 948 871
4 836 1073 827 682
4 827 1073 836 779
4 934 838 784 728
4 934 784 838 701
4 880 867 1060 777
4 880 1060 867 1044
4 895 939 869 699
4 869 939 895 763
4 828 967 900 734
4 900 967 828 719
4 689 1074 746 762
4 746 1074 689 941
4 902 1013 914 806
4 914 1013 902 734
4 828 333 330 370
4 844 1019 852 733
4 852 1019 844 706
4 905 688 773 1051
4 905 773 688 1115
4 931 817 487 852
4 931 487 817 904
4 948 298 187 907
4 948 187 298 281
4 908 122 1091 159
4 908 1091 122 824
4 1086 149 810 121
4 1086 810 149 981
4 900 1104 855 772
4 855 1104 900 685
4 905 1051 1023 688
4 1023 1051 905 748
4 939 1065 869 777
4 869 1065 939 763
4 1027 466 988 464
4 1027 988 466 741
4 81 874 1018 87
4 1018 874 81 786
4 952 330 828 333
4 952 828 330 761
4 892 869 499 777
4 892 499 869 879
4 1062 884 1099 752
4 1062 1099 884 718
4 948 187 257 791
4 948 257 187 281
4 985 834 882 738
4 985 882 834 692
4 983 1001 1111 686
4 1111 1001 983 742
4 687 1079 751 789
4 751 1079 687 1060
4 751 743 687 789
4 687 743 751 1060
4 866 148 127 787
4 866 127 148 174
4 863 899 1123 739
4 1123 899 863 694
4 929 1051 812 688
4 812 1051 929 736
4 942 1102 967 719
4 1044 479 482 542
4 1044 482 479 880
4 884 119 60 86
4 884 60 119 1041
4 229 1070 226 225
4 229 226 1070 807
4 1052 226 1070 225
4 1052 1070 226 807
4 1065 867 1010 1047
4 1065 1010 867 730
4 1108 795 373 840
4 1108 373 795 814
4 1075 894 714 917
4 1075 714 894 980
4 957 260 907 197
4 957 907 260 871
4 487 931 480 468
4 480 931 487 852
4 1073 909 784 999
4 1073 784 909 745
4 743 915 880 793
4 743 880 915 528
4 477 880 915 793
4 477 915 880 528
4 1036 454 455 486
4 1036 455 454 995
4 893 240 247 815
4 893 247 240 230
4 916 862 946 736
4 916 946 862 683
4 1065 1004 939 763
4 1065 939 1004 730
4 1069 474 880 892
4 1069 880 474 473
4 1131 264 189 740
4 1131 189 264 280
4 1103 708 816 790
4 816 708 1103 798
4 816 1034 1103 790
4 1103 1034 816 798
4 967 648 1102 942
4 967 1102 648 562
4 922 1009 990 768
4 990 1009 922 716
4 1101 276 986 891
4 1101 986 276 277
4 336 1109 339 338
4 339 1109 336 1085
4 1095 820 729 860
4 1095 729 820 908
4 1008 235 185 282
4 1008 185 235 870
4 1046 562 644 646
4 1046 644 562 967
4 979 975 1104 732
4 979 1104 975 747
4 973 103 1100 104
4 973 1100 103 759
4 927 429 502 544
4 927 502 429 912
4 1038 899 835 853
4 1038 835 899 974
4 884 115 119 86
4 884 119 115 826
4 1066 372 345 795
4 1066 345 372 346
4 1126 254 266 183
4 1126 266 254 775
4 1072 994 801 713
4 1072 801 994 760
4 1050 1015 1087 733
4 1050 1087 1015 858
4 1132 881 890 764
4 1132 890 881 687
4 309 980 358 377
4 358 980 309 894
4 1032 611 1006 658
4 1032 1006 611 762
4 1032 1057 1006 762
4 1006 1057 1032 783
4 1018 102 63 110
4 1018 63 102 759
4 972 320 325 843
4 972 325 320 375
4 924 244 265 233
4 924 265 244 1009
4 1109 340 341 955
4 1109 341 340 338
4 931 470 469 468
4 931 469 470 904
4 1080 66 805 749
4 1080 805 66 91
4 1029 890 1132 744
4 1029 1132 890 764
4 1134 1098 868 703
4 1134 868 1098 771
4 950 1035 987 769
4 987 1035 950 740
4 1078 76 75 77
4 1078 75 76 1024
4 246 1055 209 206
4 209 1055 246 818
4 1114 1027 988 811
4 1114 988 1027 741
4 1060 981 1079 730
4 1060 1079 981 751
4 1087 388 404 306
4 1087 404 388 962
4 1118 1103 613 767
4 1118 613 1103 799
4 931 480 465 844
4 931 465 480 468
4 973 1062 884 718
4 884 1062 973 786
4 597 1098 1096 614
4 1096 1098 597 868
4 1087 391 1081 755
4 1087 1081 391 402
4 933 1123 814 781
4 814 1123 933 766
4 814 356 933 781
4 933 356 814 766
4 237 1065 763 255
4 763 1065 237 869
4 539 993 915 446
4 915 993 539 875
4 1082 1076 874 808
4 1082 874 1076 732
4 979 874 1076 808
4 979 1076 874 732
4 678 906 633 565
4 678 633 906 1032
4 967 1013 1046 566
4 1046 1013 967 734
4 158 921 24 156
4 24 921 158 569
4 96 568 12 577
4 96 12 568 67
4 1081 402 404 436
4 1081 404 402 1087
4 1084 418 782 304
4 1084 782 418 927
4 1010 150 1086 297
4 1010 1086 150 981
4 979 665 660 568
4 979 660 665 942
4 1121 654 569 921
4 1121 569 654 676
4 1055 204 207 206
4 1055 207 204 969
4 1130 1111 787 686
4 1130 787 1111 788
4 1018 70 102 110
4 1018 102 70 897
4 288 134 21 133
4 288 21 134 277
4 1030 154 128 179
4 1030 128 154 965
4 289 550 869 263
4 869 550 289 500
4 1131 531 551 430
4 1131 551 531 1033
4 1075 168 27 124
4 1075 27 168 412
4 1064 262 754 188
4 1064 754 262 1061
4 1108 395 373 396
4 1108 373 395 840
4 1108 373 382 396
4 382 373 1108 814
4 382 315 1108 396
4 1108 315 382 814
4 1030 168 322 831
4 1030 322 168 128
4 927 48 312 544
4 927 312 48 418
4 1126 272 641 783
4 1126 641 272 271
4 41 1135 190 638
4 190 1135 41 252
4 1007 258 232 848
4 1007 232 258 191
4 106 568 979 660
4 979 568 106 67
4 979 747 106 660
4 106 747 979 67
4 53 1102 646 645
4 646 1102 53 324

CELL_TYPES 6230
5
5
5
5
5
5
5
5
5
5
5
5
5
5
5
5
5
5
5
5
5
5
5
5
5
5
5
5
5
5
5
5
5
5
5
5
5
5
5
5
5
5
5
5
5
5
5
5
5
5
5
5
5
5
5
5
5
5
5
5
5
5
5
5
5
5
5
5
5
5
5
5
5
5
5
5
5
5
5
5
5
5
5
5
5
5
5
5
5
5
5
5
5
5
5
5
5
5
5
5
5
5
5
5
5
5
5
5
5
5
5
5
5
5
5
5
5
5
5
5
5
5
5
5
5
5
5
5
5
5
5
5
5
5
5
5
5
5
5
5
5
5
5
5
5
5
5
5
5
5
5
5
5
5
5
5
5
5
5
5
5
5
5
5
5
5
5
5
5
5
5
5
5
5
5
5
5
5
5
5
5
5
5
5
5
5
5
5
5
5
5
5
5
5
5
5
5
5
5
5
5
5
5
5
5
5
5
5
5
5
5
5
5
5
5
5
5
5
5
5
5
5
5
5
5
5
5
5
5
5
5
5
5
5
5
5
5
5
5
5
5
5
5
5
5
5
5
5
5
5
5
5
5
5
5
5
5
5
5
5
5
5
5
5
5
5
5
5
5
5
5
5
5
5
5
5
5
5
5
5
5
5
5
5
5
5
5
5
5
5
5
5
5
5
5
5
5
5
5
5
5
5
5
5
5
5
5
5
5
5
5
5
5
5
5
5
5
5
5
5
5
5
5
5
5
5
5
5
5
5
5
5
5
5
5
5
5
5
5
5
5
5
5
5
5
5
5
5
5
5
5
5
5
5
5
5
5
5
5
5
5
5
5
5
5
5
5
5
5
5
5
5
5
5
5
5
5
5
5
5
5
5
5
5
5
5
5
5
5
5
5
5
5
5
5
5
5
5
5
5
5
5
5
5
5
5
5
5
5
5
5
5
5
5
5
5
5
5
5
5
5
5
5
5
5
5
5
5
5
5
5
5
5
5
5
5
5
5
5
5
5
5
5
5
5
5
5
5
5
5
5
5
5
5
5
5
5
5
5
5
5
5
5
5
5
5
5
5
5
5
5
5
5
5
5
5
5
5
5
5
5
5
5
5
5
5
5
5
5
5
5
5
5
5
5
5
5
5
5
5
5
5
5
5
5
5
5
5
5
5
5
5
5
5
5
5
5
5
5
5
5
5
5
5
5
5
5
5
5
5
5
5
5
5
5
5
5
5
5
5
5
5
5
5
5
5
5
5
5
5
5
5
5
5
5
5
5
5
5
5
5
5
5
5
5
5
5
5
5
5
5
5
5
5
5
5
5
5
5
5
5
5
5
5
5
5
5
5
5
5
5
5
5
5
5
5
5
5
5
5
5
5
5
5
5
5
5
5
5
5
5
5
5
5
5
5
5
5
5
5
5
5
5
5
5
5
5
5
5
5
5
5
5
5
5
5
5
5
5
5
5
5
5
5
5
5
5
5
5
5
5
5
5
5
5
5
5
5
5
5
5
5
5
5
5
5
5
5
5
5
5
5
5
5
5
5
5
5
5
5
5
5
5
5
5
5
5
5
5
5
5
5
5
5
5
5
5
5
5
5
5
5
5
5
5
5
5
5
5
5
5
5
5
5
5
5
5
5
5
5
5
5
5
5
5
5
5
5
5
5
5
5
5
5
5
5
5
5
5
5
5
5
5
5
5
5
5
5
5
5
5
5
5
5
5
5
5
5
5
5
5
5
5
5
5
5
5
5
5
5
5
5
5
5
5
5
5
5
5
5
5
5
5
5
5
5
5
5
5
5
5
5
5
5
5
5
5
5
5
5
5
5
5
5
5
5
5
5
5
5
5
5
5
5
5
5
5
5
5
5
5
5
5
5
5
5
5
5
5
5
5
5
5
5
5
5
5
5
5
5
5
5
5
5
5
5
5
5
5
5
5
5
5
5
5
5
5
5
5
5
5
5
5
5
5
5
5
5
5
5
5
5
5
5
5
5
5
5
5
5
5
5
5
5
5
5
5
5
5
5
5
5
5
5
5
5
5
5
5
5
5
5
5
5
5
5
5
5
5
5
5
5
5
5
5
5
5
5
5
5
5
5
5
5
5
5
5
5
5
5
5
5
5
5
5
5
5
5
5
5
5
5
5
5
5
5
5
5
5
5
5
5
5
5
5
5
5
5
5
5
5
5
5
5
5
5
5
5
5
5
5
5
5
5
5
5
5
5
5
5
5
5
5
5
5
5
5
5
5
5
5
5
5
5
5
5
5
5
5
5
5
5
5
5
5
5
5
5
5
5
5
5
5
5
5
5
5
5
5
5
5
5
5
5
5
5
5
5
5
5
5
5
5
5
5
5
5
5
5
5
5
5
5
5
5
5
5
5
5
5
5
5
5
5
5
5
5
5
5
5
5
5
5
5
5
5
5
5
5
5
5
5
5
5
5
5
5
5
5
5
5
5
5
5
5
5
5
5
5
5
5
5
5
5
5
5
5
5
5
5
5
5
5
5
5
5
5
5
5
5
5
5
5
5
5
5
5
5
5
5
5
5
5
5
5
5
5
5
5
5
5
5
5
5
5
5
5
5
5
5
5
5
5
5
5
5
5
5
5
5
5
5
5
5
5
5
5
5
5
5
5
5
5
5
5
5
5
5
5
5
5
5
5
5
5
5
5
5
5
5
5
5
5
5
5
5
5
5
5
5
5
5
5
5
5
5
5
5
5
5
5
5
5
5
5
5
5
5
5
5
5
5
5
5
5
5
5
5
5
5
5
5
5
5
5
5
5
5
5
5
5
5
5
5
5
5
5
5
5
5
5
5
5
5
5
5
5
5
5
5
5
5
5
5
5
5
5
5
5
5
5
5
5
5
5
5
5
5
5
5
5
5
5
5
5
5
5
5
5
5
5
5
5
5
5
5
5
5
5
5
5
5
5
5
5
5
5
5
5
5
5
5
5
5
5
5
5
5
5
5
5
5
5
5
5
5
5
5
5
5
5
5
5
5
5
5
5
5
5
5
5
5
5
5
5
5
5
5
5
5
5
5
5
5
5
5
5
5
5
5
5
5
5
5
5
5
5
5
5
5
10
10
10
10
10
10
10
10
10
10
10
10
10
10
10
10
10
10
10
10
10
10
10
10
10
10
10
10
10
10
10
10
10
10
10
10
10
10
10
10
10
10
10
10
10
10
10
10
10
10
10
10
10
10
10
10
10
10
10
10
10
10
10
10
10
10
10
10
10
10
10
10
10
10
10
10
10
10
10
10
10
10
10
10
10
10
10
10
10
10
10
10
10
10
10
10
10
10
10
10
10
10
10
10
10
10
10
10
10
10
10
10
10
10
10
10
10
10
10
10
10
10
10
10
10
10
10
10
10
10
10
10
10
10
10
10
10
10
10
10
10
10
10
10
10
10
10
10
10
10
10
10
10
10
10
10
10
10
10
10
10
10
10
10
10
10
10
10
10
10
10
10
10
10
10
10
10
10
10
10
10
10
10
10
10
10
10
10
10
10
10
10
10
10
10
10
10
10
10
10
10
10
10
10
10
10
10
10
10
10
10
10
10
10
10
10
10
10
10
10
10
10
10
10
10
10
10
10
10
10
10
10
10
10
10
10
10
10
10
10
10
10
10
10
10
10
10
10
10
10
10
10
10
10
10
10
10
10
10
10
10
10
10
10
10
10
10
10
10
10
10
10
10
10
10
10
10
10
10
10
10
10
10
10
10
10
10
10
10
10
10
10
10
10
10
10
10
10
10
10
10
10
10
10
10
10
10
10
10
10
10
10
10
10
10
10
10
10
10
10
10
10
10
10
10
10
10
10
10
10
10
10
10
10
10
10
10
10
10
10
10
10
10
10
10
10
10
10
10
10
10
10
10
10
10
10
10
10
10
10
10
10
10
10
10
10
10
10
10
10
10
10
10
10
10
10
10
10
10
10
10
10
10
10
10
10
10
10
10
10
10
10
10
10
10
10
10
10
10
10
10
10
10
10
10
10
10
10
10
10
10
10
10
10
10
10
10
10
10
10
10
10
10
10
10
10
10
10
10
10
10
10
10
10
10
10
10
10
10
10
10
10
10
10
10
10
10
10
10
10
10
10
10
10
10
10
10
10
10
10
10
10
10
10
10
10
10
10
10
10
10
10
10
10
10
10
10
10
10
10
10
10
10
10
10
10
10
10
10
10
10
10
10
10
10
10
10
10
10
10
10
10
10
10
10
10
10
10
10
10
10
10
10
10
10
10
10
10
10
10
10
10
10
10
10
10
10
10
10
10
10
10
10
10
10
10
10
10
10
10
10
10
10
10
10
10
10
10
10
10
10
10
10
10
10
10
10
10
10
10
10
10
10
10
10
10
10
10
10
10
10
10
10
10
10
10
10
10
10
10
10
10
10
10
10
10
10
10
10
10
10
10
10
10
10
10
10
10
10
10
10
10
10
10
10
10
10
10
10
10
10
10
10
10
10
10
10
10
10
10
10
10
10
10
10
10
10
10
10
10
10
10
10
10
10
10
10
10
10
10
10
10
10
10
10
10
10
10
10
10
10
10
10
10
10
10
10
10
10
10
10
10
10
10
10
10
10
10
10
10
10
10
10
10
10
10
10
10
10
10
10
10
10
10
10
10
10
10
10
10
10
10
10
10
10
10
10
10
10
10
10
10
10
10
10
10
10
10
10
10
10
10
10
10
10
10
10
10
10
10
10
10
10
10
10
10
10
10
10
10
10
10
10
10
10
10
10
10
10
10
10
10
10
10
10
10
10
10
10
10
10
10
10
10
10
10
10
10
10
10
10
10
10
10
10
10
10
10
10
10
10
10
10
10
10
10
10
10
10
10
10
10
10
10
10
10
10
10
10
10
10
10
10
10
10
10
10
10
10
10
10
10
10
10
10
10
10
10
10
10
10
10
10
10
10
10
10
10
10
10
10
10
10
10
10
10
10
10
10
10
10
10
10
10
10
10
10
10
10
10
10
10
10
10
10
10
10
10
10
10
10
10
10
10
10
10
10
10
10
10
10
10
10
10
10
10
10
10
10
10
10
10
10
10
10
10
10
10
10
10
10
10
10
10
10
10
10
10
10
10
10
10
10
10
10
10
10
10
10
10
10
10
10
10
10
10
10
10
10
10
10
10
10
10
10
10
10
10
10
10
10
10
10
10
10
10
10
10
10
10
10
10
10
10
10
10
10
10
10
10
10
10
10
10
10
10
10
10
10
10
10
10
10
10
10
10
10
10
10
10
10
10
10
10
10
10
10
10
10
10
10
10
10
10
10
10
10
10
10
10
10
10
10
10
10
10
10
10
10
10
10
10
10
10
10
10
10
10
10
10
10
10
10
10
10
10
10
10
10
10
10
10
10
10
10
10
10
10
10
10
10
10
10
10
10
10
10
10
10
10
10
10
10
10
10
10
10
10
10
10
10
10
10
10
10
10
10
10
10
10
10
10
10
10
10
10
10
10
10
10
10
10
10
10
10
10
10
10
10
10
10
10
10
10
10
10
10
10
10
10
10
10
10
10
10
10
10
10
10
10
10
10
10
10
10
10
10
10
10
10
10
10
10
10
10
10
10
10
10
10
10
10
10
10
10
10
10
10
10
10
10
10
10
10
10
10
10
10
10
10
10
10
10
10
10
10
10
10
10
10
10
10
10
10
10
10
10
10
10
10
10
10
10
10
10
10
10
10
10
10
10
10
10
10
10
10
10
10
10
10
10
10
10
10
10
10
10
10
10
10
10
10
10
10
10
10
10
10
10
10
10
10
10
10
10
10
10
10
10
10
10
10
10
10
10
10
10
10
10
10
10
10
10
10
10
10
10
10
10
10
10
10
10
10
10
10
10
10
10
10
10
10
10
10
10
10
10
10
10
10
10
10
10
10
10
10
10
10
10
10
10
10
10
10
10
10
10
10
10
10
10
10
10
10
10
10
10
10
10
10
10
10
10
10
10
10
10
10
10
10
10
10
10
10
10
10
10
10
10
10
10
10
10
10
10
10
10
10
10
10
10
10
10
10
10
10
10
10
10
10
10
10
10
10
10
10
10
10
10
10
10
10
10
10
10
10
10
10
10
10
10
10
10
10
10
10
10
10
10
10
10
10
10
10
10
10
10
10
10
10
10
10
10
10
10
10
10
10
10
10
10
10
10
10
10
10
10
10
10
10
10
10
10
10
10
10
10
10
10
10
10
10
10
10
10
10
10
10
10
10
10
10
10
10
10
10
10
10
10
10
10
10
10
10
10
10
10
10
10
10
10
10
10
10
10
10
10
10
10
10
10
10
10
10
10
10
10
10
10
10
10
10
10
10
10
10
10
10
10
10
10
10
10
10
10
10
10
10
10
10
10
10
10
10
10
10
10
10
10
10
10
10
10
10
10
10
10
10
10
10
10
10
10
10
10
10
10
10
10
10
10
10
10
10
10
10
10
10
10
10
10
10
10
10
10
10
10
10
10
10
10
10
10
10
10
10
10
10
10
10
10
10
10
10
10
10
10
10
10
10
10
10
10
10
10
10
10
10
10
10
10
10
10
10
10
10
10
10
10
10
10
10
10
10
10
10
10
10
10
10
10
10
10
10
10
10
10
10
10
10
10
10
10
10
10
10
10
10
10
10
10
10
10
10
10
10
10
10
10
10
10
10
10
10
10
10
10
10
10
10
10
10
10
10
10
10
10
10
10
10
10
10
10
10
10
10
10
10
10
10
10
10
10
10
10
10
10
10
10
10
10
10
10
10
10
10
10
10
10
10
10
10
10
10
10
10
10
10
10
10
10
10
10
10
10
10
10
10
10
10
10
10
10
10
10
10
10
10
10
10
10
10
10
10
10
10
10
10
10
10
10
10
10
10
10
10
10
10
10
10
10
10
10
10
10
10
10
10
10
10
10
10
10
10
10
10
10
10
10
10
10
10
10
10
10
10
10
10
10
10
10
10
10
10
10
10
10
10
10
10
10
10
10
10
10
10
10
10
10
10
10
10
10
10
10
10
10
10
10
10
10
10
10
10
10
10
10
10
10
10
10
10
10
10
10
10
10
10
10
10
10
10
10
10
10
10
10
10
10
10
10
10
10
10
10
10
10
10
10
10
10
10
10
10
10
10
10
10
10
10
10
10
10
10
10
10
10
10
10
10
10
10
10
10
10
10
10
10
10
10
10
10
10
10
10
10
10
10
10
10
10
10
10
10
10
10
10
10
10
10
10
10
10
10
10
10
10
10
10
10
10
10
10
10
10
10
10
10
10
10
10
10
10
10
10
10
10
10
10
10
10
10
10
10
10
10
10
10
10
10
10
10
10
10
10
10
10
10
10
10
10
10
10
10
10
10
10
10
10
10
10
10
10
10
10
10
10
10
10
10
10
10
10
10
10
10
10
10
10
10
10
10
10
10
10
10
10
10
10
10
10
10
10
10
10
10
10
10
10
10
10
10
10
10
10
10
10
10
10
10
10
10
10
10
10
10
10
10
10
10
10
10
10
10
10
10
10
10
10
10
10
10
10
10
10
10
10
10
10
10
10
10
10
10
10
10
10
10
10
10
10
10
10
10
10
10
10
10
10
10
10
10
10
10
10
10
10
10
10
10
10
10
10
10
10
10
10
10
10
10
10
10
10
10
10
10
10
10
10
10
10
10
10
10
10
10
10
10
10
10
10
10
10
10
10
10
10
10
10
10
10
10
10
10
10
10
10
10
10
10
10
10
10
10
10
10
10
10
10
10
10
10
10
10
10
10
10
10
10
10
10
10
10
10
10
10
10
10
10
10
10
10
10
10
10
10
10
10
10
10
10
10
10
10
10
10
10
10
10
10
10
10
10
10
10
10
10
10
10
10
10
10
10
10
10
10
10
10
10
10
10
10
10
10
10
10
10
10
10
10
10
10
10
10
10
10
10
10
10
10
10
10
10
10
10
10
10
10
10
10
10
10
10
10
10
10
10
10
10
10
10
10
10
10
10
10
10
10
10
10
10
10
10
10
10
10
10
10
10
10
10
10
10
10
10
10
10
10
10
10
10
10
10
10
10
10
10
10
10
10
10
10
10
10
10
10
10
10
10
10
10
10
10
10
10
10
10
10
10
10
10
10
10
10
10
10
10
10
10
10
10
10
10
10
10
10
10
10
10
10
10
10
10
10
10
10
10
10
10
10
10
10
10
10
10
10
10
10
10
10
10
10
10
10
10
10
10
10
10
10
10
10
10
10
10
10
10
10
10
10
10
10
10
10
10
10
10
10
10
10
10
10
10
10
10
10
10
10
10
10
10
10
10
10
10
10
10
10
10
10
10
10
10
10
10
10
10
10
10
10
10
10
10
10
10
10
10
10
10
10
10
10
10
10
10
10
10
10
10
10
10
10
10
10
10
10
10
10
10
10
10
10
10
10
10
10
10
10
10
10
10
10
10
10
10
10
10
10
10
10
10
10
10
10
10
10
10
10
10
10
10
10
10
10
10
10
10
10
10
10
10
10
10
10
10
10
10
10
10
10
10
10
10
10
10
10
10
10
10
10
10
10
10
10
10
10
10
10
10
10
10
10
10
10
10
10
10
10
10
10
10
10
10
10
10
10
10
10
10
10
10
10
10
10
10
10
10
10
10
10
10
10
10
10
10
10
10
10
10
10
10
10
10
10
10
10
10
10
10
10
10
10
10
10
10
10
10
10
10
10
10
10
10
10
10
10
10
10
10
10
10
10
10
10
10
10
10
10
10
10
10
10
10
10
10
10
10
10
10
10
10
10
10
10
10
10
10
10
10
10
10
10
10
10
10
10
10
10
10
10
10
10
10
10
10
10
10
10
10
10
10
10
10
10
10
10
10
10
10
10
10
10
10
10
10
10
10
10
10
10
10
10
10
10
10
10
10
10
10
10
10
10
10
10
10
10
10
10
10
10
10
10
10
10
10
10
10
10
10
10
10
10
10
10
10
10
10
10
10
10
10
10
10
10
10
10
10
10
10
10
10
10
10
10
10
10
10
10
10
10
10
10
10
10
10
10
10
10
10
10
10
10
10
10
10
10
10
10
10
10
10
10
10
10
10
10
10
10
10
10
10
10
10
10
10
10
10
10
10
10
10
10
10
10
10
10
10
10
10
10
10
10
10
10
10
10
10
10
10
10
10
10
10
10
10
10
10
10
10
10
10
10
10
10
10
10
10
10
10
10
10
10
10
10
10
10
10
10
10
10
10
10
10
10
10
10
10
10
10
10
10
10
10
10
10
10
10
10
10
10
10
10
10
10
10
10
10
10
10
10
10
10
10
10
10
10
10
10
10
10
10
10
10
10
10
10
10
10
10
10
10
10
10
10
10
10
10
10
10
10
10
10
10
10
10
10
10
10
10
10
10
10
10
10
10
10
10
10
10
10
10
10
10
10
10
10
10
10
10
10
10
10
10
10
10
10
10
10
10
10
10
10
10
10
10
10
10
10
10
10
10
10
10
10
10
10
10
10
10
10
10
10
10
10
10
10
10
10
10
10
10
10
10
10
10
10
10
10
10
10
10
10
10
10
10
10
10
10
10
10
10
10
10
10
10
10
10
10
10
10
10
10
10
10
10
10
10
10
10
10
10
10
10
10
10
10
10
10
10
10
10
10
10
10
10
10
10
10
10
10
10
10
10
10
10
10
10
10
10
10
10
10
10
10
10
10
10
10
10
10
10
10
10
10
10
10
10
10
10
10
10
10
10
10
10
10
10
10
10
10
10
10
10
10
10
10
10
10
10
10
10
10
10
10
10
10
10
10
10
10
10
10
10
10
10
10
10
10
10
10
10
10
10
10
10
10
10
10
10
10
10
10
10
10
10
10
10
10
10
10
10
10
10
10
10
10
10
10
10
10
10
10
10
10
10
10
10
10
10
10
10
10
10
10
10
10
10
10
10
10
10
10
10
10
10
10
10
10
10
10
10
10
10
10
10
10
10
10
10
10
10
10
10
10
10
10
10
10
10
10
10
10
10
10
10
10
10
10
10
10
10
10
10
10
10
10
10
10
10
10
10
10
10
10
10
10
10
10
10
10
10
10
10
10
10
10
10
10
10
10
10
10
10
10
10
10
10
10
10
10
10
10
10
10
10
10
10
10
10
10
10
10
10
10
10
10
10
10
10
10
10
10
10
10
10
10
10
10
10
10
10
10
10
10
10
10
10
10
10
10
10
10
10
10
10
10
10
10
10
10
10
10
10
10
10
10
10
10
10
10
10
10
10
10
10
10
10
10
10
10
10
10
10
10
10
10
10
10
10
10
10
10
10
10
10
10
10
10
10
10
10
10
10
10
10
10
10
10
10
10
10
10
10
10
10
10
10
10
10
10
10
10
10
10
10
10
10
10
10
10
10
10
10
10
10
10
10
10
10
10
10
10
10
10
10
10
10
10
10
10
10
10
10
10
10
10
10
10
10
10
10
10
10
10
10
10
10
10
10
10
10
10
10
10
10
10
10
10
10
10
10
10
10
10
10
10
10
10
10
10
10
10
10
10
10
10
10
10
10
10
10
10
10
10
10
10
10
10
10
10
10
10
10
10
10
10
10
10
10
10
10
10
10
10
10
10
10
10
10
10
10
10
10
10
10
10
10
10
10
10
10
10
10
10
10
10
10
10
10
10
10
10
10
10
10
10
10
10
10
10
10
10
10
10
10
10
10
10
10
10
10
10
10
10
10
10
10
10
10
10
10
10
10
10
10
10
10
10
10
10
10
10
10
10
10
10
10
10
10
10
10
10
10
10
10
10
10
10
10
10
10
10
10
10
10
10
10
10
10
10
10
10
10
10
10
10
10
10
10
10
10
10
10
10
10
10
10
10
10
10
10
10
10
10
10
10
10
10
10
10
10
10
10
10
10
10
10
10
10
10
10
10
10
10
10
10
10
10
10
10
10
10
10
10
10
10
10
10
10
10
10
10
10
10
10
10
10
10
10
10
10
10
10
10
10
10
10
10
10
10
10
10
10
10
10
10
10
10
10
10
10
10
10
10
10
10
10
10
10
10
10
10
10
10
10
10
10
10
10
10
10
10
10
10
10
10
10
10
10
10
10
10
10
10
10
10
10
10
10
10
10
10
10
10
10
10
10
10
10
10
10
10
10
10
10
10
10
10
10
10
10
10
10
10
10
10
10
10
10
10
10
10
10
10
10
10
10
10
10
10
10
10
10
10
10
10
10
10
10
10
10
10
10
10
10
10
10
10
10
10
10
10
10
10
10
10
10
10
10
10
10
10
10
10
10
10
10
10
10
10
10
10
10
10
10
10
10
10
10
10
10
10
10
10
10
10
10
10
10
10
10
10
10
10
10
10
10
10
10
10
10
10
10
10
10
10
10
10
10
10
10
10
10
10
10
10
10
10
10
10
10
10
10
10
10
10
10
10
10
10
10
10
10
10
10
10
10
10
10
10
10
10
10
10
10
10
10
10
10
10
10
10
10
10
10
10
10
10
10
10
10
10
10
10
10
10
10
10
10
10
10
10
10
10
10
10
10
10
10
10
10
10
10
10
10
10
10
10
10
10
10
10
10
10
10
10
10
10
10
10
10
10
10
10
10
10
10
10
10
10
10
10
10
10
10
10
10
10
10
10
10
10
10
10
10
10
10
10
10
10
10
10
10
10
10
10
10
10
10
10
10
10
10
10
10
10
10
10
10
10
10
10
10
10
10
10
10
10
10
10
10
10
10
10
10
10
10
10
10
10
10
10
10
10
10
10
10
10
10
10
10
10
10
10
10
10
10
10
10
10
10
10
10
10
10
10
10
10
10
10
10
10
10
10
10
10
10
10
10
10
10
10
10
10
10
10
10
10
10
10
10
10
10
10
10
10
10
10
10
10
10
10
10
10
10
10
10
10
10
10
10
10
10
10
10
10
10
10
10
10
10
10
10
10
10
10
10
10
10
10
10
10
10
10
10
10
10
10
10
10
10
10
10
10
10
10
10
10
10
10
10
10
10
10
10
10
10
10
10
10
10
10
10
10
10
10
10
10
10
10
10
10
10
10
10
10
10
10
10
10
10
10
10
10
10
10
10
10
10
10
10
10
10
10
10
10
10
10
10
10
10
10
10
10
10
10
10
10
10
10
10
10
10
10
10
10
10
10
10
10
10
10
10
10
10
10
10
10
10
10
10
10
10
10
10
10
10
10
10
10
10
10
10
10
10
10
10
10
10
10
10
10
10
10
10
10
10
10
10
10
10
10
10
10
10
10
10
10
10
10
10
10
10
10
10
10
10
10
10
10
10
10
10
10
10
10
10
10
10
10
10
10
10
10
10
10
10
10
10
10
10
10
10
10
10
10
10
10
10
10
10
10
10
10
10
10
10
10
10
10
10
10
10
10
10
10
10
10
10
10
10
10
10
10
10
10
10
10
10
10
10
10
10
10
10
10
10
10
10
10
10
10
10
10
10
10
10
10
10
10
10
10
10
10
10
10
10
10
10
10
10
10
10
10
10
10
10
10
10
10
10
10
10
10
10
10
10
10
10
10
10
10
10
10
10
10
10
10
10
10
10
10
10
10
10
10
10
10
10
10
10
10
10
10
10
10
10
10
10
10
10
10
10
10
10
10
10
10
10
10
10
10
10
10
10
10
10
10
10
10
10
10
10
10
10
10
10
10
10
10
10
10
10
10
10
10
10
10
10
10
10
10
10
10
10
10
10
10
10
10
10
10
10
10
10
10
10
10
10
10
10
10
10
10
10
10
10
10
10
10
10
10
10
10
10
10
10
10
10
10
10
10
10
10
10
10
10
10
10
10
10
10
10
10
10
10
10
10
10
10
10
10
10
10
10
10
10
10
10
10
10
10
10
10
10
10
10
10
10
10
10
10
10
10
10
10
10
10
10
10
10
10
10
10
10
10
10
10
10
10
10
10
10
10
10
10
10
10
10
10
10
10
10
10
10
10
10
10
10
10
10
10
10
10
10
10
10
10
10
10
10
10
10
10
10
10
10
10
10
10
10
10
10
10
10
10
10
10
10
10
10
10
10
10
10
10
10
10
10
10
10
10
10
10
10
10
10
10
10
10
10
10
10
10
10
10
10
10
10
10
10
10
10
10
10
10
10
10
10
10
10
10
10
10
10
10
10
10
10
10
10
10
10
10
10
10
10
10
10
10
10
10
10
10
10
10
10
10
10
10
10
10
10
10
10
10
10
10
10
10
10
10
10
10
10
10
10
10
10
10
10
10
10
10
10
10
10
10
10
10
10
10
10
10
10
10
10
10
10
10
10
10
10
10
10
10
10
10
10
10
10
10
10
10
10
10
10
10
10
10
10
10
10
10
10
10
10
10
10
10
10
10
10
10
10
10
10
10
10
10
10
10
10
10
10
10
10
10
10
10
10
10
10
10
10
10
10
10
10
10
10
10
10
10
10
10
10
10
10
10
10
10
10
10
10
10
10
10
10
10
10
10
10
10
10
10
10
10
10
10
10
10
10
10
10
10
10
10
10
10
10
10
10
10
10
10
10
10
10
10
10
10
10
10
10
10
10
10
10
10
10
10
10
10
10
10
10
10
10
10
10
10
10
10
10
10
10
10
10
10
10
10
10
10
10
10
10
10
10
10
10
10
10
10
10
10
10
10
10
10
10
10
10
10
10
10
10
10
10
10
10
10
10
10
10
10
10
10
10
10
10
10
10
10
10
10
10
10
10
10
10
10
10
10
10
10
10
10
10
10
10
10
10
10
10
10
10
10
10
10
10
10
10
10
10
10
10
10
10
10
10
10
10
10
10
10
10
10
10
10
10
10
10
10
10
10
10
10
10
10
10
10
10
10
10
10
10
10
10
10
10
10
10
10
10
10
10
10
10
10
10
10
10
10
10
10
10
10
10
10
10
10
10
10
10
10
10
10
10
10
10
10
10
10
10
10
10
10
10
10
10
10
10
10
10
10
10
10
10
10
10
10
10
10
10
10
10
10
10
10
10
10
10
10
10
10
10
10
10
10
10
10
10
10
10
10
10
10
10
10
10
10
10
10
10
10
10
10
10
10
10
10
10
10
10
10
10
10
10
10
10
10
10
10
10
10
10
10
10
10
10
10
10
10
10
10
10
10
10
10

CELL_DATA 6230
SCALARS CellEntityIds int 1
LOOKUP_TABLE default
1
1
1
1
1
1
1
1
1
1
1
1
1
1
1
1
1
1
1
1
1
1
1
1
1
1
1
1
1
1
1
1
1
1
1
1
1
1
1
1
1
1
1
1
1
1
1
1
1
1
1
1
1
1
1
1
1
1
1
1
1
1
1
1
1
1
1
1
1
1
1
1
1
1
1
1
1
1
1
1
1
1
1
1
1
1
1
1
1
1
1
1
1
1
1
1
1
1
1
1
1
1
1
1
1
1
1
1
1
1
1
1
1
1
1
1
1
1
1
1
1
1
1
1
1
1
1
1
1
1
1
1
1
1
2
2
2
2
2
2
2
2
2
2
2
2
2
2
2
2
2
2
2
2
2
2
2
2
2
2
2
2
2
2
2
2
2
2
2
2
2
2
2
2
2
2
2
2
2
2
2
2
2
2
2
2
2
2
2
2
2
2
2
2
2
2
2
2
2
2
2
2
2
2
2
2
2
2
2
2
2
2
2
2
2
2
2
2
2
2
2
2
2
2
2
2
2
2
2
2
2
2
2
2
2
2
2
2
2
2
2
2
2
2
2
2
2
2
2
2
2
2
2
2
2
2
2
2
2
2
2
2
2
2
2
2
2
2
3
3
3
3
3
3
3
3
3
3
3
3
3
3
3
3
3
3
3
3
3
3
3
3
3
3
3
3
3
3
3
3
3
3
3
3
3
3
3
3
3
3
3
3
3
3
3
3
3
3
3
3
3
3
3
3
3
3
3
3
3
3
3
3
3
3
3
3
3
3
3
3
3
3
3
3
3
3
3
3
3
3
3
3
3
3
3
3
3
3
3
3
3
3
3
3
3
3
3
3
3
3
3
3
3
3
3
3
3
3
3
3
3
3
3
3
3
3
3
3
3
3
3
3
3
3
3
3
3
3
3
3
3
3
3
3
3
3
3
3
3
3
3
3
3
3
3
3
3
3
3
3
3
3
3
3
3
3
3
3
3
3
3
3
3
3
3
3
3
3
3
3
3
3
3
3
3
3
3
3
3
3
3
3
3
3
3
3
3
3
3
3
3
3
3
3
3
3
3
3
3
3
3
3
3
3
3
3
3
3
3
3
3
3
3
3
3
3
3
3
3
3
3
3
3
3
3
3
3
3
3
3
3
3
3
3
3
3
3
3
3
3
3
3
3
3
3
3
3
3
3
3
3
3
3
3
3
3
3
3
3
3
3
3
3
3
3
3
3
3
4
4
4
4
4
4
4
4
4
4
4
4
4
4
4
4
4
4
4
4
4
4
4
4
4
4
4
4
4
4
4
4
4
4
4
4
4
4
4
4
4
4
4
4
4
4
4
4
4
4
4
4
4
4
4
4
4
4
4
4
4
4
4
4
4
4
4
4
4
4
4
4
4
4
4
4
4
4
4
4
4
4
4
4
4
4
4
4
4
4
4
4
4
4
4
4
4
4
4
4
4
4
4
4
4
4
4
4
4
4
4
4
4
4
4
4
4
4
4
4
4
4
4
4
4
4
4
4
4
4
4
4
4
4
4
4
4
4
4
4
4
4
4
4
4
4
4
4
4
4
4
4
4
4
4
4
4
4
4
4
4
4
4
4
4
4
4
4
4
4
4
4
4
4
4
4
4
4
4
4
4
4
4
4
4
4
4
4
4
4
4
4
4
4
4
4
4
4
4
4
4
4
4
4
4
4
4
4
4
4
4
4
4
4
4
4
4
4
4
4
4
4
4
4
4
4
4
4
4
4
4
4
4
4
4
4
4
4
4
4
4
4
4
4
4
4
4
4
4
4
4
4
4
4
4
4
4
4
4
4
4
4
4
4
4
4
4
4
4
4
5
5
5
5
5
5
5
5
5
5
5
5
5
5
5
5
5
5
5
5
5
5
5
5
5
5
5
5
5
5
5
5
5
5
5
5
5
5
5
5
5
5
5
5
5
5
5
5
5
5
5
5
5
5
5
5
5
5
5
5
5
5
5
5
5
5
5
5
5
5
5
5
5
5
5
5
5
5
5
5
5
5
5
5
5
5
5
5
5
5
5
5
5
5
5
5
5
5
5
5
5
5
5
5
5
5
5
5
5
5
5
5
5
5
5
5
5
5
5
5
5
5
5
5
5
5
5
5
5
5
5
5
5
5
5
5
5
5
5
5
5
5
5
5
5
5
5
5
5
5
5
5
5
5
5
5
5
5
5
5
5
5
5
5
5
5
5
5
5
5
5
5
5
5
5
5
5
5
5
5
5
5
5
5
5
5
5
5
5
5
5
5
5
5
5
5
5
5
5
5
5
5
5
5
5
5
5
5
5
5
5
5
5
5
5
5
5
5
5
5
5
5
5
5
5
5
5
5
5
5
5
5
5
5
5
5
5
5
5
5
5
5
5
5
5
5
5
5
5
5
5
5
5
5
5
5
5
5
5
5
5
5
5
5
5
5
5
5
5
5
5
5
5
5
5
5
6
6
6
6
6
6
6
6
6
6
6
6
6
6
6
6
6
6
6
6
6
6
6
6
6
6
6
6
6
6
6
6
6
6
6
6
6
6
6
6
6
6
6
6
6
6
6
6
6
6
6
6
6
6
6
6
6
6
6
6
6
6
6
6
6
6
6
6
6
6
6
6
6
6
6
6
6
6
6
6
6
6
6
6
6
6
6
6
6
6
6
6
6
6
6
6
6
6
6
6
6
6
6
6
6
6
6
6
6
6
6
6
6
6
6
6
6
6
6
6
6
6
6
6
6
6
6
6
6
6
6
6
6
6
6
6
6
6
6
6
6
6
6
6
6
6
6
6
6
6
6
6
6
6
6
6
6
6
6
6
6
6
6
6
6
6
6
6
6
6
6
6
6
6
6
6
6
6
6
6
6
6
6
6
6
6
6
6
6
6
6
6
6
6
6
6
6
6
6
6
6
6
6
6
6
6
6
6
6
6
6
6
6
6
6
6
6
6
6
6
6
6
6
6
6
6
6
6
6
6
6
6
6
6
6
6
6
6
6
6
6
6
6
6
6
6
6
6
6
6
6
6
6
6
6
6
6
6
6
6
6
6
6
6
6
6
6
6
6
6
6
6
6
6
6
6
7
7
7
7
7
7
7
7
7
7
7
7
7
7
7
7
7
7
7
7
7
7
7
7
7
7
7
7
7
7
7
7
7
7
7
7
7
7
7
7
7
7
7
7
7
7
7
7
7
7
7
7
7
7
7
7
7
7
7
7
7
7
7
7
7
7
7
7
7
7
7
7
7
7
7
7
7
7
7
7
7
7
7
7
7
7
7
7
7
7
7
7
7
7
7
7
7
7
7
7
7
7
7
7
7
7
7
7
7
7
7
7
7
7
7
7
7
7
7
7
7
7
7
7
7
7
7
7
7
7
7
7
7
7
7
7
7
7
7
7
7
7
7
7
7
7
7
7
7
7
7
7
7
7
7
7
7
7
7
7
7
7
7
7
7
7
7
7
7
7
7
7
7
7
7
7
7
7
7
7
7
7
7
7
7
7
7
7
7
7
7
7
7
7
7
7
7
7
7
7
7
7
7
7
7
7
7
7
7
7
7
7
7
7
7
7
7
7
7
7
7
7
7
7
7
7
7
7
7
7
7
7
7
7
7
7
7
7
7
7
7
7
7
7
7
7
7
7
7
7
7
7
7
7
7
7
7
7
7
7
7
7
7
7
7
7
7
7
7
7
7
7
7
7
7
7
7
7
7
7
7
7
7
7
7
7
7
7
7
7
7
7
7
7
7
7
7
7
7
7
7
7
7
7
7
7
7
7
7
7
7
7
7
7
7
7
7
7
7
7
7
7
7
7
7
7
7
7
7
7
7
7
7
7
7
7
7
7
7
7
7
7
7
7
7
7
7
7
7
7
7
7
7
7
7
7
7
7
7
7
7
7
7
7
7
7
7
7
7
7
7
7
7
7
7
7
7
7
7
7
7
7
7
7
7
7
7
7
7
7
7
7
7
7
7
7
7
7
7
7
7
7
7
7
7
7
7
7
7
7
7
7
7
7
7
7
7
7
7
7
7
7
7
7
7
7
7
7
7
7
7
7
7
7
7
7
7
7
7
7
7
7
7
7
7
7
7
7
7
7
7
7
7
7
7
7
7
7
7
7
7
7
7
7
7
7
7
7
7
7
7
7
7
7
7
7
7
7
7
7
7
7
7
7
7
7
7
7
7
7
7
7
7
7
7
7
7
7
7
7
7
7
7
7
7
7
7
7
7
7
7
7
7
7
7
7
7
7
7
7
7
7
7
7
7
7
7
7
7
7
7
7
7
7
7
7
7
7
7
7
7
7
7
7
7
7
7
7
7
7
7
7
7
7
7
7
7
7
7
7
7
7
7
7
7
7
7
7
7
7
7
7
7
7
7
7
7
7
7
7
7
7
7
7
7
7
7
7
7
7
7
7
7
7
7
7
7
7
7
7
7
7
7
7
7
7
7
7
7
7
7
7
7
7
7
7
7
7
7
7
7
7
7
7
7
7
7
7
7
7
7
7
7
7
7
7
7
7
7
7
7
7
7
7
7
7
7
7
7
7
7
7
7
7
7
7
7
7
7
7
7
7
7
7
7
7
7
7
7
7
7
7
7
7
7
7
7
7
7
7
7
7
7
7
7
7
7
7
7
7
7
7
7
7
7
7
7
7
7
7
7
7
7
7
7
7
7
7
7
7
7
7
7
7
7
7
7
7
7
7
7
7
7
7
7
7
7
7
7
7
7
7
7
7
7
7
7
7
7
7
7
7
7
7
7
7
7
7
7
7
7
7
7
7
7
7
7
7
7
7
7
7
7
7
7
7
7
7
7
7
7
7
7
7
7
7
7
7
7
7
7
7
7
7
7
7
7
7
7
7
7
7
7
7
7
7
7
7
7
7
7
7
7
7
7
7
7
7
7
7
7
7
7
7
7
7
7
7
7
7
7
7
7
7
7
7
7
7
7
7
7
7
7
7
7
7
7
7
7
7
7
7
7
7
7
7
7
7
7
7
7
7
7
7
7
7
7
7
7
7
7
7
7
7
7
7
7
7
7
7
7
7
7
7
7
7
7
7
7
7
7
7
7
7
7
7
7
7
7
7
7
7
7
7
7
7
7
7
7
7
7
7
7
7
7
7
7
7
7
7
7
7
7
7
7
7
7
7
7
7
7
7
7
7
7
7
7
7
7
7
7
7
7
7
7
7
7
7
7
7
7
7
7
7
7
7
7
7
7
7
7
7
7
7
7
7
7
7
7
7
7
7
7
7
7
7
7
7
7
7
7
7
7
7
7
7
7
7
7
7
7
7
7
7
7
7
7
7
7
7
7
7
7
7
7
7
7
7
7
7
7
7
7
7
7
7
7
7
7
7
7
7
7
7
7
7
7
7
7
7
7
7
7
7
7
7
7
7
7
7
7
7
7
7
7
7
7
7
7
7
7
7
7
7
7
7
7
7
7
7
7
7
7
7
7
7
7
7
7
7
7
7
7
7
7
7
7
7
7
7
7
7
7
7
7
7
7
7
7
7
7
7
7
7
7
7
7
7
7
7
7
7
7
7
7
7
7
7
7
7
7
7
7
7
7
7
7
7
7
7
7
7
7
7
7
7
7
7
7
7
7
7
7
7
7
7
7
7
7
7
7
7
7
7
7
7
7
7
7
7
7
7
7
7
7
7
7
7
7
7
7
7
7
7
7
7
7
7
7
7
7
7
7
7
7
7
7
7
7
7
7
7
7
7
7
7
7
7
7
7
7
7
7
7
7
7
7
7
7
7
7
7
7
7
7
7
7
7
7
7
7
7
7
7
7
7
7
7
7
7
7
7
7
7
7
7
7
7
7
7
7
7
7
7
7
7
7
7
7
7
7
7
7
7
7
7
7
7
7
7
7
7
7
7
7
7
7
7
7
7
7
7
7
7
7
7
7
7
7
7
7
7
7
7
7
7
7
7
7
7
7
7
7
7
7
7
7
7
7
7
7
7
7
7
7
7
7
7
7
7
7
7
7
7
7
7
7
7
7
7
7
7
7
7
7
7
7
7
7
7
7
7
7
7
7
7
7
7
7
7
7
7
7
7
7
7
7
7
7
7
7
7
7
7
7
7
7
7
7
7
7
7
7
7
7
7
7
7
7
7
7
7
7
7
7
7
7
7
7
7
7
7
7
7
7
7
7
7
7
7
7
7
7
7
7
7
7
7
7
7
7
7
7
7
7
7
7
7
7
7
7
7
7
7
7
7
7
7
7
7
7
7
7
7
7
7
7
7
7
7
7
7
7
7
7
7
7
7
7
7
7
7
7
7
7
7
7
7
7
7
7
7
7
7
7
7
7
7
7
7
7
7
7
7
7
7
7
7
7
7
7
7
7
7
7
7
7
7
7
7
7
7
7
7
7
7
7
7
7
7
7
7
7
7
7
7
7
7
7
7
7
7
7
7
7
7
7
7
7
7
7
7
7
7
7
7
7
7
7
7
7
7
7
7
7
7
7
7
7
7
7
7
7
7
7
7
7
7
7
7
7
7
7
7
7
7
7
7
7
7
7
7
7
7
7
7
7
7
7
7
7
7
7
7
7
7
7
7
7
7
7
7
7
7
7
7
7
7
7
7
7
7
7
7
7
7
7
7
7
7
7
7
7
7
7
7
7
7
7
7
7
7
7
7
7
7
7
7
7
7
7
7
7
7
7
7
7
7
7
7
7
7
7
7
7
7
7
7
7
7
7
7
7
7
7
7
7
7
7
7
7
7
7
7
7
7
7
7
7
7
7
7
7
7
7
7
7
7
7
7
7
7
7
7
7
7
7
7
7
7
7
7
7
7
7
7
7
7
7
7
7
7
7
7
7
7
7
7
7
7
7
7
7
7
7
7
7
7
7
7
7
7
7
7
7
7
7
7
7
7
7
7
7
7
7
7
7
7
7
7
7
7
7
7
7
7
7
7
7
7
7
7
7
7
7
7
7
7
7
7
7
7
7
7
7
7
7
7
7
7
7
7
7
7
7
7
7
7
7
7
7
7
7
7
7
7
7
7
7
7
7
7
7
7
7
7
7
7
7
7
7
7
7
7
7
7
7
7
7
7
7
7
7
7
7
7
7
7
7
7
7
7
7
7
7
7
7
7
7
7
7
7
7
7
7
7
7
7
7
7
7
7
7
7
7
7
7
7
7
7
7
7
7
7
7
7
7
7
7
7
7
7
7
7
7
7
7
7
7
7
7
7
7
7
7
7
7
7
7
7
7
7
7
7
7
7
7
7
7
7
7
7
7
7
7
7
7
7
7
7
7
7
7
7
7
7
7
7
7
7
7
7
7
7
7
7
7
7
7
7
7
7
7
7
7
7
7
7
7
7
7
7
7
7
7
7
7
7
7
7
7
7
7
7
7
7
7
7
7
7
7
7
7
7
7
7
7
7
7
7
7
7
7
7
7
7
7
7
7
7
7
7
7
7
7
7
7
7
7
7
7
7
7
7
7
7
7
7
7
7
7
7
7
7
7
7
7
7
7
7
7
7
7
7
7
7
7
7
7
7
7
7
7
7
7
7
7
7
7
7
7
7
7
7
7
7
7
7
7
7
7
7
7
7
7
7
7
7
7
7
7
7
7
7
7
7
7
7
7
7
7
7
7
7
7
7
7
7
7
7
7
7
7
7
7
7
7
7
7
7
7
7
7
7
7
7
7
7
7
7
7
7
7
7
7
7
7
7
7
7
7
7
7
7
7
7
7
7
7
7
7
7
7
7
7
7
7
7
7
7
7
7
7
7
7
7
7
7
7
7
7
7
7
7
7
7
7
7
7
7
7
7
7
7
7
7
7
7
7
7
7
7
7
7
7
7
7
7
7
7
7
7
7
7
7
7
7
7
7
7
7
7
7
7
7
7
7
7
7
7
7
7
7
7
7
7
7
7
7
7
7
7
7
7
7
7
7
7
7
7
7
7
7
7
7
7
7
7
7
7
7
7
7
7
7
7
7
7
7
7
7
7
7
7
7
7
7
7
7
7
7
7
7
7
7
7
7
7
7
7
7
7
7
7
7
7
7
7
7
7
7
7
7
7
7
7
7
7
7
7
7
7
7
7
7
7
7
7
7
7
7
7
7
7
7
7
7
7
7
7
7
7
7
7
7
7
7
7
7
7
7
7
7
7
7
7
7
7
7
7
7
7
7
7
7
7
7
7
7
7
7
7
7
7
7
7
7
7
7
7
7
7
7
7
7
7
7
7
7
7
7
7
7
7
7
7
7
7
7
7
7
7
7
7
7
7
7
7
7
7
7
7
7
7
7
7
7
7
7
7
7
7
7
7
7
7
7
7
7
7
7
7
7
7
7
7
7
7
7
7
7
7
7
7
7
7
7
7
7
7
7
7
7
7
7
7
7
7
7
7
7
7
7
7
7
7
7
7
7
7
7
7
7
7
7
7
7
7
7
7
7
7
7
7
7
7
7
7
7
7
7
7
7
7
7
7
7
7
7
7
7
7
7
7
7
7
7
7
7
7
7
7
7
7
7
7
7
7
7
7
7
7
7
7
7
7
7
7
7
7
7
7
7
7
7
7
7
7
7
7
7
7
7
7
7
7
7
7
7
7
7
7
7
7
7
7
7
7
7
7
7
7
7
7
7
7
7
7
7
7
7
7
7
7
7
7
7
7
7
7
7
7
7
7
7
7
7
7
7
7
7
7
7
7
7
7
7
7
7
7
7
7
7
7
7
7
7
7
7
7
7
7
7
7
7
7
7
7
7
7
7
7
7
7
7
7
7
7
7
7
7
7
7
7
7
7
7
7
7
7
7
7
7
7
7
7
7
7
7
7
7
7
7
7
7
7
7
7
7
7
7
7
7
7
7
7
7
7
7
7
7
7
7
7
7
7
7
7
7
7
7
7
7
7
7
7
7
7
7
7
7
7
7
7
7
7
7
7
7
7
7
7
7
7
7
7
7
7
7
7
7
7
7
7
7
7
7
7
7
7
7
7
7
7
7
7
7
7
7
7
7
7
7
7
7
7
7
7
7
7
7
7
7
7
7
7
7
7
7
7
7
7
7
7
7
7
7
7
7
7
7
7
7
7
7
7
7
7
7
7
7
7
7
7
7
7
7
7
7
7
7
7
7
7
7
7
7
7
7
7
7
7
7
7
7
7
7
7
7
7
7
7
7
7
7
7
7
7
7
7
7
7
7
7
7
7
7
7
7
7
7
7
7
7
7
7
7
7
7
7
7
7
7
7
7
7
7
7
7
7
7
7
7
7
7
7
7
7
7
7
7
7
7
7
7
7
7
7
7
7
7
7
7
7
7
7
7
7
7
7
7
7
7
7
7
7
7
7
7
7
7
7
7
7
7
7
7
7
7
7
7
7
7
7
7
7
7
7
7
7
7
7
7
7
7
7
7
7
7
7
7
7
7
7
7
7
7
7
7
7
7
7
7
7
7
7
7
7
7
7
7
7
7
7
7
7
7
7
7
7
7
7
7
7
7
7
7
7
7
7
7
7
7
7
7
7
7
7
7
7
7
7
7
7
7
7
7
7
7
7
7
7
7
7
7
7
7
7
7
7
7
7
7
7
7
7
7
7
7
7
7
7
7
7
7
7
7
7
7
7
7
7
7
7
7
7
7
7
7
7
7
7
7
7
7
7
7
7
7
7
7
7
7
7
7
7
7
7
7
7
7
7
7
7
7
7
7
7
7
7
7
7
7
7
7
7
7
7
7
7
7
7
7
7
7
7
7
7
7
7
7
7
7
7
7
7
7
7
7
7
7
7
7
7
7
7
7
7
7
7
7
7
7
7
7
7
7
7
7
7
7
7
7
7
7
7
7
7
7
7
7
7
7
7
7
7
7
7
7
7
7
7
7
7
7
7
7
7
7
7
7
7
7
7
7
7
7
7
7
7
7
7
7
7
7
7
7
7
7
7
7
7
7
7
7
7
7
7
7
7
7
7
7
7
7
7
7
7
7
7
7
7
7
7
7
7
7
7
7
7
7
7
7
7
7
7
7
7
7
7
7
7
7
7
7
7
7
7
7
7
7
7
7
7
7
7
7
7
7
7
7
7
7
7
7
7
7
7
7
7
7
7
7
7
7
7
7
7
7
7
7
7
7
7
7
7
7
7
7
7
7
7
7
7
7
7
7
7
7
7
7
7
7
7
7
7
7
7
7
7
7
7
7
7
7
7
7
7
7
7
7
7
7
7
7
7
7
7
7
7
7
7
7
7
7
7
7
7
7
7
7
7
7
7
7
7
7
7
7
7
7
7
7
7
7
7
7
7
7
7
7
7
7
7
7
7
7
7
7
7
7
7
7
7
7
7
7
7
7
7
7
7
7
7
7
7
7
7
7
7
7
7
7
7
7
7
7
7
7
7
7
7
7
7
7
7
7
7
7
7
7
7
7
7
7
7
7
7
7
7
7
7
7
7
7
7
7
7
7
7
7
7
7
7
7
7
7
7
7
7
7
7
7
7
7
7
7
7
7
7
7
7
7
7
7
7
7
7
7
7
7
7
7
7
7
7
7
7
7
7
7
7
7
7
7
7
7
7
7
7
7
7
7
7
7
7
7
7
7
7
7
7
7
7
7
7
7
7
7
7
7
7
7
7
7
7
7
7
7
7
7
7
7
7
7
7
7
7
7
7
7
7
7
7
7
7
7
7
7
7
7
7
7
7
7
7
7
7
7
7
7
7
7
7
7
7
7
7
7
7
7
7
7
7
7
7
7
7
7
7
7
7
7
7
7
7
7
7
7
7
7
7
7
7
7
7
7
7
7
7
7
7
7
7
7
7
7
7
7
7
7
7
7
7
7
7
7
7
7
7
7
7
7
7
7
7
7
7
7
7
7
7
7
7
7
7
7
7
7
7
7
7
7
7
7
7
7
7
7
7
7
7
7
7
7
7
7
7
7
7
7
7
7
7
7
7
7
7
7
7
7
7
7
7
7
7
7
7
7
7
7
7
7
7
7
7
7
7
7
7
7
7
7
7
7
7
7
7
7
7
7
7
7
7
7
7
7
7
7
7
7
7
7
7
7
7
7
7
7
7
7
7
7
7
7
7
7
7
7
7
7
7
7
7
7
7
7
7
7
7
7
7
7
7
7
7
7
7
7
7
7
7
7
7
7
7
7
7
7
7
7
7
7
7
7
7
7
7
7
7
7
7
7
7
7
7
7
7
7
7
7
7
7
7
7
7
7
7
7
7
7
7
7
7
7
7
7
7
7
7
7
7
7
7
7
7
7
7
7
7
7
7
7
7
7
7
7
7
7
7
7
7
7
7
7
7
7
7
7
7
7
7
7
7
7
7
7
7
7
7
7
7
7
7
7
7
7
7
7
7
7
7
7
7
7
7
7
7
7
7
7
7
7
7
7
7
7
7
7
7
7
7
7
7
7
7
7
7
7
7
7
7
7
7
7
7
7
7
7
7
7
7
7
7
7
7
7
7
7
7
7
7
7
7
7
7
7
7
7
7
7
7
7
7
7
7
7
7
7
7
7
7
7
7
7
7
7
7
7
7
7
7
7
7
7
7
7
7
7
7
7
7
7
7
7
7
7
7
7
7
7
7
7
7
7
7
7
7
7
7
7
7
7
7
7
7
7
7
7
7
7
7
7
7
7
7
7
7
7
7
7
7
7
7
7
7
7
7
7
7
7
7
7
7
7
7
7
7
7
7
7
7
7
7
7
7
7
7
7
7
7
7
7
7
7
7
7
7
7
7
7
7
7
7
7
7
7
7
7
7
7
7
7
7
7
7
7
7
7
7
7
7
7
7
7
7
7
7
7
7
7
7
7
7
7
7
7
7
7
7
7
7
7
7
7
7
7
7
7
7
7
7
7
7
7
7
7
7
7
7
7
7
7
7
7
7
7
7
7
7
7
7
7
7
7
7
7
7
7
7
7
7
7
7
7
7
7
7
7
7
7
7
7
7
7
7
7
7
7
7
7
7
7
7
7
7
7
7
7
7
7
7
7
7
7
7
7
7
7
7
7
7
7
7
7
7
7
7
7
7
7
7
7
7
7
7
7
7
7
7
7
7
7
7
7
7
7
7
7
7
7
7
7
7
7
7
7
7
7
7
7
7
7
7
7
7
7
7
7
7
7
7
7
7
7
7
7
7
7
7
7
7
7
7
7
7
7
7
7
7
7
7
7
7
7
7
7
7
7
7
7
7
7
7
7
7
7
7
7
7
7
7
7
7
7
7
7
7
7
7
7
7
7
7
7
7
7
7
7
7
7
7
7
7
7
7
7
7
7
7
7
7
7
7
7
7
7
7
7
7
7
7
7
7
7
7
7
7
7
7
7
7
7
7
7
7
7
7
7
7
7
7
7
7
7
7
7
7
7
7
7
7
7
7
7
7
7
7
7
7
7
7
7
7
7
7
7
7
7
7
7
7
7
7
7
7
7
7
7
7
7
7
7
7
7
7
7
7
7
7
7
7
7
7
7
7
7
7
7
7
7
7
7
7
7
7
7
7
7
7
7
7
7
7
7
7
7
7
7
7
7
7
7
7
7
7
7
7
7
7
7
7
7
7
7
7
7
7
7
7
7
7
7
7
7
7
7
7
7
7
7
7
7
7
7
7
7
7
7
7
7
7
7
7
7
7
7
7
7
7
7
7
7
7
7
7
7
7
7
7
7
7
7
7
7
7
7
7
7
7
7
7
7
7
7
7
7
7
7
7
7
7
7
7
7
7
7
7
7
7
7
7
7
7
7
7
7
7
7
7
7
7
7
7
7
7
7
7
7
7
7
7
7
7
7
7
7
7
7
7
7
7
7
7
7
7
7
7
7
7
7
7
7
7
7
7
7
7
7
7
7
7
7
7
7
7
7
7
7
7
7
7
7
7
7
7
7
7
7
7
7
7
7
7
7
7
7
7
7
7
7
7
7
7
7
7
7
7
7
7
7
7
7
7
7
7
7
7
7
7
7
7
7
7
7
7
7
7
7
7
7
7
7
7
7
7
7
7
7
7
7
7
7
7
7
7
7
7
7
7
7
7
7
7
7
7
7
7
7
7
7
7
7
7
7
7
7
7
7
7
7
7
7
7
7
7
7
7
7
7
7
7
7
7
7
7
7
7
7
7
7
7
7
7
7
7
7
7
7
7
7
7
7
7
7
7
7
7
7
7
7
7
7
7
7
7
7
7
7
7
7
7
7
7
7
7
7
7
7
7
7
7
7
7
7
7
7
7
7
7
7
7
7
7
7
7
7
7
7
7
7
7
7
7
7
7
7
7
7
7
7
7
7
7
7
7
7
7
7
7
7
7
7
7
7
7
7
7
7
7
7
7
7
7
7
7
7
7
7
7
7
7
7
7
7
7
7
7
7
7
7
7
7
7
7
7
7
7
7
7
7
7
7
7
7
7
7
7
7
7
7
7
7
7
7
7
7
7
7
7
7
7
7
7
7
7
7
7
7
7
7
7
7
7
7
7
7
7
7
7
7
7
7
7
7
7
7
7
7
7
7
7
7
7
7
7
7
7
7
7
7
7
7
7
7
7
7
7
7
7
7
7
7
7
7
7
7
7
7
7
7
7
7
7
7
7
7
7
7
7
7
7
7
7
7
7
7
7
7
7
7
7
7
7
7
7
7
7
7
7
7
7
7
7
7
7
7
7
7
7
7
7
7
7
7
7
7
7
7
7
7
7
7
7
7
7
7
7
7
7
7
7
7
7
7
7
7
7
7
7
7
7
7
7
7
7
7
7
7
7
7
7
7
7
7
7
7
7
7
7
7
7
7
7
7
7
7
7
7
7
7
7
7
7
7
7
7
7
7
7
7
7
7
7
7
7
7
7
7
7
7
7
7
7
7
7
7
7
7
7
7
7
7
7
7
7
7
7
7
7
7
7
7
7
7
7
7
7
7
7
7
7
7
7
7
7
7
7
7
7
7
7
7
7
7
7
7
7
7
7
7
7
7
7
7
7
7
7
7
7
7
7
7
7
7
7
7
7
7
7
7
7
7
7
7
7
7
7
7
7
7
7
7
7
7
7
7
7
7
7
7
7
7
7
7
7
7
7
7
7
7
7
7
7
7
7
7
7
7
7
SCALARS boundary_id int 1
LOOKUP_TABLE default
1
1
1
1
1
1
1
1
1
1
1
1
1
1
1
1
1
1
1
1
1
1
1
1
1
1
1
1
1
1
1
1
1
1
1
1
1
1
1
1
1
1
1
1
1
1
1
1
1
1
1
1
1
1
1
1
1
1
1
1
1
1
1
1
1
1
1
1
1
1
1
1
1
1
1
1
1
1
1
1
1
1
1
1
1
1
1
1
1
1
1
1
1
1
1
1
1
1
1
1
1
1
1
1
1
1
1
1
1
1
1
1
1
1
1
1
1
1
1
1
1
1
1
1
1
1
1
1
1
1
1
1
1
1
2
2
2
2
2
2
2
2
2
2
2
2
2
2
2
2
2
2
2
2
2
2
2
2
2
2
2
2
2
2
2
2
2
2
2
2
2
2
2
2
2
2
2
2
2
2
2
2
2
2
2
2
2
2
2
2
2
2
2
2
2
2
2
2
2
2
2
2
2
2
2
2
2
2
2
2
2
2
2
2
2
2
2
2
2
2
2
2
2
2
2
2
2
2
2
2
2
2
2
2
2
2
2
2
2
2
2
2
2
2
2
2
2
2
2
2
2
2
2
2
2
2
2
2
2
2
2
2
2
2
2
2
2
2
3
3
3
3
3
3
3
3
3
3
3
3
3
3
3
3
3
3
3
3
3
3
3
3
3
3
3
3
3
3
3
3
3
3
3
3
3
3
3
3
3
3
3
3
3
3
3
3
3
3
3
3
3
3
3
3
3
3
3
3
3
3
3
3
3
3
3
3
3
3
3
3
3
3
3
3
3
3
3
3
3
3
3
3
3
3
3
3
3
3
3
3
3
3
3
3
3
3
3
3
3
3
3
3
3
3
3
3
3
3
3
3
3
3
3
3
3
3
3
3
3
3
3
3
3
3
3
3
3
3
3
3
3
3
3
3
3
3
3
3
3
3
3
3
3
3
3
3
3
3
3
3
3
3
3
3
3
3
3
3
3
3
3
3
3
3
3
3
3
3
3
3
3
3
3
3
3
3
3
3
3
3
3
3
3
3
3
3
3
3
3
3
3
3
3
3
3
3
3
3
3
3
3
3
3
3
3
3
3
3
3
3
3
3
3
3
3
3
3
3
3
3
3
3
3
3
3
3
3
3
3
3
3
3
3
3
3
3
3
3
3
3
3
3
3
3
3
3
3
3
3
3
3
3
3
3
3
3
3
3
3
3
3
3
3
3
3
3
3
3
4
4
4
4
4
4
4
4
4
4
4
4
4
4
4
4
4
4
4
4
4
4
4
4
4
4
4
4
4
4
4
4
4
4
4
4
4
4
4
4
4
4
4
4
4
4
4
4
4
4
4
4
4
4
4
4
4
4
4
4
4
4
4
4
4
4
4
4
4
4
4
4
4
4
4
4
4
4
4
4
4
4
4
4
4
4
4
4
4
4
4
4
4
4
4
4
4
4
4
4
4
4
4
4
4
4
4
4
4
4
4
4
4
4
4
4
4
4
4
4
4
4
4
4
4
4
4
4
4
4
4
4
4
4
4
4
4
4
4
4
4
4
4
4
4
4
4
4
4
4
4
4
4
4
4
4
4
4
4
4
4
4
4
4
4
4
4
4
4
4
4
4
4
4
4
4
4
4
4
4
4
4
4
4
4
4
4
4
4
4
4
4
4
4
4
4
4
4
4
4
4
4
4
4
4
4
4
4
4
4
4
4
4
4
4
4
4
4
4
4
4
4
4
4
4
4
4
4
4
4
4
4
4
4
4
4
4
4
4
4
4
4
4
4
4
4
4
4
4
4
4
4
4
4
4
4
4
4
4
4
4
4
4
4
4
4
4
4
4
4
5
5
5
5
5
5
5
5
5
5
5
5
5
5
5
5
5
5
5
5
5
5
5
5
5
5
5
5
5
5
5
5
5
5
5
5
5
5
5
5
5
5
5
5
5
5
5
5
5
5
5
5
5
5
5
5
5
5
5
5
5
5
5
5
5
5
5
5
5
5
5
5
5
5
5
5
5
5
5
5
5
5
5
5
5
5
5
5
5
5
5
5
5
5
5
5
5
5
5
5
5
5
5
5
5
5
5
5
5
5
5
5
5
5
5
5
5
5
5
5
5
5
5
5
5
5
5
5
5
5
5
5
5
5
5
5
5
5
5
5
5
5
5
5
5
5
5
5
5
5
5
5
5
5
5
5
5
5
5
5
5
5
5
5
5
5
5
5
5
5
5
5
5
5
5
5
5
5
5
5
5
5
5
5
5
5
5
5
5
5
5
5
5
5
5
5
5
5
5
5
5
5
5
5
5
5
5
5
5
5
5
5
5
5
5
5
5
5
5
5
5
5
5
5
5
5
5
5
5
5
5
5
5
5
5
5
5
5
5
5
5
5
5
5
5
5
5
5
5
5
5
5
5
5
5
5
5
5
5
5
5
5
5
5
5
5
5
5
5
5
5
5
5
5
5
5
6
6
6
6
6
6
6
6
6
6
6
6
6
6
6
6
6
6
6
6
6
6
6
6
6
6
6
6
6
6
6
6
6
6
6
6
6
6
6
6
6
6
6
6
6
6
6
6
6
6
6
6
6
6
6
6
6
6
6
6
6
6
6
6
6
6
6
6
6
6
6
6
6
6
6
6
6
6
6
6
6
6
6
6
6
6
6
6
6
6
6
6
6
6
6
6
6
6
6
6
6
6
6
6
6
6
6
6
6
6
6
6
6
6
6
6
6
6
6
6
6
6
6
6
6
6
6
6
6
6
6
6
6
6
6
6
6
6
6
6
6
6
6
6
6
6
6
6
6
6
6
6
6
6
6
6
6
6
6
6
6
6
6
6
6
6
6
6
6
6
6
6
6
6
6
6
6
6
6
6
6
6
6
6
6
6
6
6
6
6
6
6
6
6
6
6
6
6
6
6
6
6
6
6
6
6
6
6
6
6
6
6
6
6
6
6
6
6
6
6
6
6
6
6
6
6
6
6
6
6
6
6
6
6
6
6
6
6
6
6
6
6
6
6
6
6
6
6
6
6
6
6
6
6
6
6
6
6
6
6
6
6
6
6
6
6
6
6
6
6
6
6
6
6
6
6
0
0
0
0
0
0
0
0
0
0
0
0
0
0
0
0
0
0
0
0
0
0
0
0
0
0
0
0
0
0
0
0
0
0
0
0
0
0
0
0
0
0
0
0
0
0
0
0
0
0
0
0
0
0
0
0
0
0
0
0
0
0
0
0
0
0
0
0
0
0
0
0
0
0
0
0
0
0
0
0
0
0
0
0
0
0
0
0
0
0
0
0
0
0
0
0
0
0
0
0
0
0
0
0
0
0
0
0
0
0
0
0
0
0
0
0
0
0
0
0
0
0
0
0
0
0
0
0
0
0
0
0
0
0
0
0
0
0
0
0
0
0
0
0
0
0
0
0
0
0
0
0
0
0
0
0
0
0
0
0
0
0
0
0
0
0
0
0
0
0
0
0
0
0
0
0
0
0
0
0
0
0
0
0
0
0
0
0
0
0
0
0
0
0
0
0
0
0
0
0
0
0
0
0
0
0
0
0
0
0
0
0
0
0
0
0
0
0
0
0
0
0
0
0
0
0
0
0
0
0
0
0
0
0
0
0
0
0
0
0
0
0
0
0
0
0
0
0
0
0
0
0
0
0
0
0
0
0
0
0
0
0
0
0
0
0
0
0
0
0
0
0
0
0
0
0
0
0
0
0
0
0
0
0
0
0
0
0
0
0
0
0
0
0
0
0
0
0
0
0
0
0
0
0
0
0
0
0
0
0
0
0
0
0
0
0
0
0
0
0
0
0
0
0
0
0
0
0
0
0
0
0
0
0
0
0
0
0
0
0
0
0
0
0
0
0
0
0
0
0
0
0
0
0
0
0
0
0
0
0
0
0
0
0
0
0
0
0
0
0
0
0
0
0
0
0
0
0
0
0
0
0
0
0
0
0
0
0
0
0
0
0
0
0
0
0
0
0
0
0
0
0
0
0
0
0
0
0
0
0
0
0
0
0
0
0
0
0
0
0
0
0
0
0
0
0
0
0
0
0
0
0
0
0
0
0
0
0
0
0
0
0
0
0
0
0
0
0
0
0
0
0
0
0
0
0
0
0
0
0
0
0
0
0
0
0
0
0
0
0
0
0
0
0
0
0
0
0
0
0
0
0
0
0
0
0
0
0
0
0
0
0
0
0
0
0
0
0
0
0
0
0
0
0
0
0
0
0
0
0
0
0
0
0
0
0
0
0
0
0
0
0
0
0
0
0
0
0
0
0
0
0
0
0
0
0
0
0
0
0
0
0
0
0
0
0
0
0
0
0
0
0
0
0
0
0
0
0
0
0
0
0
0
0
0
0
0
0
0
0
0
0
0
0
0
0
0
0
0
0
0
0
0
0
0
0
0
0
0
0
0
0
0
0
0
0
0
0
0
0
0
0
0
0
0
0
0
0
0
0
0
0
0
0
0
0
0
0
0
0
0
0
0
0
0
0
0
0
0
0
0
0
0
0
0
0
0
0
0
0
0
0
0
0
0
0
0
0
0
0
0
0
0
0
0
0
0
0
0
0
0
0
0
0
0
0
0
0
0
0
0
0
0
0
0
0
0
0
0
0
0
0
0
0
0
0
0
0
0
0
0
0
0
0
0
0
0
0
0
0
0
0
0
0
0
0
0
0
0
0
0
0
0
0
0
0
0
0
0
0
0
0
0
0
0
0
0
0
0
0
0
0
0
0
0
0
0
0
0
0
0
0
0
0
0
0
0
0
0
0
0
0
0
0
0
0
0
0
0
0
0
0
0
0
0
0
0
0
0
0
0
0
0
0
0
0
0
0
0
0
0
0
0
0
0
0
0
0
0
0
0
0
0
0
0
0
0
0
0
0
0
0
0
0
0
0
0
0
0
0
0
0
0
0
0
0
0
0
0
0
0
0
0
0
0
0
0
0
0
0
0
0
0
0
0
0
0
0
0
0
0
0
0
0
0
0
0
0
0
0
0
0
0
0
0
0
0
0
0
0
0
0
0
0
0
0
0
0
0
0
0
0
0
0
0
0
0
0
0
0
0
0
0
0
0
0
0
0
0
0
0
0
0
0
0
0
0
0
0
0
0
0
0
0
0
0
0
0
0
0
0
0
0
0
0
0
0
0
0
0
0
0
0
0
0
0
0
0
0
0
0
0
0
0
0
0
0
0
0
0
0
0
0
0
0
0
0
0
0
0
0
0
0
0
0
0
0
0
0
0
0
0
0
0
0
0
0
0
0
0
0
0
0
0
0
0
0
0
0
0
0
0
0
0
0
0
0
0
0
0
0
0
0
0
0
0
0
0
0
0
0
0
0
0
0
0
0
0
0
0
0
0
0
0
0
0
0
0
0
0
0
0
0
0
0
0
0
0
0
0
0
0
0
0
0
0
0
0
0
0
0
0
0
0
0
0
0
0
0
0
0
0
0
0
0
0
0
0
0
0
0
0
0
0
0
0
0
0
0
0
0
0
0
0
0
0
0
0
0
0
0
0
0
0
0
0
0
0
0
0
0
0
0
0
0
0
0
0
0
0
0
0
0
0
0
0
0
0
0
0
0
0
0
0
0
0
0
0
0
0
0
0
0
0
0
0
0
0
0
0
0
0
0
0
0
0
0
0
0
0
0
0
0
0
0
0
0
0
0
0
0
0
0
0
0
0
0
0
0
0
0
0
0
0
0
0
0
0
0
0
0
0
0
0
0
0
0
0
0
0
0
0
0
0
0
0
0
0
0
0
0
0
0
0
0
0
0
0
0
0
0
0
0
0
0
0
0
0
0
0
0
0
0
0
0
0
0
0
0
0
0
0
0
0
0
0
0
0
0
0
0
0
0
0
0
0
0
0
0
0
0
0
0
0
0
0
0
0
0
0
0
0
0
0
0
0
0
0
0
0
0
0
0
0
0
0
0
0
0
0
0
0
0
0
0
0
0
0
0
0
0
0
0
0
0
0
0
0
0
0
0
0
0
0
0
0
0
0
0
0
0
0
0
0
0
0
0
0
0
0
0
0
0
0
0
0
0
0
0
0
0
0
0
0
0
0
0
0
0
0
0
0
0
0
0
0
0
0
0
0
0
0
0
0
0
0
0
0
0
0
0
0
0
0
0
0
0
0
0
0
0
0
0
0
0
0
0
0
0
0
0
0
0
0
0
0
0
0
0
0
0
0
0
0
0
0
0
0
0
0
0
0
0
0
0
0
0
0
0
0
0
0
0
0
0
0
0
0
0
0
0
0
0
0
0
0
0
0
0
0
0
0
0
0
0
0
0
0
0
0
0
0
0
0
0
0
0
0
0
0
0
0
0
0
0
0
0
0
0
0
0
0
0
0
0
0
0
0
0
0
0
0
0
0
0
0
0
0
0
0
0
0
0
0
0
0
0
0
0
0
0
0
0
0
0
0
0
0
0
0
0
0
0
0
0
0
0
0
0
0
0
0
0
0
0
0
0
0
0
0
0
0
0
0
0
0
0
0
0
0
0
0
0
0
0
0
0
0
0
0
0
0
0
0
0
0
0
0
0
0
0
0
0
0
0
0
0
0
0
0
0
0
0
0
0
0
0
0
0
0
0
0
0
0
0
0
0
0
0
0
0
0
0
0
0
0
0
0
0
0
0
0
0
0
0
0
0
0
0
0
0
0
0
0
0
0
0
0
0
0
0
0
0
0
0
0
0
0
0
0
0
0
0
0
0
0
0
0
0
0
0
0
0
0
0
0
0
0
0
0
0
0
0
0
0
0
0
0
0
0
0
0
0
0
0
0
0
0
0
0
0
0
0
0
0
0
0
0
0
0
0
0
0
0
0
0
0
0
0
0
0
0
0
0
0
0
0
0
0
0
0
0
0
0
0
0
0
0
0
0
0
0
0
0
0
0
0
0
0
0
0
0
0
0
0
0
0
0
0
0
0
0
0
0
0
0
0
0
0
0
0
0
0
0
0
0
0
0
0
0
0
0
0
0
0
0
0
0
0
0
0
0
0
0
0
0
0
0
0
0
0
0
0
0
0
0
0
0
0
0
0
0
0
0
0
0
0
0
0
0
0
0
0
0
0
0
0
0
0
0
0
0
0
0
0
0
0
0
0
0
0
0
0
0
0
0
0
0
0
0
0
0
0
0
0
0
0
0
0
0
0
0
0
0
0
0
0
0
0
0
0
0
0
0
0
0
0
0
0
0
0
0
0
0
0
0
0
0
0
0
0
0
0
0
0
0
0
0
0
0
0
0
0
0
0
0
0
0
0
0
0
0
0
0
0
0
0
0
0
0
0
0
0
0
0
0
0
0
0
0
0
0
0
0
0
0
0
0
0
0
0
0
0
0
0
0
0
0
0
0
0
0
0
0
0
0
0
0
0
0
0
0
0
0
0
0
0
0
0
0
0
0
0
0
0
0
0
0
0
0
0
0
0
0
0
0
0
0
0
0
0
0
0
0
0
0
0
0
0
0
0
0
0
0
0
0
0
0
0
0
0
0
0
0
0
0
0
0
0
0
0
0
0
0
0
0
0
0
0
0
0
0
0
0
0
0
0
0
0
0
0
0
0
0
0
0
0
0
0
0
0
0
0
0
0
0
0
0
0
0
0
0
0
0
0
0
0
0
0
0
0
0
0
0
0
0
0
0
0
0
0
0
0
0
0
0
0
0
0
0
0
0
0
0
0
0
0
0
0
0
0
0
0
0
0
0
0
0
0
0
0
0
0
0
0
0
0
0
0
0
0
0
0
0
0
0
0
0
0
0
0
0
0
0
0
0
0
0
0
0
0
0
0
0
0
0
0
0
0
0
0
0
0
0
0
0
0
0
0
0
0
0
0
0
0
0
0
0
0
0
0
0
0
0
0
0
0
0
0
0
0
0
0
0
0
0
0
0
0
0
0
0
0
0
0
0
0
0
0
0
0
0
0
0
0
0
0
0
0
0
0
0
0
0
0
0
0
0
0
0
0
0
0
0
0
0
0
0
0
0
0
0
0
0
0
0
0
0
0
0
0
0
0
0
0
0
0
0
0
0
0
0
0
0
0
0
0
0
0
0
0
0
0
0
0
0
0
0
0
0
0
0
0
0
0
0
0
0
0
0
0
0
0
0
0
0
0
0
0
0
0
0
0
0
0
0
0
0
0
0
0
0
0
0
0
0
0
0
0
0
0
0
0
0
0
0
0
0
0
0
0
0
0
0
0
0
0
0
0
0
0
0
0
0
0
0
0
0
0
0
0
0
0
0
0
0
0
0
0
0
0
0
0
0
0
0
0
0
0
0
0
0
0
0
0
0
0
0
0
0
0
0
0
0
0
0
0
0
0
0
0
0
0
0
0
0
0
0
0
0
0
0
0
0
0
0
0
0
0
0
0
0
0
0
0
0
0
0
0
0
0
0
0
0
0
0
0
0
0
0
0
0
0
0
0
0
0
0
0
0
0
0
0
0
0
0
0
0
0
0
0
0
0
0
0
0
0
0
0
0
0
0
0
0
0
0
0
0
0
0
0
0
0
0
0
0
0
0
0
0
0
0
0
0
0
0
0
0
0
0
0
0
0
0
0
0
0
0
0
0
0
0
0
0
0
0
0
0
0
0
0
0
0
0
0
0
0
0
0
0
0
0
0
0
0
0
0
0
0
0
0
0
0
0
0
0
0
0
0
0
0
0
0
0
0
0
0
0
0
0
0
0
0
0
0
0
0
0
0
0
0
0
0
0
0
0
0
0
0
0
0
0
0
0
0
0
0
0
0
0
0
0
0
0
0
0
0
0
0
0
0
0
0
0
0
0
0
0
0
0
0
0
0
0
0
0
0
0
0
0
0
0
0
0
0
0
0
0
0
0
0
0
0
0
0
0
0
0
0
0
0
0
0
0
0
0
0
0
0
0
0
0
0
0
0
0
0
0
0
0
0
0
0
0
0
0
0
0
0
0
0
0
0
0
0
0
0
0
0
0
0
0
0
0
0
0
0
0
0
0
0
0
0
0
0
0
0
0
0
0
0
0
0
0
0
0
0
0
0
0
0
0
0
0
0
0
0
0
0
0
0
0
0
0
0
0
0
0
0
0
0
0
0
0
0
0
0
0
0
0
0
0
0
0
0
0
0
0
0
0
0
0
0
0
0
0
0
0
0
0
0
0
0
0
0
0
0
0
0
0
0
0
0
0
0
0
0
0
0
0
0
0
0
0
0
0
0
0
0
0
0
0
0
0
0
0
0
0
0
0
0
0
0
0
0
0
0
0
0
0
0
0
0
0
0
0
0
0
0
0
0
0
0
0
0
0
0
0
0
0
0
0
0
0
0
0
0
0
0
0
0
0
0
0
0
0
0
0
0
0
0
0
0
0
0
0
0
0
0
0
0
0
0
0
0
0
0
0
0
0
0
0
0
0
0
0
0
0
0
0
0
0
0
0
0
0
0
0
0
0
0
0
0
0
0
0
0
0
0
0
0
0
0
0
0
0
0
0
0
0
0
0
0
0
0
0
0
0
0
0
0
0
0
0
0
0
0
0
0
0
0
0
0
0
0
0
0
0
0
0
0
0
0
0
0
0
0
0
0
0
0
0
0
0
0
0
0
0
0
0
0
0
0
0
0
0
0
0
0
0
0
0
0
0
0
0
0
0
0
0
0
0
0
0
0
0
0
0
0
0
0
0
0
0
0
0
0
0
0
0
0
0
0
0
0
0
0
0
0
0
0
0
0
0
0
0
0
0
0
0
0
0
0
0
0
0
0
0
0
0
0
0
0
0
0
0
0
0
0
0
0
0
0
0
0
0
0
0
0
0
0
0
0
0
0
0
0
0
0
0
0
0
0
0
0
0
0
0
0
0
0
0
0
0
0
0
0
0
0
0
0
0
0
0
0
0
0
0
0
0
0
0
0
0
0
0
0
0
0
0
0
0
0
0
0
0
0
0
0
0
0
0
0
0
0
0
0
0
0
0
0
0
0
0
0
0
0
0
0
0
0
0
0
0
0
0
0
0
0
0
0
0
0
0
0
0
0
0
0
0
0
0
0
0
0
0
0
0
0
0
0
0
0
0
0
0
0
0
0
0
0
0
0
0
0
0
0
0
0
0
0
0
0
0
0
0
0
0
0
0
0
0
0
0
0
0
0
0
0
0
0
0
0
0
0
0
0
0
0
0
0
0
0
0
0
0
0
0
0
0
0
0
0
0
0
0
0
0
0
0
0
0
0
0
0
0
0
0
0
0
0
0
0
0
0
0
0
0
0
0
0
0
0
0
0
0
0
0
0
0
0
0
0
0
0
0
0
0
0
0
0
0
0
0
0
0
0
0
0
0
0
0
0
0
0
0
0
0
0
0
0
0
0
0
0
0
0
0
0
0
0
0
0
0
0
0
0
0
0
0
0
0
0
0
0
0
0
0
0
0
0
0
0
0
0
0
0
0
0
0
0
0
0
0
0
0
0
0
0
0
0
0
0
0
0
0
0
0
0
0
0
0
0
0
0
0
0
0
0
0
0
0
0
0
0
0
0
0
0
0
0
0
0
0
0
0
0
0
0
0
0
0
0
0
0
0
0
0
0
0
0
0
0
0
0
0
0
0
0
0
0
0
0
0
0
0
0
0
0
0
0
0
0
0
0
0
0
0
0
0
0
0
0
0
0
0
0
0
0
0
0
0
0
0
0
0
0
0
0
0
0
0
0
0
0
0
0
0
0
0
0
0
0
0
0
0
0
0
0
0
0
0
0
0
0
0
0
0
0
0
0
0
0
0
0
0
0
0
0
0
0
0
0
0
0
0
0
0
0
0
0
0
0
0
0
0
0
0
0
0
0
0
0
0
0
0
0
0
0
0
0
0
0
0
0
0
0
0
0
0
0
0
0
0
0
0
0
0
0
0
0
0
0
0
0
0
0
0
0
0
0
0
0
0
0
0
0
0
0
0
0
0
0
0
0
0
0
0
0
0
0
0
0
0
0
0
0
0
0
0
0
0
0
0
0
0
0
0
0
0
0
0
0
0
0
0
0
0
0
0
0
0
0
0
0
0
0
0
0
0
0
0
0
0
0
0
0
0
0
0
0
0
0
0
0
0
0
0
0
0
0
0
0
0
0
0
0
0
0
0
0
0
0
0
0
0
0
0
0
0
0
0
0
0
0
0
0
0
0
0
0
0
0
0
0
0
0
0
0
0
0
0
0
0
0
0
0
0
0
0
0
0
0
0
0
0
0
0
0
0
0
0
0
0
0
0
0
0
0
0
0
0
0
0
0
0
0
0
0
0
0
0
0
0
0
0
0
0
0
0
0
0
0
0
0
0
0
0
0
0
0
0
0
0
0
0
0
0
0
0
0
0
0
0
0
0
0
0
0
0
0
0
0
0
0
0
0
0
0
0
0
0
0
0
0
0
0
0
0
0
0
0
0
0
0
0
0
0
0
0
0
0
0
0
0
0
0
0
0
0
0
0
0
0
0
0
0
0
0
0
0
0
0
0
0
0
0
0
0
0
0
0
0
0
0
0
0
0
0
0
0
0
0
0
0
0
0
0
0
0
0
0
0
0
0
0
0
0
0
0
0
0
0
0
0
0
0
0
0
0
0
0
0
0
0
0
0
0
0
0
0
0
0
0
0
0
0
0
0
0
0
0
0
0
0
0
0
0
0
0
0
0
0
0
0
0
0
0
0
0
0
0
0
0
0
0
0
0
0
0
0
0
0
0
0
0
0
0
0
0
0
0
0
0
0
0
0
0
0
0
0
0
0
0
0
0
0
0
0
0
0
0
0
0
0
0
0
0
0
0
0
0
0
0
0
0
0
0
0
0
0
0
0
0
0
0
0
0
0
0
0
0
0
0
0
0
0
0
0
0
0
0
0
0
0
0
0
0
0
0
0
0
0
0
0
0
0
0
0
0
0
0
0
0
0
0
0
0
0
0
0
0
0
0
0
0
0
0
0
0
0
0
0
0
0
0
0
0
0
0
0
0
0
0
0
0
0
0
0
0
0
0
0
0
0
0
0
0
0
0
0
0
0
0
0
0
0
0
0
0
0
0
0
0
0
0
0
0
0
0
0
0
0
0
0
0
0
0
0
0
0
0
0
0
0
0
0
0
0
0
0
0
0
0
0
0
0
0
0
0
0
0
0
0
0
0
0
0
0
0
0
0
0
0
0
0
0
0
0
0
0
0
0
0
0
0
0
0
0
0
0
0
0
0
0
0
0
0
0
0
0
0
0
0
0
0
0
0
0
0
0
0
0
0
0
0
0
0
0
0
0
0
0
0
0
0
0
0
0
0
0
0
0
0
0
0
0
0
0
0
0
0
0
0
0
0
0
0
0
0
0
0
0
0
0
0
0
0
0
0
0
0
0
0
0
0
0
0
0
0
0
0
0
0
0
0
0
0
0
0
0
0
0
0
0
0
0
0
0
0
0
0
0
0
0
0
0
0
0
0
0
0
0
0
0
0
0
0
0
0
0
0
0
0
0
0
0
0
0
0
0
0
0
0
0
0
0
0
0
0
0
0
0
0
0
0
0
0
0
0
0
0
0
0
0
0
0
0
0
0
0
0
0
0
0
0
0
0
0
0
0
0
0
0
0
0
0
0
0
0
0
0
0
0
0
0
0
0
0
0
0
0
0
0
0
0
0
0
0
0
0
0
0
0
0
0
0
0
0
0
0
0
0
0
0
0
0
0
0
0
0
0
0
0
0
0
0
0
0
0
0
0
0
0
0
0
0
0
0
0
0
0
0
0
0
0
0
0
0
0
0
0
0
0
0
0
0
0
0
0
0
0
0
0
0
0
0
0
0
0
0
0
0
0
0
0
0
0
0
0
0
0
0
0
0
0
0
0
0
0
0
0
0
0
0
0
0
0
0
0
0
0
0
0
0
0
0
0
0
0
0
0
0
0
0
0
0
0
0
0
0
0
0
0
0
0
0
0
0
0
0
0
0
0
0
0
0
0
0
0
0
0
0
0
0
0
0
0
0
0
0
0
0
0
0
0
0
0
0
0
0
0
0
0
0
0
0
0
0
0
0
0
0
0
0
0
0
0
0
0
0
0
0
0
0
0
0
0
0
0
0
0
0
0
0
0
0
0
0
0
0
0
0
0
0
0
0
0
0
0
0
0
0
0
0
0
0
0
0
0
0
0
0
0
0
0
0
0
0
0
0
0
0
0
0
0
0
0
0
0
0
0
0
0
0
0
0
0
0
0
0
0
0
0
0
0
0
0
0
0
0
0
0
0
0
0
0
0
0
0
0
0
0
0
0
0
0
0
0
0
0
0
0
0
0
0
0
0
0
0
0
0
0
0
0
0
0
0
0
0
0
0
0
0
0
0
0
0
0
0
0
0
0
0
0
0
0
0
0
0
0
0
0
0
0
0
0
0
0
0
0
0
0
0
0
0
0
0
0
0
0
0
0
0
0
0
0
0
0
0
0
0
0
0
0
0
0
0
0
0
0
0
0
0
0
0
0
0
0
0
0
0
0
0
0
0
0
0
0
0
0
0
0
0
0
0
0
0
0
0
0
0
0
0
0
0
0
0
0
0
0
0
0
0
0
0
0
0
0
0
0
0
0
0
0
0
0
0
0
0
0
0
0
0
0
0
0
0
0
0
0
0
0
0
0
0
0
0
0
0
0
0
0
0
0
0
0
0
0
0
0
0
0
0
0
0
0
0
0
0
0
0
0
0
0
0
0
0
0
0
0
0
0
0
0
0
0
0
0
0
0
0
0
0
0
0
0
0
0
0
0
0
0
0
0
0
0
0
0
0
0
0
0
0
0
0
0
0
0
0
0
0
0
0
0
0
0
0
0
0
0
0
0
0
0
0
0
0
0
0
0
0
0
0
0
0
0
0
0
0
0
0
0
0
0
0
0
0
0
0
0
0
0
0
0
0
0
0
0
0
0
0
0
0
0
0
0
0
0
0
0
0
0
0
0
0
0
0
0
0
0
0
0
0
0
0
0
0
0
0
0
0
0
0
0
0
0
0
0
0
0
0
0
0
0
0
0
0
0
0
0
0
0
0
0
0
0
0
0
0
0
0
0
0
0
0
0
0
0
0
SCALARS material_id int 1
LOOKUP_TABLE default
0
0
0
0
0
0
0
0
0
0
0
0
0
0
0
0
0
0
0
0
0
0
0
0
0
0
0
0
0
0
0
0
0
0
0
0
0
0
0
0
0
0
0
0
0
0
0
0
0
0
0
0
0
0
0
0
0
0
0
0
0
0
0
0
0
0
0
0
0
0
0
0
0
0
0
0
0
0
0
0
0
0
0
0
0
0
0
0
0
0
0
0
0
0
0
0
0
0
0
0
0
0
0
0
0
0
0
0
0
0
0
0
0
0
0
0
0
0
0
0
0
0
0
0
0
0
0
0
0
0
0
0
0
0
0
0
0
0
0
0
0
0
0
0
0
0
0
0
0
0
0
0
0
0
0
0
0
0
0
0
0
0
0
0
0
0
0
0
0
0
0
0
0
0
0
0
0
0
0
0
0
0
0
0
0
0
0
0
0
0
0
0
0
0
0
0
0
0
0
0
0
0
0
0
0
0
0
0
0
0
0
0
0
0
0
0
0
0
0
0
0
0
0
0
0
0
0
0
0
0
0
0
0
0
0
0
0
0
0
0
0
0
0
0
0
0
0
0
0
0
0
0
0
0
0
0
0
0
0
0
0
0
0
0
0
0
0
0
0
0
0
0
0
0
0
0
0
0
0
0
0
0
0
0
0
0
0
0
0
0
0
0
0
0
0
0
0
0
0
0
0
0
0
0
0
0
0
0
0
0
0
0
0
0
0
0
0
0
0
0
0
0
0
0
0
0
0
0
0
0
0
0
0
0
0
0
0
0
0
0
0
0
0
0
0
0
0
0
0
0
0
0
0
0
0
0
0
0
0
0
0
0
0
0
0
0
0
0
0
0
0
0
0
0
0
0
0
0
0
0
0
0
0
0
0
0
0
0
0
0
0
0
0
0
0
0
0
0
0
0
0
0
0
0
0
0
0
0
0
0
0
0
0
0
0
0
0
0
0
0
0
0
0
0
0
0
0
0
0
0
0
0
0
0
0
0
0
0
0
0
0
0
0
0
0
0
0
0
0
0
0
0
0
0
0
0
0
0
0
0
0
0
0
0
0
0
0
0
0
0
0
0
0
0
0
0
0
0
0
0
0
0
0
0
0
0
0
0
0
0
0
0
0
0
0
0
0
0
0
0
0
0
0
0
0
0
0
0
0
0
0
0
0
0
0
0
0
0
0
0
0
0
0
0
0
0
0
0
0
0
0
0
0
0
0
0
0
0
0
0
0
0
0
0
0
0
0
0
0
0
0
0
0
0
0
0
0
0
0
0
0
0
0
0
0
0
0
0
0
0
0
0
0
0
0
0
0
0
0
0
0
0
0
0
0
0
0
0
0
0
0
0
0
0
0
0
0
0
0
0
0
0
0
0
0
0
0
0
0
0
0
0
0
0
0
0
0
0
0
0
0
0
0
0
0
0
0
0
0
0
0
0
0
0
0
0
0
0
0
0
0
0
0
0
0
0
0
0
0
0
0
0
0
0
0
0
0
0
0
0
0
0
0
0
0
0
0
0
0
0
0
0
0
0
0
0
0
0
0
0
0
0
0
0
0
0
0
0
0
0
0
0
0
0
0
0
0
0
0
0
0
0
0
0
0
0
0
0
0
0
0
0
0
0
0
0
0
0
0
0
0
0
0
0
0
0
0
0
0
0
0
0
0
0
0
0
0
0
0
0
0
0
0
0
0
0
0
0
0
0
0
0
0
0
0
0
0
0
0
0
0
0
0
0
0
0
0
0
0
0
0
0
0
0
0
0
0
0
0
0
0
0
0
0
0
0
0
0
0
0
0
0
0
0
0
0
0
0
0
0
0
0
0
0
0
0
0
0
0
0
0
0
0
0
0
0
0
0
0
0
0
0
0
0
0
0
0
0
0
0
0
0
0
0
0
0
0
0
0
0
0
0
0
0
0
0
0
0
0
0
0
0
0
0
0
0
0
0
0
0
0
0
0
0
0
0
0
0
0
0
0
0
0
0
0
0
0
0
0
0
0
0
0
0
0
0
0
0
0
0
0
0
0
0
0
0
0
0
0
0
0
0
0
0
0
0
0
0
0
0
0
0
0
0
0
0
0
0
0
0
0
0
0
0
0
0
0
0
0
0
0
0
0
0
0
0
0
0
0
0
0
0
0
0
0
0
0
0
0
0
0
0
0
0
0
0
0
0
0
0
0
0
0
0
0
0
0
0
0
0
0
0
0
0
0
0
0
0
0
0
0
0
0
0
0
0
0
0
0
0
0
0
0
0
0
0
0
0
0
0
0
0
0
0
0
0
0
0
0
0
0
0
0
0
0
0
0
0
0
0
0
0
0
0
0
0
0
0
0
0
0
0
0
0
0
0
0
0
0
0
0
0
0
0
0
0
0
0
0
0
0
0
0
0
0
0
0
0
0
0
0
0
0
0
0
0
0
0
0
0
0
0
0
0
0
0
0
0
0
0
0
0
0
0
0
0
0
0
0
0
0
0
0
0
0
0
0
0
0
0
0
0
0
0
0
0
0
0
0
0
0
0
0
0
0
0
0
0
0
0
0
0
0
0
0
0
0
0
0
0
0
0
0
0
0
0
0
0
0
0
0
0
0
0
0
0
0
0
0
0
0
0
0
0
0
0
0
0
0
0
0
0
0
0
0
0
0
0
0
0
0
0
0
0
0
0
0
0
0
0
0
0
0
0
0
0
0
0
0
0
0
0
0
0
0
0
0
0
0
0
0
0
0
0
0
0
0
0
0
0
0
0
0
0
0
0
0
0
0
0
0
0
0
0
0
0
0
0
0
0
0
0
0
0
0
0
0
0
0
0
0
0
0
0
0
0
0
0
0
0
0
0
0
0
0
0
0
0
0
0
0
0
0
0
0
0
0
0
0
0
0
0
0
0
0
0
0
0
0
0
0
0
0
0
0
0
0
0
0
0
0
0
0
0
0
0
0
0
0
0
0
0
0
0
0
0
0
0
0
0
0
0
0
0
0
0
0
0
0
0
0
0
0
0
0
0
0
0
0
0
0
0
0
0
0
0
0
0
0
0
0
0
0
0
0
0
0
0
0
0
0
0
0
0
0
0
0
0
0
0
1
1
1
1
1
1
1
1
1
1
1
1
1
1
1
1
1
1
1
1
1
1
1
1
1
1
1
1
1
1
1
1
1
1
1
1
1
1
1
1
1
1
1
1
1
1
1
1
1
1
1
1
1
1
1
1
1
1
1
1
1
1
1
1
1
1
1
1
1
1
1
1
1
1
1
1
1
1
1
1
1
1
1
1
1
1
1
1
1
1
1
1
1
1
1
1
1
1
1
1
1
1
1
1
1
1
1
1
1
1
1
1
1
1
1
1
1
1
1
1
1
1
1
1
1
1
1
1
1
1
1
1
1
1
1
1
1
1
1
1
1
1
1
1
1
1
1
1
1
1
1
1
1
1
1
1
1
1
1
1
1
1
1
1
1
1
1
1
1
1
1
1
1
1
1
1
1
1
1
1
1
1
1
1
1
1
1
1
1
1
1
1
1
1
1
1
1
1
1
1
1
1
1
1
1
1
1
1
1
1
1
1
1
1
1
1
1
1
1
1
1
1
1
1
1
1
1
1
1
1
1
1
1
1
1
1
1
1
1
1
1
1
1
1
1
1
1
1
1
1
1
1
1
1
1
1
1
1
1
1
1
1
1
1
1
1
1
1
1
1
1
1
1
1
1
1
1
1
1
1
1
1
1
1
1
1
1
1
1
1
1
1
1
1
1
1
1
1
1
1
1
1
1
1
1
1
1
1
1
1
1
1
1
1
1
1
1
1
1
1
1
1
1
1
1
1
1
1
1
1
1
1
1
1
1
1
1
1
1
1
1
1
1
1
1
1
1
1
1
1
1
1
1
1
1
1
1
1
1
1
1
1
1
1
1
1
1
1
1
1
1
1
1
1
1
1
1
1
1
1
1
1
1
1
1
1
1
1
1
1
1
1
1
1
1
1
1
1
1
1
1
1
1
1
1
1
1
1
1
1
1
1
1
1
1
1
1
1
1
1
1
1
1
1
1
1
1
1
1
1
1
1
1
1
1
1
1
1
1
1
1
1
1
1
1
1
1
1
1
1
1
1
1
1
1
1
1
1
1
1
1
1
1
1
1
1
1
1
1
1
1
1
1
1
1
1
1
1
1
1
1
1
1
1
1
1
1
1
1
1
1
1
1
1
1
1
1
1
1
1
1
1
1
1
1
1
1
1
1
1
1
1
1
1
1
1
1
1
1
1
1
1
1
1
1
1
1
1
1
1
1
1
1
1
1
1
1
1
1
1
1
1
1
1
1
1
1
1
1
1
1
1
1
1
1
1
1
1
1
1
1
1
1
1
1
1
1
1
1
1
1
1
1
1
1
1
1
1
1
1
1
1
1
1
1
1
1
1
1
1
1
1
1
1
1
1
1
1
1
1
1
1
1
1
1
1
1
1
1
1
1
1
1
1
1
1
1
1
1
1
1
1
1
1
1
1
1
1
1
1
1
1
1
1
1
1
1
1
1
1
1
1
1
1
1
1
1
1
1
1
1
1
1
1
1
1
1
1
1
1
1
1
1
1
1
1
1
1
1
1
1
1
1
1
1
1
1
1
1
1
1
1
1
1
1
1
1
1
1
1
1
1
1
1
1
1
1
1
1
1
1
1
1
1
1
1
1
1
1
1
1
1
1
1
1
1
1
1
1
1
1
1
1
1
1
1
1
1
1
1
1
1
1
1
1
1
1
1
1
1
1
1
1
1
1
1
1
1
1
1
1
1
1
1
1
1
1
1
1
1
1
1
1
1
1
1
1
1
1
1
1
1
1
1
1
1
1
1
1
1
1
1
1
1
1
1
1
1
1
1
1
1
1
1
1
1
1
1
1
1
1
1
1
1
1
1
1
1
1
1
1
1
1
1
1
1
1
1
1
1
1
1
1
1
1
1
1
1
1
1
1
1
1
1
1
1
1
1
1
1
1
1
1
1
1
1
1
1
1
1
1
1
1
1
1
1
1
1
1
1
1
1
1
1
1
1
1
1
1
1
1
1
1
1
1
1
1
1
1
1
1
1
1
1
1
1
1
1
1
1
1
1
1
1
1
1
1
1
1
1
1
1
1
1
1
1
1
1
1
1
1
1
1
1
1
1
1
1
1
1
1
1
1
1
1
1
1
1
1
1
1
1
1
1
1
1
1
1
1
1
1
1
1
1
1
1
1
1
1
1
1
1
1
1
1
1
1
1
1
1
1
1
1
1
1
1
1
1
1
1
1
1
1
1
1
1
1
1
1
1
1
1
1
1
1
1
1
1
1
1
1
1
1
1
1
1
1
1
1
1
1
1
1
1
1
1
1
1
1
1
1
1
1
1
1
1
1
1
1
1
1
1
1
1
1
1
1
1
1
1
1
1
1
1
1
1
1
1
1
1
1
1
1
1
1
1
1
1
1
1
1
1
1
1
1
1
1
1
1
1
1
1
1
1
1
1
1
1
1
1
1
1
1
1
1
1
1
1
1
1
1
1
1
1
1
1
1
1
1
1
1
1
1
1
1
1
1
1
1
1
1
1
1
1
1
1
1
1
1
1
1
1
1
1
1
1
1
1
1
1
1
1
1
1
1
1
1
1
1
1
1
1
1
1
1
1
1
1
1
1
1
1
1
1
1
1
1
1
1
1
1
1
1
1
1
1
1
1
1
1
1
1
1
1
1
1
1
1
1
1
1
1
1
1
1
1
1
1
1
1
1
1
1
1
1
1
1
1
1
1
1
1
1
1
1
1
1
1
1
1
1
1
1
1
1
1
1
1
1
1
1
1
1
1
1
1
1
1
1
1
1
1
1
1
1
1
1
1
1
1
1
1
1
1
1
1
1
1
1
1
1
1
1
1
1
1
1
1
1
1
1
1
1
1
1
1
1
1
1
1
1
1
1
1
1
1
1
1
1
1
1
1
1
1
1
1
1
1
1
1
1
1
1
1
1
1
1
1
1
1
1
1
1
1
1
1
1
1
1
1
1
1
1
1
1
1
1
1
1
1
1
1
1
1
1
1
1
1
1
1
1
1
1
1
1
1
1
1
1
1
1
1
1
1
1
1
1
1
1
1
1
1
1
1
1
1
1
1
1
1
1
1
1
1
1
1
1
1
1
1
1
1
1
1
1
1
1
1
1
1
1
1
1
1
1
1
1
1
1
1
1
1
1
1
1
1
1
1
1
1
1
1
1
1
1
1
1
1
1
1
1
1
1
1
1
1
1
1
1
1
1
1
1
1
1
1
1
1
1
1
1
1
1
1
1
1
1
1
1
1
1
1
1
1
1
1
1
1
1
1
1
1
1
1
1
1
1
1
1
1
1
1
1
1
1
1
1
1
1
1
1
1
1
1
1
1
1
1
1
1
1
1
1
1
1
1
1
1
1
1
1
1
1
1
1
1
1
1
1
1
1
1
1
1
1
1
1
1
1
1
1
1
1
1
1
1
1
1
1
1
1
1
1
1
1
1
1
1
1
1
1
1
1
1
1
1
1
1
1
1
1
1
1
1
1
1
1
1
1
1
1
1
1
1
1
1
1
1
1
1
1
1
1
1
1
1
1
1
1
1
1
1
1
1
1
1
1
1
1
1
1
1
1
1
1
1
1
1
1
1
1
1
1
1
1
1
1
1
1
1
1
1
1
1
1
1
1
1
1
1
1
1
1
1
1
1
1
1
1
1
1
1
1
1
1
1
1
1
1
1
1
1
1
1
1
1
1
1
1
1
1
1
1
1
1
1
1
1
1
1
1
1
1
1
1
1
1
1
1
1
1
1
1
1
1
1
1
1
1
1
1
1
1
1
1
1
1
1
1
1
1
1
1
1
1
1
1
1
1
1
1
1
1
1
1
1
1
1
1
1
1
1
1
1
1
1
1
1
1
1
1
1
1
1
1
1
1
1
1
1
1
1
1
1
1
1
1
1
1
1
1
1
1
1
1
1
1
1
1
1
1
1
1
1
1
1
1
1
1
1
1
1
1
1
1
1
1
1
1
1
1
1
1
1
1
1
1
1
1
1
1
1
1
1
1
1
1
1
1
1
1
1
1
1
1
1
1
1
1
1
1
1
1
1
1
1
1
1
1
1
1
1
1
1
1
1
1
1
1
1
1
1
1
1
1
1
1
1
1
1
1
1
1
1
1
1
1
1
1
1
1
1
1
1
1
1
1
1
1
1
1
1
1
1
1
1
1
1
1
1
1
1
1
1
1
1
1
1
1
1
1
1
1
1
1
1
1
1
1
1
1
1
1
1
1
1
1
1
1
1
1
1
1
1
1
1
1
1
1
1
1
1
1
1
1
1
1
1
1
1
1
1
1
1
1
1
1
1
1
1
1
1
1
1
1
1
1
1
1
1
1
1
1
1
1
1
1
1
1
1
1
1
1
1
1
1
1
1
1
1
1
1
1
1
1
1
1
1
1
1
1
1
1
1
1
1
1
1
1
1
1
1
1
1
1
1
1
1
1
1
1
1
1
1
1
1
1
1
1
1
1
1
1
1
1
1
1
1
1
1
1
1
1
1
1
1
1
1
1
1
1
1
1
1
1
1
1
1
1
1
1
1
1
1
1
1
1
1
1
1
1
1
1
1
1
1
1
1
1
1
1
1
1
1
1
1
1
1
1
1
1
1
1
1
1
1
1
1
1
1
1
1
1
1
1
1
1
1
1
1
1
1
1
1
1
1
1
1
1
1
1
1
1
1
1
1
1
1
1
1
1
1
1
1
1
1
1
1
1
1
1
1
1
1
1
1
1
1
1
1
1
1
1
1
1
1
1
1
1
1
1
1
1
1
1
1
1
1
1
1
1
1
1
1
1
1
1
1
1
1
1
1
1
1
1
1
1
1
1
1
1
1
1
1
1
1
1
1
1
1
1
1
1
1
1
1
1
1
1
1
1
1
1
1
1
1
1
1
1
1
1
1
1
1
1
1
1
1
1
1
1
1
1
1
1
1
1
1
1
1
1
1
1
1
1
1
1
1
1
1
1
1
1
1
1
1
1
1
1
1
1
1
1
1
1
1
1
1
1
1
1
1
1
1
1
1
1
1
1
1
1
1
1
1
1
1
1
1
1
1
1
1
1
1
1
1
1
1
1
1
1
1
1
1
1
1
1
1
1
1
1
1
1
1
1
1
1
1
1
1
1
1
1
1
1
1
1
1
1
1
1
1
1
1
1
1
1
1
1
1
1
1
1
1
1
1
1
1
1
1
1
1
1
1
1
1
1
1
1
1
1
1
1
1
1
1
1
1
1
1
1
1
1
1
1
1
1
1
1
1
1
1
1
1
1
1
1
1
1
1
1
1
1
1
1
1
1
1
1
1
1
1
1
1
1
1
1
1
1
1
1
1
1
1
1
1
1
1
1
1
1
1
1
1
1
1
1
1
1
1
1
1
1
1
1
1
1
1
1
1
1
1
1
1
1
1
1
1
1
1
1
1
1
1
1
1
1
1
1
1
1
1
1
1
1
1
1
1
1
1
1
1
1
1
1
1
1
1
1
1
1
1
1
1
1
1
1
1
1
1
1
1
1
1
1
1
1
1
1
1
1
1
1
1
1
1
1
1
1
1
1
1
1
1
1
1
1
1
1
1
1
1
1
1
1
1
1
1
1
1
1
1
1
1
1
1
1
1
1
1
1
1
1
1
1
1
1
1
1
1
1
1
1
1
1
1
1
1
1
1
1
1
1
1
1
1
1
1
1
1
1
1
1
1
1
1
1
1
1
1
1
1
1
1
1
1
1
1
1
1
1
1
1
1
1
1
1
1
1
1
1
1
1
1
1
1
1
1
1
1
1
1
1
1
1
1
1
1
1
1
1
1
1
1
1
1
1
1
1
1
1
1
1
1
1
1
1
1
1
1
1
1
1
1
1
1
1
1
1
1
1
1
1
1
1
1
1
1
1
1
1
1
1
1
1
1
1
1
1
1
1
1
1
1
1
1
1
1
1
1
1
1
1
1
1
1
1
1
1
1
1
1
1
1
1
1
1
1
1
1
1
1
1
1
1
1
1
1
1
1
1
1
1
1
1
1
1
1
1
1
1
1
1
1
1
1
1
1
1
1
1
1
1
1
1
1
1
1
1
1
1
1
1
1
1
1
1
1
1
1
1
1
1
1
1
1
1
1
1
1
1
1
1
1
1
1
1
1
1
1
1
1
1
1
1
1
1
1
1
1
1
1
1
1
1
1
1
1
1
1
1
1
1
1
1
1
1
1
1
1
1
1
1
1
1
1
1
1
1
1
1
1
1
1
1
1
1
1
1
1
1
1
1
1
1
1
1
1
1
1
1
1
1
1
1
1
1
1
1
1
1
1
1
1
1
1
1
1
1
1
1
1
1
1
1
1
1
1
1
1
1
1
1
1
1
1
1
1
1
1
1
1
1
1
1
1
1
1
1
1
1
1
1
1
1
1
1
1
1
1
1
1
1
1
1
1
1
1
1
1
1
1
1
1
1
1
1
1
1
1
1
1
1
1
1
1
1
1
1
1
1
1
1
1
1
1
1
1
1
1
1
1
1
1
1
1
1
1
1
1
1
1
1
1
1
1
1
1
1
1
1
1
1
1
1
1
1
1
1
1
1
1
1
1
1
1
1
1
1
1
1
1
1
1
1
1
1
1
1
1
1
1
1
1
1
1
1
1
1
1
1
1
1
1
1
1
1
1
1
1
1
1
1
1
1
1
1
1
1
1
1
1
1
1
1
1
1
1
1
1
1
1
1
1
1
1
1
1
1
1
1
1
1
1
1
1
1
1
1
1
1
1
1
1
1
1
1
1
1
1
1
1
1
1
1
1
1
1
1
1
1
1
1
1
1
1
1
1
1
1
1
1
1
1
1
1
1
1
1
1
1
1
1
1
1
1
1
1
1
1
1
1
1
1
1
1
1
1
1
1
1
1
1
1
1
1
1
1
1
1
1
1
1
1
1
1
1
1
1
1
1
1
1
1
1
1
1
1
1
1
1
1
1
1
1
1
1
1
1
1
1
1
1
1
1
1
1
1
1
1
1
1
1
1
1
1
1
1
1
1
1
1
1
1
1
1
1
1
1
1
1
1
1
1
1
1
1
1
1
1
1
1
1
1
1
1
1
1
1
1
1
1
1
1
1
1
1
1
1
1
1
1
1
1
1
1
1
1
1
1
1
1
1
1
1
1
1
1
1
1
1
1
1
1
1
1
1
1
1
1
1
1
1
1
1
1
1
1
1
1
1
1
1
1
1
1
1
1
1
1
1
1
1
1
1
1
1
1
1
1
1
1
1
1
1
1
1
1
1
1
1
1
1
1
1
1
1
1
1
1
1
1
1
1
1
1
1
1
1
1
1
1
1
1
1
1
1
1
1
1
1
1
1
1
1
1
1
1
1
1
1
1
1
1
1
1
1
1
1
1
1
1
1
1
1
1
1
1
1
1
1
1
1
1
1
1
1
1
1
1
1
1
1
1
1
1
1
1
1
1
1
1
1
1
1
1
1
1
1
1
1
1
1
1
1
1
1
1
1
1
1
1
1
1
1
1
1
1
1
1
1
1
1
1
1
1
1
1
1
1
1
1
1
1
1
1
1
1
1
1
1
1
1
1
1
1
1
1
1
1
1
1
1
1
1
1
1
1
1
1
1
1
1
1
1
1
1
1
1
1
1
1
1
1
1
1
1
1
1
1
1
1
1
1
1
1
1
1
1
1
1
1
1
1
1
1
1
1
1
1
1
1
1
1
1
1
1
1
1
1
1
1
1
1
1
1
1
1
1
1
1
1
1
1
1
1
1
1
1
1
1
1
1
1
1
1
1
1
1
1
1
1
1
1
1
1
1
1
1
1
1
1
1
1
1
1
1
1
1
1
1
1
1
1
1
1
1
1
1
1
1
1
1
1
1
1
1
1
1
1
1
1
1
1
1
1
1
1
1
1
1
1
1
1
1
1
1
1
1
1
1
1
1
1
1
1
1
1
1
1
1
1
1
1
1
1
1
1
1
1
1
1
1
1
1
1
1
1
1
1
1
1
1
1
1
1
1
1
1
1
1
1
1
1
1
1
1
1
1
1
1
1
1
1
1
1
1
1
1
1
1
1
1
1
1
1
1
1
1
1
1
1
1
1
1
1
1
1
1
1
1
1
1
1
1
1
1
1
1
1
1
1
1
1
1
1
1
1
1
1
1
1
1
1
1
1
1
1
1
1
1
1
1
1
1
1
1
1
1
1
1
1
1
1
1
1
1
1
1
1
1
1
1
1
1
1
1
1
1
1
1
1
1
1
1
1
1
1
1
1
1
1
1
1
1
1
1
1
1
1
1
1
1
1
1
1
1
1
1
1
1
1
1
1
1
1
1
1
1
1
1
1
1
1
1
1
1
1
1
1
1
1
1
1
1
1
1
1
1
1
1
1
1
1
1
1
1
1
1
1
1
1
1
1
1
1
1
1
1
1
1
1
1
1
1
1
1
1
1
1
1
1
1
1
1
1
1
1
1
1
1
1
1
1
1
1
1
1
1
1
1
1
1
1
1
1
1
1
1
1
1
1
1
1
1
1
1
1
1
1
1
1
1
1
1
1
1
1
1
1
1
1
1
1
1
1
1
1
1
1
1
1
1
1
1
1
1
1
1
1
1
1
1
1
1
1
1
1
1
1
1
1
1
1
1
1
1
1
1
1
1
1
1
1
1
1
1
1
1
1
1
1
1
1
1
1
1
1
1
1
1
1
1
1
1
1
1
1
1
1
1
1
1
1
1
1
1
1
1
1
1
1
1
1
1
1
1
1
1
1
1
1
1
1
1
1
1
1
1
1
1
1
1
1
1
1
1
1
1
1
1
1
1
1
1
1
1
1
1
1
1
1
1
1
1
1
1
1
1
1
1
1
1
1
1
1
1
1
1
1
1
1
1
1
1
1
1
1
1
1
1
1
1
1
1
1
1
1
1
1
1
1
1
1
1
1
1
1
1
1
1
1
1
1
1
1
1
1
1
1
1
1
1
1
1
1
1
1
1
1
1
1
1
1
1
1
1
1
1
1
1
1
1
1
1
1
1
1
1
1
1
1
1
1
1
1
1
1
1
1
1
1
1
1
1
1
1
1
1
1
1
1
1
1
1
1
1
1
1
1
1
1
1
1
1
1
1
1
1
1
1
1
1
1
1
1
1
1
1
1
1
1
1
1
1
1
1
1
1
1
1
1
1
1
1
1
1
1
1
1
1
1
1
1
1
1
1
1
1
1
1
1
1
1
1
1
1
1
1
1
1
1
1
1
1
1
1
1
1
1
1
1
1
1
1
1
1
1
1
1
1
1
1
1
1
1
1
1
1
1
1
1
1
1
1
1
1
1
1
1
1
1
1
1
1
1
1
1
1
1
1
1
1
1
1
1
1
1
1
1
1
1
1
1
1
1
1
1
1
1
1
1
1
1
1
1
1
1
1
1
1
1
1
1
1
1
1
1
1
1
1
1
1
1
1
1
1
1
1
1
1
1
1
1
1
1
1
1
1
1
1
1
1
1
1
1
1
1
1
1
1
1
1
1
1
1
1
1
1
1
1
1
1
1
1
1
1
1
1
1
1
1
1
1
1
1
1
1
1
1
1
1
1
1
1
1
1
1
1
1
1
1
1
1
1
1
1
1
1
1
1
1
1
1
1
1
1
1
1
1
1
1
1
1
1
1
1
1
1
1
1
1
1
1
1
1
1
1
1
1
1
1
1
1
1
1
1
1
1
1
1
1
1
1
1
1
1
1
1
1
1
1
1
1
1
1
1
1
1
1
1
1
1
1
1
1
1
1
1
1
1
1
1
1
1
1
1
1
1
1
1
1
1
1
1
1
1
1
1
1
1
1
1
1
1
1
1
1
1
1
1
1
1
1
1
1
1
1
1
1
1
1
1
1
1
1
1
1
1
1
1
1
1
1
1
1
1
1
1
1
1
1
1
1
1
1
1
1
1
1
1
1
1
1
1
1
1
1
1
1
1
1
1
1
1
1
1
1
1
1
1
1
1
1
1
1
1
1
1
1
1
1
1
1
1
1
1
1
1
1
1
1
1
1
1
1
1
1
1
1
1
1
1
1
1
1
1
1
1
1
1
1
1
1
1
1
1
1
1
1
1
1
1
1
1
1
1
1
1
1
1
1
1
1
1
1
1
1
1
1
1
1
1
1
1
1
1
1
1
1
1
1
1
1
1
1
1
1
1
1
1
1
1
1
1
1
1
1
1
1
1
1
1
1
1
1
1
1
1
1
1
1
1
1
1
1
1
1
1
1
1
1
1
1
1
1
1
1
1
1
1
1
1
1
1
1
1
1
1
1
1
1
1
1
1
1
1
1
1
1
1
1
1
1
1
1
1
1
1
1
1
1
1
1
1
1
1
1
1
1
1
1
1
1
1
1
1
1
1
1
1
1
1
1
1
1
1
1
1
1
1
1
1
1
1
1
1
1
1
1
1
1
1
1
1
1
1
1
1
1
1
1
1
1
1
1
1
1
1
1
1
1
1
1
1
1
1
1
1
1
1
1
1
1
1
1
1
1
1
1
1
1
1
1
1
1
1
1
1
1
1
1
1
1
1
1
1
1
1
1
1
1
1
1
1
1
1
1
1
1
1
1
1
1
1
1
1
1
1
1
1
1
1
1
1
1
1
1
1
1
1
1
1
1
1
1
1
1
1
1
1
1
1
1
1
1
1
1
1
1
1
1
1
1
1
1
1
1
1
1
1
1
1
1
1
1
1
1
1
1
1
1
1
1
1
1
1
1
1
1
1
1
1
1
1
1
1
1
1
1
1
1
1
1
1
1
1
1
1
1
1
1
1
1
1
1
1
1
1
1
1
1
1
1
1
1
1
1
1
1
1
1
1
1
1
1
1
1
1
1
1
1
1
1
1
1
1
1
1
1
1
1
1
1
1
1
1
1
1
1
1
1
1
1
1
1
1
1
1
1
1
1
1
1
1
1
1
1
1
1
1
1
1
1
1
1
1
1
1
1
1
1
1
1
1
1
1
1
1
1
1
1
1
1
1
1
1
1
1
1
