# vtk DataFile Version 2.0
periodic_box_Nx2_split_refine1, Created by Gmsh
ASCII
DATASET UNSTRUCTURED_GRID
POINTS 1195 double
0 0 0
1 0 0
1 0.25 0
0 0.25 0
0 0 0.25
1 0 0.25
1 0.25 0.25
0 0.25 0.25
0.1875 0.25 0
0.8125 0 0.25
0.6875 0 0.25
0.5625 0 0.25
0.4375 0 0.25
0.3125 0 0.25
0.1875 0 0.25
0.0625 0 0.25
0 0.0625 0
0 0.1875 0
0.0625 0.25 0
0.9375 0 0.25
0.3125 0.25 0
0.4375 0.25 0
0.5625 0.25 0
0.6875 0.25 0
0.8125 0.25 0
0.9375 0.25 0
1 0.1875 0
1 0.0625 0
0.9374999999998355 0 0
0.0625 0.25 0.25
0 0.25 0.1875
0 0.25 0.0625
1 0.25 0.1875
1 0.25 0.0625
1 0 0.1875
1 0 0.0625
0 0 0.1875
0 0 0.0625
0 0.0625 0.25
0 0.1875 0.25
0.8124999999995062 0 0
0.1875 0.25 0.25
0.3125 0.25 0.25
0.4375 0.25 0.25
0.5625 0.25 0.25
0.6875 0.25 0.25
0.8125 0.25 0.25
0.9375 0.25 0.25
1 0.1875 0.25
1 0.0625 0.25
0.625 0.25 0.25
0.7499999999993416 0 0
0.499999999998694 0 0
0.75 0.25 0.25
0 0.25 0.125
1 0.25 0.125
1 0 0.125
0 0 0.125
0 0.125 0.25
0.125 0.25 0.25
0.375 0.25 0.25
0.75 0.25 0
0.625 0.25 0
1 0.125 0.25
0.875 0 0.25
0.625 0 0.25
0.375 0 0.25
0.125 0 0.25
0 0.125 0
0.125 0.25 0
0.375 0.25 0
0.374999999999053 0 0
0.6874999999991798 0 0
0.5624999999988559 0 0
0.4374999999988735 0 0
0.3124999999992326 0 0
0.1874999999995591 0 0
0.06249999999985305 0 0
0.875 0.25 0
1 0.125 0
0.8749999999996708 0 0
0.6249999999990178 0 0
0.875 0.25 0.25
0.1249999999997061 0 0
0.25 0.25 0.25
0.5 0.25 0.25
0.2499999999994121 0 0
0.75 0 0.25
0.5 0 0.25
0.25 0 0.25
0.25 0.25 0
0.5 0.25 0
0 0.125 0.125
1 0.125 0.125
0.6249999999990178 0 0.1250000000003292
0.3749999999994716 0 0.1250000000000548
0.124999999999706 0 0.125
0.8749999999998354 0 0.125
0.6249999999990178 0.25 0.1250000000003292
0.3749999999994716 0.25 0.1250000000000548
0.124999999999706 0.25 0.125
0.8749999999998354 0.25 0.125
0.3749999999994716 0.1249999999999402 0
0.124999999999706 0.125000000000294 0
0.8749999999996708 0.125 0
0.6249999999990178 0.124999999999347 0
0.3749999999994716 0.1249999999999402 0.25
0.124999999999706 0.125000000000294 0.25
0.8749999999996708 0.125 0.25
0.6249999999990178 0.124999999999347 0.25
0 0.0625 0.0625
0 0.1875 0.0625
0 0.0625 0.1875
0 0.1875 0.1875
1 0.0625 0.0625
1 0.1875 0.0625
1 0.0625 0.1875
1 0.1875 0.1875
0.062499999999853 0 0.0625
0.062499999999853 0 0.1875
0.187499999999559 0 0.0625
0.9374999999999176 0 0.1875
0.9374999999999176 0 0.0625
0.8124999999995886 0 0.0625
0.187499999999853 0 0.1875
0.8124999999999176 0 0.1875
0.4374999999990828 0 0.06250000000002739
0.3124999999994418 0 0.06250000000002739
0.2499999999995888 0 0.1250000000000274
0.6874999999991798 0 0.0625000000001646
0.5624999999988559 0 0.0625000000001646
0.4999999999992447 0 0.125000000000192
0.7499999999996708 0 0.125
0.6874999999995088 0 0.1875000000001646
0.3124999999997358 0 0.1875000000000274
0.4374999999997358 0 0.1875000000000274
0.5624999999995088 0 0.1875000000001646
0.9374999999999176 0.25 0.1875
0.9374999999999176 0.25 0.0625
0.8124999999999176 0.25 0.0625
0.062499999999853 0.25 0.0625
0.062499999999853 0.25 0.1875
0.187499999999853 0.25 0.0625
0.8124999999999176 0.25 0.1875
0.187499999999853 0.25 0.1875
0.6874999999995088 0.25 0.0625000000001646
0.5624999999995088 0.25 0.0625000000001646
0.75 0.25 0.125
0.6874999999995088 0.25 0.1875000000001646
0.4374999999997358 0.25 0.06250000000002739
0.3124999999997358 0.25 0.06250000000002739
0.4999999999992447 0.25 0.125000000000192
0.2499999999995888 0.25 0.1250000000000274
0.5624999999995088 0.25 0.1875000000001646
0.3124999999997358 0.25 0.1875000000000274
0.4374999999997358 0.25 0.1875000000000274
0.062499999999853 0.187500000000147 0
0.062499999999853 0.06250000000014699 0
0.187499999999559 0.06250000000014699 0
0.9374999999998355 0.0625 0
0.9374999999998355 0.1875 0
0.8124999999995062 0.0625 0
0.8124999999998355 0.1875 0
0.187499999999853 0.187500000000147 0
0.3124999999994418 0.0624999999999701 0
0.4374999999990828 0.0624999999999701 0
0.2499999999995888 0.1250000000001171 0
0.5624999999988559 0.0624999999996735 0
0.6874999999991798 0.0624999999996735 0
0.4999999999992447 0.1249999999996436 0
0.7499999999996708 0.125 0
0.6874999999995088 0.1874999999996735 0
0.5624999999995088 0.1874999999996735 0
0.4374999999997358 0.1874999999999701 0
0.3124999999997358 0.1874999999999701 0
0.062499999999853 0.06250000000014699 0.25
0.062499999999853 0.187500000000147 0.25
0.187499999999853 0.06250000000014699 0.25
0.9374999999998355 0.1875 0.25
0.9374999999998355 0.0625 0.25
0.8124999999998355 0.0625 0.25
0.8124999999998355 0.1875 0.25
0.187499999999853 0.187500000000147 0.25
0.4374999999997358 0.0624999999999701 0.25
0.3124999999997358 0.0624999999999701 0.25
0.2499999999995888 0.1250000000001171 0.25
0.6874999999995088 0.0624999999996735 0.25
0.5624999999995088 0.0624999999996735 0.25
0.4999999999992447 0.1249999999996436 0.25
0.75 0.125 0.25
0.6874999999995088 0.1874999999996735 0.25
0.5624999999995088 0.1874999999996735 0.25
0.3124999999997358 0.1874999999999701 0.25
0.4374999999997358 0.1874999999999701 0.25
0 0.15625 0.03125
0 0.21875 0.03125
0 0.09375 0.03125
0 0.125 0.0625
0 0.03125 0.03125
0 0.09375 0.09375
0 0.15625 0.09375
0 0.03125 0.09375
0 0.03125 0.15625
0 0.0625 0.125
0 0.03125 0.21875
0 0.09375 0.15625
0 0.21875 0.15625
0 0.21875 0.21875
0 0.21875 0.09375
0 0.1875 0.125
0 0.15625 0.15625
0 0.09375 0.21875
0 0.15625 0.21875
0 0.125 0.1875
1 0.15625 0.03125
1 0.21875 0.03125
1 0.09375 0.03125
1 0.125 0.0625
1 0.03125 0.03125
1 0.09375 0.09375
1 0.15625 0.09375
1 0.03125 0.09375
1 0.03125 0.15625
1 0.0625 0.125
1 0.03125 0.21875
1 0.09375 0.15625
1 0.21875 0.15625
1 0.21875 0.21875
1 0.21875 0.09375
1 0.1875 0.125
1 0.15625 0.15625
1 0.09375 0.21875
1 0.15625 0.21875
1 0.125 0.1875
0.0312499999999265 0 0.15625
0.0312499999999265 0 0.21875
0.0312499999999265 0 0.09375
0.062499999999853 0 0.125
0.0312499999999265 0 0.03125
0.0937499999997795 0 0.09375
0.0937499999997795 0 0.15625
0.09374999999977955 0 0.03125
0.1562499999996325 0 0.03125
0.124999999999706 0 0.0625
0.2187499999994856 0 0.03125
0.1562499999996325 0 0.09375
0.9687499999999588 0 0.09375
0.9687499999999588 0 0.03125
0.9687499999999588 0 0.15625
0.9374999999999176 0 0.125
0.9687499999999588 0 0.21875
0.9062499999998765 0 0.15625
0.9062499999998765 0 0.09375
0.8437499999996296 0 0.03125
0.7812499999994651 0 0.03125
0.9062499999997942 0 0.03125
0.8749999999997531 0 0.0625
0.843749999999712 0 0.09375
0.1562499999999265 0 0.21875
0.2187499999999265 0 0.21875
0.0937499999999265 0 0.21875
0.124999999999853 0 0.1875
0.1562499999997795 0 0.15625
0.9062499999999588 0 0.21875
0.8437499999999588 0 0.21875
0.8749999999999176 0 0.1875
0.7812499999999588 0 0.21875
0.8437499999998765 0 0.15625
0.3437499999992474 0 0.0312500000000137
0.281249999999427 0 0.0312500000000137
0.4062499999990679 0 0.0312500000000137
0.3749999999992623 0 0.06250000000002739
0.4687499999988884 0 0.0312500000000137
0.4062499999992772 0 0.09375000000004109
0.3437499999994567 0 0.09375000000004109
0.2499999999995004 0 0.0625000000000137
0.2812499999995153 0 0.09375000000002739
0.2187499999995739 0 0.0937500000000137
0.3124999999995302 0 0.1250000000000411
0.1874999999996474 0 0.1250000000000137
0.5937499999989369 0 0.0312500000000823
0.531249999998775 0 0.0312500000000823
0.6562499999990987 0 0.0312500000000823
0.6249999999990179 0 0.0625000000001646
0.7187499999992607 0 0.0312500000000823
0.6562499999990987 0 0.09375000000024691
0.5937499999989369 0 0.09375000000024691
0.4999999999989694 0 0.06250000000009601
0.5312499999990503 0 0.0937500000001783
0.4687499999991638 0 0.0937500000001097
0.5624999999991313 0 0.1250000000002606
0.4374999999993582 0 0.1250000000001234
0.7499999999995062 0 0.0625
0.7187499999994253 0 0.0937500000000823
0.7187499999995899 0 0.1562500000000823
0.6874999999993443 0 0.1250000000001646
0.7499999999998355 0 0.1875
0.7187499999997544 0 0.2187500000000823
0.6562499999992633 0 0.1562500000002469
0.7812499999997942 0 0.15625
0.7812499999996296 0 0.09375
0.8124999999997531 0 0.125
0.4062499999998679 0 0.2187500000000137
0.4687499999998679 0 0.2187500000000137
0.3437499999998679 0 0.2187500000000137
0.3749999999997358 0 0.1875000000000274
0.2812499999998679 0 0.2187500000000137
0.3437499999996037 0 0.1562500000000411
0.4062499999996037 0 0.1562500000000411
0.2812499999996623 0 0.1562500000000274
0.2499999999997944 0 0.1875000000000137
0.2187499999997209 0 0.1562500000000137
0.6562499999997544 0 0.2187500000000823
0.5937499999997544 0 0.2187500000000823
0.6249999999995088 0 0.1875000000001646
0.5312499999997544 0 0.2187500000000823
0.5937499999992633 0 0.1562500000002469
0.5312499999993767 0 0.1562500000001783
0.4999999999996223 0 0.187500000000096
0.4687499999994903 0 0.1562500000001097
0.9687499999999588 0.25 0.09375
0.9687499999999588 0.25 0.03125
0.9687499999999588 0.25 0.15625
0.9374999999999176 0.25 0.125
0.9687499999999588 0.25 0.21875
0.9062499999998765 0.25 0.15625
0.9062499999998765 0.25 0.09375
0.8437499999999588 0.25 0.03125
0.7812499999999588 0.25 0.03125
0.9062499999999588 0.25 0.03125
0.8749999999999176 0.25 0.0625
0.8437499999998765 0.25 0.09375
0.0312499999999265 0.25 0.15625
0.0312499999999265 0.25 0.21875
0.0312499999999265 0.25 0.09375
0.062499999999853 0.25 0.125
0.0312499999999265 0.25 0.03125
0.0937499999997795 0.25 0.09375
0.0937499999997795 0.25 0.15625
0.0937499999999265 0.25 0.03125
0.1562499999999265 0.25 0.03125
0.124999999999853 0.25 0.0625
0.2187499999999265 0.25 0.03125
0.1562499999997795 0.25 0.09375
0.9062499999999588 0.25 0.21875
0.8437499999999588 0.25 0.21875
0.8749999999999176 0.25 0.1875
0.7812499999999588 0.25 0.21875
0.8437499999998765 0.25 0.15625
0.1562499999999265 0.25 0.21875
0.2187499999999265 0.25 0.21875
0.0937499999999265 0.25 0.21875
0.124999999999853 0.25 0.1875
0.1562499999997795 0.25 0.15625
0.5937499999997544 0.25 0.0312500000000823
0.5312499999997544 0.25 0.0312500000000823
0.6562499999997544 0.25 0.0312500000000823
0.6249999999995088 0.25 0.0625000000001646
0.7187499999997544 0.25 0.0312500000000823
0.6562499999992633 0.25 0.09375000000024691
0.5937499999992633 0.25 0.09375000000024691
0.75 0.25 0.0625
0.7187499999997544 0.25 0.0937500000000823
0.7187499999997544 0.25 0.1562500000000823
0.6874999999995088 0.25 0.1250000000001646
0.75 0.25 0.1875
0.7187499999997544 0.25 0.2187500000000823
0.6562499999992633 0.25 0.1562500000002469
0.7812499999999588 0.25 0.15625
0.7812499999999588 0.25 0.09375
0.8124999999999176 0.25 0.125
0.3437499999998679 0.25 0.0312500000000137
0.2812499999998679 0.25 0.0312500000000137
0.4062499999998679 0.25 0.0312500000000137
0.3749999999997358 0.25 0.06250000000002739
0.4687499999998679 0.25 0.0312500000000137
0.4062499999996037 0.25 0.09375000000004109
0.3437499999996037 0.25 0.09375000000004109
0.4999999999996223 0.25 0.06250000000009601
0.5312499999993767 0.25 0.0937500000001783
0.4687499999994903 0.25 0.0937500000001097
0.5624999999991313 0.25 0.1250000000002606
0.4374999999993582 0.25 0.1250000000001234
0.2499999999997944 0.25 0.0625000000000137
0.2812499999996623 0.25 0.09375000000002739
0.2187499999997209 0.25 0.0937500000000137
0.3124999999995302 0.25 0.1250000000000411
0.1874999999996474 0.25 0.1250000000000137
0.6562499999997544 0.25 0.2187500000000823
0.5937499999997544 0.25 0.2187500000000823
0.6249999999995088 0.25 0.1875000000001646
0.5312499999997544 0.25 0.2187500000000823
0.5937499999992633 0.25 0.1562500000002469
0.4062499999998679 0.25 0.2187500000000137
0.4687499999998679 0.25 0.2187500000000137
0.3437499999998679 0.25 0.2187500000000137
0.3749999999997358 0.25 0.1875000000000274
0.2812499999998679 0.25 0.2187500000000137
0.3437499999996037 0.25 0.1562500000000411
0.4062499999996037 0.25 0.1562500000000411
0.5312499999993767 0.25 0.1562500000001783
0.4999999999996223 0.25 0.187500000000096
0.4687499999994903 0.25 0.1562500000001097
0.2812499999996623 0.25 0.1562500000000274
0.2499999999997944 0.25 0.1875000000000137
0.2187499999997209 0.25 0.1562500000000137
0.0312499999999265 0.2187500000000735 0
0.0312499999999265 0.1562500000000735 0
0.062499999999853 0.125000000000147 0
0.0312499999999265 0.0937500000000735 0
0.0937499999997795 0.1562500000002205 0
0.0937499999997795 0.09375000000022049 0
0.0312499999999265 0.0312500000000735 0
0.09374999999977955 0.0312500000000735 0
0.124999999999706 0.06250000000014699 0
0.1562499999996325 0.0312500000000735 0
0.1562499999996325 0.09375000000022049 0
0.2187499999994856 0.0312500000000735 0
0.9687499999999177 0.03125 0
0.9687499999999177 0.09375 0
0.9374999999998355 0.125 0
0.9687499999999177 0.15625 0
0.9062499999997531 0.09375 0
0.9062499999997531 0.15625 0
0.9687499999999177 0.21875 0
0.7812499999994239 0.03125 0
0.8437499999995886 0.03125 0
0.8749999999996708 0.0625 0
0.9062499999997531 0.03125 0
0.8437499999995886 0.09375 0
0.9062499999999177 0.21875 0
0.8749999999998355 0.1875 0
0.8437499999999177 0.21875 0
0.8437499999997531 0.15625 0
0.7812499999999177 0.21875 0
0.2187499999999265 0.2187500000000735 0
0.1562499999999265 0.2187500000000735 0
0.124999999999853 0.187500000000147 0
0.0937499999999265 0.2187500000000735 0
0.1562499999997795 0.1562500000002205 0
0.281249999999427 0.03124999999998505 0
0.3437499999992474 0.03124999999998505 0
0.3749999999992623 0.0624999999999701 0
0.4062499999990679 0.03124999999998505 0
0.3437499999994567 0.09374999999995515 0
0.4062499999992772 0.09374999999995515 0
0.4687499999988884 0.03124999999998505 0
0.2499999999995004 0.06250000000005855 0
0.2187499999995739 0.09375000000013205 0
0.2812499999995153 0.0937500000000436 0
0.1874999999996474 0.1250000000002056 0
0.3124999999995302 0.1250000000000286 0
0.531249999998775 0.03124999999983675 0
0.5937499999989369 0.03124999999983675 0
0.6249999999990179 0.0624999999996735 0
0.6562499999990987 0.03124999999983675 0
0.5937499999989369 0.09374999999951025 0
0.6562499999990987 0.09374999999951025 0
0.7187499999992607 0.03124999999983675 0
0.4374999999993582 0.1249999999997919 0
0.4687499999991638 0.09374999999980685 0
0.5312499999990503 0.09374999999965855 0
0.4999999999989694 0.0624999999998218 0
0.5624999999991313 0.1249999999994953 0
0.7812499999997531 0.15625 0
0.7499999999998355 0.1875 0
0.8124999999996708 0.125 0
0.7812499999995886 0.09375 0
0.7499999999995062 0.0625 0
0.7187499999994253 0.09374999999983674 0
0.6874999999993443 0.1249999999996735 0
0.7187499999995899 0.1562499999998367 0
0.6562499999992633 0.1562499999995103 0
0.7187499999997544 0.2187499999998367 0
0.6562499999997544 0.2187499999998367 0
0.6249999999995088 0.1874999999996735 0
0.5937499999997544 0.2187499999998367 0
0.5937499999992633 0.1562499999995103 0
0.5312499999997544 0.2187499999998367 0
0.4687499999998679 0.2187499999999851 0
0.4062499999998679 0.2187499999999851 0
0.3749999999997358 0.1874999999999701 0
0.3437499999998679 0.2187499999999851 0
0.4062499999996037 0.1562499999999551 0
0.3437499999996037 0.1562499999999551 0
0.2812499999998679 0.2187499999999851 0
0.4999999999996223 0.1874999999998218 0
0.5312499999993767 0.1562499999996586 0
0.4687499999994903 0.1562499999998068 0
0.2812499999996623 0.1562500000000436 0
0.2187499999997209 0.1562500000001321 0
0.2499999999997944 0.1875000000000586 0
0.0312499999999265 0.1562500000000735 0.25
0.0312499999999265 0.2187500000000735 0.25
0.0312499999999265 0.0937500000000735 0.25
0.062499999999853 0.125000000000147 0.25
0.0312499999999265 0.0312500000000735 0.25
0.0937499999997795 0.09375000000022049 0.25
0.0937499999997795 0.1562500000002205 0.25
0.0937499999999265 0.0312500000000735 0.25
0.1562499999999265 0.0312500000000735 0.25
0.124999999999853 0.06250000000014699 0.25
0.2187499999999265 0.0312500000000735 0.25
0.1562499999997795 0.09375000000022049 0.25
0.9687499999999177 0.09375 0.25
0.9687499999999177 0.03125 0.25
0.9687499999999177 0.15625 0.25
0.9374999999998355 0.125 0.25
0.9687499999999177 0.21875 0.25
0.9062499999997531 0.15625 0.25
0.9062499999997531 0.09375 0.25
0.8437499999999177 0.03125 0.25
0.7812499999999177 0.03125 0.25
0.9062499999999177 0.03125 0.25
0.8749999999998355 0.0625 0.25
0.8437499999997531 0.09375 0.25
0.9062499999999177 0.21875 0.25
0.8437499999999177 0.21875 0.25
0.8749999999998355 0.1875 0.25
0.7812499999999177 0.21875 0.25
0.8437499999997531 0.15625 0.25
0.1562499999999265 0.2187500000000735 0.25
0.2187499999999265 0.2187500000000735 0.25
0.0937499999999265 0.2187500000000735 0.25
0.124999999999853 0.187500000000147 0.25
0.1562499999997795 0.1562500000002205 0.25
0.3437499999998679 0.03124999999998505 0.25
0.2812499999998679 0.03124999999998505 0.25
0.4062499999998679 0.03124999999998505 0.25
0.3749999999997358 0.0624999999999701 0.25
0.4687499999998679 0.03124999999998505 0.25
0.4062499999996037 0.09374999999995515 0.25
0.3437499999996037 0.09374999999995515 0.25
0.2499999999997944 0.06250000000005855 0.25
0.2812499999996623 0.0937500000000436 0.25
0.2187499999997209 0.09375000000013205 0.25
0.3124999999995302 0.1250000000000286 0.25
0.1874999999996474 0.1250000000002056 0.25
0.5937499999997544 0.03124999999983675 0.25
0.5312499999997544 0.03124999999983675 0.25
0.6562499999997544 0.03124999999983675 0.25
0.6249999999995088 0.0624999999996735 0.25
0.7187499999997544 0.03124999999983675 0.25
0.6562499999992633 0.09374999999951025 0.25
0.5937499999992633 0.09374999999951025 0.25
0.4687499999994903 0.09374999999980685 0.25
0.4374999999993582 0.1249999999997919 0.25
0.4999999999996223 0.0624999999998218 0.25
0.5312499999993767 0.09374999999965855 0.25
0.5624999999991313 0.1249999999994953 0.25
0.75 0.1875 0.25
0.7812499999999177 0.15625 0.25
0.7812499999999177 0.09375 0.25
0.8124999999998355 0.125 0.25
0.75 0.0625 0.25
0.7187499999997544 0.09374999999983674 0.25
0.7187499999997544 0.1562499999998367 0.25
0.6874999999995088 0.1249999999996735 0.25
0.7187499999997544 0.2187499999998367 0.25
0.6562499999992633 0.1562499999995103 0.25
0.6562499999997544 0.2187499999998367 0.25
0.5937499999997544 0.2187499999998367 0.25
0.6249999999995088 0.1874999999996735 0.25
0.5312499999997544 0.2187499999998367 0.25
0.5937499999992633 0.1562499999995103 0.25
0.4062499999998679 0.2187499999999851 0.25
0.4687499999998679 0.2187499999999851 0.25
0.3437499999998679 0.2187499999999851 0.25
0.3749999999997358 0.1874999999999701 0.25
0.2812499999998679 0.2187499999999851 0.25
0.3437499999996037 0.1562499999999551 0.25
0.4062499999996037 0.1562499999999551 0.25
0.4999999999996223 0.1874999999998218 0.25
0.4687499999994903 0.1562499999998068 0.25
0.5312499999993767 0.1562499999996586 0.25
0.2812499999996623 0.1562500000000436 0.25
0.2499999999997944 0.1875000000000586 0.25
0.2187499999997209 0.1562500000001321 0.25
0.8749999999998354 0.125 0.125
0.8124999999999176 0.125 0.1875
0.8749999999997531 0.0625 0.1875
0.8749999999997531 0.1875 0.1875
0.8749999999997531 0.1875 0.0625
0.8124999999998355 0.0625 0.125
0.8749999999997531 0.0625 0.0625
0.8124999999998355 0.1875 0.125
0.75 0.125 0.125
0.6249999999990178 0.125 0.1250000000003292
0.6874999999995088 0.125 0.1875000000001646
0.6249999999990178 0.0624999999996735 0.0625000000001646
0.6874999999995088 0.0624999999996735 0.125
0.6249999999990178 0.1874999999996735 0.0625000000001646
0.6249999999990178 0.1874999999996735 0.1875000000001646
0.6249999999990178 0.0624999999996735 0.1875000000001646
0.2499999999995888 0.1874999999999701 0.0625
0.124999999999706 0.187500000000147 0.0625
0.187499999999559 0.125 0.0625
0.124999999999706 0.187500000000147 0.1875
0.187499999999559 0.06250000000014699 0.125
0.124999999999706 0.125000000000294 0.125
0.3749999999994716 0.1874999999999701 0.06250000000002739
0.3124999999994418 0.125 0.06250000000002739
0.2499999999995888 0.0624999999999701 0.1875
0.3124999999994418 0.0624999999999701 0.125
0.124999999999706 0.06250000000014699 0.1875
0.3749999999994716 0.0624999999999701 0.1875000000000274
0.3749999999994716 0.1874999999999701 0.1875000000000274
0.3749999999994716 0.1249999999999402 0.125
0.3749999999994716 0.0624999999999701 0.06250000000002739
0.124999999999706 0.06250000000014699 0.0625
0.2499999999995888 0.1874999999999701 0.1875
0.6874999999995088 0.1874999999996735 0.125
0.4999999999992447 0.0624999999999701 0.1875000000001646
0.4999999999992447 0.1874999999999701 0.1875000000001646
0.4999999999992447 0.1249999999996436 0.125
0.4999999999992447 0.1874999999996735 0.06250000000002739
0.4374999999990828 0.0624999999999701 0.125
0.4374999999990828 0.125 0.06250000000002739
0.9374999999999176 0.1875 0.125
0.9374999999999176 0.0625 0.125
0.9374999999998355 0.125 0.1875
0.9374999999998355 0.125 0.0625
0.062499999999853 0.0625 0.125
0.062499999999853 0.125000000000147 0.0625
0.062499999999853 0.125000000000147 0.1875
0.062499999999853 0.1875 0.125
0.8749999999998354 0.0625 0.125
0.8437499999998765 0.0625 0.15625
0.8749999999997942 0.03125 0.15625
0.8437499999998354 0.03125 0.1875
0.8749999999997942 0.09375 0.15625
0.8749999999998354 0.1875 0.125
0.8437499999998765 0.1875 0.15625
0.8437499999998765 0.125 0.15625
0.8749999999997942 0.15625 0.15625
0.8437499999998354 0.15625 0.1875
0.8749999999997942 0.21875 0.15625
0.8124999999999176 0.0625 0.1875
0.7812499999999588 0.0625 0.21875
0.8124999999998765 0.03125 0.21875
0.8124999999998765 0.09375 0.21875
0.8749999999997531 0.125 0.1875
0.8437499999997943 0.125 0.21875
0.8437499999997943 0.0625 0.21875
0.874999999999712 0.09375 0.21875
0.874999999999712 0.15625 0.21875
0.8437499999998354 0.09375 0.1875
0.8749999999997942 0.21875 0.09375
0.8437499999998354 0.15625 0.125
0.8749999999997942 0.15625 0.09375
0.8749999999997942 0.09375 0.09375
0.8437499999998354 0.03125 0.125
0.8749999999997942 0.03125 0.09375
0.8124999999998765 0.09375 0.15625
0.7812499999999177 0.03125 0.1875
0.8124999999998765 0.03125 0.15625
0.8749999999997531 0.125 0.0625
0.8437499999997943 0.0625 0.09375
0.8437499999997943 0.125 0.09375
0.874999999999712 0.15625 0.03125
0.8437499999997531 0.09375 0.0625
0.874999999999712 0.09375 0.03125
0.8437499999998354 0.09375 0.125
0.8437499999998354 0.21875 0.1875
0.8124999999999176 0.1875 0.1875
0.7812499999999588 0.125 0.21875
0.8437499999997943 0.1875 0.21875
0.7812499999999588 0.1875 0.21875
0.8124999999998765 0.21875 0.21875
0.8124999999998765 0.15625 0.21875
0.8437499999998354 0.21875 0.125
0.7812499999999177 0.09375 0.1875
0.8124999999998765 0.21875 0.15625
0.7812499999999177 0.21875 0.1875
0.7812499999999177 0.15625 0.1875
0.8124999999998355 0.125 0.125
0.8437499999997943 0.1875 0.09375
0.8437499999997531 0.15625 0.0625
0.8124999999998765 0.15625 0.15625
0.7812499999999177 0.21875 0.0625
0.8124999999998765 0.21875 0.03125
0.8437499999998354 0.21875 0.0625
0.7812499999999177 0.21875 0.125
0.8437499999997943 0.1875 0.03125
0.8124999999998355 0.1875 0.0625
0.8124999999998765 0.21875 0.09375
0.8124999999996708 0.0625 0.0625
0.8437499999996296 0.0625 0.03125
0.8437499999996708 0.03125 0.0625
0.7812499999997531 0.03125 0.125
0.8124999999995474 0.03125 0.03125
0.7812499999995886 0.03125 0.0625
0.812499999999712 0.03125 0.09375
0.75 0.1875 0.125
0.75 0.1875 0.0625
0.7812499999999177 0.15625 0.0625
0.75 0.1875 0.1875
0.75 0.125 0.1875
0.75 0.0625 0.1875
0.7812499999999177 0.09375 0.125
0.8124999999998355 0.125 0.0625
0.7812499999999177 0.15625 0.125
0.7499999999996708 0.0625 0.0625
0.7499999999998355 0.125 0.0625
0.7499999999998355 0.0625 0.125
0.7812499999997531 0.09375 0.0625
0.6249999999990178 0.0625 0.1250000000003292
0.6562499999992633 0.0625 0.1562500000002469
0.6249999999990178 0.03124999999983675 0.09375000000024691
0.6562499999992633 0.03124999999983675 0.1250000000001646
0.6249999999990178 0.09374999999983674 0.09375000000024691
0.6249999999990178 0.1875 0.1250000000003292
0.6562499999992633 0.1875 0.1562500000002469
0.6562499999992633 0.125 0.1562500000002469
0.6249999999990178 0.1562499999998367 0.09375000000024691
0.6562499999992633 0.1562499999998367 0.1250000000001646
0.6249999999990178 0.2187499999998367 0.09375000000024691
0.6874999999995088 0.0625 0.1875000000001646
0.7187499999997544 0.0625 0.2187500000000823
0.6874999999995088 0.03124999999983675 0.1562500000000823
0.7187499999997544 0.03124999999983675 0.1875
0.6874999999995088 0.09374999999983674 0.1562500000000823
0.6249999999990178 0.1249999999996735 0.0625000000001646
0.6562499999992633 0.1249999999996735 0.0937500000000823
0.6562499999992633 0.0624999999996735 0.0937500000000823
0.6249999999990178 0.09374999999951025 0.0312500000000823
0.6562499999992633 0.09374999999951025 0.0625
0.6249999999990178 0.1562499999995103 0.0312500000000823
0.6562499999992633 0.09374999999983676 0.1250000000001646
0.6249999999990178 0.2187499999998367 0.1562500000002469
0.6562499999992633 0.1562499999998367 0.1875000000001646
0.6249999999990178 0.1562499999998367 0.1562500000002469
0.6249999999990178 0.09374999999983674 0.1562500000002469
0.6562499999992633 0.03124999999983675 0.1875000000001646
0.6249999999990178 0.03124999999983675 0.1562500000002469
0.6874999999995088 0.09374999999983674 0.2187500000000823
0.6874999999995088 0.03124999999983675 0.2187500000000823
0.6249999999990178 0.1249999999996735 0.1875000000001646
0.6562499999992633 0.0624999999996735 0.2187500000000823
0.6562499999992633 0.1249999999996735 0.2187500000000823
0.6249999999990178 0.1562499999995103 0.2187500000000823
0.6249999999990178 0.09374999999951025 0.2187500000000823
0.6562499999992633 0.09374999999983674 0.1875000000001646
0.1874999999996474 0.1562500000001321 0.03125
0.124999999999706 0.1562500000002205 0.03125
0.1562499999996325 0.125000000000147 0.03125
0.3124999999995302 0.1562499999999551 0.03125
0.2499999999995888 0.1562500000000436 0.03125
0.2812499999995153 0.1249999999999701 0.03125
0.1874999999996474 0.1875000000000586 0.0625
0.1874999999996474 0.2187499999999851 0.09375
0.124999999999706 0.2187500000000735 0.09375
0.1562499999996325 0.1562500000000735 0.0625
0.1562499999996325 0.1875 0.09375
0.2187499999995739 0.1562499999999851 0.0625
0.2499999999995004 0.09374999999998505 0.03125
0.187499999999559 0.0937500000000735 0.03125
0.2187499999994856 0.0625 0.03125
0.2187499999995739 0.1250000000000585 0.03125
0.124999999999706 0.2187500000000735 0.15625
0.1562499999996325 0.1562500000000735 0.125
0.124999999999706 0.187500000000147 0.125
0.124999999999706 0.1562500000002205 0.09375
0.1562499999996325 0.09375000000022049 0.0625
0.124999999999706 0.125000000000294 0.0625
0.187499999999559 0.0937500000000735 0.09375
0.2187499999994856 0.0312500000000735 0.0625
0.187499999999559 0.06250000000014699 0.0625
0.124999999999706 0.1562500000002205 0.15625
0.1562499999996325 0.09375000000022049 0.125
0.1562499999996325 0.125000000000147 0.15625
0.124999999999706 0.1562500000002205 0.21875
0.1562499999996325 0.09375000000022049 0.1875
0.124999999999706 0.125000000000294 0.1875
0.1562499999996325 0.125000000000147 0.09375
0.3749999999994716 0.1562499999999551 0.0312500000000137
0.3437499999994567 0.1249999999999701 0.0312500000000137
0.3124999999995302 0.1874999999999701 0.0625000000000137
0.2499999999995888 0.2187499999999851 0.0937500000000137
0.2187499999995739 0.1875 0.0937500000000137
0.3124999999994418 0.09374999999998505 0.0312500000000137
0.281249999999427 0.0625 0.0312500000000137
0.2499999999995004 0.125 0.0625000000000137
0.3124999999995302 0.2187499999999851 0.09375000000002739
0.2812499999995153 0.1875 0.09375000000002739
0.3437499999994567 0.1562499999999851 0.06250000000002739
0.3749999999994716 0.2187499999999851 0.09375000000004109
0.3437499999994567 0.1875 0.09375000000004109
0.2812499999995153 0.156249999999985 0.0625000000000137
0.1874999999996474 0.03124999999998505 0.15625
0.2187499999995739 0.03124999999998505 0.125
0.124999999999706 0.0312500000000735 0.15625
0.1562499999996325 0.0312500000000735 0.125
0.1874999999996474 0.06250000000005855 0.1875
0.3124999999995302 0.09374999999995515 0.21875
0.3437499999994567 0.09374999999995515 0.1875
0.2812499999995153 0.0624999999999701 0.15625
0.2499999999995888 0.0937500000000436 0.21875
0.2812499999995153 0.0937500000000436 0.1875
0.2499999999995004 0.03124999999998505 0.09375
0.281249999999427 0.03124999999998505 0.0625
0.187499999999559 0.0312500000000735 0.09375
0.2499999999995004 0.06250000000005855 0.125
0.1874999999996474 0.09375000000013205 0.21875
0.2187499999995739 0.09375000000013205 0.1875
0.1562499999996325 0.06250000000014699 0.15625
0.124999999999706 0.09375000000022049 0.21875
0.2187499999995739 0.06250000000005855 0.15625
0.3124999999995302 0.03124999999998505 0.1562500000000274
0.3749999999994716 0.03124999999998505 0.1562500000000411
0.3437499999994567 0.03124999999998505 0.1250000000000274
0.2499999999995888 0.03124999999998505 0.1562500000000137
0.3124999999995302 0.0624999999999701 0.1875000000000137
0.3749999999994716 0.09374999999995515 0.2187500000000137
0.3437499999994567 0.0624999999999701 0.1562500000000137
0.3124999999994418 0.03124999999998505 0.0937500000000137
0.2812499999995153 0.03124999999998505 0.1250000000000137
0.3749999999994716 0.2187499999999851 0.1562500000000411
0.3749999999994716 0.1874999999999701 0.1250000000000274
0.3437499999994567 0.1562499999999851 0.1250000000000274
0.3124999999994418 0.09374999999998505 0.0937500000000137
0.3124999999994418 0.0624999999999701 0.0625
0.3749999999994716 0.1562499999999551 0.0937500000000137
0.3749999999994716 0.1249999999999402 0.0625
0.3437499999994567 0.09374999999995515 0.0625
0.3437499999994567 0.1249999999999701 0.1562500000000137
0.3437499999994567 0.09374999999995515 0.125
0.3749999999994716 0.1562499999999551 0.1562500000000137
0.3749999999994716 0.1562499999999551 0.2187500000000137
0.3749999999994716 0.1249999999999402 0.1875
0.3437499999994567 0.1249999999999701 0.0937500000000137
0.3749999999994716 0.09374999999995515 0.1562500000000137
0.3124999999994418 0.03124999999998505 0.0312500000000137
0.3749999999994716 0.09374999999995515 0.0937500000000137
0.3749999999994716 0.09374999999995515 0.0312500000000137
0.3437499999994567 0.0624999999999701 0.0312500000000137
0.3437499999994567 0.03124999999998505 0.06250000000002739
0.3749999999994716 0.0624999999999701 0.1250000000000274
0.3749999999994716 0.03124999999998505 0.09375000000004109
0.3437499999994567 0.0624999999999701 0.0937500000000137
0.124999999999706 0.09375000000022049 0.15625
0.124999999999706 0.09375000000022049 0.09375
0.1562499999996325 0.06250000000014699 0.03125
0.124999999999706 0.09375000000022049 0.03125
0.187499999999559 0.0312500000000735 0.03125
0.124999999999706 0.06250000000014699 0.125
0.1562499999996325 0.0312500000000735 0.0625
0.124999999999706 0.0312500000000735 0.09375
0.1562499999996325 0.06250000000014699 0.09375
0.3124999999995302 0.2187499999999851 0.1562500000000274
0.2499999999995888 0.2187499999999851 0.1562500000000137
0.2187499999995739 0.1562499999999851 0.125
0.1874999999996474 0.2187499999999851 0.15625
0.2499999999995004 0.09374999999998505 0.09375
0.3124999999995302 0.1874999999999701 0.1875000000000137
0.2812499999995153 0.1249999999999701 0.15625
0.3124999999995302 0.1562499999999551 0.21875
0.2812499999995153 0.1562499999999851 0.1250000000000137
0.2499999999995888 0.1562500000000436 0.21875
0.1874999999996474 0.1875000000000586 0.1875
0.1874999999996474 0.1562500000001321 0.21875
0.2187499999995739 0.1250000000000585 0.15625
0.6874999999995088 0.1875 0.1875000000001646
0.6562499999992633 0.2187499999998367 0.1875000000001646
0.7187499999997544 0.125 0.2187500000000823
0.7187499999997544 0.1875 0.2187500000000823
0.6874999999995088 0.2187499999998367 0.2187500000000823
0.6562499999992633 0.1874999999996735 0.2187500000000823
0.6874999999995088 0.1562499999998367 0.2187500000000823
0.6562499999992633 0.2187499999998367 0.1250000000001646
0.7187499999997544 0.09374999999983674 0.1875
0.6562499999992633 0.1874999999996735 0.0937500000000823
0.6562499999992633 0.1562499999995103 0.0625
0.6874999999995088 0.1249999999996735 0.125
0.7187499999997544 0.1562499999998367 0.1875
0.6874999999995088 0.2187499999998367 0.1562500000000823
0.7187499999997544 0.2187499999998367 0.1875
0.6874999999995088 0.1562499999998367 0.1562500000000823
0.7187499999997544 0.2187499999998367 0.125
0.6562499999992633 0.2187499999998367 0.0625000000001646
0.7187499999997544 0.2187499999998367 0.0625
0.6874999999995088 0.2187499999998367 0.0312500000000823
0.6562499999992633 0.1874999999996735 0.0312500000000823
0.6874999999995088 0.1874999999996735 0.0625
0.6874999999995088 0.2187499999998367 0.0937500000000823
0.4999999999992447 0.09374999999980685 0.2187500000000823
0.4374999999993582 0.09374999999995515 0.2187500000000823
0.4374999999993582 0.1562499999999551 0.2187500000000823
0.4999999999992447 0.1249999999999701 0.1875000000001646
0.4999999999992447 0.1562499999998068 0.2187500000000823
0.5624999999991313 0.09374999999965855 0.2187500000000823
0.5624999999991313 0.1562499999996586 0.2187500000000823
0.5624999999991313 0.0624999999998218 0.1875000000001646
0.5624999999991313 0.03124999999998505 0.1562500000002469
0.5624999999991313 0.09374999999998505 0.1562500000002469
0.5624999999991313 0.1874999999998218 0.1875000000001646
0.5624999999991313 0.1562499999999851 0.1562500000002469
0.5624999999991313 0.2187499999999851 0.1562500000002469
0.5624999999991313 0.1249999999998218 0.1875000000001646
0.5624999999991313 0.1874999999998218 0.1250000000001646
0.5624999999991313 0.0624999999998218 0.1250000000001646
0.4999999999992447 0.1562499999998068 0.1562500000000823
0.4374999999993582 0.1249999999997919 0.1875
0.4999999999992447 0.09374999999980685 0.1562500000000823
0.5624999999991313 0.09374999999965855 0.0937500000000823
0.5624999999991313 0.1562499999996586 0.0937500000000823
0.5624999999991313 0.1249999999994953 0.0625
0.5624999999991313 0.1249999999998218 0.1250000000001646
0.4999999999992447 0.2187499999999851 0.1562500000001783
0.5624999999991313 0.2187499999998367 0.0937500000001783
0.4374999999993582 0.1874999999999701 0.187500000000096
0.4374999999993582 0.1562499999998068 0.1562500000000137
0.4374999999993582 0.2187499999999851 0.1562500000001097
0.4999999999992447 0.2187499999998367 0.0937500000001097
0.4374999999993582 0.2187499999998367 0.09375000000004109
0.4374999999993582 0.1874999999998218 0.1250000000000274
0.4999999999992447 0.1562499999996586 0.0937500000000137
0.5624999999991313 0.1874999999996735 0.06250000000009601
0.5624999999991313 0.1562499999995103 0.0312500000000137
0.4999999999992447 0.1874999999998218 0.125000000000096
0.7187499999997544 0.1562499999998367 0.0625
0.7187499999997544 0.09374999999983674 0.125
0.6874999999995088 0.1249999999996735 0.0625
0.7187499999997544 0.1562499999998367 0.125
0.4687499999988884 0.03124999999998505 0.0625
0.4374999999990828 0.03124999999998505 0.0937500000000137
0.4999999999989694 0.03124999999998505 0.0937500000000823
0.4062499999992772 0.09374999999995515 0.1875
0.4062499999992772 0.0624999999999701 0.1562500000000137
0.4687499999991638 0.0624999999999701 0.1562500000000823
0.4374999999993582 0.0624999999999701 0.187500000000096
0.4062499999992772 0.03124999999998505 0.1250000000000274
0.4374999999993582 0.03124999999998505 0.1562500000001097
0.5312499999990503 0.03124999999998505 0.1250000000001646
0.4999999999992447 0.03124999999998505 0.1562500000001783
0.4687499999991638 0.03124999999998505 0.125000000000096
0.4374999999993582 0.1562499999998068 0.0312500000000137
0.4062499999992772 0.1249999999999701 0.0312500000000137
0.4999999999992447 0.1562499999996586 0.0312500000000137
0.5312499999990503 0.1249999999996735 0.0312500000000137
0.4374999999993582 0.1874999999998218 0.06250000000002739
0.4062499999992772 0.1562499999999851 0.06250000000002739
0.4062499999992772 0.1875 0.09375000000004109
0.4687499999991638 0.1562499999998367 0.06250000000002739
0.4999999999989694 0.09374999999983674 0.0312500000000137
0.4374999999990828 0.09374999999998505 0.0312500000000137
0.4687499999988884 0.0625 0.0312500000000137
0.4687499999991638 0.1249999999998218 0.0312500000000137
0.6562499999990987 0.0624999999996735 0.0312500000000823
0.6874999999993443 0.0624999999996735 0.0625
0.7187499999995899 0.03124999999983675 0.125
0.6562499999990987 0.03124999999983675 0.0625000000001646
0.7187499999994253 0.03124999999983675 0.0625
0.6874999999991798 0.03124999999983675 0.0312500000000823
0.6874999999993443 0.03124999999983675 0.0937500000000823
0.4062499999992772 0.1562499999999851 0.1250000000000274
0.4062499999992772 0.09374999999995515 0.0625
0.4374999999990828 0.09374999999998505 0.0937500000000137
0.4374999999990828 0.0624999999999701 0.0625
0.4062499999992772 0.09374999999995515 0.125
0.4062499999992772 0.1249999999999701 0.1562500000000137
0.4062499999992772 0.1249999999999701 0.0937500000000137
0.4062499999992772 0.0624999999999701 0.0312500000000137
0.4374999999990828 0.03124999999998505 0.0312500000000137
0.4062499999992772 0.03124999999998505 0.06250000000002739
0.4062499999992772 0.0624999999999701 0.0937500000000137
0.7187499999995899 0.09374999999983674 0.0625
0.2187499999997209 0.03124999999998505 0.1875
0.3437499999996037 0.03124999999998505 0.1875000000000274
0.2812499999996623 0.0624999999999701 0.21875
0.3437499999996037 0.0624999999999701 0.2187500000000137
0.3124999999997358 0.03124999999998505 0.2187500000000137
0.2499999999997944 0.03124999999998505 0.21875
0.2812499999996623 0.03124999999998505 0.1875000000000137
0.2187499999997209 0.2187499999999851 0.1875
0.3437499999996037 0.2187499999999851 0.1875000000000274
0.2499999999997944 0.2187499999999851 0.21875
0.3124999999997358 0.2187499999999851 0.2187500000000137
0.3437499999996037 0.1874999999999701 0.2187500000000137
0.2812499999996623 0.1874999999999701 0.21875
0.2812499999996623 0.2187499999999851 0.1875000000000137
0.1562499999997795 0.0312500000000735 0.1875
0.1562499999997795 0.06250000000014699 0.21875
0.187499999999853 0.0312500000000735 0.21875
0.2187499999997209 0.06250000000005855 0.21875
0.3437499999996037 0.1874999999999701 0.0312500000000137
0.2812499999996623 0.1874999999999701 0.03125
0.2187499999997209 0.2187499999999851 0.0625
0.3437499999996037 0.2187499999999851 0.06250000000002739
0.2499999999997944 0.2187499999999851 0.03125
0.3124999999997358 0.2187499999999851 0.0312500000000137
0.2812499999996623 0.2187499999999851 0.0625000000000137
0.187499999999853 0.2187500000000735 0.21875
0.1562499999997795 0.2187500000000735 0.1875
0.1562499999997795 0.187500000000147 0.21875
0.2187499999997209 0.1875000000000586 0.21875
0.1562499999997795 0.187500000000147 0.03125
0.1562499999997795 0.2187500000000735 0.0625
0.187499999999853 0.2187500000000735 0.03125
0.2187499999997209 0.1875000000000586 0.03125
0.5937499999989369 0.03124999999983675 0.0625000000001646
0.5624999999988559 0.03124999999983675 0.0312500000000823
0.4999999999989694 0.0624999999998218 0.0625
0.4687499999991638 0.09374999999980685 0.125
0.5937499999989369 0.0624999999996735 0.0312500000000823
0.5312499999990503 0.09374999999965855 0.0625
0.5312499999990503 0.0624999999998218 0.0937500000000823
0.4687499999991638 0.1249999999998218 0.0937500000000137
0.5624999999995088 0.03124999999983675 0.2187500000000823
0.4999999999996223 0.03124999999998505 0.2187500000000823
0.4687499999994903 0.0624999999999701 0.2187500000000823
0.5937499999992633 0.0624999999996735 0.2187500000000823
0.5312499999993767 0.03124999999998505 0.1875000000001646
0.5937499999992633 0.03124999999983675 0.1875000000001646
0.5312499999993767 0.0624999999998218 0.2187500000000823
0.5937499999992633 0.1874999999996735 0.2187500000000823
0.4687499999994903 0.1874999999999701 0.2187500000000823
0.5624999999995088 0.2187499999998367 0.2187500000000823
0.4999999999996223 0.2187499999999851 0.2187500000000823
0.5312499999993767 0.2187499999999851 0.1875000000001646
0.5937499999992633 0.2187499999998367 0.1875000000001646
0.5312499999993767 0.1874999999998218 0.2187500000000823
0.4999999999996223 0.2187499999998367 0.0312500000000137
0.5624999999995088 0.2187499999998367 0.0312500000000823
0.5937499999992633 0.2187499999998367 0.0625000000001646
0.4687499999994903 0.2187499999998367 0.06250000000002739
0.5937499999992633 0.1874999999996735 0.0312500000000823
0.5312499999993767 0.1874999999996735 0.0312500000000137
0.5312499999993768 0.2187499999998367 0.06250000000009601
0.4374999999997358 0.2187499999999851 0.2187500000000137
0.4062499999996037 0.1874999999999701 0.2187500000000137
0.4062499999996037 0.2187499999999851 0.1875000000000274
0.4687499999994903 0.2187499999999851 0.187500000000096
0.4374999999997358 0.03124999999998505 0.2187500000000137
0.4062499999996037 0.03124999999998505 0.1875000000000274
0.4062499999996037 0.0624999999999701 0.2187500000000137
0.4687499999994903 0.03124999999998505 0.187500000000096
0.4062499999996037 0.1874999999999701 0.0312500000000137
0.4374999999997358 0.2187499999999851 0.0312500000000137
0.4062499999996037 0.2187499999999851 0.06250000000002739
0.4687499999994903 0.1874999999998218 0.0312500000000137
0.9062499999998765 0.21875 0.125
0.9062499999998765 0.15625 0.125
0.9062499999998354 0.1875 0.15625
0.9062499999997943 0.15625 0.1875
0.9062499999997943 0.09375 0.1875
0.9062499999997531 0.125 0.21875
0.9062499999998765 0.09375 0.125
0.9062499999998765 0.03125 0.125
0.9062499999998354 0.0625 0.15625
0.9374999999998765 0.15625 0.15625
0.9374999999998765 0.09375 0.15625
0.9374999999999176 0.125 0.125
0.9687499999999588 0.15625 0.125
0.9687499999999588 0.09375 0.125
0.9687499999999177 0.125 0.15625
0.9062499999998355 0.125 0.15625
0.9062499999998354 0.1875 0.09375
0.9062499999998354 0.0625 0.09375
0.9062499999997943 0.15625 0.0625
0.9062499999997531 0.125 0.03125
0.9062499999997943 0.09375 0.0625
0.9374999999998765 0.09375 0.09375
0.9374999999998765 0.15625 0.09375
0.9687499999999177 0.125 0.09375
0.9062499999998354 0.125 0.09375
0.9062499999997943 0.0625 0.03125
0.9062499999998354 0.03125 0.0625
0.9374999999998765 0.03125 0.03125
0.874999999999712 0.03125 0.03125
0.9687499999999588 0.21875 0.1875
0.9374999999999176 0.21875 0.15625
0.9374999999999176 0.21875 0.09375
0.9687499999999588 0.21875 0.0625
0.9687499999999588 0.1875 0.15625
0.9687499999999588 0.1875 0.09375
0.9687499999999588 0.21875 0.125
0.9687499999999177 0.0625 0.21875
0.9374999999998355 0.09375 0.21875
0.9374999999998355 0.15625 0.21875
0.9687499999999177 0.1875 0.21875
0.9687499999999177 0.09375 0.1875
0.9687499999999177 0.15625 0.1875
0.9687499999999177 0.125 0.21875
0.9062499999997943 0.1875 0.21875
0.9374999999998765 0.21875 0.21875
0.9062499999998354 0.21875 0.1875
0.8749999999998765 0.21875 0.21875
0.9374999999998765 0.21875 0.03125
0.9062499999998354 0.21875 0.0625
0.9062499999997943 0.1875 0.03125
0.8749999999998765 0.21875 0.03125
0.9374999999998765 0.03125 0.21875
0.9062499999998354 0.03125 0.1875
0.9062499999997943 0.0625 0.21875
0.8749999999998765 0.03125 0.21875
0.9687499999999177 0.15625 0.0625
0.9687499999999177 0.09375 0.0625
0.9374999999998355 0.15625 0.03125
0.9374999999998355 0.09375 0.03125
0.9687499999999177 0.1875 0.03125
0.9687499999999177 0.0625 0.03125
0.9687499999999177 0.125 0.03125
0.9687499999999588 0.0625 0.15625
0.9687499999999588 0.0625 0.09375
0.9687499999999588 0.03125 0.1875
0.9374999999999176 0.03125 0.15625
0.9374999999999176 0.03125 0.09375
0.9687499999999588 0.03125 0.0625
0.9687499999999588 0.03125 0.125
0.9374999999998765 0.1875 0.1875
0.9374999999998765 0.1875 0.0625
0.9374999999998765 0.0625 0.1875
0.9374999999998765 0.0625 0.0625
0.0937499999997795 0.03125 0.125
0.0937499999997795 0.0625000000000735 0.09375
0.0937499999997795 0.0625000000000735 0.15625
0.0937499999997795 0.09375000000014699 0.1875
0.0937499999997795 0.1250000000002205 0.15625
0.0937499999997795 0.1250000000002205 0.21875
0.0937499999997795 0.09375000000014699 0.0625
0.0937499999997795 0.1250000000002205 0.03125
0.0937499999997795 0.1250000000002205 0.09375
0.062499999999853 0.0937500000000735 0.15625
0.062499999999853 0.125000000000147 0.125
0.062499999999853 0.0937500000000735 0.09375
0.0312499999999265 0.09375 0.125
0.0312499999999265 0.1250000000000735 0.09375
0.0312499999999265 0.1250000000000735 0.15625
0.0937499999997795 0.09375000000014699 0.125
0.0937499999997795 0.156250000000147 0.1875
0.0937499999997795 0.1875000000000735 0.15625
0.0937499999997795 0.1875000000000735 0.09375
0.0937499999997795 0.21875 0.125
0.0937499999997795 0.156250000000147 0.0625
0.062499999999853 0.1562500000000735 0.15625
0.062499999999853 0.1562500000000735 0.09375
0.0312499999999265 0.15625 0.125
0.0937499999997795 0.156250000000147 0.125
0.0312499999999265 0.0625000000000735 0.03125
0.062499999999853 0.09375000000014699 0.03125
0.062499999999853 0.156250000000147 0.03125
0.0312499999999265 0.1875000000000735 0.03125
0.0312499999999265 0.0937500000000735 0.0625
0.0312499999999265 0.1562500000000735 0.0625
0.0312499999999265 0.1250000000000735 0.03125
0.0312499999999265 0.03125 0.0625
0.0312499999999265 0.03125 0.1875
0.062499999999853 0.03125 0.09375
0.062499999999853 0.03125 0.15625
0.0312499999999265 0.0625 0.15625
0.0312499999999265 0.0625 0.09375
0.0312499999999265 0.03125 0.125
0.0312499999999265 0.21875 0.0625
0.062499999999853 0.21875 0.09375
0.062499999999853 0.21875 0.15625
0.0312499999999265 0.21875 0.1875
0.0312499999999265 0.1875 0.09375
0.0312499999999265 0.1875 0.15625
0.0312499999999265 0.21875 0.125
0.0312499999999265 0.1875000000000735 0.21875
0.062499999999853 0.156250000000147 0.21875
0.062499999999853 0.09375000000014699 0.21875
0.0312499999999265 0.0625000000000735 0.21875
0.0312499999999265 0.1562500000000735 0.1875
0.0312499999999265 0.0937500000000735 0.1875
0.0312499999999265 0.1250000000000735 0.21875
0.6249999999990178 0.03124999999983675 0.0312500000000823
0.6249999999995088 0.2187499999998367 0.2187500000000823
0.6249999999995088 0.03124999999983675 0.2187500000000823
0.6249999999995088 0.2187499999998367 0.0312500000000823
0.0937499999997795 0.187500000000147 0.03125
0.062499999999853 0.2187500000000735 0.03125
0.0937499999997795 0.2187500000000735 0.0625
0.124999999999853 0.2187500000000735 0.03125
0.062499999999853 0.2187500000000735 0.21875
0.0937499999997795 0.2187500000000735 0.1875
0.0937499999997795 0.187500000000147 0.21875
0.124999999999853 0.2187500000000735 0.21875
0.3749999999997358 0.03124999999998505 0.2187500000000137
0.0937499999997795 0.06250000000014699 0.21875
0.062499999999853 0.0312500000000735 0.21875
0.0937499999997795 0.0312500000000735 0.1875
0.124999999999853 0.0312500000000735 0.21875
0.3749999999997358 0.2187499999999851 0.2187500000000137
0.3749999999997358 0.2187499999999851 0.0312500000000137
0.062499999999853 0.0312500000000735 0.03125
0.0937499999997795 0.06250000000014699 0.03125
0.0937499999997795 0.0312500000000735 0.0625
0.124999999999706 0.0312500000000735 0.03125
0.3749999999992623 0.03124999999998505 0.0312500000000137
0.062499999999853 0.0625000000000735 0.0625
0.062499999999853 0.0625000000000735 0.1875
0.062499999999853 0.1875000000000735 0.0625
0.062499999999853 0.1875000000000735 0.1875

CELLS 6568 31472
1 0
1 1
1 2
1 3
1 4
1 5
1 6
1 7
2 0 77
2 77 83
2 83 76
2 76 86
2 86 75
2 75 71
2 71 74
2 74 52
2 52 73
2 73 81
2 81 72
2 72 51
2 51 40
2 40 80
2 80 28
2 28 1
2 1 27
2 27 79
2 79 26
2 26 2
2 2 25
2 25 78
2 78 24
2 24 61
2 61 23
2 23 62
2 62 22
2 22 91
2 91 21
2 21 70
2 70 20
2 20 90
2 90 8
2 8 69
2 69 18
2 18 3
2 3 17
2 17 68
2 68 16
2 16 0
2 4 15
2 15 67
2 67 14
2 14 89
2 89 13
2 13 66
2 66 12
2 12 88
2 88 11
2 11 65
2 65 10
2 10 87
2 87 9
2 9 64
2 64 19
2 19 5
2 5 49
2 49 63
2 63 48
2 48 6
2 6 47
2 47 82
2 82 46
2 46 53
2 53 45
2 45 50
2 50 44
2 44 85
2 85 43
2 43 60
2 60 42
2 42 84
2 84 41
2 41 59
2 59 29
2 29 7
2 7 39
2 39 58
2 58 38
2 38 4
2 0 37
2 37 57
2 57 36
2 36 4
2 1 35
2 35 56
2 56 34
2 34 5
2 2 33
2 33 55
2 55 32
2 32 6
2 3 31
2 31 54
2 54 30
2 30 7
3 3 17 195
3 17 194 195
3 17 68 194
3 195 194 111
3 68 196 194
3 196 197 194
3 196 110 197
3 194 197 111
3 68 16 196
3 16 198 196
3 16 0 198
3 196 198 110
3 111 197 200
3 197 199 200
3 197 110 199
3 200 199 92
3 0 37 198
3 37 201 198
3 37 57 201
3 198 201 110
3 57 202 201
3 202 203 201
3 202 112 203
3 201 203 110
3 57 36 202
3 36 204 202
3 36 4 204
3 202 204 112
3 110 203 199
3 203 205 199
3 203 112 205
3 199 205 92
3 7 30 207
3 30 206 207
3 30 54 206
3 207 206 113
3 54 208 206
3 208 209 206
3 208 111 209
3 206 209 113
3 54 31 208
3 31 195 208
3 31 3 195
3 208 195 111
3 113 209 210
3 209 200 210
3 209 111 200
3 210 200 92
3 4 38 204
3 38 211 204
3 38 58 211
3 204 211 112
3 58 212 211
3 212 213 211
3 212 113 213
3 211 213 112
3 58 39 212
3 39 207 212
3 39 7 207
3 212 207 113
3 112 213 205
3 213 210 205
3 213 113 210
3 205 210 92
3 2 26 215
3 26 214 215
3 26 79 214
3 215 214 115
3 79 216 214
3 216 217 214
3 216 114 217
3 214 217 115
3 79 27 216
3 27 218 216
3 27 1 218
3 216 218 114
3 115 217 220
3 217 219 220
3 217 114 219
3 220 219 93
3 1 35 218
3 35 221 218
3 35 56 221
3 218 221 114
3 56 222 221
3 222 223 221
3 222 116 223
3 221 223 114
3 56 34 222
3 34 224 222
3 34 5 224
3 222 224 116
3 114 223 219
3 223 225 219
3 223 116 225
3 219 225 93
3 6 32 227
3 32 226 227
3 32 55 226
3 227 226 117
3 55 228 226
3 228 229 226
3 228 115 229
3 226 229 117
3 55 33 228
3 33 215 228
3 33 2 215
3 228 215 115
3 117 229 230
3 229 220 230
3 229 115 220
3 230 220 93
3 5 49 224
3 49 231 224
3 49 63 231
3 224 231 116
3 63 232 231
3 232 233 231
3 232 117 233
3 231 233 116
3 63 48 232
3 48 227 232
3 48 6 227
3 232 227 117
3 116 233 225
3 233 230 225
3 233 117 230
3 225 230 93
3 4 36 235
3 36 234 235
3 36 57 234
3 235 234 119
3 57 236 234
3 236 237 234
3 236 118 237
3 234 237 119
3 57 37 236
3 37 238 236
3 37 0 238
3 236 238 118
3 119 237 240
3 237 239 240
3 237 118 239
3 240 239 96
3 0 77 238
3 77 241 238
3 77 83 241
3 238 241 118
3 83 242 241
3 242 243 241
3 242 120 243
3 241 243 118
3 83 76 242
3 76 244 242
3 76 86 244
3 242 244 120
3 118 243 239
3 243 245 239
3 243 120 245
3 239 245 96
3 1 35 247
3 35 246 247
3 35 56 246
3 247 246 122
3 56 248 246
3 248 249 246
3 248 121 249
3 246 249 122
3 56 34 248
3 34 250 248
3 34 5 250
3 248 250 121
3 122 249 252
3 249 251 252
3 249 121 251
3 252 251 97
3 51 40 254
3 40 253 254
3 40 80 253
3 254 253 123
3 80 255 253
3 255 256 253
3 255 122 256
3 253 256 123
3 80 28 255
3 28 247 255
3 28 1 247
3 255 247 122
3 123 256 257
3 256 252 257
3 256 122 252
3 257 252 97
3 89 14 259
3 14 258 259
3 14 67 258
3 259 258 124
3 67 260 258
3 260 261 258
3 260 119 261
3 258 261 124
3 67 15 260
3 15 235 260
3 15 4 235
3 260 235 119
3 124 261 262
3 261 240 262
3 261 119 240
3 262 240 96
3 5 19 250
3 19 263 250
3 19 64 263
3 250 263 121
3 64 264 263
3 264 265 263
3 264 125 265
3 263 265 121
3 64 9 264
3 9 266 264
3 9 87 266
3 264 266 125
3 121 265 251
3 265 267 251
3 265 125 267
3 251 267 97
3 86 75 269
3 75 268 269
3 75 71 268
3 269 268 127
3 71 270 268
3 270 271 268
3 270 126 271
3 268 271 127
3 71 74 270
3 74 272 270
3 74 52 272
3 270 272 126
3 127 271 274
3 271 273 274
3 271 126 273
3 274 273 95
3 86 269 244
3 269 275 244
3 269 127 275
3 244 275 120
3 127 276 275
3 276 277 275
3 276 128 277
3 275 277 120
3 127 274 276
3 274 278 276
3 274 95 278
3 276 278 128
3 120 277 245
3 277 279 245
3 277 128 279
3 245 279 96
3 52 73 281
3 73 280 281
3 73 81 280
3 281 280 130
3 81 282 280
3 282 283 280
3 282 129 283
3 280 283 130
3 81 72 282
3 72 284 282
3 72 51 284
3 282 284 129
3 130 283 286
3 283 285 286
3 283 129 285
3 286 285 94
3 52 281 272
3 281 287 272
3 281 130 287
3 272 287 126
3 130 288 287
3 288 289 287
3 288 131 289
3 287 289 126
3 130 286 288
3 286 290 288
3 286 94 290
3 288 290 131
3 126 289 273
3 289 291 273
3 289 131 291
3 273 291 95
3 51 292 284
3 292 293 284
3 292 132 293
3 284 293 129
3 132 294 293
3 294 295 293
3 294 133 295
3 293 295 129
3 132 296 294
3 296 297 294
3 296 87 297
3 294 297 133
3 129 295 285
3 295 298 285
3 295 133 298
3 285 298 94
3 87 296 266
3 296 299 266
3 296 132 299
3 266 299 125
3 132 300 299
3 300 301 299
3 300 123 301
3 299 301 125
3 132 292 300
3 292 254 300
3 292 51 254
3 300 254 123
3 125 301 267
3 301 257 267
3 301 123 257
3 267 257 97
3 88 12 303
3 12 302 303
3 12 66 302
3 303 302 135
3 66 304 302
3 304 305 302
3 304 134 305
3 302 305 135
3 66 13 304
3 13 306 304
3 13 89 306
3 304 306 134
3 135 305 308
3 305 307 308
3 305 134 307
3 308 307 95
3 95 307 278
3 307 309 278
3 307 134 309
3 278 309 128
3 134 310 309
3 310 311 309
3 310 124 311
3 309 311 128
3 134 306 310
3 306 259 310
3 306 89 259
3 310 259 124
3 128 311 279
3 311 262 279
3 311 124 262
3 279 262 96
3 87 10 297
3 10 312 297
3 10 65 312
3 297 312 133
3 65 313 312
3 313 314 312
3 313 136 314
3 312 314 133
3 65 11 313
3 11 315 313
3 11 88 315
3 313 315 136
3 133 314 298
3 314 316 298
3 314 136 316
3 298 316 94
3 94 316 290
3 316 317 290
3 316 136 317
3 290 317 131
3 136 318 317
3 318 319 317
3 318 135 319
3 317 319 131
3 136 315 318
3 315 303 318
3 315 88 303
3 318 303 135
3 131 319 291
3 319 308 291
3 319 135 308
3 291 308 95
3 2 33 321
3 33 320 321
3 33 55 320
3 321 320 138
3 55 322 320
3 322 323 320
3 322 137 323
3 320 323 138
3 55 32 322
3 32 324 322
3 32 6 324
3 322 324 137
3 138 323 326
3 323 325 326
3 323 137 325
3 326 325 101
3 61 24 328
3 24 327 328
3 24 78 327
3 328 327 139
3 78 329 327
3 329 330 327
3 329 138 330
3 327 330 139
3 78 25 329
3 25 321 329
3 25 2 321
3 329 321 138
3 139 330 331
3 330 326 331
3 330 138 326
3 331 326 101
3 7 30 333
3 30 332 333
3 30 54 332
3 333 332 141
3 54 334 332
3 334 335 332
3 334 140 335
3 332 335 141
3 54 31 334
3 31 336 334
3 31 3 336
3 334 336 140
3 141 335 338
3 335 337 338
3 335 140 337
3 338 337 100
3 3 18 336
3 18 339 336
3 18 69 339
3 336 339 140
3 69 340 339
3 340 341 339
3 340 142 341
3 339 341 140
3 69 8 340
3 8 342 340
3 8 90 342
3 340 342 142
3 140 341 337
3 341 343 337
3 341 142 343
3 337 343 100
3 6 47 324
3 47 344 324
3 47 82 344
3 324 344 137
3 82 345 344
3 345 346 344
3 345 143 346
3 344 346 137
3 82 46 345
3 46 347 345
3 46 53 347
3 345 347 143
3 137 346 325
3 346 348 325
3 346 143 348
3 325 348 101
3 84 41 350
3 41 349 350
3 41 59 349
3 350 349 144
3 59 351 349
3 351 352 349
3 351 141 352
3 349 352 144
3 59 29 351
3 29 333 351
3 29 7 333
3 351 333 141
3 144 352 353
3 352 338 353
3 352 141 338
3 353 338 100
3 91 22 355
3 22 354 355
3 22 62 354
3 355 354 146
3 62 356 354
3 356 357 354
3 356 145 357
3 354 357 146
3 62 23 356
3 23 358 356
3 23 61 358
3 356 358 145
3 146 357 360
3 357 359 360
3 357 145 359
3 360 359 98
3 61 361 358
3 361 362 358
3 361 147 362
3 358 362 145
3 147 363 362
3 363 364 362
3 363 148 364
3 362 364 145
3 147 365 363
3 365 366 363
3 365 53 366
3 363 366 148
3 145 364 359
3 364 367 359
3 364 148 367
3 359 367 98
3 53 365 347
3 365 368 347
3 365 147 368
3 347 368 143
3 147 369 368
3 369 370 368
3 369 139 370
3 368 370 143
3 147 361 369
3 361 328 369
3 361 61 328
3 369 328 139
3 143 370 348
3 370 331 348
3 370 139 331
3 348 331 101
3 90 20 372
3 20 371 372
3 20 70 371
3 372 371 150
3 70 373 371
3 373 374 371
3 373 149 374
3 371 374 150
3 70 21 373
3 21 375 373
3 21 91 375
3 373 375 149
3 150 374 377
3 374 376 377
3 374 149 376
3 377 376 99
3 91 355 375
3 355 378 375
3 355 146 378
3 375 378 149
3 146 379 378
3 379 380 378
3 379 151 380
3 378 380 149
3 146 360 379
3 360 381 379
3 360 98 381
3 379 381 151
3 149 380 376
3 380 382 376
3 380 151 382
3 376 382 99
3 90 372 342
3 372 383 342
3 372 150 383
3 342 383 142
3 150 384 383
3 384 385 383
3 384 152 385
3 383 385 142
3 150 377 384
3 377 386 384
3 377 99 386
3 384 386 152
3 142 385 343
3 385 387 343
3 385 152 387
3 343 387 100
3 53 45 366
3 45 388 366
3 45 50 388
3 366 388 148
3 50 389 388
3 389 390 388
3 389 153 390
3 388 390 148
3 50 44 389
3 44 391 389
3 44 85 391
3 389 391 153
3 148 390 367
3 390 392 367
3 390 153 392
3 367 392 98
3 85 43 394
3 43 393 394
3 43 60 393
3 394 393 155
3 60 395 393
3 395 396 393
3 395 154 396
3 393 396 155
3 60 42 395
3 42 397 395
3 42 84 397
3 395 397 154
3 155 396 399
3 396 398 399
3 396 154 398
3 399 398 99
3 98 392 381
3 392 400 381
3 392 153 400
3 381 400 151
3 153 401 400
3 401 402 400
3 401 155 402
3 400 402 151
3 153 391 401
3 391 394 401
3 391 85 394
3 401 394 155
3 151 402 382
3 402 399 382
3 402 155 399
3 382 399 99
3 99 398 386
3 398 403 386
3 398 154 403
3 386 403 152
3 154 404 403
3 404 405 403
3 404 144 405
3 403 405 152
3 154 397 404
3 397 350 404
3 397 84 350
3 404 350 144
3 152 405 387
3 405 353 387
3 405 144 353
3 387 353 100
3 3 406 17
3 406 407 17
3 406 156 407
3 17 407 68
3 156 408 407
3 408 409 407
3 408 157 409
3 407 409 68
3 156 410 408
3 410 411 408
3 410 103 411
3 408 411 157
3 68 409 16
3 409 412 16
3 409 157 412
3 16 412 0
3 0 412 77
3 412 413 77
3 412 157 413
3 77 413 83
3 157 414 413
3 414 415 413
3 414 158 415
3 413 415 83
3 157 411 414
3 411 416 414
3 411 103 416
3 414 416 158
3 83 415 76
3 415 417 76
3 415 158 417
3 76 417 86
3 1 418 27
3 418 419 27
3 418 159 419
3 27 419 79
3 159 420 419
3 420 421 419
3 420 160 421
3 419 421 79
3 159 422 420
3 422 423 420
3 422 104 423
3 420 423 160
3 79 421 26
3 421 424 26
3 421 160 424
3 26 424 2
3 51 425 40
3 425 426 40
3 425 161 426
3 40 426 80
3 161 427 426
3 427 428 426
3 427 159 428
3 426 428 80
3 161 429 427
3 429 422 427
3 429 104 422
3 427 422 159
3 80 428 28
3 428 418 28
3 428 159 418
3 28 418 1
3 2 424 25
3 424 430 25
3 424 160 430
3 25 430 78
3 160 431 430
3 431 432 430
3 431 162 432
3 430 432 78
3 160 423 431
3 423 433 431
3 423 104 433
3 431 433 162
3 78 432 24
3 432 434 24
3 432 162 434
3 24 434 61
3 90 435 8
3 435 436 8
3 435 163 436
3 8 436 69
3 163 437 436
3 437 438 436
3 437 156 438
3 436 438 69
3 163 439 437
3 439 410 437
3 439 103 410
3 437 410 156
3 69 438 18
3 438 406 18
3 438 156 406
3 18 406 3
3 86 440 75
3 440 441 75
3 440 164 441
3 75 441 71
3 164 442 441
3 442 443 441
3 442 165 443
3 441 443 71
3 164 444 442
3 444 445 442
3 444 102 445
3 442 445 165
3 71 443 74
3 443 446 74
3 443 165 446
3 74 446 52
3 86 417 440
3 417 447 440
3 417 158 447
3 440 447 164
3 158 448 447
3 448 449 447
3 448 166 449
3 447 449 164
3 158 416 448
3 416 450 448
3 416 103 450
3 448 450 166
3 164 449 444
3 449 451 444
3 449 166 451
3 444 451 102
3 52 452 73
3 452 453 73
3 452 167 453
3 73 453 81
3 167 454 453
3 454 455 453
3 454 168 455
3 453 455 81
3 167 456 454
3 456 457 454
3 456 105 457
3 454 457 168
3 81 455 72
3 455 458 72
3 455 168 458
3 72 458 51
3 102 459 445
3 459 460 445
3 459 169 460
3 445 460 165
3 169 461 460
3 461 462 460
3 461 167 462
3 460 462 165
3 169 463 461
3 463 456 461
3 463 105 456
3 461 456 167
3 165 462 446
3 462 452 446
3 462 167 452
3 446 452 52
3 61 434 465
3 434 464 465
3 434 162 464
3 465 464 170
3 162 466 464
3 466 467 464
3 466 161 467
3 464 467 170
3 162 433 466
3 433 429 466
3 433 104 429
3 466 429 161
3 170 467 468
3 467 425 468
3 467 161 425
3 468 425 51
3 51 458 468
3 458 469 468
3 458 168 469
3 468 469 170
3 168 470 469
3 470 471 469
3 470 171 471
3 469 471 170
3 168 457 470
3 457 472 470
3 457 105 472
3 470 472 171
3 170 471 465
3 471 473 465
3 471 171 473
3 465 473 61
3 61 473 23
3 473 474 23
3 473 171 474
3 23 474 62
3 171 475 474
3 475 476 474
3 475 172 476
3 474 476 62
3 171 472 475
3 472 477 475
3 472 105 477
3 475 477 172
3 62 476 22
3 476 478 22
3 476 172 478
3 22 478 91
3 91 479 21
3 479 480 21
3 479 173 480
3 21 480 70
3 173 481 480
3 481 482 480
3 481 174 482
3 480 482 70
3 173 483 481
3 483 484 481
3 483 102 484
3 481 484 174
3 70 482 20
3 482 485 20
3 482 174 485
3 20 485 90
3 91 478 479
3 478 486 479
3 478 172 486
3 479 486 173
3 172 487 486
3 487 488 486
3 487 169 488
3 486 488 173
3 172 477 487
3 477 463 487
3 477 105 463
3 487 463 169
3 173 488 483
3 488 459 483
3 488 169 459
3 483 459 102
3 102 451 484
3 451 489 484
3 451 166 489
3 484 489 174
3 166 490 489
3 490 491 489
3 490 163 491
3 489 491 174
3 166 450 490
3 450 439 490
3 450 103 439
3 490 439 163
3 174 491 485
3 491 435 485
3 491 163 435
3 485 435 90
3 7 39 493
3 39 492 493
3 39 58 492
3 493 492 176
3 58 494 492
3 494 495 492
3 494 175 495
3 492 495 176
3 58 38 494
3 38 496 494
3 38 4 496
3 494 496 175
3 176 495 498
3 495 497 498
3 495 175 497
3 498 497 107
3 4 15 496
3 15 499 496
3 15 67 499
3 496 499 175
3 67 500 499
3 500 501 499
3 500 177 501
3 499 501 175
3 67 14 500
3 14 502 500
3 14 89 502
3 500 502 177
3 175 501 497
3 501 503 497
3 501 177 503
3 497 503 107
3 5 49 505
3 49 504 505
3 49 63 504
3 505 504 179
3 63 506 504
3 506 507 504
3 506 178 507
3 504 507 179
3 63 48 506
3 48 508 506
3 48 6 508
3 506 508 178
3 179 507 510
3 507 509 510
3 507 178 509
3 510 509 108
3 87 9 512
3 9 511 512
3 9 64 511
3 512 511 180
3 64 513 511
3 513 514 511
3 513 179 514
3 511 514 180
3 64 19 513
3 19 505 513
3 19 5 505
3 513 505 179
3 180 514 515
3 514 510 515
3 514 179 510
3 515 510 108
3 6 47 508
3 47 516 508
3 47 82 516
3 508 516 178
3 82 517 516
3 517 518 516
3 517 181 518
3 516 518 178
3 82 46 517
3 46 519 517
3 46 53 519
3 517 519 181
3 178 518 509
3 518 520 509
3 518 181 520
3 509 520 108
3 84 41 522
3 41 521 522
3 41 59 521
3 522 521 182
3 59 523 521
3 523 524 521
3 523 176 524
3 521 524 182
3 59 29 523
3 29 493 523
3 29 7 493
3 523 493 176
3 182 524 525
3 524 498 525
3 524 176 498
3 525 498 107
3 89 13 527
3 13 526 527
3 13 66 526
3 527 526 184
3 66 528 526
3 528 529 526
3 528 183 529
3 526 529 184
3 66 12 528
3 12 530 528
3 12 88 530
3 528 530 183
3 184 529 532
3 529 531 532
3 529 183 531
3 532 531 106
3 89 527 502
3 527 533 502
3 527 184 533
3 502 533 177
3 184 534 533
3 534 535 533
3 534 185 535
3 533 535 177
3 184 532 534
3 532 536 534
3 532 106 536
3 534 536 185
3 177 535 503
3 535 537 503
3 535 185 537
3 503 537 107
3 88 11 539
3 11 538 539
3 11 65 538
3 539 538 187
3 65 540 538
3 540 541 538
3 540 186 541
3 538 541 187
3 65 10 540
3 10 542 540
3 10 87 542
3 540 542 186
3 187 541 544
3 541 543 544
3 541 186 543
3 544 543 109
3 106 531 546
3 531 545 546
3 531 183 545
3 546 545 188
3 183 547 545
3 547 548 545
3 547 187 548
3 545 548 188
3 183 530 547
3 530 539 547
3 530 88 539
3 547 539 187
3 188 548 549
3 548 544 549
3 548 187 544
3 549 544 109
3 53 550 519
3 550 551 519
3 550 189 551
3 519 551 181
3 189 552 551
3 552 553 551
3 552 180 553
3 551 553 181
3 189 554 552
3 554 512 552
3 554 87 512
3 552 512 180
3 181 553 520
3 553 515 520
3 553 180 515
3 520 515 108
3 87 554 542
3 554 555 542
3 554 189 555
3 542 555 186
3 189 556 555
3 556 557 555
3 556 190 557
3 555 557 186
3 189 550 556
3 550 558 556
3 550 53 558
3 556 558 190
3 186 557 543
3 557 559 543
3 557 190 559
3 543 559 109
3 53 45 558
3 45 560 558
3 45 50 560
3 558 560 190
3 50 561 560
3 561 562 560
3 561 191 562
3 560 562 190
3 50 44 561
3 44 563 561
3 44 85 563
3 561 563 191
3 190 562 559
3 562 564 559
3 562 191 564
3 559 564 109
3 85 43 566
3 43 565 566
3 43 60 565
3 566 565 193
3 60 567 565
3 567 568 565
3 567 192 568
3 565 568 193
3 60 42 567
3 42 569 567
3 42 84 569
3 567 569 192
3 193 568 571
3 568 570 571
3 568 192 570
3 571 570 106
3 85 566 563
3 566 572 563
3 566 193 572
3 563 572 191
3 193 573 572
3 573 574 572
3 573 188 574
3 572 574 191
3 193 571 573
3 571 546 573
3 571 106 546
3 573 546 188
3 191 574 564
3 574 549 564
3 574 188 549
3 564 549 109
3 106 570 536
3 570 575 536
3 570 192 575
3 536 575 185
3 192 576 575
3 576 577 575
3 576 182 577
3 575 577 185
3 192 569 576
3 569 522 576
3 569 84 522
3 576 522 182
3 185 577 537
3 577 525 537
3 577 182 525
3 537 525 107
4 97 626 267 628
4 626 578 627 630
4 267 627 125 629
4 628 630 629 580
4 626 267 628 630
4 626 630 627 267
4 267 628 630 629
4 267 629 630 627
4 578 631 633 634
4 631 101 632 636
4 633 632 579 635
4 634 636 635 581
4 631 633 634 636
4 631 636 632 633
4 633 634 636 635
4 633 635 636 632
4 125 637 266 639
4 637 579 638 640
4 266 638 87 512
4 639 640 512 180
4 637 266 639 640
4 637 640 638 266
4 266 639 640 512
4 266 512 640 638
4 580 641 643 644
4 641 581 642 645
4 643 642 180 515
4 644 645 515 108
4 641 643 644 645
4 641 645 642 643
4 643 644 645 515
4 643 515 645 642
4 578 627 630 634
4 627 125 629 646
4 630 629 580 641
4 634 646 641 581
4 627 630 634 646
4 627 646 629 630
4 630 634 646 641
4 630 641 646 629
4 578 634 633 627
4 634 581 635 646
4 633 635 579 637
4 627 646 637 125
4 634 633 627 646
4 634 646 635 633
4 633 627 646 637
4 633 637 646 635
4 125 629 646 639
4 629 580 641 643
4 646 641 581 642
4 639 643 642 180
4 629 646 639 643
4 629 643 641 646
4 646 639 643 642
4 646 642 643 641
4 125 639 646 637
4 639 180 642 640
4 646 642 581 635
4 637 640 635 579
4 639 646 637 640
4 639 640 642 646
4 646 637 640 635
4 646 635 640 642
4 101 631 632 647
4 631 578 633 649
4 632 633 579 648
4 647 649 648 582
4 631 632 647 649
4 631 649 633 632
4 632 647 649 648
4 632 648 649 633
4 578 626 627 650
4 626 97 267 652
4 627 267 125 651
4 650 652 651 584
4 626 627 650 652
4 626 652 267 627
4 627 650 652 651
4 627 651 652 267
4 579 637 638 653
4 637 125 266 655
4 638 266 87 654
4 653 655 654 583
4 637 638 653 655
4 637 655 266 638
4 638 653 655 654
4 638 654 655 266
4 582 656 658 659
4 656 584 657 661
4 658 657 583 660
4 659 661 660 104
4 656 658 659 661
4 656 661 657 658
4 658 659 661 660
4 658 660 661 657
4 578 633 649 650
4 633 579 648 662
4 649 648 582 656
4 650 662 656 584
4 633 649 650 662
4 633 662 648 649
4 649 650 662 656
4 649 656 662 648
4 578 650 627 633
4 650 584 651 662
4 627 651 125 637
4 633 662 637 579
4 650 627 633 662
4 650 662 651 627
4 627 633 662 637
4 627 637 662 651
4 579 648 662 653
4 648 582 656 658
4 662 656 584 657
4 653 658 657 583
4 648 662 653 658
4 648 658 656 662
4 662 653 658 657
4 662 657 658 656
4 579 653 662 637
4 653 583 657 655
4 662 657 584 651
4 637 655 651 125
4 653 662 637 655
4 653 655 657 662
4 662 637 655 651
4 662 651 655 657
4 101 632 636 348
4 632 579 635 664
4 636 635 581 663
4 348 664 663 143
4 632 636 348 664
4 632 664 635 636
4 636 348 664 663
4 636 663 664 635
4 579 638 640 665
4 638 87 512 554
4 640 512 180 552
4 665 554 552 189
4 638 640 665 554
4 638 554 512 640
4 640 665 554 552
4 640 552 554 512
4 581 642 645 666
4 642 180 515 553
4 645 515 108 520
4 666 553 520 181
4 642 645 666 553
4 642 553 515 645
4 645 666 553 520
4 645 520 553 515
4 143 667 668 347
4 667 189 551 550
4 668 551 181 519
4 347 550 519 53
4 667 668 347 550
4 667 550 551 668
4 668 347 550 519
4 668 519 550 551
4 579 635 664 665
4 635 581 663 669
4 664 663 143 667
4 665 669 667 189
4 635 664 665 669
4 635 669 663 664
4 664 665 669 667
4 664 667 669 663
4 579 665 640 635
4 665 189 552 669
4 640 552 180 642
4 635 669 642 581
4 665 640 635 669
4 665 669 552 640
4 640 635 669 642
4 640 642 669 552
4 581 663 669 666
4 663 143 667 668
4 669 667 189 551
4 666 668 551 181
4 663 669 666 668
4 663 668 667 669
4 669 666 668 551
4 669 551 668 667
4 581 666 669 642
4 666 181 551 553
4 669 551 189 552
4 642 553 552 180
4 666 669 642 553
4 666 553 551 669
4 669 642 553 552
4 669 552 553 551
4 101 632 348 647
4 632 579 664 648
4 348 664 143 670
4 647 648 670 582
4 632 348 647 648
4 632 648 664 348
4 348 647 648 670
4 348 670 648 664
4 579 638 665 653
4 638 87 554 654
4 665 554 189 671
4 653 654 671 583
4 638 665 653 654
4 638 654 554 665
4 665 653 654 671
4 665 671 654 554
4 143 667 347 672
4 667 189 550 674
4 347 550 53 673
4 672 674 673 585
4 667 347 672 674
4 667 674 550 347
4 347 672 674 673
4 347 673 674 550
4 582 658 676 659
4 658 583 675 660
4 676 675 585 677
4 659 660 677 104
4 658 676 659 660
4 658 660 675 676
4 676 659 660 677
4 676 677 660 675
4 579 664 648 653
4 664 143 670 678
4 648 670 582 658
4 653 678 658 583
4 664 648 653 678
4 664 678 670 648
4 648 653 678 658
4 648 658 678 670
4 579 653 665 664
4 653 583 671 678
4 665 671 189 667
4 664 678 667 143
4 653 665 664 678
4 653 678 671 665
4 665 664 678 667
4 665 667 678 671
4 143 670 678 672
4 670 582 658 676
4 678 658 583 675
4 672 676 675 585
4 670 678 672 676
4 670 676 658 678
4 678 672 676 675
4 678 675 676 658
4 143 672 678 667
4 672 585 675 674
4 678 675 583 671
4 667 674 671 189
4 672 678 667 674
4 672 674 675 678
4 678 667 674 671
4 678 671 674 675
4 61 328 361 434
4 328 139 369 680
4 361 369 147 679
4 434 680 679 162
4 328 361 434 680
4 328 680 369 361
4 361 434 680 679
4 361 679 680 369
4 139 331 370 681
4 331 101 348 647
4 370 348 143 670
4 681 647 670 582
4 331 370 681 647
4 331 647 348 370
4 370 681 647 670
4 370 670 647 348
4 147 368 365 682
4 368 143 347 672
4 365 347 53 673
4 682 672 673 585
4 368 365 682 672
4 368 672 347 365
4 365 682 672 673
4 365 673 672 347
4 162 683 684 433
4 683 582 676 659
4 684 676 585 677
4 433 659 677 104
4 683 684 433 659
4 683 659 676 684
4 684 433 659 677
4 684 677 659 676
4 139 369 680 681
4 369 147 679 685
4 680 679 162 683
4 681 685 683 582
4 369 680 681 685
4 369 685 679 680
4 680 681 685 683
4 680 683 685 679
4 139 681 370 369
4 681 582 670 685
4 370 670 143 368
4 369 685 368 147
4 681 370 369 685
4 681 685 670 370
4 370 369 685 368
4 370 368 685 670
4 147 679 685 682
4 679 162 683 684
4 685 683 582 676
4 682 684 676 585
4 679 685 682 684
4 679 684 683 685
4 685 682 684 676
4 685 676 684 683
4 147 682 685 368
4 682 585 676 672
4 685 676 582 670
4 368 672 670 143
4 682 685 368 672
4 682 672 676 685
4 685 368 672 670
4 685 670 672 676
4 104 661 660 429
4 661 584 657 687
4 660 657 583 686
4 429 687 686 161
4 661 660 429 687
4 661 687 657 660
4 660 429 687 686
4 660 686 687 657
4 584 652 651 688
4 652 97 267 257
4 651 267 125 301
4 688 257 301 123
4 652 651 688 257
4 652 257 267 651
4 651 688 257 301
4 651 301 257 267
4 583 655 654 689
4 655 125 266 299
4 654 266 87 296
4 689 299 296 132
4 655 654 689 299
4 655 299 266 654
4 654 689 299 296
4 654 296 299 266
4 161 690 691 425
4 690 123 300 254
4 691 300 132 292
4 425 254 292 51
4 690 691 425 254
4 690 254 300 691
4 691 425 254 292
4 691 292 254 300
4 584 657 687 688
4 657 583 686 692
4 687 686 161 690
4 688 692 690 123
4 657 687 688 692
4 657 692 686 687
4 687 688 692 690
4 687 690 692 686
4 584 688 651 657
4 688 123 301 692
4 651 301 125 655
4 657 692 655 583
4 688 651 657 692
4 688 692 301 651
4 651 657 692 655
4 651 655 692 301
4 583 686 692 689
4 686 161 690 691
4 692 690 123 300
4 689 691 300 132
4 686 692 689 691
4 686 691 690 692
4 692 689 691 300
4 692 300 691 690
4 583 689 692 655
4 689 132 300 299
4 692 300 123 301
4 655 299 301 125
4 689 692 655 299
4 689 299 300 692
4 692 655 299 301
4 692 301 299 300
4 61 361 694 434
4 361 147 693 679
4 694 693 586 695
4 434 679 695 162
4 361 694 434 679
4 361 679 693 694
4 694 434 679 695
4 694 695 679 693
4 147 365 696 682
4 365 53 550 673
4 696 550 189 674
4 682 673 674 585
4 365 696 682 673
4 365 673 550 696
4 696 682 673 674
4 696 674 673 550
4 586 697 698 699
4 697 189 554 671
4 698 554 87 654
4 699 671 654 583
4 697 698 699 671
4 697 671 554 698
4 698 699 671 654
4 698 654 671 554
4 162 684 700 433
4 684 585 675 677
4 700 675 583 660
4 433 677 660 104
4 684 700 433 677
4 684 677 675 700
4 700 433 677 660
4 700 660 677 675
4 147 693 679 682
4 693 586 695 701
4 679 695 162 684
4 682 701 684 585
4 693 679 682 701
4 693 701 695 679
4 679 682 701 684
4 679 684 701 695
4 147 682 696 693
4 682 585 674 701
4 696 674 189 697
4 693 701 697 586
4 682 696 693 701
4 682 701 674 696
4 696 693 701 697
4 696 697 701 674
4 586 695 701 699
4 695 162 684 700
4 701 684 585 675
4 699 700 675 583
4 695 701 699 700
4 695 700 684 701
4 701 699 700 675
4 701 675 700 684
4 586 699 701 697
4 699 583 675 671
4 701 675 585 674
4 697 671 674 189
4 699 701 697 671
4 699 671 675 701
4 701 697 671 674
4 701 674 671 675
4 51 468 292 425
4 468 170 702 467
4 292 702 132 691
4 425 467 691 161
4 468 292 425 467
4 468 467 702 292
4 292 425 467 691
4 292 691 467 702
4 170 465 703 464
4 465 61 694 434
4 703 694 586 695
4 464 434 695 162
4 465 703 464 434
4 465 434 694 703
4 703 464 434 695
4 703 695 434 694
4 132 704 296 689
4 704 586 698 699
4 296 698 87 654
4 689 699 654 583
4 704 296 689 699
4 704 699 698 296
4 296 689 699 654
4 296 654 699 698
4 161 466 686 429
4 466 162 700 433
4 686 700 583 660
4 429 433 660 104
4 466 686 429 433
4 466 433 700 686
4 686 429 433 660
4 686 660 433 700
4 170 702 467 464
4 702 132 691 705
4 467 691 161 466
4 464 705 466 162
4 702 467 464 705
4 702 705 691 467
4 467 464 705 466
4 467 466 705 691
4 170 464 703 702
4 464 162 695 705
4 703 695 586 704
4 702 705 704 132
4 464 703 702 705
4 464 705 695 703
4 703 702 705 704
4 703 704 705 695
4 132 691 705 689
4 691 161 466 686
4 705 466 162 700
4 689 686 700 583
4 691 705 689 686
4 691 686 466 705
4 705 689 686 700
4 705 700 686 466
4 132 689 705 704
4 689 583 700 699
4 705 700 162 695
4 704 699 695 586
4 689 705 704 699
4 689 699 700 705
4 705 704 699 695
4 705 695 699 700
4 94 706 298 708
4 706 587 707 710
4 298 707 133 709
4 708 710 709 589
4 706 298 708 710
4 706 710 707 298
4 298 708 710 709
4 298 709 710 707
4 587 711 713 714
4 711 98 712 716
4 713 712 588 715
4 714 716 715 591
4 711 713 714 716
4 711 716 712 713
4 713 714 716 715
4 713 715 716 712
4 133 717 297 719
4 717 588 718 721
4 297 718 87 720
4 719 721 720 590
4 717 297 719 721
4 717 721 718 297
4 297 719 721 720
4 297 720 721 718
4 589 722 724 725
4 722 591 723 727
4 724 723 590 726
4 725 727 726 105
4 722 724 725 727
4 722 727 723 724
4 724 725 727 726
4 724 726 727 723
4 587 707 710 714
4 707 133 709 728
4 710 709 589 722
4 714 728 722 591
4 707 710 714 728
4 707 728 709 710
4 710 714 728 722
4 710 722 728 709
4 587 714 713 707
4 714 591 715 728
4 713 715 588 717
4 707 728 717 133
4 714 713 707 728
4 714 728 715 713
4 713 707 728 717
4 713 717 728 715
4 133 709 728 719
4 709 589 722 724
4 728 722 591 723
4 719 724 723 590
4 709 728 719 724
4 709 724 722 728
4 728 719 724 723
4 728 723 724 722
4 133 719 728 717
4 719 590 723 721
4 728 723 591 715
4 717 721 715 588
4 719 728 717 721
4 719 721 723 728
4 728 717 721 715
4 728 715 721 723
4 98 711 712 729
4 711 587 713 731
4 712 713 588 730
4 729 731 730 592
4 711 712 729 731
4 711 731 713 712
4 712 729 731 730
4 712 730 731 713
4 587 706 707 732
4 706 94 298 734
4 707 298 133 733
4 732 734 733 593
4 706 707 732 734
4 706 734 298 707
4 707 732 734 733
4 707 733 734 298
4 588 717 718 735
4 717 133 297 736
4 718 297 87 542
4 735 736 542 186
4 717 718 735 736
4 717 736 297 718
4 718 735 736 542
4 718 542 736 297
4 592 737 739 740
4 737 593 738 741
4 739 738 186 543
4 740 741 543 109
4 737 739 740 741
4 737 741 738 739
4 739 740 741 543
4 739 543 741 738
4 587 713 731 732
4 713 588 730 742
4 731 730 592 737
4 732 742 737 593
4 713 731 732 742
4 713 742 730 731
4 731 732 742 737
4 731 737 742 730
4 587 732 707 713
4 732 593 733 742
4 707 733 133 717
4 713 742 717 588
4 732 707 713 742
4 732 742 733 707
4 707 713 742 717
4 707 717 742 733
4 588 730 742 735
4 730 592 737 739
4 742 737 593 738
4 735 739 738 186
4 730 742 735 739
4 730 739 737 742
4 742 735 739 738
4 742 738 739 737
4 588 735 742 717
4 735 186 738 736
4 742 738 593 733
4 717 736 733 133
4 735 742 717 736
4 735 736 738 742
4 742 717 736 733
4 742 733 736 738
4 103 450 744 416
4 450 166 743 448
4 744 743 595 745
4 416 448 745 158
4 450 744 416 448
4 450 448 743 744
4 744 416 448 745
4 744 745 448 743
4 166 451 747 449
4 451 102 746 444
4 747 746 594 748
4 449 444 748 164
4 451 747 449 444
4 451 444 746 747
4 747 449 444 748
4 747 748 444 746
4 595 749 751 752
4 749 594 750 754
4 751 750 100 753
4 752 754 753 596
4 749 751 752 754
4 749 754 750 751
4 751 752 754 753
4 751 753 754 750
4 158 447 756 417
4 447 164 755 440
4 756 755 596 757
4 417 440 757 86
4 447 756 417 440
4 447 440 755 756
4 756 417 440 757
4 756 757 440 755
4 166 743 448 449
4 743 595 745 758
4 448 745 158 447
4 449 758 447 164
4 743 448 449 758
4 743 758 745 448
4 448 449 758 447
4 448 447 758 745
4 166 449 747 743
4 449 164 748 758
4 747 748 594 749
4 743 758 749 595
4 449 747 743 758
4 449 758 748 747
4 747 743 758 749
4 747 749 758 748
4 595 745 758 752
4 745 158 447 756
4 758 447 164 755
4 752 756 755 596
4 745 758 752 756
4 745 756 447 758
4 758 752 756 755
4 758 755 756 447
4 595 752 758 749
4 752 596 755 754
4 758 755 164 748
4 749 754 748 594
4 752 758 749 754
4 752 754 755 758
4 758 749 754 748
4 758 748 754 755
4 100 751 753 759
4 751 595 752 761
4 753 752 596 760
4 759 761 760 597
4 751 753 759 761
4 751 761 752 753
4 753 759 761 760
4 753 760 761 752
4 595 744 745 762
4 744 103 416 764
4 745 416 158 763
4 762 764 763 599
4 744 745 762 764
4 744 764 416 745
4 745 762 764 763
4 745 763 764 416
4 596 756 757 765
4 756 158 417 767
4 757 417 86 766
4 765 767 766 598
4 756 757 765 767
4 756 767 417 757
4 757 765 767 766
4 757 766 767 417
4 597 768 770 771
4 768 599 769 773
4 770 769 598 772
4 771 773 772 107
4 768 770 771 773
4 768 773 769 770
4 770 771 773 772
4 770 772 773 769
4 595 752 761 762
4 752 596 760 774
4 761 760 597 768
4 762 774 768 599
4 752 761 762 774
4 752 774 760 761
4 761 762 774 768
4 761 768 774 760
4 595 762 745 752
4 762 599 763 774
4 745 763 158 756
4 752 774 756 596
4 762 745 752 774
4 762 774 763 745
4 745 752 774 756
4 745 756 774 763
4 596 760 774 765
4 760 597 768 770
4 774 768 599 769
4 765 770 769 598
4 760 774 765 770
4 760 770 768 774
4 774 765 770 769
4 774 769 770 768
4 596 765 774 756
4 765 598 769 767
4 774 769 599 763
4 756 767 763 158
4 765 774 756 767
4 765 767 769 774
4 774 756 767 763
4 774 763 767 769
4 102 746 444 775
4 746 594 748 777
4 444 748 164 776
4 775 777 776 600
4 746 444 775 777
4 746 777 748 444
4 444 775 777 776
4 444 776 777 748
4 594 750 754 778
4 750 100 753 387
4 754 753 596 779
4 778 387 779 152
4 750 754 778 387
4 750 387 753 754
4 754 778 387 779
4 754 779 387 753
4 164 755 440 780
4 755 596 757 782
4 440 757 86 781
4 780 782 781 601
4 755 440 780 782
4 755 782 757 440
4 440 780 782 781
4 440 781 782 757
4 600 783 785 786
4 783 152 784 386
4 785 784 601 787
4 786 386 787 99
4 783 785 786 386
4 783 386 784 785
4 785 786 386 787
4 785 787 386 784
4 594 748 777 778
4 748 164 776 788
4 777 776 600 783
4 778 788 783 152
4 748 777 778 788
4 748 788 776 777
4 777 778 788 783
4 777 783 788 776
4 594 778 754 748
4 778 152 779 788
4 754 779 596 755
4 748 788 755 164
4 778 754 748 788
4 778 788 779 754
4 754 748 788 755
4 754 755 788 779
4 164 776 788 780
4 776 600 783 785
4 788 783 152 784
4 780 785 784 601
4 776 788 780 785
4 776 785 783 788
4 788 780 785 784
4 788 784 785 783
4 164 780 788 755
4 780 601 784 782
4 788 784 152 779
4 755 782 779 596
4 780 788 755 782
4 780 782 784 788
4 788 755 782 779
4 788 779 782 784
4 96 789 245 791
4 789 602 790 793
4 245 790 120 792
4 791 793 792 604
4 789 245 791 793
4 789 793 790 245
4 245 791 793 792
4 245 792 793 790
4 602 794 796 797
4 794 106 795 536
4 796 795 603 798
4 797 536 798 185
4 794 796 797 536
4 794 536 795 796
4 796 797 536 798
4 796 798 536 795
4 120 799 244 801
4 799 603 800 802
4 244 800 86 766
4 801 802 766 598
4 799 244 801 802
4 799 802 800 244
4 244 801 802 766
4 244 766 802 800
4 604 803 805 806
4 803 185 804 537
4 805 804 598 772
4 806 537 772 107
4 803 805 806 537
4 803 537 804 805
4 805 806 537 772
4 805 772 537 804
4 602 790 793 797
4 790 120 792 807
4 793 792 604 803
4 797 807 803 185
4 790 793 797 807
4 790 807 792 793
4 793 797 807 803
4 793 803 807 792
4 602 797 796 790
4 797 185 798 807
4 796 798 603 799
4 790 807 799 120
4 797 796 790 807
4 797 807 798 796
4 796 790 807 799
4 796 799 807 798
4 120 792 807 801
4 792 604 803 805
4 807 803 185 804
4 801 805 804 598
4 792 807 801 805
4 792 805 803 807
4 807 801 805 804
4 807 804 805 803
4 120 801 807 799
4 801 598 804 802
4 807 804 185 798
4 799 802 798 603
4 801 807 799 802
4 801 802 804 807
4 807 799 802 798
4 807 798 802 804
4 95 278 809 274
4 278 128 808 276
4 809 808 605 810
4 274 276 810 127
4 278 809 274 276
4 278 276 808 809
4 809 274 276 810
4 809 810 276 808
4 128 279 811 277
4 279 96 789 245
4 811 789 602 790
4 277 245 790 120
4 279 811 277 245
4 279 245 789 811
4 811 277 245 790
4 811 790 245 789
4 605 812 813 814
4 812 602 794 796
4 813 794 106 795
4 814 796 795 603
4 812 813 814 796
4 812 796 794 813
4 813 814 796 795
4 813 795 796 794
4 127 275 815 269
4 275 120 799 244
4 815 799 603 800
4 269 244 800 86
4 275 815 269 244
4 275 244 799 815
4 815 269 244 800
4 815 800 244 799
4 128 808 276 277
4 808 605 810 816
4 276 810 127 275
4 277 816 275 120
4 808 276 277 816
4 808 816 810 276
4 276 277 816 275
4 276 275 816 810
4 128 277 811 808
4 277 120 790 816
4 811 790 602 812
4 808 816 812 605
4 277 811 808 816
4 277 816 790 811
4 811 808 816 812
4 811 812 816 790
4 605 810 816 814
4 810 127 275 815
4 816 275 120 799
4 814 815 799 603
4 810 816 814 815
4 810 815 275 816
4 816 814 815 799
4 816 799 815 275
4 605 814 816 812
4 814 603 799 796
4 816 799 120 790
4 812 796 790 602
4 814 816 812 796
4 814 796 799 816
4 816 812 796 790
4 816 790 796 799
4 99 787 786 817
4 787 601 785 819
4 786 785 600 818
4 817 819 818 606
4 787 786 817 819
4 787 819 785 786
4 786 817 819 818
4 786 818 819 785
4 601 781 780 820
4 781 86 440 800
4 780 440 164 821
4 820 800 821 603
4 781 780 820 800
4 781 800 440 780
4 780 820 800 821
4 780 821 800 440
4 600 776 775 822
4 776 164 444 824
4 775 444 102 823
4 822 824 823 607
4 776 775 822 824
4 776 824 444 775
4 775 822 824 823
4 775 823 824 444
4 606 825 827 828
4 825 603 826 795
4 827 826 607 829
4 828 795 829 106
4 825 827 828 795
4 825 795 826 827
4 827 828 795 829
4 827 829 795 826
4 601 785 819 820
4 785 600 818 830
4 819 818 606 825
4 820 830 825 603
4 785 819 820 830
4 785 830 818 819
4 819 820 830 825
4 819 825 830 818
4 601 820 780 785
4 820 603 821 830
4 780 821 164 776
4 785 830 776 600
4 820 780 785 830
4 820 830 821 780
4 780 785 830 776
4 780 776 830 821
4 600 818 830 822
4 818 606 825 827
4 830 825 603 826
4 822 827 826 607
4 818 830 822 827
4 818 827 825 830
4 830 822 827 826
4 830 826 827 825
4 600 822 830 776
4 822 607 826 824
4 830 826 603 821
4 776 824 821 164
4 822 830 776 824
4 822 824 826 830
4 830 776 824 821
4 830 821 824 826
4 106 795 829 813
4 795 603 826 814
4 829 826 607 831
4 813 814 831 605
4 795 829 813 814
4 795 814 826 829
4 829 813 814 831
4 829 831 814 826
4 603 800 821 815
4 800 86 440 269
4 821 440 164 832
4 815 269 832 127
4 800 821 815 269
4 800 269 440 821
4 821 815 269 832
4 821 832 269 440
4 607 824 823 833
4 824 164 444 835
4 823 444 102 834
4 833 835 834 608
4 824 823 833 835
4 824 835 444 823
4 823 833 835 834
4 823 834 835 444
4 605 810 837 809
4 810 127 836 274
4 837 836 608 838
4 809 274 838 95
4 810 837 809 274
4 810 274 836 837
4 837 809 274 838
4 837 838 274 836
4 603 826 814 815
4 826 607 831 839
4 814 831 605 810
4 815 839 810 127
4 826 814 815 839
4 826 839 831 814
4 814 815 839 810
4 814 810 839 831
4 603 815 821 826
4 815 127 832 839
4 821 832 164 824
4 826 839 824 607
4 815 821 826 839
4 815 839 832 821
4 821 826 839 824
4 821 824 839 832
4 607 831 839 833
4 831 605 810 837
4 839 810 127 836
4 833 837 836 608
4 831 839 833 837
4 831 837 810 839
4 839 833 837 836
4 839 836 837 810
4 607 833 839 824
4 833 608 836 835
4 839 836 127 832
4 824 835 832 164
4 833 839 824 835
4 833 835 836 839
4 839 824 835 832
4 839 832 835 836
4 107 773 772 806
4 773 599 769 840
4 772 769 598 805
4 806 840 805 604
4 773 772 806 840
4 773 840 769 772
4 772 806 840 805
4 772 805 840 769
4 599 764 763 841
4 764 103 416 843
4 763 416 158 842
4 841 843 842 609
4 764 763 841 843
4 764 843 416 763
4 763 841 843 842
4 763 842 843 416
4 598 767 766 801
4 767 158 417 844
4 766 417 86 244
4 801 844 244 120
4 767 766 801 844
4 767 844 417 766
4 766 801 844 244
4 766 244 844 417
4 604 845 792 791
4 845 609 846 847
4 792 846 120 245
4 791 847 245 96
4 845 792 791 847
4 845 847 846 792
4 792 791 847 245
4 792 245 847 846
4 599 769 840 841
4 769 598 805 848
4 840 805 604 845
4 841 848 845 609
4 769 840 841 848
4 769 848 805 840
4 840 841 848 845
4 840 845 848 805
4 599 841 763 769
4 841 609 842 848
4 763 842 158 767
4 769 848 767 598
4 841 763 769 848
4 841 848 842 763
4 763 769 848 767
4 763 767 848 842
4 598 805 848 801
4 805 604 845 792
4 848 845 609 846
4 801 792 846 120
4 805 848 801 792
4 805 792 845 848
4 848 801 792 846
4 848 846 792 845
4 598 801 848 767
4 801 120 846 844
4 848 846 609 842
4 767 844 842 158
4 801 848 767 844
4 801 844 846 848
4 848 767 844 842
4 848 842 844 846
4 99 386 787 817
4 386 152 784 849
4 787 784 601 819
4 817 849 819 606
4 386 787 817 849
4 386 849 784 787
4 787 817 849 819
4 787 819 849 784
4 152 387 779 850
4 387 100 753 852
4 779 753 596 851
4 850 852 851 610
4 387 779 850 852
4 387 852 753 779
4 779 850 852 851
4 779 851 852 753
4 601 782 781 820
4 782 596 757 853
4 781 757 86 800
4 820 853 800 603
4 782 781 820 853
4 782 853 757 781
4 781 820 853 800
4 781 800 853 757
4 606 854 825 828
4 854 610 855 856
4 825 855 603 795
4 828 856 795 106
4 854 825 828 856
4 854 856 855 825
4 825 828 856 795
4 825 795 856 855
4 152 784 849 850
4 784 601 819 857
4 849 819 606 854
4 850 857 854 610
4 784 849 850 857
4 784 857 819 849
4 849 850 857 854
4 849 854 857 819
4 152 850 779 784
4 850 610 851 857
4 779 851 596 782
4 784 857 782 601
4 850 779 784 857
4 850 857 851 779
4 779 784 857 782
4 779 782 857 851
4 601 819 857 820
4 819 606 854 825
4 857 854 610 855
4 820 825 855 603
4 819 857 820 825
4 819 825 854 857
4 857 820 825 855
4 857 855 825 854
4 601 820 857 782
4 820 603 855 853
4 857 855 610 851
4 782 853 851 596
4 820 857 782 853
4 820 853 855 857
4 857 782 853 851
4 857 851 853 855
4 106 856 795 536
4 856 610 855 858
4 795 855 603 798
4 536 858 798 185
4 856 795 536 858
4 856 858 855 795
4 795 536 858 798
4 795 798 858 855
4 610 852 851 859
4 852 100 753 759
4 851 753 596 760
4 859 759 760 597
4 852 851 859 759
4 852 759 753 851
4 851 859 759 760
4 851 760 759 753
4 603 853 800 802
4 853 596 757 765
4 800 757 86 766
4 802 765 766 598
4 853 800 802 765
4 853 765 757 800
4 800 802 765 766
4 800 766 765 757
4 185 860 804 537
4 860 597 770 771
4 804 770 598 772
4 537 771 772 107
4 860 804 537 771
4 860 771 770 804
4 804 537 771 772
4 804 772 771 770
4 610 855 858 859
4 855 603 798 861
4 858 798 185 860
4 859 861 860 597
4 855 858 859 861
4 855 861 798 858
4 858 859 861 860
4 858 860 861 798
4 610 859 851 855
4 859 597 760 861
4 851 760 596 853
4 855 861 853 603
4 859 851 855 861
4 859 861 760 851
4 851 855 861 853
4 851 853 861 760
4 603 798 861 802
4 798 185 860 804
4 861 860 597 770
4 802 804 770 598
4 798 861 802 804
4 798 804 860 861
4 861 802 804 770
4 861 770 804 860
4 603 802 861 853
4 802 598 770 765
4 861 770 597 760
4 853 765 760 596
4 802 861 853 765
4 802 765 770 861
4 861 853 765 760
4 861 760 765 770
4 98 712 367 729
4 712 588 862 730
4 367 862 148 863
4 729 730 863 592
4 712 367 729 730
4 712 730 862 367
4 367 729 730 863
4 367 863 730 862
4 588 718 864 735
4 718 87 554 542
4 864 554 189 555
4 735 542 555 186
4 718 864 735 542
4 718 542 554 864
4 864 735 542 555
4 864 555 542 554
4 148 865 366 866
4 865 189 550 556
4 366 550 53 558
4 866 556 558 190
4 865 366 866 556
4 865 556 550 366
4 366 866 556 558
4 366 558 556 550
4 592 739 867 740
4 739 186 557 543
4 867 557 190 559
4 740 543 559 109
4 739 867 740 543
4 739 543 557 867
4 867 740 543 559
4 867 559 543 557
4 588 862 730 735
4 862 148 863 868
4 730 863 592 739
4 735 868 739 186
4 862 730 735 868
4 862 868 863 730
4 730 735 868 739
4 730 739 868 863
4 588 735 864 862
4 735 186 555 868
4 864 555 189 865
4 862 868 865 148
4 735 864 862 868
4 735 868 555 864
4 864 862 868 865
4 864 865 868 555
4 148 863 868 866
4 863 592 739 867
4 868 739 186 557
4 866 867 557 190
4 863 868 866 867
4 863 867 739 868
4 868 866 867 557
4 868 557 867 739
4 148 866 868 865
4 866 190 557 556
4 868 557 186 555
4 865 556 555 189
4 866 868 865 556
4 866 556 557 868
4 868 865 556 555
4 868 555 556 557
4 98 712 716 367
4 712 588 715 862
4 716 715 591 869
4 367 862 869 148
4 712 716 367 862
4 712 862 715 716
4 716 367 862 869
4 716 869 862 715
4 588 718 721 864
4 718 87 720 554
4 721 720 590 870
4 864 554 870 189
4 718 721 864 554
4 718 554 720 721
4 721 864 554 870
4 721 870 554 720
4 591 723 727 871
4 723 590 726 873
4 727 726 105 872
4 871 873 872 611
4 723 727 871 873
4 723 873 726 727
4 727 871 873 872
4 727 872 873 726
4 148 865 875 366
4 865 189 874 550
4 875 874 611 876
4 366 550 876 53
4 865 875 366 550
4 865 550 874 875
4 875 366 550 876
4 875 876 550 874
4 588 715 862 864
4 715 591 869 877
4 862 869 148 865
4 864 877 865 189
4 715 862 864 877
4 715 877 869 862
4 862 864 877 865
4 862 865 877 869
4 588 864 721 715
4 864 189 870 877
4 721 870 590 723
4 715 877 723 591
4 864 721 715 877
4 864 877 870 721
4 721 715 877 723
4 721 723 877 870
4 591 869 877 871
4 869 148 865 875
4 877 865 189 874
4 871 875 874 611
4 869 877 871 875
4 869 875 865 877
4 877 871 875 874
4 877 874 875 865
4 591 871 877 723
4 871 611 874 873
4 877 874 189 870
4 723 873 870 590
4 871 877 723 873
4 871 873 874 877
4 877 723 873 870
4 877 870 873 874
4 53 366 365 876
4 366 148 363 875
4 365 363 147 878
4 876 875 878 611
4 366 365 876 875
4 366 875 363 365
4 365 876 875 878
4 365 878 875 363
4 148 367 364 869
4 367 98 359 716
4 364 359 145 879
4 869 716 879 591
4 367 364 869 716
4 367 716 359 364
4 364 869 716 879
4 364 879 716 359
4 147 362 361 880
4 362 145 358 881
4 361 358 61 473
4 880 881 473 171
4 362 361 880 881
4 362 881 358 361
4 361 880 881 473
4 361 473 881 358
4 611 871 883 872
4 871 591 882 727
4 883 882 171 472
4 872 727 472 105
4 871 883 872 727
4 871 727 882 883
4 883 872 727 472
4 883 472 727 882
4 148 363 875 869
4 363 147 878 884
4 875 878 611 871
4 869 884 871 591
4 363 875 869 884
4 363 884 878 875
4 875 869 884 871
4 875 871 884 878
4 148 869 364 363
4 869 591 879 884
4 364 879 145 362
4 363 884 362 147
4 869 364 363 884
4 869 884 879 364
4 364 363 884 362
4 364 362 884 879
4 147 878 884 880
4 878 611 871 883
4 884 871 591 882
4 880 883 882 171
4 878 884 880 883
4 878 883 871 884
4 884 880 883 882
4 884 882 883 871
4 147 880 884 362
4 880 171 882 881
4 884 882 591 879
4 362 881 879 145
4 880 884 362 881
4 880 881 882 884
4 884 362 881 879
4 884 879 881 882
4 106 546 886 887
4 546 188 885 889
4 886 885 612 888
4 887 889 888 613
4 546 886 887 889
4 546 889 885 886
4 886 887 889 888
4 886 888 889 885
4 188 549 890 891
4 549 109 741 740
4 890 741 593 737
4 891 740 737 592
4 549 890 891 740
4 549 740 741 890
4 890 891 740 737
4 890 737 740 741
4 612 892 893 894
4 892 593 734 732
4 893 734 94 706
4 894 732 706 587
4 892 893 894 732
4 892 732 734 893
4 893 894 732 706
4 893 706 732 734
4 613 895 896 897
4 895 592 731 729
4 896 731 587 711
4 897 729 711 98
4 895 896 897 729
4 895 729 731 896
4 896 897 729 711
4 896 711 729 731
4 188 885 889 891
4 885 612 888 898
4 889 888 613 895
4 891 898 895 592
4 885 889 891 898
4 885 898 888 889
4 889 891 898 895
4 889 895 898 888
4 188 891 890 885
4 891 592 737 898
4 890 737 593 892
4 885 898 892 612
4 891 890 885 898
4 891 898 737 890
4 890 885 898 892
4 890 892 898 737
4 612 888 898 894
4 888 613 895 896
4 898 895 592 731
4 894 896 731 587
4 888 898 894 896
4 888 896 895 898
4 898 894 896 731
4 898 731 896 895
4 612 894 898 892
4 894 587 731 732
4 898 731 592 737
4 892 732 737 593
4 894 898 892 732
4 894 732 731 898
4 898 892 732 737
4 898 737 732 731
4 98 711 897 716
4 711 587 896 714
4 897 896 613 899
4 716 714 899 591
4 711 897 716 714
4 711 714 896 897
4 897 716 714 899
4 897 899 714 896
4 587 706 894 710
4 706 94 893 708
4 894 893 612 900
4 710 708 900 589
4 706 894 710 708
4 706 708 893 894
4 894 710 708 900
4 894 900 708 893
4 613 888 887 901
4 888 612 886 903
4 887 886 106 902
4 901 903 902 614
4 888 887 901 903
4 888 903 886 887
4 887 901 903 902
4 887 902 903 886
4 591 722 905 727
4 722 589 904 725
4 905 904 614 906
4 727 725 906 105
4 722 905 727 725
4 722 725 904 905
4 905 727 725 906
4 905 906 725 904
4 587 896 714 710
4 896 613 899 907
4 714 899 591 722
4 710 907 722 589
4 896 714 710 907
4 896 907 899 714
4 714 710 907 722
4 714 722 907 899
4 587 710 894 896
4 710 589 900 907
4 894 900 612 888
4 896 907 888 613
4 710 894 896 907
4 710 907 900 894
4 894 896 907 888
4 894 888 907 900
4 613 899 907 901
4 899 591 722 905
4 907 722 589 904
4 901 905 904 614
4 899 907 901 905
4 899 905 722 907
4 907 901 905 904
4 907 904 905 722
4 613 901 907 888
4 901 614 904 903
4 907 904 589 900
4 888 903 900 612
4 901 907 888 903
4 901 903 904 907
4 907 888 903 900
4 907 900 903 904
4 98 897 381 716
4 897 613 908 899
4 381 908 151 909
4 716 899 909 591
4 897 381 716 899
4 897 899 908 381
4 381 716 899 909
4 381 909 899 908
4 613 887 910 901
4 887 106 828 902
4 910 828 606 911
4 901 902 911 614
4 887 910 901 902
4 887 902 828 910
4 910 901 902 911
4 910 911 902 828
4 151 912 382 913
4 912 606 817 915
4 382 817 99 914
4 913 915 914 615
4 912 382 913 915
4 912 915 817 382
4 382 913 915 914
4 382 914 915 817
4 591 905 917 727
4 905 614 916 906
4 917 916 615 918
4 727 906 918 105
4 905 917 727 906
4 905 906 916 917
4 917 727 906 918
4 917 918 906 916
4 613 908 899 901
4 908 151 909 919
4 899 909 591 905
4 901 919 905 614
4 908 899 901 919
4 908 919 909 899
4 899 901 919 905
4 899 905 919 909
4 613 901 910 908
4 901 614 911 919
4 910 911 606 912
4 908 919 912 151
4 901 910 908 919
4 901 919 911 910
4 910 908 919 912
4 910 912 919 911
4 151 909 919 913
4 909 591 905 917
4 919 905 614 916
4 913 917 916 615
4 909 919 913 917
4 909 917 905 919
4 919 913 917 916
4 919 916 917 905
4 151 913 919 912
4 913 615 916 915
4 919 916 614 911
4 912 915 911 606
4 913 919 912 915
4 913 915 916 919
4 919 912 915 911
4 919 911 915 916
4 61 694 361 473
4 694 586 693 920
4 361 693 147 880
4 473 920 880 171
4 694 361 473 920
4 694 920 693 361
4 361 473 920 880
4 361 880 920 693
4 586 698 697 921
4 698 87 554 720
4 697 554 189 870
4 921 720 870 590
4 698 697 921 720
4 698 720 554 697
4 697 921 720 870
4 697 870 720 554
4 147 696 365 878
4 696 189 550 874
4 365 550 53 876
4 878 874 876 611
4 696 365 878 874
4 696 874 550 365
4 365 878 874 876
4 365 876 874 550
4 171 922 883 472
4 922 590 873 726
4 883 873 611 872
4 472 726 872 105
4 922 883 472 726
4 922 726 873 883
4 883 472 726 872
4 883 872 726 873
4 586 693 920 921
4 693 147 880 923
4 920 880 171 922
4 921 923 922 590
4 693 920 921 923
4 693 923 880 920
4 920 921 923 922
4 920 922 923 880
4 586 921 697 693
4 921 590 870 923
4 697 870 189 696
4 693 923 696 147
4 921 697 693 923
4 921 923 870 697
4 697 693 923 696
4 697 696 923 870
4 147 880 923 878
4 880 171 922 883
4 923 922 590 873
4 878 883 873 611
4 880 923 878 883
4 880 883 922 923
4 923 878 883 873
4 923 873 883 922
4 147 878 923 696
4 878 611 873 874
4 923 873 590 870
4 696 874 870 189
4 878 923 696 874
4 878 874 873 923
4 923 696 874 870
4 923 870 874 873
4 52 924 272 281
4 924 616 925 926
4 272 925 126 287
4 281 926 287 130
4 924 272 281 926
4 924 926 925 272
4 272 281 926 287
4 272 287 926 925
4 616 927 928 929
4 927 106 813 886
4 928 813 605 930
4 929 886 930 612
4 927 928 929 886
4 927 886 813 928
4 928 929 886 930
4 928 930 886 813
4 126 931 273 289
4 931 605 809 932
4 273 809 95 291
4 289 932 291 131
4 931 273 289 932
4 931 932 809 273
4 273 289 932 291
4 273 291 932 809
4 130 933 288 286
4 933 612 934 893
4 288 934 131 290
4 286 893 290 94
4 933 288 286 893
4 933 893 934 288
4 288 286 893 290
4 288 290 893 934
4 616 925 926 929
4 925 126 287 935
4 926 287 130 933
4 929 935 933 612
4 925 926 929 935
4 925 935 287 926
4 926 929 935 933
4 926 933 935 287
4 616 929 928 925
4 929 612 930 935
4 928 930 605 931
4 925 935 931 126
4 929 928 925 935
4 929 935 930 928
4 928 925 935 931
4 928 931 935 930
4 126 287 935 289
4 287 130 933 288
4 935 933 612 934
4 289 288 934 131
4 287 935 289 288
4 287 288 933 935
4 935 289 288 934
4 935 934 288 933
4 126 289 935 931
4 289 131 934 932
4 935 934 612 930
4 931 932 930 605
4 289 935 931 932
4 289 932 934 935
4 935 931 932 930
4 935 930 932 934
4 102 459 775 445
4 459 169 936 460
4 775 936 600 937
4 445 460 937 165
4 459 775 445 460
4 459 460 936 775
4 775 445 460 937
4 775 937 460 936
4 169 463 938 461
4 463 105 918 456
4 938 918 615 939
4 461 456 939 167
4 463 938 461 456
4 463 456 918 938
4 938 461 456 939
4 938 939 456 918
4 600 940 786 941
4 940 615 914 943
4 786 914 99 942
4 941 943 942 617
4 940 786 941 943
4 940 943 914 786
4 786 941 943 942
4 786 942 943 914
4 165 462 945 446
4 462 167 944 452
4 945 944 617 946
4 446 452 946 52
4 462 945 446 452
4 462 452 944 945
4 945 446 452 946
4 945 946 452 944
4 169 936 460 461
4 936 600 937 947
4 460 937 165 462
4 461 947 462 167
4 936 460 461 947
4 936 947 937 460
4 460 461 947 462
4 460 462 947 937
4 169 461 938 936
4 461 167 939 947
4 938 939 615 940
4 936 947 940 600
4 461 938 936 947
4 461 947 939 938
4 938 936 947 940
4 938 940 947 939
4 600 937 947 941
4 937 165 462 945
4 947 462 167 944
4 941 945 944 617
4 937 947 941 945
4 937 945 462 947
4 947 941 945 944
4 947 944 945 462
4 600 941 947 940
4 941 617 944 943
4 947 944 167 939
4 940 943 939 615
4 941 947 940 943
4 941 943 944 947
4 947 940 943 939
4 947 939 943 944
4 105 726 725 457
4 726 590 724 949
4 725 724 589 948
4 457 949 948 168
4 726 725 457 949
4 726 949 724 725
4 725 457 949 948
4 725 948 949 724
4 590 720 719 950
4 720 87 297 296
4 719 297 133 294
4 950 296 294 132
4 720 719 950 296
4 720 296 297 719
4 719 950 296 294
4 719 294 296 297
4 589 709 708 951
4 709 133 298 295
4 708 298 94 285
4 951 295 285 129
4 709 708 951 295
4 709 295 298 708
4 708 951 295 285
4 708 285 295 298
4 168 952 953 458
4 952 132 293 292
4 953 293 129 284
4 458 292 284 51
4 952 953 458 292
4 952 292 293 953
4 953 458 292 284
4 953 284 292 293
4 590 724 949 950
4 724 589 948 954
4 949 948 168 952
4 950 954 952 132
4 724 949 950 954
4 724 954 948 949
4 949 950 954 952
4 949 952 954 948
4 590 950 719 724
4 950 132 294 954
4 719 294 133 709
4 724 954 709 589
4 950 719 724 954
4 950 954 294 719
4 719 724 954 709
4 719 709 954 294
4 589 948 954 951
4 948 168 952 953
4 954 952 132 293
4 951 953 293 129
4 948 954 951 953
4 948 953 952 954
4 954 951 953 293
4 954 293 953 952
4 589 951 954 709
4 951 129 293 295
4 954 293 132 294
4 709 295 294 133
4 951 954 709 295
4 951 295 293 954
4 954 709 295 294
4 954 294 295 293
4 99 786 942 817
4 786 600 941 818
4 942 941 617 955
4 817 818 955 606
4 786 942 817 818
4 786 818 941 942
4 942 817 818 955
4 942 955 818 941
4 600 775 937 822
4 775 102 445 823
4 937 445 165 956
4 822 823 956 607
4 775 937 822 823
4 775 823 445 937
4 937 822 823 956
4 937 956 823 445
4 617 945 946 957
4 945 165 446 958
4 946 446 52 924
4 957 958 924 616
4 945 946 957 958
4 945 958 446 946
4 946 957 958 924
4 946 924 958 446
4 606 827 960 828
4 827 607 959 829
4 960 959 616 927
4 828 829 927 106
4 827 960 828 829
4 827 829 959 960
4 960 828 829 927
4 960 927 829 959
4 600 941 818 822
4 941 617 955 961
4 818 955 606 827
4 822 961 827 607
4 941 818 822 961
4 941 961 955 818
4 818 822 961 827
4 818 827 961 955
4 600 822 937 941
4 822 607 956 961
4 937 956 165 945
4 941 961 945 617
4 822 937 941 961
4 822 961 956 937
4 937 941 961 945
4 937 945 961 956
4 617 955 961 957
4 955 606 827 960
4 961 827 607 959
4 957 960 959 616
4 955 961 957 960
4 955 960 827 961
4 961 957 960 959
4 961 959 960 827
4 617 957 961 945
4 957 616 959 958
4 961 959 607 956
4 945 958 956 165
4 957 961 945 958
4 957 958 959 961
4 961 945 958 956
4 961 956 958 959
4 106 829 927 813
4 829 607 959 831
4 927 959 616 928
4 813 831 928 605
4 829 927 813 831
4 829 831 959 927
4 927 813 831 928
4 927 928 831 959
4 607 823 956 833
4 823 102 445 834
4 956 445 165 962
4 833 834 962 608
4 823 956 833 834
4 823 834 445 956
4 956 833 834 962
4 956 962 834 445
4 616 958 924 925
4 958 165 446 963
4 924 446 52 272
4 925 963 272 126
4 958 924 925 963
4 958 963 446 924
4 924 925 963 272
4 924 272 963 446
4 605 837 931 809
4 837 608 964 838
4 931 964 126 273
4 809 838 273 95
4 837 931 809 838
4 837 838 964 931
4 931 809 838 273
4 931 273 838 964
4 607 959 831 833
4 959 616 928 965
4 831 928 605 837
4 833 965 837 608
4 959 831 833 965
4 959 965 928 831
4 831 833 965 837
4 831 837 965 928
4 607 833 956 959
4 833 608 962 965
4 956 962 165 958
4 959 965 958 616
4 833 956 959 965
4 833 965 962 956
4 956 959 965 958
4 956 958 965 962
4 616 928 965 925
4 928 605 837 931
4 965 837 608 964
4 925 931 964 126
4 928 965 925 931
4 928 931 837 965
4 965 925 931 964
4 965 964 931 837
4 616 925 965 958
4 925 126 964 963
4 965 964 608 962
4 958 963 962 165
4 925 965 958 963
4 925 963 964 965
4 965 958 963 962
4 965 962 963 964
4 61 465 694 473
4 465 170 703 471
4 694 703 586 920
4 473 471 920 171
4 465 694 473 471
4 465 471 703 694
4 694 473 471 920
4 694 920 471 703
4 170 468 702 469
4 468 51 292 458
4 702 292 132 952
4 469 458 952 168
4 468 702 469 458
4 468 458 292 702
4 702 469 458 952
4 702 952 458 292
4 586 704 698 921
4 704 132 296 950
4 698 296 87 720
4 921 950 720 590
4 704 698 921 950
4 704 950 296 698
4 698 921 950 720
4 698 720 950 296
4 171 470 922 472
4 470 168 949 457
4 922 949 590 726
4 472 457 726 105
4 470 922 472 457
4 470 457 949 922
4 922 472 457 726
4 922 726 457 949
4 170 703 471 469
4 703 586 920 966
4 471 920 171 470
4 469 966 470 168
4 703 471 469 966
4 703 966 920 471
4 471 469 966 470
4 471 470 966 920
4 170 469 702 703
4 469 168 952 966
4 702 952 132 704
4 703 966 704 586
4 469 702 703 966
4 469 966 952 702
4 702 703 966 704
4 702 704 966 952
4 586 920 966 921
4 920 171 470 922
4 966 470 168 949
4 921 922 949 590
4 920 966 921 922
4 920 922 470 966
4 966 921 922 949
4 966 949 922 470
4 586 921 966 704
4 921 590 949 950
4 966 949 168 952
4 704 950 952 132
4 921 966 704 950
4 921 950 949 966
4 966 704 950 952
4 966 952 950 949
4 96 279 789 262
4 279 128 811 311
4 789 811 602 967
4 262 311 967 124
4 279 789 262 311
4 279 311 811 789
4 789 262 311 967
4 789 967 311 811
4 128 278 808 309
4 278 95 809 307
4 808 809 605 968
4 309 307 968 134
4 278 808 309 307
4 278 307 809 808
4 808 309 307 968
4 808 968 307 809
4 602 812 794 969
4 812 605 813 970
4 794 813 106 532
4 969 970 532 184
4 812 794 969 970
4 812 970 813 794
4 794 969 970 532
4 794 532 970 813
4 124 310 972 259
4 310 134 971 306
4 972 971 184 527
4 259 306 527 89
4 310 972 259 306
4 310 306 971 972
4 972 259 306 527
4 972 527 306 971
4 128 811 311 309
4 811 602 967 973
4 311 967 124 310
4 309 973 310 134
4 811 311 309 973
4 811 973 967 311
4 311 309 973 310
4 311 310 973 967
4 128 309 808 811
4 309 134 968 973
4 808 968 605 812
4 811 973 812 602
4 309 808 811 973
4 309 973 968 808
4 808 811 973 812
4 808 812 973 968
4 602 967 973 969
4 967 124 310 972
4 973 310 134 971
4 969 972 971 184
4 967 973 969 972
4 967 972 310 973
4 973 969 972 971
4 973 971 972 310
4 602 969 973 812
4 969 184 971 970
4 973 971 134 968
4 812 970 968 605
4 969 973 812 970
4 969 970 971 973
4 973 812 970 968
4 973 968 970 971
4 100 387 353 852
4 387 152 405 850
4 353 405 144 974
4 852 850 974 610
4 387 353 852 850
4 387 850 405 353
4 353 852 850 974
4 353 974 850 405
4 152 386 403 849
4 386 99 398 817
4 403 398 154 975
4 849 817 975 606
4 386 403 849 817
4 386 817 398 403
4 403 849 817 975
4 403 975 817 398
4 144 404 350 976
4 404 154 397 977
4 350 397 84 569
4 976 977 569 192
4 404 350 976 977
4 404 977 397 350
4 350 976 977 569
4 350 569 977 397
4 610 854 979 856
4 854 606 978 828
4 979 978 192 570
4 856 828 570 106
4 854 979 856 828
4 854 828 978 979
4 979 856 828 570
4 979 570 828 978
4 152 405 850 849
4 405 144 974 980
4 850 974 610 854
4 849 980 854 606
4 405 850 849 980
4 405 980 974 850
4 850 849 980 854
4 850 854 980 974
4 152 849 403 405
4 849 606 975 980
4 403 975 154 404
4 405 980 404 144
4 849 403 405 980
4 849 980 975 403
4 403 405 980 404
4 403 404 980 975
4 144 974 980 976
4 974 610 854 979
4 980 854 606 978
4 976 979 978 192
4 974 980 976 979
4 974 979 854 980
4 980 976 979 978
4 980 978 979 854
4 144 976 980 404
4 976 192 978 977
4 980 978 606 975
4 404 977 975 154
4 976 980 404 977
4 976 977 978 980
4 980 404 977 975
4 980 975 977 978
4 96 789 791 262
4 789 602 793 967
4 791 793 604 981
4 262 967 981 124
4 789 791 262 967
4 789 967 793 791
4 791 262 967 981
4 791 981 967 793
4 602 794 797 969
4 794 106 536 532
4 797 536 185 534
4 969 532 534 184
4 794 797 969 532
4 794 532 536 797
4 797 969 532 534
4 797 534 532 536
4 604 803 806 982
4 803 185 537 535
4 806 537 107 503
4 982 535 503 177
4 803 806 982 535
4 803 535 537 806
4 806 982 535 503
4 806 503 535 537
4 124 972 983 259
4 972 184 533 527
4 983 533 177 502
4 259 527 502 89
4 972 983 259 527
4 972 527 533 983
4 983 259 527 502
4 983 502 527 533
4 602 793 967 969
4 793 604 981 984
4 967 981 124 972
4 969 984 972 184
4 793 967 969 984
4 793 984 981 967
4 967 969 984 972
4 967 972 984 981
4 602 969 797 793
4 969 184 534 984
4 797 534 185 803
4 793 984 803 604
4 969 797 793 984
4 969 984 534 797
4 797 793 984 803
4 797 803 984 534
4 604 981 984 982
4 981 124 972 983
4 984 972 184 533
4 982 983 533 177
4 981 984 982 983
4 981 983 972 984
4 984 982 983 533
4 984 533 983 972
4 604 982 984 803
4 982 177 533 535
4 984 533 184 534
4 803 535 534 185
4 982 984 803 535
4 982 535 533 984
4 984 803 535 534
4 984 534 535 533
4 102 746 775 484
4 746 594 777 986
4 775 777 600 985
4 484 986 985 174
4 746 775 484 986
4 746 986 777 775
4 775 484 986 985
4 775 985 986 777
4 594 750 778 987
4 750 100 387 343
4 778 387 152 385
4 987 343 385 142
4 750 778 987 343
4 750 343 387 778
4 778 987 343 385
4 778 385 343 387
4 600 783 786 988
4 783 152 386 384
4 786 386 99 377
4 988 384 377 150
4 783 786 988 384
4 783 384 386 786
4 786 988 384 377
4 786 377 384 386
4 174 989 990 485
4 989 142 383 342
4 990 383 150 372
4 485 342 372 90
4 989 990 485 342
4 989 342 383 990
4 990 485 342 372
4 990 372 342 383
4 594 777 986 987
4 777 600 985 991
4 986 985 174 989
4 987 991 989 142
4 777 986 987 991
4 777 991 985 986
4 986 987 991 989
4 986 989 991 985
4 594 987 778 777
4 987 142 385 991
4 778 385 152 783
4 777 991 783 600
4 987 778 777 991
4 987 991 385 778
4 778 777 991 783
4 778 783 991 385
4 600 985 991 988
4 985 174 989 990
4 991 989 142 383
4 988 990 383 150
4 985 991 988 990
4 985 990 989 991
4 991 988 990 383
4 991 383 990 989
4 600 988 991 783
4 988 150 383 384
4 991 383 142 385
4 783 384 385 152
4 988 991 783 384
4 988 384 383 991
4 991 783 384 385
4 991 385 384 383
4 106 570 856 536
4 570 192 979 575
4 856 979 610 858
4 536 575 858 185
4 570 856 536 575
4 570 575 979 856
4 856 536 575 858
4 856 858 575 979
4 192 569 976 576
4 569 84 350 522
4 976 350 144 992
4 576 522 992 182
4 569 976 576 522
4 569 522 350 976
4 976 576 522 992
4 976 992 522 350
4 610 974 852 859
4 974 144 353 993
4 852 353 100 759
4 859 993 759 597
4 974 852 859 993
4 974 993 353 852
4 852 859 993 759
4 852 759 993 353
4 185 577 860 537
4 577 182 994 525
4 860 994 597 771
4 537 525 771 107
4 577 860 537 525
4 577 525 994 860
4 860 537 525 771
4 860 771 525 994
4 192 979 575 576
4 979 610 858 995
4 575 858 185 577
4 576 995 577 182
4 979 575 576 995
4 979 995 858 575
4 575 576 995 577
4 575 577 995 858
4 192 576 976 979
4 576 182 992 995
4 976 992 144 974
4 979 995 974 610
4 576 976 979 995
4 576 995 992 976
4 976 979 995 974
4 976 974 995 992
4 610 858 995 859
4 858 185 577 860
4 995 577 182 994
4 859 860 994 597
4 858 995 859 860
4 858 860 577 995
4 995 859 860 994
4 995 994 860 577
4 610 859 995 974
4 859 597 994 993
4 995 994 182 992
4 974 993 992 144
4 859 995 974 993
4 859 993 994 995
4 995 974 993 992
4 995 992 993 994
4 102 451 746 484
4 451 166 747 489
4 746 747 594 986
4 484 489 986 174
4 451 746 484 489
4 451 489 747 746
4 746 484 489 986
4 746 986 489 747
4 166 450 743 490
4 450 103 744 439
4 743 744 595 996
4 490 439 996 163
4 450 743 490 439
4 450 439 744 743
4 743 490 439 996
4 743 996 439 744
4 594 749 750 987
4 749 595 751 997
4 750 751 100 343
4 987 997 343 142
4 749 750 987 997
4 749 997 751 750
4 750 987 997 343
4 750 343 997 751
4 174 491 989 485
4 491 163 998 435
4 989 998 142 342
4 485 435 342 90
4 491 989 485 435
4 491 435 998 989
4 989 485 435 342
4 989 342 435 998
4 166 747 489 490
4 747 594 986 999
4 489 986 174 491
4 490 999 491 163
4 747 489 490 999
4 747 999 986 489
4 489 490 999 491
4 489 491 999 986
4 166 490 743 747
4 490 163 996 999
4 743 996 595 749
4 747 999 749 594
4 490 743 747 999
4 490 999 996 743
4 743 747 999 749
4 743 749 999 996
4 594 986 999 987
4 986 174 491 989
4 999 491 163 998
4 987 989 998 142
4 986 999 987 989
4 986 989 491 999
4 999 987 989 998
4 999 998 989 491
4 594 987 999 749
4 987 142 998 997
4 999 998 163 996
4 749 997 996 595
4 987 999 749 997
4 987 997 998 999
4 999 749 997 996
4 999 996 997 998
4 94 286 893 708
4 286 130 933 1000
4 893 933 612 900
4 708 1000 900 589
4 286 893 708 1000
4 286 1000 933 893
4 893 708 1000 900
4 893 900 1000 933
4 130 281 926 1001
4 281 52 924 452
4 926 924 616 1002
4 1001 452 1002 167
4 281 926 1001 452
4 281 452 924 926
4 926 1001 452 1002
4 926 1002 452 924
4 612 929 886 903
4 929 616 927 1003
4 886 927 106 902
4 903 1003 902 614
4 929 886 903 1003
4 929 1003 927 886
4 886 903 1003 902
4 886 902 1003 927
4 589 1004 904 725
4 1004 167 1005 456
4 904 1005 614 906
4 725 456 906 105
4 1004 904 725 456
4 1004 456 1005 904
4 904 725 456 906
4 904 906 456 1005
4 130 933 1000 1001
4 933 612 900 1006
4 1000 900 589 1004
4 1001 1006 1004 167
4 933 1000 1001 1006
4 933 1006 900 1000
4 1000 1001 1006 1004
4 1000 1004 1006 900
4 130 1001 926 933
4 1001 167 1002 1006
4 926 1002 616 929
4 933 1006 929 612
4 1001 926 933 1006
4 1001 1006 1002 926
4 926 933 1006 929
4 926 929 1006 1002
4 612 900 1006 903
4 900 589 1004 904
4 1006 1004 167 1005
4 903 904 1005 614
4 900 1006 903 904
4 900 904 1004 1006
4 1006 903 904 1005
4 1006 1005 904 1004
4 612 903 1006 929
4 903 614 1005 1003
4 1006 1005 167 1002
4 929 1003 1002 616
4 903 1006 929 1003
4 903 1003 1005 1006
4 1006 929 1003 1002
4 1006 1002 1003 1005
4 52 946 924 452
4 946 617 957 944
4 924 957 616 1002
4 452 944 1002 167
4 946 924 452 944
4 946 944 957 924
4 924 452 944 1002
4 924 1002 944 957
4 617 942 955 943
4 942 99 817 914
4 955 817 606 915
4 943 914 915 615
4 942 955 943 914
4 942 914 817 955
4 955 943 914 915
4 955 915 914 817
4 616 960 927 1003
4 960 606 828 911
4 927 828 106 902
4 1003 911 902 614
4 960 927 1003 911
4 960 911 828 927
4 927 1003 911 902
4 927 902 911 828
4 167 939 1005 456
4 939 615 916 918
4 1005 916 614 906
4 456 918 906 105
4 939 1005 456 918
4 939 918 916 1005
4 1005 456 918 906
4 1005 906 918 916
4 617 957 944 943
4 957 616 1002 1007
4 944 1002 167 939
4 943 1007 939 615
4 957 944 943 1007
4 957 1007 1002 944
4 944 943 1007 939
4 944 939 1007 1002
4 617 943 955 957
4 943 615 915 1007
4 955 915 606 960
4 957 1007 960 616
4 943 955 957 1007
4 943 1007 915 955
4 955 957 1007 960
4 955 960 1007 915
4 616 1002 1007 1003
4 1002 167 939 1005
4 1007 939 615 916
4 1003 1005 916 614
4 1002 1007 1003 1005
4 1002 1005 939 1007
4 1007 1003 1005 916
4 1007 916 1005 939
4 616 1003 1007 960
4 1003 614 916 911
4 1007 916 615 915
4 960 911 915 606
4 1003 1007 960 911
4 1003 911 916 1007
4 1007 960 911 915
4 1007 915 911 916
4 88 530 539 315
4 530 183 547 1009
4 539 547 187 1008
4 315 1009 1008 136
4 530 539 315 1009
4 530 1009 547 539
4 539 315 1009 1008
4 539 1008 1009 547
4 183 531 545 1010
4 531 106 546 886
4 545 546 188 885
4 1010 886 885 612
4 531 545 1010 886
4 531 886 546 545
4 545 1010 886 885
4 545 885 886 546
4 187 548 544 1011
4 548 188 549 890
4 544 549 109 741
4 1011 890 741 593
4 548 544 1011 890
4 548 890 549 544
4 544 1011 890 741
4 544 741 890 549
4 136 1012 1013 316
4 1012 612 892 893
4 1013 892 593 734
4 316 893 734 94
4 1012 1013 316 893
4 1012 893 892 1013
4 1013 316 893 734
4 1013 734 893 892
4 183 547 1009 1010
4 547 187 1008 1014
4 1009 1008 136 1012
4 1010 1014 1012 612
4 547 1009 1010 1014
4 547 1014 1008 1009
4 1009 1010 1014 1012
4 1009 1012 1014 1008
4 183 1010 545 547
4 1010 612 885 1014
4 545 885 188 548
4 547 1014 548 187
4 1010 545 547 1014
4 1010 1014 885 545
4 545 547 1014 548
4 545 548 1014 885
4 187 1008 1014 1011
4 1008 136 1012 1013
4 1014 1012 612 892
4 1011 1013 892 593
4 1008 1014 1011 1013
4 1008 1013 1012 1014
4 1014 1011 1013 892
4 1014 892 1013 1012
4 187 1011 1014 548
4 1011 593 892 890
4 1014 892 612 885
4 548 890 885 188
4 1011 1014 548 890
4 1011 890 892 1014
4 1014 548 890 885
4 1014 885 890 892
4 109 549 564 740
4 549 188 574 891
4 564 574 191 1015
4 740 891 1015 592
4 549 564 740 891
4 549 891 574 564
4 564 740 891 1015
4 564 1015 891 574
4 188 546 573 889
4 546 106 571 887
4 573 571 193 1016
4 889 887 1016 613
4 546 573 889 887
4 546 887 571 573
4 573 889 887 1016
4 573 1016 887 571
4 191 572 563 1017
4 572 193 566 1018
4 563 566 85 391
4 1017 1018 391 153
4 572 563 1017 1018
4 572 1018 566 563
4 563 1017 1018 391
4 563 391 1018 566
4 592 895 1020 729
4 895 613 1019 897
4 1020 1019 153 392
4 729 897 392 98
4 895 1020 729 897
4 895 897 1019 1020
4 1020 729 897 392
4 1020 392 897 1019
4 188 574 891 889
4 574 191 1015 1021
4 891 1015 592 895
4 889 1021 895 613
4 574 891 889 1021
4 574 1021 1015 891
4 891 889 1021 895
4 891 895 1021 1015
4 188 889 573 574
4 889 613 1016 1021
4 573 1016 193 572
4 574 1021 572 191
4 889 573 574 1021
4 889 1021 1016 573
4 573 574 1021 572
4 573 572 1021 1016
4 191 1015 1021 1017
4 1015 592 895 1020
4 1021 895 613 1019
4 1017 1020 1019 153
4 1015 1021 1017 1020
4 1015 1020 895 1021
4 1021 1017 1020 1019
4 1021 1019 1020 895
4 191 1017 1021 572
4 1017 153 1019 1018
4 1021 1019 613 1016
4 572 1018 1016 193
4 1017 1021 572 1018
4 1017 1018 1019 1021
4 1021 572 1018 1016
4 1021 1016 1018 1019
4 91 355 375 478
4 355 146 378 1023
4 375 378 149 1022
4 478 1023 1022 172
4 355 375 478 1023
4 355 1023 378 375
4 375 478 1023 1022
4 375 1022 1023 378
4 146 360 379 1024
4 360 98 381 716
4 379 381 151 909
4 1024 716 909 591
4 360 379 1024 716
4 360 716 381 379
4 379 1024 716 909
4 379 909 716 381
4 149 380 376 1025
4 380 151 382 913
4 376 382 99 914
4 1025 913 914 615
4 380 376 1025 913
4 380 913 382 376
4 376 1025 913 914
4 376 914 913 382
4 172 1026 1027 477
4 1026 591 917 727
4 1027 917 615 918
4 477 727 918 105
4 1026 1027 477 727
4 1026 727 917 1027
4 1027 477 727 918
4 1027 918 727 917
4 146 378 1023 1024
4 378 149 1022 1028
4 1023 1022 172 1026
4 1024 1028 1026 591
4 378 1023 1024 1028
4 378 1028 1022 1023
4 1023 1024 1028 1026
4 1023 1026 1028 1022
4 146 1024 379 378
4 1024 591 909 1028
4 379 909 151 380
4 378 1028 380 149
4 1024 379 378 1028
4 1024 1028 909 379
4 379 378 1028 380
4 379 380 1028 909
4 149 1022 1028 1025
4 1022 172 1026 1027
4 1028 1026 591 917
4 1025 1027 917 615
4 1022 1028 1025 1027
4 1022 1027 1026 1028
4 1028 1025 1027 917
4 1028 917 1027 1026
4 149 1025 1028 380
4 1025 615 917 913
4 1028 917 591 909
4 380 913 909 151
4 1025 1028 380 913
4 1025 913 917 1028
4 1028 380 913 909
4 1028 909 913 917
4 85 566 394 391
4 566 193 1029 1018
4 394 1029 155 401
4 391 1018 401 153
4 566 394 391 1018
4 566 1018 1029 394
4 394 391 1018 401
4 394 401 1018 1029
4 193 571 1030 1016
4 571 106 828 887
4 1030 828 606 910
4 1016 887 910 613
4 571 1030 1016 887
4 571 887 828 1030
4 1030 1016 887 910
4 1030 910 887 828
4 155 1031 399 402
4 1031 606 817 912
4 399 817 99 382
4 402 912 382 151
4 1031 399 402 912
4 1031 912 817 399
4 399 402 912 382
4 399 382 912 817
4 153 1019 400 392
4 1019 613 908 897
4 400 908 151 381
4 392 897 381 98
4 1019 400 392 897
4 1019 897 908 400
4 400 392 897 381
4 400 381 897 908
4 193 1029 1018 1016
4 1029 155 401 1032
4 1018 401 153 1019
4 1016 1032 1019 613
4 1029 1018 1016 1032
4 1029 1032 401 1018
4 1018 1016 1032 1019
4 1018 1019 1032 401
4 193 1016 1030 1029
4 1016 613 910 1032
4 1030 910 606 1031
4 1029 1032 1031 155
4 1016 1030 1029 1032
4 1016 1032 910 1030
4 1030 1029 1032 1031
4 1030 1031 1032 910
4 155 401 1032 402
4 401 153 1019 400
4 1032 1019 613 908
4 402 400 908 151
4 401 1032 402 400
4 401 400 1019 1032
4 1032 402 400 908
4 1032 908 400 1019
4 155 402 1032 1031
4 402 151 908 912
4 1032 908 613 910
4 1031 912 910 606
4 402 1032 1031 912
4 402 912 908 1032
4 1032 1031 912 910
4 1032 910 912 908
4 88 303 530 315
4 303 135 1033 318
4 530 1033 183 1009
4 315 318 1009 136
4 303 530 315 318
4 303 318 1033 530
4 530 315 318 1009
4 530 1009 318 1033
4 135 308 1034 319
4 308 95 809 291
4 1034 809 605 932
4 319 291 932 131
4 308 1034 319 291
4 308 291 809 1034
4 1034 319 291 932
4 1034 932 291 809
4 183 1035 531 1010
4 1035 605 813 930
4 531 813 106 886
4 1010 930 886 612
4 1035 531 1010 930
4 1035 930 813 531
4 531 1010 930 886
4 531 886 930 813
4 136 317 1012 316
4 317 131 934 290
4 1012 934 612 893
4 316 290 893 94
4 317 1012 316 290
4 317 290 934 1012
4 1012 316 290 893
4 1012 893 290 934
4 135 1033 318 319
4 1033 183 1009 1036
4 318 1009 136 317
4 319 1036 317 131
4 1033 318 319 1036
4 1033 1036 1009 318
4 318 319 1036 317
4 318 317 1036 1009
4 135 319 1034 1033
4 319 131 932 1036
4 1034 932 605 1035
4 1033 1036 1035 183
4 319 1034 1033 1036
4 319 1036 932 1034
4 1034 1033 1036 1035
4 1034 1035 1036 932
4 183 1009 1036 1010
4 1009 136 317 1012
4 1036 317 131 934
4 1010 1012 934 612
4 1009 1036 1010 1012
4 1009 1012 317 1036
4 1036 1010 1012 934
4 1036 934 1012 317
4 183 1010 1036 1035
4 1010 612 934 930
4 1036 934 131 932
4 1035 930 932 605
4 1010 1036 1035 930
4 1010 930 934 1036
4 1036 1035 930 932
4 1036 932 930 934
4 102 459 483 775
4 459 169 488 936
4 483 488 173 1037
4 775 936 1037 600
4 459 483 775 936
4 459 936 488 483
4 483 775 936 1037
4 483 1037 936 488
4 169 463 487 938
4 463 105 477 918
4 487 477 172 1027
4 938 918 1027 615
4 463 487 938 918
4 463 918 477 487
4 487 938 918 1027
4 487 1027 918 477
4 173 486 479 1038
4 486 172 478 1022
4 479 478 91 375
4 1038 1022 375 149
4 486 479 1038 1022
4 486 1022 478 479
4 479 1038 1022 375
4 479 375 1022 478
4 600 940 1039 786
4 940 615 1025 914
4 1039 1025 149 376
4 786 914 376 99
4 940 1039 786 914
4 940 914 1025 1039
4 1039 786 914 376
4 1039 376 914 1025
4 169 488 936 938
4 488 173 1037 1040
4 936 1037 600 940
4 938 1040 940 615
4 488 936 938 1040
4 488 1040 1037 936
4 936 938 1040 940
4 936 940 1040 1037
4 169 938 487 488
4 938 615 1027 1040
4 487 1027 172 486
4 488 1040 486 173
4 938 487 488 1040
4 938 1040 1027 487
4 487 488 1040 486
4 487 486 1040 1027
4 173 1037 1040 1038
4 1037 600 940 1039
4 1040 940 615 1025
4 1038 1039 1025 149
4 1037 1040 1038 1039
4 1037 1039 940 1040
4 1040 1038 1039 1025
4 1040 1025 1039 940
4 173 1038 1040 486
4 1038 149 1025 1022
4 1040 1025 615 1027
4 486 1022 1027 172
4 1038 1040 486 1022
4 1038 1022 1025 1040
4 1040 486 1022 1027
4 1040 1027 1022 1025
4 101 636 631 1041
4 636 581 634 1043
4 631 634 578 1042
4 1041 1043 1042 618
4 636 631 1041 1043
4 636 1043 634 631
4 631 1041 1043 1042
4 631 1042 1043 634
4 581 645 641 1044
4 645 108 644 1046
4 641 644 580 1045
4 1044 1046 1045 620
4 645 641 1044 1046
4 645 1046 644 641
4 641 1044 1046 1045
4 641 1045 1046 644
4 578 630 626 1047
4 630 580 628 1049
4 626 628 97 1048
4 1047 1049 1048 619
4 630 626 1047 1049
4 630 1049 628 626
4 626 1047 1049 1048
4 626 1048 1049 628
4 618 1050 1052 1053
4 1050 620 1051 1055
4 1052 1051 619 1054
4 1053 1055 1054 93
4 1050 1052 1053 1055
4 1050 1055 1051 1052
4 1052 1053 1055 1054
4 1052 1054 1055 1051
4 581 634 1043 1044
4 634 578 1042 1056
4 1043 1042 618 1050
4 1044 1056 1050 620
4 634 1043 1044 1056
4 634 1056 1042 1043
4 1043 1044 1056 1050
4 1043 1050 1056 1042
4 581 1044 641 634
4 1044 620 1045 1056
4 641 1045 580 630
4 634 1056 630 578
4 1044 641 634 1056
4 1044 1056 1045 641
4 641 634 1056 630
4 641 630 1056 1045
4 578 1042 1056 1047
4 1042 618 1050 1052
4 1056 1050 620 1051
4 1047 1052 1051 619
4 1042 1056 1047 1052
4 1042 1052 1050 1056
4 1056 1047 1052 1051
4 1056 1051 1052 1050
4 578 1047 1056 630
4 1047 619 1051 1049
4 1056 1051 620 1045
4 630 1049 1045 580
4 1047 1056 630 1049
4 1047 1049 1051 1056
4 1056 630 1049 1045
4 1056 1045 1049 1051
4 101 631 647 1041
4 631 578 649 1042
4 647 649 582 1057
4 1041 1042 1057 618
4 631 647 1041 1042
4 631 1042 649 647
4 647 1041 1042 1057
4 647 1057 1042 649
4 578 626 650 1047
4 626 97 652 1048
4 650 652 584 1058
4 1047 1048 1058 619
4 626 650 1047 1048
4 626 1048 652 650
4 650 1047 1048 1058
4 650 1058 1048 652
4 582 656 659 1059
4 656 584 661 1061
4 659 661 104 1060
4 1059 1061 1060 621
4 656 659 1059 1061
4 656 1061 661 659
4 659 1059 1061 1060
4 659 1060 1061 661
4 618 1052 1063 1053
4 1052 619 1062 1054
4 1063 1062 621 1064
4 1053 1054 1064 93
4 1052 1063 1053 1054
4 1052 1054 1062 1063
4 1063 1053 1054 1064
4 1063 1064 1054 1062
4 578 649 1042 1047
4 649 582 1057 1065
4 1042 1057 618 1052
4 1047 1065 1052 619
4 649 1042 1047 1065
4 649 1065 1057 1042
4 1042 1047 1065 1052
4 1042 1052 1065 1057
4 578 1047 650 649
4 1047 619 1058 1065
4 650 1058 584 656
4 649 1065 656 582
4 1047 650 649 1065
4 1047 1065 1058 650
4 650 649 1065 656
4 650 656 1065 1058
4 582 1057 1065 1059
4 1057 618 1052 1063
4 1065 1052 619 1062
4 1059 1063 1062 621
4 1057 1065 1059 1063
4 1057 1063 1052 1065
4 1065 1059 1063 1062
4 1065 1062 1063 1052
4 582 1059 1065 656
4 1059 621 1062 1061
4 1065 1062 619 1058
4 656 1061 1058 584
4 1059 1065 656 1061
4 1059 1061 1062 1065
4 1065 656 1061 1058
4 1065 1058 1061 1062
4 51 425 254 40
4 425 161 690 426
4 254 690 123 253
4 40 426 253 80
4 425 254 40 426
4 425 426 690 254
4 254 40 426 253
4 254 253 426 690
4 161 429 687 427
4 429 104 661 422
4 687 661 584 1066
4 427 422 1066 159
4 429 687 427 422
4 429 422 661 687
4 687 427 422 1066
4 687 1066 422 661
4 123 688 257 256
4 688 584 652 1067
4 257 652 97 252
4 256 1067 252 122
4 688 257 256 1067
4 688 1067 652 257
4 257 256 1067 252
4 257 252 1067 652
4 80 428 255 28
4 428 159 1068 418
4 255 1068 122 247
4 28 418 247 1
4 428 255 28 418
4 428 418 1068 255
4 255 28 418 247
4 255 247 418 1068
4 161 690 426 427
4 690 123 253 1069
4 426 253 80 428
4 427 1069 428 159
4 690 426 427 1069
4 690 1069 253 426
4 426 427 1069 428
4 426 428 1069 253
4 161 427 687 690
4 427 159 1066 1069
4 687 1066 584 688
4 690 1069 688 123
4 427 687 690 1069
4 427 1069 1066 687
4 687 690 1069 688
4 687 688 1069 1066
4 123 253 1069 256
4 253 80 428 255
4 1069 428 159 1068
4 256 255 1068 122
4 253 1069 256 255
4 253 255 428 1069
4 1069 256 255 1068
4 1069 1068 255 428
4 123 256 1069 688
4 256 122 1068 1067
4 1069 1068 159 1066
4 688 1067 1066 584
4 256 1069 688 1067
4 256 1067 1068 1069
4 1069 688 1067 1066
4 1069 1066 1067 1068
4 6 324 32 227
4 324 137 322 1070
4 32 322 55 226
4 227 1070 226 117
4 324 32 227 1070
4 324 1070 322 32
4 32 227 1070 226
4 32 226 1070 322
4 137 325 323 1071
4 325 101 326 1041
4 323 326 138 1072
4 1071 1041 1072 618
4 325 323 1071 1041
4 325 1041 326 323
4 323 1071 1041 1072
4 323 1072 1041 326
4 55 320 33 228
4 320 138 321 1073
4 33 321 2 215
4 228 1073 215 115
4 320 33 228 1073
4 320 1073 321 33
4 33 228 1073 215
4 33 215 1073 321
4 117 1074 229 230
4 1074 618 1075 1053
4 229 1075 115 220
4 230 1053 220 93
4 1074 229 230 1053
4 1074 1053 1075 229
4 229 230 1053 220
4 229 220 1053 1075
4 137 322 1070 1071
4 322 55 226 1076
4 1070 226 117 1074
4 1071 1076 1074 618
4 322 1070 1071 1076
4 322 1076 226 1070
4 1070 1071 1076 1074
4 1070 1074 1076 226
4 137 1071 323 322
4 1071 618 1072 1076
4 323 1072 138 320
4 322 1076 320 55
4 1071 323 322 1076
4 1071 1076 1072 323
4 323 322 1076 320
4 323 320 1076 1072
4 55 226 1076 228
4 226 117 1074 229
4 1076 1074 618 1075
4 228 229 1075 115
4 226 1076 228 229
4 226 229 1074 1076
4 1076 228 229 1075
4 1076 1075 229 1074
4 55 228 1076 320
4 228 115 1075 1073
4 1076 1075 618 1072
4 320 1073 1072 138
4 228 1076 320 1073
4 228 1073 1075 1076
4 1076 320 1073 1072
4 1076 1072 1073 1075
4 5 505 49 224
4 505 179 504 1077
4 49 504 63 231
4 224 1077 231 116
4 505 49 224 1077
4 505 1077 504 49
4 49 224 1077 231
4 49 231 1077 504
4 179 510 507 1078
4 510 108 509 1046
4 507 509 178 1079
4 1078 1046 1079 620
4 510 507 1078 1046
4 510 1046 509 507
4 507 1078 1046 1079
4 507 1079 1046 509
4 63 506 48 232
4 506 178 508 1080
4 48 508 6 227
4 232 1080 227 117
4 506 48 232 1080
4 506 1080 508 48
4 48 232 1080 227
4 48 227 1080 508
4 116 1081 233 225
4 1081 620 1082 1055
4 233 1082 117 230
4 225 1055 230 93
4 1081 233 225 1055
4 1081 1055 1082 233
4 233 225 1055 230
4 233 230 1055 1082
4 179 504 1077 1078
4 504 63 231 1083
4 1077 231 116 1081
4 1078 1083 1081 620
4 504 1077 1078 1083
4 504 1083 231 1077
4 1077 1078 1083 1081
4 1077 1081 1083 231
4 179 1078 507 504
4 1078 620 1079 1083
4 507 1079 178 506
4 504 1083 506 63
4 1078 507 504 1083
4 1078 1083 1079 507
4 507 504 1083 506
4 507 506 1083 1079
4 63 231 1083 232
4 231 116 1081 233
4 1083 1081 620 1082
4 232 233 1082 117
4 231 1083 232 233
4 231 233 1081 1083
4 1083 232 233 1082
4 1083 1082 233 1081
4 63 232 1083 506
4 232 117 1082 1080
4 1083 1082 620 1079
4 506 1080 1079 178
4 232 1083 506 1080
4 232 1080 1082 1083
4 1083 506 1080 1079
4 1083 1079 1080 1082
4 108 520 509 645
4 520 181 518 666
4 509 518 178 1084
4 645 666 1084 581
4 520 509 645 666
4 520 666 518 509
4 509 645 666 1084
4 509 1084 666 518
4 181 519 517 668
4 519 53 46 347
4 517 46 82 345
4 668 347 345 143
4 519 517 668 347
4 519 347 46 517
4 517 668 347 345
4 517 345 347 46
4 178 516 508 1085
4 516 82 47 344
4 508 47 6 324
4 1085 344 324 137
4 516 508 1085 344
4 516 344 47 508
4 508 1085 344 324
4 508 324 344 47
4 581 663 1086 636
4 663 143 346 348
4 1086 346 137 325
4 636 348 325 101
4 663 1086 636 348
4 663 348 346 1086
4 1086 636 348 325
4 1086 325 348 346
4 181 518 666 668
4 518 178 1084 1087
4 666 1084 581 663
4 668 1087 663 143
4 518 666 668 1087
4 518 1087 1084 666
4 666 668 1087 663
4 666 663 1087 1084
4 181 668 517 518
4 668 143 345 1087
4 517 345 82 516
4 518 1087 516 178
4 668 517 518 1087
4 668 1087 345 517
4 517 518 1087 516
4 517 516 1087 345
4 178 1084 1087 1085
4 1084 581 663 1086
4 1087 663 143 346
4 1085 1086 346 137
4 1084 1087 1085 1086
4 1084 1086 663 1087
4 1087 1085 1086 346
4 1087 346 1086 663
4 178 1085 1087 516
4 1085 137 346 344
4 1087 346 143 345
4 516 344 345 82
4 1085 1087 516 344
4 1085 344 346 1087
4 1087 516 344 345
4 1087 345 344 346
4 61 24 328 434
4 24 78 327 432
4 328 327 139 680
4 434 432 680 162
4 24 328 434 432
4 24 432 327 328
4 328 434 432 680
4 328 680 432 327
4 78 25 329 430
4 25 2 321 424
4 329 321 138 1088
4 430 424 1088 160
4 25 329 430 424
4 25 424 321 329
4 329 430 424 1088
4 329 1088 424 321
4 139 330 331 681
4 330 138 326 1089
4 331 326 101 647
4 681 1089 647 582
4 330 331 681 1089
4 330 1089 326 331
4 331 681 1089 647
4 331 647 1089 326
4 162 431 683 433
4 431 160 1090 423
4 683 1090 582 659
4 433 423 659 104
4 431 683 433 423
4 431 423 1090 683
4 683 433 423 659
4 683 659 423 1090
4 78 327 432 430
4 327 139 680 1091
4 432 680 162 431
4 430 1091 431 160
4 327 432 430 1091
4 327 1091 680 432
4 432 430 1091 431
4 432 431 1091 680
4 78 430 329 327
4 430 160 1088 1091
4 329 1088 138 330
4 327 1091 330 139
4 430 329 327 1091
4 430 1091 1088 329
4 329 327 1091 330
4 329 330 1091 1088
4 139 680 1091 681
4 680 162 431 683
4 1091 431 160 1090
4 681 683 1090 582
4 680 1091 681 683
4 680 683 431 1091
4 1091 681 683 1090
4 1091 1090 683 431
4 139 681 1091 330
4 681 582 1090 1089
4 1091 1090 160 1088
4 330 1089 1088 138
4 681 1091 330 1089
4 681 1089 1090 1091
4 1091 330 1089 1088
4 1091 1088 1089 1090
4 5 250 19 505
4 250 121 263 1092
4 19 263 64 513
4 505 1092 513 179
4 250 19 505 1092
4 250 1092 263 19
4 19 505 1092 513
4 19 513 1092 263
4 121 251 265 1093
4 251 97 267 628
4 265 267 125 629
4 1093 628 629 580
4 251 265 1093 628
4 251 628 267 265
4 265 1093 628 629
4 265 629 628 267
4 64 264 9 511
4 264 125 266 639
4 9 266 87 512
4 511 639 512 180
4 264 9 511 639
4 264 639 266 9
4 9 511 639 512
4 9 512 639 266
4 179 1094 514 510
4 1094 580 643 644
4 514 643 180 515
4 510 644 515 108
4 1094 514 510 644
4 1094 644 643 514
4 514 510 644 515
4 514 515 644 643
4 121 263 1092 1093
4 263 64 513 1095
4 1092 513 179 1094
4 1093 1095 1094 580
4 263 1092 1093 1095
4 263 1095 513 1092
4 1092 1093 1095 1094
4 1092 1094 1095 513
4 121 1093 265 263
4 1093 580 629 1095
4 265 629 125 264
4 263 1095 264 64
4 1093 265 263 1095
4 1093 1095 629 265
4 265 263 1095 264
4 265 264 1095 629
4 64 513 1095 511
4 513 179 1094 514
4 1095 1094 580 643
4 511 514 643 180
4 513 1095 511 514
4 513 514 1094 1095
4 1095 511 514 643
4 1095 643 514 1094
4 64 511 1095 264
4 511 180 643 639
4 1095 643 580 629
4 264 639 629 125
4 511 1095 264 639
4 511 639 643 1095
4 1095 264 639 629
4 1095 629 639 643
4 93 1064 220 219
4 1064 621 1096 1097
4 220 1096 115 217
4 219 1097 217 114
4 1064 220 219 1097
4 1064 1097 1096 220
4 220 219 1097 217
4 220 217 1097 1096
4 621 1060 1098 1099
4 1060 104 423 422
4 1098 423 160 420
4 1099 422 420 159
4 1060 1098 1099 422
4 1060 422 423 1098
4 1098 1099 422 420
4 1098 420 422 423
4 115 1100 215 214
4 1100 160 424 421
4 215 424 2 26
4 214 421 26 79
4 1100 215 214 421
4 1100 421 424 215
4 215 214 421 26
4 215 26 421 424
4 114 1101 216 218
4 1101 159 419 418
4 216 419 79 27
4 218 418 27 1
4 1101 216 218 418
4 1101 418 419 216
4 216 218 418 27
4 216 27 418 419
4 621 1096 1097 1099
4 1096 115 217 1102
4 1097 217 114 1101
4 1099 1102 1101 159
4 1096 1097 1099 1102
4 1096 1102 217 1097
4 1097 1099 1102 1101
4 1097 1101 1102 217
4 621 1099 1098 1096
4 1099 159 420 1102
4 1098 420 160 1100
4 1096 1102 1100 115
4 1099 1098 1096 1102
4 1099 1102 420 1098
4 1098 1096 1102 1100
4 1098 1100 1102 420
4 115 217 1102 214
4 217 114 1101 216
4 1102 1101 159 419
4 214 216 419 79
4 217 1102 214 216
4 217 216 1101 1102
4 1102 214 216 419
4 1102 419 216 1101
4 115 214 1102 1100
4 214 79 419 421
4 1102 419 159 420
4 1100 421 420 160
4 214 1102 1100 421
4 214 421 419 1102
4 1102 1100 421 420
4 1102 420 421 419
4 93 225 1054 219
4 225 116 1103 223
4 1054 1103 619 1104
4 219 223 1104 114
4 225 1054 219 223
4 225 223 1103 1054
4 1054 219 223 1104
4 1054 1104 223 1103
4 116 224 1105 222
4 224 5 250 34
4 1105 250 121 248
4 222 34 248 56
4 224 1105 222 34
4 224 34 250 1105
4 1105 222 34 248
4 1105 248 34 250
4 619 1106 1048 1107
4 1106 121 251 249
4 1048 251 97 252
4 1107 249 252 122
4 1106 1048 1107 249
4 1106 249 251 1048
4 1048 1107 249 252
4 1048 252 249 251
4 114 221 1108 218
4 221 56 246 35
4 1108 246 122 247
4 218 35 247 1
4 221 1108 218 35
4 221 35 246 1108
4 1108 218 35 247
4 1108 247 35 246
4 116 1103 223 222
4 1103 619 1104 1109
4 223 1104 114 221
4 222 1109 221 56
4 1103 223 222 1109
4 1103 1109 1104 223
4 223 222 1109 221
4 223 221 1109 1104
4 116 222 1105 1103
4 222 56 248 1109
4 1105 248 121 1106
4 1103 1109 1106 619
4 222 1105 1103 1109
4 222 1109 248 1105
4 1105 1103 1109 1106
4 1105 1106 1109 248
4 619 1104 1109 1107
4 1104 114 221 1108
4 1109 221 56 246
4 1107 1108 246 122
4 1104 1109 1107 1108
4 1104 1108 221 1109
4 1109 1107 1108 246
4 1109 246 1108 221
4 619 1107 1109 1106
4 1107 122 246 249
4 1109 246 56 248
4 1106 249 248 121
4 1107 1109 1106 249
4 1107 249 246 1109
4 1109 1106 249 248
4 1109 248 249 246
4 101 325 636 1041
4 325 137 1086 1071
4 636 1086 581 1043
4 1041 1071 1043 618
4 325 636 1041 1071
4 325 1071 1086 636
4 636 1041 1071 1043
4 636 1043 1071 1086
4 137 324 1085 1070
4 324 6 508 227
4 1085 508 178 1080
4 1070 227 1080 117
4 324 1085 1070 227
4 324 227 508 1085
4 1085 1070 227 1080
4 1085 1080 227 508
4 581 1084 645 1044
4 1084 178 509 1079
4 645 509 108 1046
4 1044 1079 1046 620
4 1084 645 1044 1079
4 1084 1079 509 645
4 645 1044 1079 1046
4 645 1046 1079 509
4 618 1074 1050 1053
4 1074 117 1082 230
4 1050 1082 620 1055
4 1053 230 1055 93
4 1074 1050 1053 230
4 1074 230 1082 1050
4 1050 1053 230 1055
4 1050 1055 230 1082
4 137 1086 1071 1070
4 1086 581 1043 1110
4 1071 1043 618 1074
4 1070 1110 1074 117
4 1086 1071 1070 1110
4 1086 1110 1043 1071
4 1071 1070 1110 1074
4 1071 1074 1110 1043
4 137 1070 1085 1086
4 1070 117 1080 1110
4 1085 1080 178 1084
4 1086 1110 1084 581
4 1070 1085 1086 1110
4 1070 1110 1080 1085
4 1085 1086 1110 1084
4 1085 1084 1110 1080
4 581 1043 1110 1044
4 1043 618 1074 1050
4 1110 1074 117 1082
4 1044 1050 1082 620
4 1043 1110 1044 1050
4 1043 1050 1074 1110
4 1110 1044 1050 1082
4 1110 1082 1050 1074
4 581 1044 1110 1084
4 1044 620 1082 1079
4 1110 1082 117 1080
4 1084 1079 1080 178
4 1044 1110 1084 1079
4 1044 1079 1082 1110
4 1110 1084 1079 1080
4 1110 1080 1079 1082
4 104 423 659 1060
4 423 160 1090 1098
4 659 1090 582 1059
4 1060 1098 1059 621
4 423 659 1060 1098
4 423 1098 1090 659
4 659 1060 1098 1059
4 659 1059 1098 1090
4 160 424 1088 1100
4 424 2 321 215
4 1088 321 138 1073
4 1100 215 1073 115
4 424 1088 1100 215
4 424 215 321 1088
4 1088 1100 215 1073
4 1088 1073 215 321
4 582 1089 647 1057
4 1089 138 326 1072
4 647 326 101 1041
4 1057 1072 1041 618
4 1089 647 1057 1072
4 1089 1072 326 647
4 647 1057 1072 1041
4 647 1041 1072 326
4 621 1096 1063 1064
4 1096 115 1075 220
4 1063 1075 618 1053
4 1064 220 1053 93
4 1096 1063 1064 220
4 1096 220 1075 1063
4 1063 1064 220 1053
4 1063 1053 220 1075
4 160 1090 1098 1100
4 1090 582 1059 1111
4 1098 1059 621 1096
4 1100 1111 1096 115
4 1090 1098 1100 1111
4 1090 1111 1059 1098
4 1098 1100 1111 1096
4 1098 1096 1111 1059
4 160 1100 1088 1090
4 1100 115 1073 1111
4 1088 1073 138 1089
4 1090 1111 1089 582
4 1100 1088 1090 1111
4 1100 1111 1073 1088
4 1088 1090 1111 1089
4 1088 1089 1111 1073
4 582 1059 1111 1057
4 1059 621 1096 1063
4 1111 1096 115 1075
4 1057 1063 1075 618
4 1059 1111 1057 1063
4 1059 1063 1096 1111
4 1111 1057 1063 1075
4 1111 1075 1063 1096
4 582 1057 1111 1089
4 1057 618 1075 1072
4 1111 1075 115 1073
4 1089 1072 1073 138
4 1057 1111 1089 1072
4 1057 1072 1075 1111
4 1111 1089 1072 1073
4 1111 1073 1072 1075
4 108 510 644 1046
4 510 179 1094 1078
4 644 1094 580 1045
4 1046 1078 1045 620
4 510 644 1046 1078
4 510 1078 1094 644
4 644 1046 1078 1045
4 644 1045 1078 1094
4 179 505 1092 1077
4 505 5 250 224
4 1092 250 121 1105
4 1077 224 1105 116
4 505 1092 1077 224
4 505 224 250 1092
4 1092 1077 224 1105
4 1092 1105 224 250
4 580 1093 628 1049
4 1093 121 251 1106
4 628 251 97 1048
4 1049 1106 1048 619
4 1093 628 1049 1106
4 1093 1106 251 628
4 628 1049 1106 1048
4 628 1048 1106 251
4 620 1081 1051 1055
4 1081 116 1103 225
4 1051 1103 619 1054
4 1055 225 1054 93
4 1081 1051 1055 225
4 1081 225 1103 1051
4 1051 1055 225 1054
4 1051 1054 225 1103
4 179 1094 1078 1077
4 1094 580 1045 1112
4 1078 1045 620 1081
4 1077 1112 1081 116
4 1094 1078 1077 1112
4 1094 1112 1045 1078
4 1078 1077 1112 1081
4 1078 1081 1112 1045
4 179 1077 1092 1094
4 1077 116 1105 1112
4 1092 1105 121 1093
4 1094 1112 1093 580
4 1077 1092 1094 1112
4 1077 1112 1105 1092
4 1092 1094 1112 1093
4 1092 1093 1112 1105
4 580 1045 1112 1049
4 1045 620 1081 1051
4 1112 1081 116 1103
4 1049 1051 1103 619
4 1045 1112 1049 1051
4 1045 1051 1081 1112
4 1112 1049 1051 1103
4 1112 1103 1051 1081
4 580 1049 1112 1093
4 1049 619 1103 1106
4 1112 1103 116 1105
4 1093 1106 1105 121
4 1049 1112 1093 1106
4 1049 1106 1103 1112
4 1112 1093 1106 1105
4 1112 1105 1106 1103
4 97 652 1048 252
4 652 584 1058 1067
4 1048 1058 619 1107
4 252 1067 1107 122
4 652 1048 252 1067
4 652 1067 1058 1048
4 1048 252 1067 1107
4 1048 1107 1067 1058
4 584 661 1061 1066
4 661 104 1060 422
4 1061 1060 621 1099
4 1066 422 1099 159
4 661 1061 1066 422
4 661 422 1060 1061
4 1061 1066 422 1099
4 1061 1099 422 1060
4 619 1062 1054 1104
4 1062 621 1064 1097
4 1054 1064 93 219
4 1104 1097 219 114
4 1062 1054 1104 1097
4 1062 1097 1064 1054
4 1054 1104 1097 219
4 1054 219 1097 1064
4 122 1068 1108 247
4 1068 159 1101 418
4 1108 1101 114 218
4 247 418 218 1
4 1068 1108 247 418
4 1068 418 1101 1108
4 1108 247 418 218
4 1108 218 418 1101
4 584 1058 1067 1066
4 1058 619 1107 1113
4 1067 1107 122 1068
4 1066 1113 1068 159
4 1058 1067 1066 1113
4 1058 1113 1107 1067
4 1067 1066 1113 1068
4 1067 1068 1113 1107
4 584 1066 1061 1058
4 1066 159 1099 1113
4 1061 1099 621 1062
4 1058 1113 1062 619
4 1066 1061 1058 1113
4 1066 1113 1099 1061
4 1061 1058 1113 1062
4 1061 1062 1113 1099
4 619 1107 1113 1104
4 1107 122 1068 1108
4 1113 1068 159 1101
4 1104 1108 1101 114
4 1107 1113 1104 1108
4 1107 1108 1068 1113
4 1113 1104 1108 1101
4 1113 1101 1108 1068
4 619 1104 1113 1062
4 1104 114 1101 1097
4 1113 1101 159 1099
4 1062 1097 1099 621
4 1104 1113 1062 1097
4 1104 1097 1101 1113
4 1113 1062 1097 1099
4 1113 1099 1097 1101
4 96 791 847 1114
4 791 604 845 1116
4 847 845 609 1115
4 1114 1116 1115 622
4 791 847 1114 1116
4 791 1116 845 847
4 847 1114 1116 1115
4 847 1115 1116 845
4 604 806 840 1117
4 806 107 773 1119
4 840 773 599 1118
4 1117 1119 1118 624
4 806 840 1117 1119
4 806 1119 773 840
4 840 1117 1119 1118
4 840 1118 1119 773
4 609 841 843 1120
4 841 599 764 1122
4 843 764 103 1121
4 1120 1122 1121 623
4 841 843 1120 1122
4 841 1122 764 843
4 843 1120 1122 1121
4 843 1121 1122 764
4 622 1123 1125 1126
4 1123 624 1124 1128
4 1125 1124 623 1127
4 1126 1128 1127 92
4 1123 1125 1126 1128
4 1123 1128 1124 1125
4 1125 1126 1128 1127
4 1125 1127 1128 1124
4 604 845 1116 1117
4 845 609 1115 1129
4 1116 1115 622 1123
4 1117 1129 1123 624
4 845 1116 1117 1129
4 845 1129 1115 1116
4 1116 1117 1129 1123
4 1116 1123 1129 1115
4 604 1117 840 845
4 1117 624 1118 1129
4 840 1118 599 841
4 845 1129 841 609
4 1117 840 845 1129
4 1117 1129 1118 840
4 840 845 1129 841
4 840 841 1129 1118
4 609 1115 1129 1120
4 1115 622 1123 1125
4 1129 1123 624 1124
4 1120 1125 1124 623
4 1115 1129 1120 1125
4 1115 1125 1123 1129
4 1129 1120 1125 1124
4 1129 1124 1125 1123
4 609 1120 1129 841
4 1120 623 1124 1122
4 1129 1124 624 1118
4 841 1122 1118 599
4 1120 1129 841 1122
4 1120 1122 1124 1129
4 1129 841 1122 1118
4 1129 1118 1122 1124
4 107 771 773 1119
4 771 597 768 1130
4 773 768 599 1118
4 1119 1130 1118 624
4 771 773 1119 1130
4 771 1130 768 773
4 773 1119 1130 1118
4 773 1118 1130 768
4 597 759 761 1131
4 759 100 751 1133
4 761 751 595 1132
4 1131 1133 1132 625
4 759 761 1131 1133
4 759 1133 751 761
4 761 1131 1133 1132
4 761 1132 1133 751
4 599 762 764 1122
4 762 595 744 1134
4 764 744 103 1121
4 1122 1134 1121 623
4 762 764 1122 1134
4 762 1134 744 764
4 764 1122 1134 1121
4 764 1121 1134 744
4 624 1135 1124 1128
4 1135 625 1136 1137
4 1124 1136 623 1127
4 1128 1137 1127 92
4 1135 1124 1128 1137
4 1135 1137 1136 1124
4 1124 1128 1137 1127
4 1124 1127 1137 1136
4 597 768 1130 1131
4 768 599 1118 1138
4 1130 1118 624 1135
4 1131 1138 1135 625
4 768 1130 1131 1138
4 768 1138 1118 1130
4 1130 1131 1138 1135
4 1130 1135 1138 1118
4 597 1131 761 768
4 1131 625 1132 1138
4 761 1132 595 762
4 768 1138 762 599
4 1131 761 768 1138
4 1131 1138 1132 761
4 761 768 1138 762
4 761 762 1138 1132
4 599 1118 1138 1122
4 1118 624 1135 1124
4 1138 1135 625 1136
4 1122 1124 1136 623
4 1118 1138 1122 1124
4 1118 1124 1135 1138
4 1138 1122 1124 1136
4 1138 1136 1124 1135
4 599 1122 1138 762
4 1122 623 1136 1134
4 1138 1136 625 1132
4 762 1134 1132 595
4 1122 1138 762 1134
4 1122 1134 1136 1138
4 1138 762 1134 1132
4 1138 1132 1134 1136
4 0 412 16 198
4 412 157 409 1139
4 16 409 68 196
4 198 1139 196 110
4 412 16 198 1139
4 412 1139 409 16
4 16 198 1139 196
4 16 196 1139 409
4 157 411 408 1140
4 411 103 410 1121
4 408 410 156 1141
4 1140 1121 1141 623
4 411 408 1140 1121
4 411 1121 410 408
4 408 1140 1121 1141
4 408 1141 1121 410
4 68 407 17 194
4 407 156 406 1142
4 17 406 3 195
4 194 1142 195 111
4 407 17 194 1142
4 407 1142 406 17
4 17 194 1142 195
4 17 195 1142 406
4 110 1143 197 199
4 1143 623 1144 1127
4 197 1144 111 200
4 199 1127 200 92
4 1143 197 199 1127
4 1143 1127 1144 197
4 197 199 1127 200
4 197 200 1127 1144
4 157 409 1139 1140
4 409 68 196 1145
4 1139 196 110 1143
4 1140 1145 1143 623
4 409 1139 1140 1145
4 409 1145 196 1139
4 1139 1140 1145 1143
4 1139 1143 1145 196
4 157 1140 408 409
4 1140 623 1141 1145
4 408 1141 156 407
4 409 1145 407 68
4 1140 408 409 1145
4 1140 1145 1141 408
4 408 409 1145 407
4 408 407 1145 1141
4 68 196 1145 194
4 196 110 1143 197
4 1145 1143 623 1144
4 194 197 1144 111
4 196 1145 194 197
4 196 197 1143 1145
4 1145 194 197 1144
4 1145 1144 197 1143
4 68 194 1145 407
4 194 111 1144 1142
4 1145 1144 623 1141
4 407 1142 1141 156
4 194 1145 407 1142
4 194 1142 1144 1145
4 1145 407 1142 1141
4 1145 1141 1142 1144
4 0 37 238 198
4 37 57 236 201
4 238 236 118 1146
4 198 201 1146 110
4 37 238 198 201
4 37 201 236 238
4 238 198 201 1146
4 238 1146 201 236
4 57 36 234 202
4 36 4 235 204
4 234 235 119 1147
4 202 204 1147 112
4 36 234 202 204
4 36 204 235 234
4 234 202 204 1147
4 234 1147 204 235
4 118 237 239 1148
4 237 119 240 1149
4 239 240 96 1114
4 1148 1149 1114 622
4 237 239 1148 1149
4 237 1149 240 239
4 239 1148 1149 1114
4 239 1114 1149 240
4 110 203 1151 199
4 203 112 1150 205
4 1151 1150 622 1126
4 199 205 1126 92
4 203 1151 199 205
4 203 205 1150 1151
4 1151 199 205 1126
4 1151 1126 205 1150
4 57 236 201 202
4 236 118 1146 1152
4 201 1146 110 203
4 202 1152 203 112
4 236 201 202 1152
4 236 1152 1146 201
4 201 202 1152 203
4 201 203 1152 1146
4 57 202 234 236
4 202 112 1147 1152
4 234 1147 119 237
4 236 1152 237 118
4 202 234 236 1152
4 202 1152 1147 234
4 234 236 1152 237
4 234 237 1152 1147
4 118 1146 1152 1148
4 1146 110 203 1151
4 1152 203 112 1150
4 1148 1151 1150 622
4 1146 1152 1148 1151
4 1146 1151 203 1152
4 1152 1148 1151 1150
4 1152 1150 1151 203
4 118 1148 1152 237
4 1148 622 1150 1149
4 1152 1150 112 1147
4 237 1149 1147 119
4 1148 1152 237 1149
4 1148 1149 1150 1152
4 1152 237 1149 1147
4 1152 1147 1149 1150
4 3 336 31 195
4 336 140 334 1153
4 31 334 54 208
4 195 1153 208 111
4 336 31 195 1153
4 336 1153 334 31
4 31 195 1153 208
4 31 208 1153 334
4 140 337 335 1154
4 337 100 338 1133
4 335 338 141 1155
4 1154 1133 1155 625
4 337 335 1154 1133
4 337 1133 338 335
4 335 1154 1133 1155
4 335 1155 1133 338
4 54 332 30 206
4 332 141 333 1156
4 30 333 7 207
4 206 1156 207 113
4 332 30 206 1156
4 332 1156 333 30
4 30 206 1156 207
4 30 207 1156 333
4 111 1157 209 200
4 1157 625 1158 1137
4 209 1158 113 210
4 200 1137 210 92
4 1157 209 200 1137
4 1157 1137 1158 209
4 209 200 1137 210
4 209 210 1137 1158
4 140 334 1153 1154
4 334 54 208 1159
4 1153 208 111 1157
4 1154 1159 1157 625
4 334 1153 1154 1159
4 334 1159 208 1153
4 1153 1154 1159 1157
4 1153 1157 1159 208
4 140 1154 335 334
4 1154 625 1155 1159
4 335 1155 141 332
4 334 1159 332 54
4 1154 335 334 1159
4 1154 1159 1155 335
4 335 334 1159 332
4 335 332 1159 1155
4 54 208 1159 206
4 208 111 1157 209
4 1159 1157 625 1158
4 206 209 1158 113
4 208 1159 206 209
4 208 209 1157 1159
4 1159 206 209 1158
4 1159 1158 209 1157
4 54 206 1159 332
4 206 113 1158 1156
4 1159 1158 625 1155
4 332 1156 1155 141
4 206 1159 332 1156
4 206 1156 1158 1159
4 1159 332 1156 1155
4 1159 1155 1156 1158
4 7 493 39 207
4 493 176 492 1160
4 39 492 58 212
4 207 1160 212 113
4 493 39 207 1160
4 493 1160 492 39
4 39 207 1160 212
4 39 212 1160 492
4 176 498 495 1161
4 498 107 497 1119
4 495 497 175 1162
4 1161 1119 1162 624
4 498 495 1161 1119
4 498 1119 497 495
4 495 1161 1119 1162
4 495 1162 1119 497
4 58 494 38 211
4 494 175 496 1163
4 38 496 4 204
4 211 1163 204 112
4 494 38 211 1163
4 494 1163 496 38
4 38 211 1163 204
4 38 204 1163 496
4 113 1164 213 210
4 1164 624 1165 1128
4 213 1165 112 205
4 210 1128 205 92
4 1164 213 210 1128
4 1164 1128 1165 213
4 213 210 1128 205
4 213 205 1128 1165
4 176 492 1160 1161
4 492 58 212 1166
4 1160 212 113 1164
4 1161 1166 1164 624
4 492 1160 1161 1166
4 492 1166 212 1160
4 1160 1161 1166 1164
4 1160 1164 1166 212
4 176 1161 495 492
4 1161 624 1162 1166
4 495 1162 175 494
4 492 1166 494 58
4 1161 495 492 1166
4 1161 1166 1162 495
4 495 492 1166 494
4 495 494 1166 1162
4 58 212 1166 211
4 212 113 1164 213
4 1166 1164 624 1165
4 211 213 1165 112
4 212 1166 211 213
4 212 213 1164 1166
4 1166 211 213 1165
4 1166 1165 213 1164
4 58 211 1166 494
4 211 112 1165 1163
4 1166 1165 624 1162
4 494 1163 1162 175
4 211 1166 494 1163
4 211 1163 1165 1166
4 1166 494 1163 1162
4 1166 1162 1163 1165
4 94 286 708 285
4 286 130 1000 283
4 708 1000 589 951
4 285 283 951 129
4 286 708 285 283
4 286 283 1000 708
4 708 285 283 951
4 708 951 283 1000
4 130 281 1001 280
4 281 52 452 73
4 1001 452 167 453
4 280 73 453 81
4 281 1001 280 73
4 281 73 452 1001
4 1001 280 73 453
4 1001 453 73 452
4 589 1004 725 948
4 1004 167 456 454
4 725 456 105 457
4 948 454 457 168
4 1004 725 948 454
4 1004 454 456 725
4 725 948 454 457
4 725 457 454 456
4 129 282 953 284
4 282 81 455 72
4 953 455 168 458
4 284 72 458 51
4 282 953 284 72
4 282 72 455 953
4 953 284 72 458
4 953 458 72 455
4 130 1000 283 280
4 1000 589 951 1167
4 283 951 129 282
4 280 1167 282 81
4 1000 283 280 1167
4 1000 1167 951 283
4 283 280 1167 282
4 283 282 1167 951
4 130 280 1001 1000
4 280 81 453 1167
4 1001 453 167 1004
4 1000 1167 1004 589
4 280 1001 1000 1167
4 280 1167 453 1001
4 1001 1000 1167 1004
4 1001 1004 1167 453
4 589 951 1167 948
4 951 129 282 953
4 1167 282 81 455
4 948 953 455 168
4 951 1167 948 953
4 951 953 282 1167
4 1167 948 953 455
4 1167 455 953 282
4 589 948 1167 1004
4 948 168 455 454
4 1167 455 81 453
4 1004 454 453 167
4 948 1167 1004 454
4 948 454 455 1167
4 1167 1004 454 453
4 1167 453 454 455
4 85 44 563 391
4 44 50 561 389
4 563 561 191 1017
4 391 389 1017 153
4 44 563 391 389
4 44 389 561 563
4 563 391 389 1017
4 563 1017 389 561
4 50 45 560 388
4 45 53 558 366
4 560 558 190 866
4 388 366 866 148
4 45 560 388 366
4 45 366 558 560
4 560 388 366 866
4 560 866 366 558
4 191 562 564 1015
4 562 190 559 867
4 564 559 109 740
4 1015 867 740 592
4 562 564 1015 867
4 562 867 559 564
4 564 1015 867 740
4 564 740 867 559
4 153 390 1020 392
4 390 148 863 367
4 1020 863 592 729
4 392 367 729 98
4 390 1020 392 367
4 390 367 863 1020
4 1020 392 367 729
4 1020 729 367 863
4 50 561 389 388
4 561 191 1017 1168
4 389 1017 153 390
4 388 1168 390 148
4 561 389 388 1168
4 561 1168 1017 389
4 389 388 1168 390
4 389 390 1168 1017
4 50 388 560 561
4 388 148 866 1168
4 560 866 190 562
4 561 1168 562 191
4 388 560 561 1168
4 388 1168 866 560
4 560 561 1168 562
4 560 562 1168 866
4 191 1017 1168 1015
4 1017 153 390 1020
4 1168 390 148 863
4 1015 1020 863 592
4 1017 1168 1015 1020
4 1017 1020 390 1168
4 1168 1015 1020 863
4 1168 863 1020 390
4 191 1015 1168 562
4 1015 592 863 867
4 1168 863 148 866
4 562 867 866 190
4 1015 1168 562 867
4 1015 867 863 1168
4 1168 562 867 866
4 1168 866 867 863
4 87 10 542 297
4 10 65 540 312
4 542 540 186 736
4 297 312 736 133
4 10 542 297 312
4 10 312 540 542
4 542 297 312 736
4 542 736 312 540
4 65 11 538 313
4 11 88 539 315
4 538 539 187 1008
4 313 315 1008 136
4 11 538 313 315
4 11 315 539 538
4 538 313 315 1008
4 538 1008 315 539
4 186 541 543 738
4 541 187 544 1011
4 543 544 109 741
4 738 1011 741 593
4 541 543 738 1011
4 541 1011 544 543
4 543 738 1011 741
4 543 741 1011 544
4 133 314 733 298
4 314 136 1013 316
4 733 1013 593 734
4 298 316 734 94
4 314 733 298 316
4 314 316 1013 733
4 733 298 316 734
4 733 734 316 1013
4 65 540 312 313
4 540 186 736 1169
4 312 736 133 314
4 313 1169 314 136
4 540 312 313 1169
4 540 1169 736 312
4 312 313 1169 314
4 312 314 1169 736
4 65 313 538 540
4 313 136 1008 1169
4 538 1008 187 541
4 540 1169 541 186
4 313 538 540 1169
4 313 1169 1008 538
4 538 540 1169 541
4 538 541 1169 1008
4 186 736 1169 738
4 736 133 314 733
4 1169 314 136 1013
4 738 733 1013 593
4 736 1169 738 733
4 736 733 314 1169
4 1169 738 733 1013
4 1169 1013 733 314
4 186 738 1169 541
4 738 593 1013 1011
4 1169 1013 136 1008
4 541 1011 1008 187
4 738 1169 541 1011
4 738 1011 1013 1169
4 1169 541 1011 1008
4 1169 1008 1011 1013
4 91 22 355 478
4 22 62 354 476
4 355 354 146 1023
4 478 476 1023 172
4 22 355 478 476
4 22 476 354 355
4 355 478 476 1023
4 355 1023 476 354
4 62 23 356 474
4 23 61 358 473
4 356 358 145 881
4 474 473 881 171
4 23 356 474 473
4 23 473 358 356
4 356 474 473 881
4 356 881 473 358
4 146 357 360 1024
4 357 145 359 879
4 360 359 98 716
4 1024 879 716 591
4 357 360 1024 879
4 357 879 359 360
4 360 1024 879 716
4 360 716 879 359
4 172 475 1026 477
4 475 171 882 472
4 1026 882 591 727
4 477 472 727 105
4 475 1026 477 472
4 475 472 882 1026
4 1026 477 472 727
4 1026 727 472 882
4 62 354 476 474
4 354 146 1023 1170
4 476 1023 172 475
4 474 1170 475 171
4 354 476 474 1170
4 354 1170 1023 476
4 476 474 1170 475
4 476 475 1170 1023
4 62 474 356 354
4 474 171 881 1170
4 356 881 145 357
4 354 1170 357 146
4 474 356 354 1170
4 474 1170 881 356
4 356 354 1170 357
4 356 357 1170 881
4 146 1023 1170 1024
4 1023 172 475 1026
4 1170 475 171 882
4 1024 1026 882 591
4 1023 1170 1024 1026
4 1023 1026 475 1170
4 1170 1024 1026 882
4 1170 882 1026 475
4 146 1024 1170 357
4 1024 591 882 879
4 1170 882 171 881
4 357 879 881 145
4 1024 1170 357 879
4 1024 879 882 1170
4 1170 357 879 881
4 1170 881 879 882
4 103 439 410 744
4 439 163 437 996
4 410 437 156 1171
4 744 996 1171 595
4 439 410 744 996
4 439 996 437 410
4 410 744 996 1171
4 410 1171 996 437
4 163 435 436 998
4 435 90 8 342
4 436 8 69 340
4 998 342 340 142
4 435 436 998 342
4 435 342 8 436
4 436 998 342 340
4 436 340 342 8
4 156 438 406 1172
4 438 69 18 339
4 406 18 3 336
4 1172 339 336 140
4 438 406 1172 339
4 438 339 18 406
4 406 1172 339 336
4 406 336 339 18
4 595 997 1173 751
4 997 142 341 343
4 1173 341 140 337
4 751 343 337 100
4 997 1173 751 343
4 997 343 341 1173
4 1173 751 343 337
4 1173 337 343 341
4 163 437 996 998
4 437 156 1171 1174
4 996 1171 595 997
4 998 1174 997 142
4 437 996 998 1174
4 437 1174 1171 996
4 996 998 1174 997
4 996 997 1174 1171
4 163 998 436 437
4 998 142 340 1174
4 436 340 69 438
4 437 1174 438 156
4 998 436 437 1174
4 998 1174 340 436
4 436 437 1174 438
4 436 438 1174 340
4 156 1171 1174 1172
4 1171 595 997 1173
4 1174 997 142 341
4 1172 1173 341 140
4 1171 1174 1172 1173
4 1171 1173 997 1174
4 1174 1172 1173 341
4 1174 341 1173 997
4 156 1172 1174 438
4 1172 140 341 339
4 1174 341 142 340
4 438 339 340 69
4 1172 1174 438 339
4 1172 339 341 1174
4 1174 438 339 340
4 1174 340 339 341
4 84 41 350 522
4 41 59 349 521
4 350 349 144 992
4 522 521 992 182
4 41 350 522 521
4 41 521 349 350
4 350 522 521 992
4 350 992 521 349
4 59 29 351 523
4 29 7 333 493
4 351 333 141 1175
4 523 493 1175 176
4 29 351 523 493
4 29 493 333 351
4 351 523 493 1175
4 351 1175 493 333
4 144 352 353 993
4 352 141 338 1176
4 353 338 100 759
4 993 1176 759 597
4 352 353 993 1176
4 352 1176 338 353
4 353 993 1176 759
4 353 759 1176 338
4 182 524 994 525
4 524 176 1177 498
4 994 1177 597 771
4 525 498 771 107
4 524 994 525 498
4 524 498 1177 994
4 994 525 498 771
4 994 771 498 1177
4 59 349 521 523
4 349 144 992 1178
4 521 992 182 524
4 523 1178 524 176
4 349 521 523 1178
4 349 1178 992 521
4 521 523 1178 524
4 521 524 1178 992
4 59 523 351 349
4 523 176 1175 1178
4 351 1175 141 352
4 349 1178 352 144
4 523 351 349 1178
4 523 1178 1175 351
4 351 349 1178 352
4 351 352 1178 1175
4 144 992 1178 993
4 992 182 524 994
4 1178 524 176 1177
4 993 994 1177 597
4 992 1178 993 994
4 992 994 524 1178
4 1178 993 994 1177
4 1178 1177 994 524
4 144 993 1178 352
4 993 597 1177 1176
4 1178 1177 176 1175
4 352 1176 1175 141
4 993 1178 352 1176
4 993 1176 1177 1178
4 1178 352 1176 1175
4 1178 1175 1176 1177
4 89 306 527 13
4 306 134 971 304
4 527 971 184 526
4 13 304 526 66
4 306 527 13 304
4 306 304 971 527
4 527 13 304 526
4 527 526 304 971
4 134 307 968 305
4 307 95 809 308
4 968 809 605 1034
4 305 308 1034 135
4 307 968 305 308
4 307 308 809 968
4 968 305 308 1034
4 968 1034 308 809
4 184 970 532 529
4 970 605 813 1035
4 532 813 106 531
4 529 1035 531 183
4 970 532 529 1035
4 970 1035 813 532
4 532 529 1035 531
4 532 531 1035 813
4 66 302 528 12
4 302 135 1033 303
4 528 1033 183 530
4 12 303 530 88
4 302 528 12 303
4 302 303 1033 528
4 528 12 303 530
4 528 530 303 1033
4 134 971 304 305
4 971 184 526 1179
4 304 526 66 302
4 305 1179 302 135
4 971 304 305 1179
4 971 1179 526 304
4 304 305 1179 302
4 304 302 1179 526
4 134 305 968 971
4 305 135 1034 1179
4 968 1034 605 970
4 971 1179 970 184
4 305 968 971 1179
4 305 1179 1034 968
4 968 971 1179 970
4 968 970 1179 1034
4 184 526 1179 529
4 526 66 302 528
4 1179 302 135 1033
4 529 528 1033 183
4 526 1179 529 528
4 526 528 302 1179
4 1179 529 528 1033
4 1179 1033 528 302
4 184 529 1179 970
4 529 183 1033 1035
4 1179 1033 135 1034
4 970 1035 1034 605
4 529 1179 970 1035
4 529 1035 1033 1179
4 1179 970 1035 1034
4 1179 1034 1035 1033
4 107 497 806 503
4 497 175 1180 501
4 806 1180 604 982
4 503 501 982 177
4 497 806 503 501
4 497 501 1180 806
4 806 503 501 982
4 806 982 501 1180
4 175 496 1181 499
4 496 4 235 15
4 1181 235 119 260
4 499 15 260 67
4 496 1181 499 15
4 496 15 235 1181
4 1181 499 15 260
4 1181 260 15 235
4 604 1182 791 981
4 1182 119 240 261
4 791 240 96 262
4 981 261 262 124
4 1182 791 981 261
4 1182 261 240 791
4 791 981 261 262
4 791 262 261 240
4 177 500 983 502
4 500 67 258 14
4 983 258 124 259
4 502 14 259 89
4 500 983 502 14
4 500 14 258 983
4 983 502 14 259
4 983 259 14 258
4 175 1180 501 499
4 1180 604 982 1183
4 501 982 177 500
4 499 1183 500 67
4 1180 501 499 1183
4 1180 1183 982 501
4 501 499 1183 500
4 501 500 1183 982
4 175 499 1181 1180
4 499 67 260 1183
4 1181 260 119 1182
4 1180 1183 1182 604
4 499 1181 1180 1183
4 499 1183 260 1181
4 1181 1180 1183 1182
4 1181 1182 1183 260
4 604 982 1183 981
4 982 177 500 983
4 1183 500 67 258
4 981 983 258 124
4 982 1183 981 983
4 982 983 500 1183
4 1183 981 983 258
4 1183 258 983 500
4 604 981 1183 1182
4 981 124 258 261
4 1183 258 67 260
4 1182 261 260 119
4 981 1183 1182 261
4 981 261 258 1183
4 1183 1182 261 260
4 1183 260 261 258
4 99 398 817 399
4 398 154 975 396
4 817 975 606 1031
4 399 396 1031 155
4 398 817 399 396
4 398 396 975 817
4 817 399 396 1031
4 817 1031 396 975
4 154 397 977 395
4 397 84 569 42
4 977 569 192 567
4 395 42 567 60
4 397 977 395 42
4 397 42 569 977
4 977 395 42 567
4 977 567 42 569
4 606 978 828 1030
4 978 192 570 568
4 828 570 106 571
4 1030 568 571 193
4 978 828 1030 568
4 978 568 570 828
4 828 1030 568 571
4 828 571 568 570
4 155 393 1029 394
4 393 60 565 43
4 1029 565 193 566
4 394 43 566 85
4 393 1029 394 43
4 393 43 565 1029
4 1029 394 43 566
4 1029 566 43 565
4 154 975 396 395
4 975 606 1031 1184
4 396 1031 155 393
4 395 1184 393 60
4 975 396 395 1184
4 975 1184 1031 396
4 396 395 1184 393
4 396 393 1184 1031
4 154 395 977 975
4 395 60 567 1184
4 977 567 192 978
4 975 1184 978 606
4 395 977 975 1184
4 395 1184 567 977
4 977 975 1184 978
4 977 978 1184 567
4 606 1031 1184 1030
4 1031 155 393 1029
4 1184 393 60 565
4 1030 1029 565 193
4 1031 1184 1030 1029
4 1031 1029 393 1184
4 1184 1030 1029 565
4 1184 565 1029 393
4 606 1030 1184 978
4 1030 193 565 568
4 1184 565 60 567
4 978 568 567 192
4 1030 1184 978 568
4 1030 568 565 1184
4 1184 978 568 567
4 1184 567 568 565
4 102 484 775 483
4 484 174 985 481
4 775 985 600 1037
4 483 481 1037 173
4 484 775 483 481
4 484 481 985 775
4 775 483 481 1037
4 775 1037 481 985
4 174 485 990 482
4 485 90 372 20
4 990 372 150 371
4 482 20 371 70
4 485 990 482 20
4 485 20 372 990
4 990 482 20 371
4 990 371 20 372
4 600 988 786 1039
4 988 150 377 374
4 786 377 99 376
4 1039 374 376 149
4 988 786 1039 374
4 988 374 377 786
4 786 1039 374 376
4 786 376 374 377
4 173 480 1038 479
4 480 70 373 21
4 1038 373 149 375
4 479 21 375 91
4 480 1038 479 21
4 480 21 373 1038
4 1038 479 21 375
4 1038 375 21 373
4 174 985 481 482
4 985 600 1037 1185
4 481 1037 173 480
4 482 1185 480 70
4 985 481 482 1185
4 985 1185 1037 481
4 481 482 1185 480
4 481 480 1185 1037
4 174 482 990 985
4 482 70 371 1185
4 990 371 150 988
4 985 1185 988 600
4 482 990 985 1185
4 482 1185 371 990
4 990 985 1185 988
4 990 988 1185 371
4 600 1037 1185 1039
4 1037 173 480 1038
4 1185 480 70 373
4 1039 1038 373 149
4 1037 1185 1039 1038
4 1037 1038 480 1185
4 1185 1039 1038 373
4 1185 373 1038 480
4 600 1039 1185 988
4 1039 149 373 374
4 1185 373 70 371
4 988 374 371 150
4 1039 1185 988 374
4 1039 374 373 1185
4 1185 988 374 371
4 1185 371 374 373
4 0 77 412 238
4 77 83 413 241
4 412 413 157 1186
4 238 241 1186 118
4 77 412 238 241
4 77 241 413 412
4 412 238 241 1186
4 412 1186 241 413
4 83 76 415 242
4 76 86 417 244
4 415 417 158 844
4 242 244 844 120
4 76 415 242 244
4 76 244 417 415
4 415 242 244 844
4 415 844 244 417
4 157 414 411 1187
4 414 158 416 842
4 411 416 103 843
4 1187 842 843 609
4 414 411 1187 842
4 414 842 416 411
4 411 1187 842 843
4 411 843 842 416
4 118 243 1188 239
4 243 120 846 245
4 1188 846 609 847
4 239 245 847 96
4 243 1188 239 245
4 243 245 846 1188
4 1188 239 245 847
4 1188 847 245 846
4 83 413 241 242
4 413 157 1186 1189
4 241 1186 118 243
4 242 1189 243 120
4 413 241 242 1189
4 413 1189 1186 241
4 241 242 1189 243
4 241 243 1189 1186
4 83 242 415 413
4 242 120 844 1189
4 415 844 158 414
4 413 1189 414 157
4 242 415 413 1189
4 242 1189 844 415
4 415 413 1189 414
4 415 414 1189 844
4 157 1186 1189 1187
4 1186 118 243 1188
4 1189 243 120 846
4 1187 1188 846 609
4 1186 1189 1187 1188
4 1186 1188 243 1189
4 1189 1187 1188 846
4 1189 846 1188 243
4 157 1187 1189 414
4 1187 609 846 842
4 1189 846 120 844
4 414 842 844 158
4 1187 1189 414 842
4 1187 842 846 1189
4 1189 414 842 844
4 1189 844 842 846
4 86 75 440 269
4 75 71 441 268
4 440 441 164 832
4 269 268 832 127
4 75 440 269 268
4 75 268 441 440
4 440 269 268 832
4 440 832 268 441
4 71 74 443 270
4 74 52 446 272
4 443 446 165 963
4 270 272 963 126
4 74 443 270 272
4 74 272 446 443
4 443 270 272 963
4 443 963 272 446
4 164 442 444 835
4 442 165 445 962
4 444 445 102 834
4 835 962 834 608
4 442 444 835 962
4 442 962 445 444
4 444 835 962 834
4 444 834 962 445
4 127 271 836 274
4 271 126 964 273
4 836 964 608 838
4 274 273 838 95
4 271 836 274 273
4 271 273 964 836
4 836 274 273 838
4 836 838 273 964
4 71 441 268 270
4 441 164 832 1190
4 268 832 127 271
4 270 1190 271 126
4 441 268 270 1190
4 441 1190 832 268
4 268 270 1190 271
4 268 271 1190 832
4 71 270 443 441
4 270 126 963 1190
4 443 963 165 442
4 441 1190 442 164
4 270 443 441 1190
4 270 1190 963 443
4 443 441 1190 442
4 443 442 1190 963
4 164 832 1190 835
4 832 127 271 836
4 1190 271 126 964
4 835 836 964 608
4 832 1190 835 836
4 832 836 271 1190
4 1190 835 836 964
4 1190 964 836 271
4 164 835 1190 442
4 835 608 964 962
4 1190 964 126 963
4 442 962 963 165
4 835 1190 442 962
4 835 962 964 1190
4 1190 442 962 963
4 1190 963 962 964
4 96 847 239 1114
4 847 609 1188 1115
4 239 1188 118 1148
4 1114 1115 1148 622
4 847 239 1114 1115
4 847 1115 1188 239
4 239 1114 1115 1148
4 239 1148 1115 1188
4 609 843 1187 1120
4 843 103 411 1121
4 1187 411 157 1140
4 1120 1121 1140 623
4 843 1187 1120 1121
4 843 1121 411 1187
4 1187 1120 1121 1140
4 1187 1140 1121 411
4 118 1186 238 1146
4 1186 157 412 1139
4 238 412 0 198
4 1146 1139 198 110
4 1186 238 1146 1139
4 1186 1139 412 238
4 238 1146 1139 198
4 238 198 1139 412
4 622 1125 1151 1126
4 1125 623 1143 1127
4 1151 1143 110 199
4 1126 1127 199 92
4 1125 1151 1126 1127
4 1125 1127 1143 1151
4 1151 1126 1127 199
4 1151 199 1127 1143
4 609 1188 1115 1120
4 1188 118 1148 1191
4 1115 1148 622 1125
4 1120 1191 1125 623
4 1188 1115 1120 1191
4 1188 1191 1148 1115
4 1115 1120 1191 1125
4 1115 1125 1191 1148
4 609 1120 1187 1188
4 1120 623 1140 1191
4 1187 1140 157 1186
4 1188 1191 1186 118
4 1120 1187 1188 1191
4 1120 1191 1140 1187
4 1187 1188 1191 1186
4 1187 1186 1191 1140
4 118 1148 1191 1146
4 1148 622 1125 1151
4 1191 1125 623 1143
4 1146 1151 1143 110
4 1148 1191 1146 1151
4 1148 1151 1125 1191
4 1191 1146 1151 1143
4 1191 1143 1151 1125
4 118 1146 1191 1186
4 1146 110 1143 1139
4 1191 1143 623 1140
4 1186 1139 1140 157
4 1146 1191 1186 1139
4 1146 1139 1143 1191
4 1191 1186 1139 1140
4 1191 1140 1139 1143
4 96 240 791 1114
4 240 119 1182 1149
4 791 1182 604 1116
4 1114 1149 1116 622
4 240 791 1114 1149
4 240 1149 1182 791
4 791 1114 1149 1116
4 791 1116 1149 1182
4 119 235 1181 1147
4 235 4 496 204
4 1181 496 175 1163
4 1147 204 1163 112
4 235 1181 1147 204
4 235 204 496 1181
4 1181 1147 204 1163
4 1181 1163 204 496
4 604 1180 806 1117
4 1180 175 497 1162
4 806 497 107 1119
4 1117 1162 1119 624
4 1180 806 1117 1162
4 1180 1162 497 806
4 806 1117 1162 1119
4 806 1119 1162 497
4 622 1150 1123 1126
4 1150 112 1165 205
4 1123 1165 624 1128
4 1126 205 1128 92
4 1150 1123 1126 205
4 1150 205 1165 1123
4 1123 1126 205 1128
4 1123 1128 205 1165
4 119 1182 1149 1147
4 1182 604 1116 1192
4 1149 1116 622 1150
4 1147 1192 1150 112
4 1182 1149 1147 1192
4 1182 1192 1116 1149
4 1149 1147 1192 1150
4 1149 1150 1192 1116
4 119 1147 1181 1182
4 1147 112 1163 1192
4 1181 1163 175 1180
4 1182 1192 1180 604
4 1147 1181 1182 1192
4 1147 1192 1163 1181
4 1181 1182 1192 1180
4 1181 1180 1192 1163
4 604 1116 1192 1117
4 1116 622 1150 1123
4 1192 1150 112 1165
4 1117 1123 1165 624
4 1116 1192 1117 1123
4 1116 1123 1150 1192
4 1192 1117 1123 1165
4 1192 1165 1123 1150
4 604 1117 1192 1180
4 1117 624 1165 1162
4 1192 1165 112 1163
4 1180 1162 1163 175
4 1117 1192 1180 1162
4 1117 1162 1165 1192
4 1192 1180 1162 1163
4 1192 1163 1162 1165
4 100 337 751 1133
4 337 140 1173 1154
4 751 1173 595 1132
4 1133 1154 1132 625
4 337 751 1133 1154
4 337 1154 1173 751
4 751 1133 1154 1132
4 751 1132 1154 1173
4 140 336 1172 1153
4 336 3 406 195
4 1172 406 156 1142
4 1153 195 1142 111
4 336 1172 1153 195
4 336 195 406 1172
4 1172 1153 195 1142
4 1172 1142 195 406
4 595 1171 744 1134
4 1171 156 410 1141
4 744 410 103 1121
4 1134 1141 1121 623
4 1171 744 1134 1141
4 1171 1141 410 744
4 744 1134 1141 1121
4 744 1121 1141 410
4 625 1157 1136 1137
4 1157 111 1144 200
4 1136 1144 623 1127
4 1137 200 1127 92
4 1157 1136 1137 200
4 1157 200 1144 1136
4 1136 1137 200 1127
4 1136 1127 200 1144
4 140 1173 1154 1153
4 1173 595 1132 1193
4 1154 1132 625 1157
4 1153 1193 1157 111
4 1173 1154 1153 1193
4 1173 1193 1132 1154
4 1154 1153 1193 1157
4 1154 1157 1193 1132
4 140 1153 1172 1173
4 1153 111 1142 1193
4 1172 1142 156 1171
4 1173 1193 1171 595
4 1153 1172 1173 1193
4 1153 1193 1142 1172
4 1172 1173 1193 1171
4 1172 1171 1193 1142
4 595 1132 1193 1134
4 1132 625 1157 1136
4 1193 1157 111 1144
4 1134 1136 1144 623
4 1132 1193 1134 1136
4 1132 1136 1157 1193
4 1193 1134 1136 1144
4 1193 1144 1136 1157
4 595 1134 1193 1171
4 1134 623 1144 1141
4 1193 1144 111 1142
4 1171 1141 1142 156
4 1134 1193 1171 1141
4 1134 1141 1144 1193
4 1193 1171 1141 1142
4 1193 1142 1141 1144
4 107 498 771 1119
4 498 176 1177 1161
4 771 1177 597 1130
4 1119 1161 1130 624
4 498 771 1119 1161
4 498 1161 1177 771
4 771 1119 1161 1130
4 771 1130 1161 1177
4 176 493 1175 1160
4 493 7 333 207
4 1175 333 141 1156
4 1160 207 1156 113
4 493 1175 1160 207
4 493 207 333 1175
4 1175 1160 207 1156
4 1175 1156 207 333
4 597 1176 759 1131
4 1176 141 338 1155
4 759 338 100 1133
4 1131 1155 1133 625
4 1176 759 1131 1155
4 1176 1155 338 759
4 759 1131 1155 1133
4 759 1133 1155 338
4 624 1164 1135 1128
4 1164 113 1158 210
4 1135 1158 625 1137
4 1128 210 1137 92
4 1164 1135 1128 210
4 1164 210 1158 1135
4 1135 1128 210 1137
4 1135 1137 210 1158
4 176 1177 1161 1160
4 1177 597 1130 1194
4 1161 1130 624 1164
4 1160 1194 1164 113
4 1177 1161 1160 1194
4 1177 1194 1130 1161
4 1161 1160 1194 1164
4 1161 1164 1194 1130
4 176 1160 1175 1177
4 1160 113 1156 1194
4 1175 1156 141 1176
4 1177 1194 1176 597
4 1160 1175 1177 1194
4 1160 1194 1156 1175
4 1175 1177 1194 1176
4 1175 1176 1194 1156
4 597 1130 1194 1131
4 1130 624 1164 1135
4 1194 1164 113 1158
4 1131 1135 1158 625
4 1130 1194 1131 1135
4 1130 1135 1164 1194
4 1194 1131 1135 1158
4 1194 1158 1135 1164
4 597 1131 1194 1176
4 1131 625 1158 1155
4 1194 1158 113 1156
4 1176 1155 1156 141
4 1131 1194 1176 1155
4 1131 1155 1158 1194
4 1194 1176 1155 1156
4 1194 1156 1155 1158

CELL_TYPES 6568
1
1
1
1
1
1
1
1
3
3
3
3
3
3
3
3
3
3
3
3
3
3
3
3
3
3
3
3
3
3
3
3
3
3
3
3
3
3
3
3
3
3
3
3
3
3
3
3
3
3
3
3
3
3
3
3
3
3
3
3
3
3
3
3
3
3
3
3
3
3
3
3
3
3
3
3
3
3
3
3
3
3
3
3
3
3
3
3
3
3
3
3
3
3
3
3
3
3
3
3
3
3
3
3
5
5
5
5
5
5
5
5
5
5
5
5
5
5
5
5
5
5
5
5
5
5
5
5
5
5
5
5
5
5
5
5
5
5
5
5
5
5
5
5
5
5
5
5
5
5
5
5
5
5
5
5
5
5
5
5
5
5
5
5
5
5
5
5
5
5
5
5
5
5
5
5
5
5
5
5
5
5
5
5
5
5
5
5
5
5
5
5
5
5
5
5
5
5
5
5
5
5
5
5
5
5
5
5
5
5
5
5
5
5
5
5
5
5
5
5
5
5
5
5
5
5
5
5
5
5
5
5
5
5
5
5
5
5
5
5
5
5
5
5
5
5
5
5
5
5
5
5
5
5
5
5
5
5
5
5
5
5
5
5
5
5
5
5
5
5
5
5
5
5
5
5
5
5
5
5
5
5
5
5
5
5
5
5
5
5
5
5
5
5
5
5
5
5
5
5
5
5
5
5
5
5
5
5
5
5
5
5
5
5
5
5
5
5
5
5
5
5
5
5
5
5
5
5
5
5
5
5
5
5
5
5
5
5
5
5
5
5
5
5
5
5
5
5
5
5
5
5
5
5
5
5
5
5
5
5
5
5
5
5
5
5
5
5
5
5
5
5
5
5
5
5
5
5
5
5
5
5
5
5
5
5
5
5
5
5
5
5
5
5
5
5
5
5
5
5
5
5
5
5
5
5
5
5
5
5
5
5
5
5
5
5
5
5
5
5
5
5
5
5
5
5
5
5
5
5
5
5
5
5
5
5
5
5
5
5
5
5
5
5
5
5
5
5
5
5
5
5
5
5
5
5
5
5
5
5
5
5
5
5
5
5
5
5
5
5
5
5
5
5
5
5
5
5
5
5
5
5
5
5
5
5
5
5
5
5
5
5
5
5
5
5
5
5
5
5
5
5
5
5
5
5
5
5
5
5
5
5
5
5
5
5
5
5
5
5
5
5
5
5
5
5
5
5
5
5
5
5
5
5
5
5
5
5
5
5
5
5
5
5
5
5
5
5
5
5
5
5
5
5
5
5
5
5
5
5
5
5
5
5
5
5
5
5
5
5
5
5
5
5
5
5
5
5
5
5
5
5
5
5
5
5
5
5
5
5
5
5
5
5
5
5
5
5
5
5
5
5
5
5
5
5
5
5
5
5
5
5
5
5
5
5
5
5
5
5
5
5
5
5
5
5
5
5
5
5
5
5
5
5
5
5
5
5
5
5
5
5
5
5
5
5
5
5
5
5
5
5
5
5
5
5
5
5
5
5
5
5
5
5
5
5
5
5
5
5
5
5
5
5
5
5
5
5
5
5
5
5
5
5
5
5
5
5
5
5
5
5
5
5
5
5
5
5
5
5
5
5
5
5
5
5
5
5
5
5
5
5
5
5
5
5
5
5
5
5
5
5
5
5
5
5
5
5
5
5
5
5
5
5
5
5
5
5
5
5
5
5
5
5
5
5
5
5
5
5
5
5
5
5
5
5
5
5
5
5
5
5
5
5
5
5
5
5
5
5
5
5
5
5
5
5
5
5
5
5
5
5
5
5
5
5
5
5
5
5
5
5
5
5
5
5
5
5
5
5
5
5
5
5
5
5
5
5
5
5
5
5
5
5
5
5
5
5
5
5
5
5
5
5
5
5
5
5
5
5
5
5
5
5
5
5
5
5
5
5
5
5
5
5
5
5
5
5
5
5
5
5
5
5
5
5
5
5
5
5
5
5
5
5
5
5
5
5
5
5
5
5
5
5
5
5
5
5
5
5
5
5
5
5
5
5
5
5
5
5
5
5
5
5
5
5
5
5
5
5
5
5
5
5
5
5
5
5
5
5
5
5
5
5
5
5
5
5
5
5
5
5
5
5
5
5
5
5
5
5
5
5
5
5
5
5
5
5
5
5
5
5
5
5
5
5
5
5
5
5
5
5
5
5
5
5
5
5
5
5
5
5
5
5
5
5
5
5
5
5
5
5
5
5
5
5
5
5
5
5
5
5
5
5
5
5
5
5
5
5
5
5
5
5
5
5
5
5
5
5
5
5
5
5
5
5
5
5
5
5
5
5
5
5
5
5
5
5
5
5
5
5
5
5
5
5
5
5
5
5
5
5
5
5
5
5
5
5
5
5
5
5
5
5
5
5
5
5
5
5
5
5
5
5
5
5
5
5
5
5
5
5
5
5
5
5
5
5
5
5
5
5
5
5
5
5
5
5
5
5
5
5
5
5
5
5
5
5
5
5
5
5
5
5
5
5
5
5
5
5
5
5
5
5
5
5
5
5
5
5
5
5
5
5
5
5
5
5
5
5
5
5
5
5
5
5
5
5
5
5
5
5
5
5
5
5
5
5
5
5
5
5
5
5
5
5
5
5
5
5
5
5
5
5
5
5
5
5
5
5
5
5
5
5
5
5
5
5
5
5
5
5
5
5
5
5
5
5
5
5
5
5
5
5
5
5
5
5
5
5
5
5
5
5
5
5
5
5
5
5
5
5
5
5
5
5
5
5
5
5
5
5
5
5
5
5
5
5
5
5
5
5
5
5
5
5
5
5
5
5
5
5
5
5
5
5
5
5
5
5
5
5
5
5
5
5
5
5
5
5
5
5
5
5
5
5
10
10
10
10
10
10
10
10
10
10
10
10
10
10
10
10
10
10
10
10
10
10
10
10
10
10
10
10
10
10
10
10
10
10
10
10
10
10
10
10
10
10
10
10
10
10
10
10
10
10
10
10
10
10
10
10
10
10
10
10
10
10
10
10
10
10
10
10
10
10
10
10
10
10
10
10
10
10
10
10
10
10
10
10
10
10
10
10
10
10
10
10
10
10
10
10
10
10
10
10
10
10
10
10
10
10
10
10
10
10
10
10
10
10
10
10
10
10
10
10
10
10
10
10
10
10
10
10
10
10
10
10
10
10
10
10
10
10
10
10
10
10
10
10
10
10
10
10
10
10
10
10
10
10
10
10
10
10
10
10
10
10
10
10
10
10
10
10
10
10
10
10
10
10
10
10
10
10
10
10
10
10
10
10
10
10
10
10
10
10
10
10
10
10
10
10
10
10
10
10
10
10
10
10
10
10
10
10
10
10
10
10
10
10
10
10
10
10
10
10
10
10
10
10
10
10
10
10
10
10
10
10
10
10
10
10
10
10
10
10
10
10
10
10
10
10
10
10
10
10
10
10
10
10
10
10
10
10
10
10
10
10
10
10
10
10
10
10
10
10
10
10
10
10
10
10
10
10
10
10
10
10
10
10
10
10
10
10
10
10
10
10
10
10
10
10
10
10
10
10
10
10
10
10
10
10
10
10
10
10
10
10
10
10
10
10
10
10
10
10
10
10
10
10
10
10
10
10
10
10
10
10
10
10
10
10
10
10
10
10
10
10
10
10
10
10
10
10
10
10
10
10
10
10
10
10
10
10
10
10
10
10
10
10
10
10
10
10
10
10
10
10
10
10
10
10
10
10
10
10
10
10
10
10
10
10
10
10
10
10
10
10
10
10
10
10
10
10
10
10
10
10
10
10
10
10
10
10
10
10
10
10
10
10
10
10
10
10
10
10
10
10
10
10
10
10
10
10
10
10
10
10
10
10
10
10
10
10
10
10
10
10
10
10
10
10
10
10
10
10
10
10
10
10
10
10
10
10
10
10
10
10
10
10
10
10
10
10
10
10
10
10
10
10
10
10
10
10
10
10
10
10
10
10
10
10
10
10
10
10
10
10
10
10
10
10
10
10
10
10
10
10
10
10
10
10
10
10
10
10
10
10
10
10
10
10
10
10
10
10
10
10
10
10
10
10
10
10
10
10
10
10
10
10
10
10
10
10
10
10
10
10
10
10
10
10
10
10
10
10
10
10
10
10
10
10
10
10
10
10
10
10
10
10
10
10
10
10
10
10
10
10
10
10
10
10
10
10
10
10
10
10
10
10
10
10
10
10
10
10
10
10
10
10
10
10
10
10
10
10
10
10
10
10
10
10
10
10
10
10
10
10
10
10
10
10
10
10
10
10
10
10
10
10
10
10
10
10
10
10
10
10
10
10
10
10
10
10
10
10
10
10
10
10
10
10
10
10
10
10
10
10
10
10
10
10
10
10
10
10
10
10
10
10
10
10
10
10
10
10
10
10
10
10
10
10
10
10
10
10
10
10
10
10
10
10
10
10
10
10
10
10
10
10
10
10
10
10
10
10
10
10
10
10
10
10
10
10
10
10
10
10
10
10
10
10
10
10
10
10
10
10
10
10
10
10
10
10
10
10
10
10
10
10
10
10
10
10
10
10
10
10
10
10
10
10
10
10
10
10
10
10
10
10
10
10
10
10
10
10
10
10
10
10
10
10
10
10
10
10
10
10
10
10
10
10
10
10
10
10
10
10
10
10
10
10
10
10
10
10
10
10
10
10
10
10
10
10
10
10
10
10
10
10
10
10
10
10
10
10
10
10
10
10
10
10
10
10
10
10
10
10
10
10
10
10
10
10
10
10
10
10
10
10
10
10
10
10
10
10
10
10
10
10
10
10
10
10
10
10
10
10
10
10
10
10
10
10
10
10
10
10
10
10
10
10
10
10
10
10
10
10
10
10
10
10
10
10
10
10
10
10
10
10
10
10
10
10
10
10
10
10
10
10
10
10
10
10
10
10
10
10
10
10
10
10
10
10
10
10
10
10
10
10
10
10
10
10
10
10
10
10
10
10
10
10
10
10
10
10
10
10
10
10
10
10
10
10
10
10
10
10
10
10
10
10
10
10
10
10
10
10
10
10
10
10
10
10
10
10
10
10
10
10
10
10
10
10
10
10
10
10
10
10
10
10
10
10
10
10
10
10
10
10
10
10
10
10
10
10
10
10
10
10
10
10
10
10
10
10
10
10
10
10
10
10
10
10
10
10
10
10
10
10
10
10
10
10
10
10
10
10
10
10
10
10
10
10
10
10
10
10
10
10
10
10
10
10
10
10
10
10
10
10
10
10
10
10
10
10
10
10
10
10
10
10
10
10
10
10
10
10
10
10
10
10
10
10
10
10
10
10
10
10
10
10
10
10
10
10
10
10
10
10
10
10
10
10
10
10
10
10
10
10
10
10
10
10
10
10
10
10
10
10
10
10
10
10
10
10
10
10
10
10
10
10
10
10
10
10
10
10
10
10
10
10
10
10
10
10
10
10
10
10
10
10
10
10
10
10
10
10
10
10
10
10
10
10
10
10
10
10
10
10
10
10
10
10
10
10
10
10
10
10
10
10
10
10
10
10
10
10
10
10
10
10
10
10
10
10
10
10
10
10
10
10
10
10
10
10
10
10
10
10
10
10
10
10
10
10
10
10
10
10
10
10
10
10
10
10
10
10
10
10
10
10
10
10
10
10
10
10
10
10
10
10
10
10
10
10
10
10
10
10
10
10
10
10
10
10
10
10
10
10
10
10
10
10
10
10
10
10
10
10
10
10
10
10
10
10
10
10
10
10
10
10
10
10
10
10
10
10
10
10
10
10
10
10
10
10
10
10
10
10
10
10
10
10
10
10
10
10
10
10
10
10
10
10
10
10
10
10
10
10
10
10
10
10
10
10
10
10
10
10
10
10
10
10
10
10
10
10
10
10
10
10
10
10
10
10
10
10
10
10
10
10
10
10
10
10
10
10
10
10
10
10
10
10
10
10
10
10
10
10
10
10
10
10
10
10
10
10
10
10
10
10
10
10
10
10
10
10
10
10
10
10
10
10
10
10
10
10
10
10
10
10
10
10
10
10
10
10
10
10
10
10
10
10
10
10
10
10
10
10
10
10
10
10
10
10
10
10
10
10
10
10
10
10
10
10
10
10
10
10
10
10
10
10
10
10
10
10
10
10
10
10
10
10
10
10
10
10
10
10
10
10
10
10
10
10
10
10
10
10
10
10
10
10
10
10
10
10
10
10
10
10
10
10
10
10
10
10
10
10
10
10
10
10
10
10
10
10
10
10
10
10
10
10
10
10
10
10
10
10
10
10
10
10
10
10
10
10
10
10
10
10
10
10
10
10
10
10
10
10
10
10
10
10
10
10
10
10
10
10
10
10
10
10
10
10
10
10
10
10
10
10
10
10
10
10
10
10
10
10
10
10
10
10
10
10
10
10
10
10
10
10
10
10
10
10
10
10
10
10
10
10
10
10
10
10
10
10
10
10
10
10
10
10
10
10
10
10
10
10
10
10
10
10
10
10
10
10
10
10
10
10
10
10
10
10
10
10
10
10
10
10
10
10
10
10
10
10
10
10
10
10
10
10
10
10
10
10
10
10
10
10
10
10
10
10
10
10
10
10
10
10
10
10
10
10
10
10
10
10
10
10
10
10
10
10
10
10
10
10
10
10
10
10
10
10
10
10
10
10
10
10
10
10
10
10
10
10
10
10
10
10
10
10
10
10
10
10
10
10
10
10
10
10
10
10
10
10
10
10
10
10
10
10
10
10
10
10
10
10
10
10
10
10
10
10
10
10
10
10
10
10
10
10
10
10
10
10
10
10
10
10
10
10
10
10
10
10
10
10
10
10
10
10
10
10
10
10
10
10
10
10
10
10
10
10
10
10
10
10
10
10
10
10
10
10
10
10
10
10
10
10
10
10
10
10
10
10
10
10
10
10
10
10
10
10
10
10
10
10
10
10
10
10
10
10
10
10
10
10
10
10
10
10
10
10
10
10
10
10
10
10
10
10
10
10
10
10
10
10
10
10
10
10
10
10
10
10
10
10
10
10
10
10
10
10
10
10
10
10
10
10
10
10
10
10
10
10
10
10
10
10
10
10
10
10
10
10
10
10
10
10
10
10
10
10
10
10
10
10
10
10
10
10
10
10
10
10
10
10
10
10
10
10
10
10
10
10
10
10
10
10
10
10
10
10
10
10
10
10
10
10
10
10
10
10
10
10
10
10
10
10
10
10
10
10
10
10
10
10
10
10
10
10
10
10
10
10
10
10
10
10
10
10
10
10
10
10
10
10
10
10
10
10
10
10
10
10
10
10
10
10
10
10
10
10
10
10
10
10
10
10
10
10
10
10
10
10
10
10
10
10
10
10
10
10
10
10
10
10
10
10
10
10
10
10
10
10
10
10
10
10
10
10
10
10
10
10
10
10
10
10
10
10
10
10
10
10
10
10
10
10
10
10
10
10
10
10
10
10
10
10
10
10
10
10
10
10
10
10
10
10
10
10
10
10
10
10
10
10
10
10
10
10
10
10
10
10
10
10
10
10
10
10
10
10
10
10
10
10
10
10
10
10
10
10
10
10
10
10
10
10
10
10
10
10
10
10
10
10
10
10
10
10
10
10
10
10
10
10
10
10
10
10
10
10
10
10
10
10
10
10
10
10
10
10
10
10
10
10
10
10
10
10
10
10
10
10
10
10
10
10
10
10
10
10
10
10
10
10
10
10
10
10
10
10
10
10
10
10
10
10
10
10
10
10
10
10
10
10
10
10
10
10
10
10
10
10
10
10
10
10
10
10
10
10
10
10
10
10
10
10
10
10
10
10
10
10
10
10
10
10
10
10
10
10
10
10
10
10
10
10
10
10
10
10
10
10
10
10
10
10
10
10
10
10
10
10
10
10
10
10
10
10
10
10
10
10
10
10
10
10
10
10
10
10
10
10
10
10
10
10
10
10
10
10
10
10
10
10
10
10
10
10
10
10
10
10
10
10
10
10
10
10
10
10
10
10
10
10
10
10
10
10
10
10
10
10
10
10
10
10
10
10
10
10
10
10
10
10
10
10
10
10
10
10
10
10
10
10
10
10
10
10
10
10
10
10
10
10
10
10
10
10
10
10
10
10
10
10
10
10
10
10
10
10
10
10
10
10
10
10
10
10
10
10
10
10
10
10
10
10
10
10
10
10
10
10
10
10
10
10
10
10
10
10
10
10
10
10
10
10
10
10
10
10
10
10
10
10
10
10
10
10
10
10
10
10
10
10
10
10
10
10
10
10
10
10
10
10
10
10
10
10
10
10
10
10
10
10
10
10
10
10
10
10
10
10
10
10
10
10
10
10
10
10
10
10
10
10
10
10
10
10
10
10
10
10
10
10
10
10
10
10
10
10
10
10
10
10
10
10
10
10
10
10
10
10
10
10
10
10
10
10
10
10
10
10
10
10
10
10
10
10
10
10
10
10
10
10
10
10
10
10
10
10
10
10
10
10
10
10
10
10
10
10
10
10
10
10
10
10
10
10
10
10
10
10
10
10
10
10
10
10
10
10
10
10
10
10
10
10
10
10
10
10
10
10
10
10
10
10
10
10
10
10
10
10
10
10
10
10
10
10
10
10
10
10
10
10
10
10
10
10
10
10
10
10
10
10
10
10
10
10
10
10
10
10
10
10
10
10
10
10
10
10
10
10
10
10
10
10
10
10
10
10
10
10
10
10
10
10
10
10
10
10
10
10
10
10
10
10
10
10
10
10
10
10
10
10
10
10
10
10
10
10
10
10
10
10
10
10
10
10
10
10
10
10
10
10
10
10
10
10
10
10
10
10
10
10
10
10
10
10
10
10
10
10
10
10
10
10
10
10
10
10
10
10
10
10
10
10
10
10
10
10
10
10
10
10
10
10
10
10
10
10
10
10
10
10
10
10
10
10
10
10
10
10
10
10
10
10
10
10
10
10
10
10
10
10
10
10
10
10
10
10
10
10
10
10
10
10
10
10
10
10
10
10
10
10
10
10
10
10
10
10
10
10
10
10
10
10
10
10
10
10
10
10
10
10
10
10
10
10
10
10
10
10
10
10
10
10
10
10
10
10
10
10
10
10
10
10
10
10
10
10
10
10
10
10
10
10
10
10
10
10
10
10
10
10
10
10
10
10
10
10
10
10
10
10
10
10
10
10
10
10
10
10
10
10
10
10
10
10
10
10
10
10
10
10
10
10
10
10
10
10
10
10
10
10
10
10
10
10
10
10
10
10
10
10
10
10
10
10
10
10
10
10
10
10
10
10
10
10
10
10
10
10
10
10
10
10
10
10
10
10
10
10
10
10
10
10
10
10
10
10
10
10
10
10
10
10
10
10
10
10
10
10
10
10
10
10
10
10
10
10
10
10
10
10
10
10
10
10
10
10
10
10
10
10
10
10
10
10
10
10
10
10
10
10
10
10
10
10
10
10
10
10
10
10
10
10
10
10
10
10
10
10
10
10
10
10
10
10
10
10
10
10
10
10
10
10
10
10
10
10
10
10
10
10
10
10
10
10
10
10
10
10
10
10
10
10
10
10
10
10
10
10
10
10
10
10
10
10
10
10
10
10
10
10
10
10
10
10
10
10
10
10
10
10
10
10
10
10
10
10
10
10
10
10
10
10
10
10
10
10
10
10
10
10
10
10
10
10
10
10
10
10
10
10
10
10
10
10
10
10
10
10
10
10
10
10
10
10
10
10
10
10
10
10
10
10
10
10
10
10
10
10
10
10
10
10
10
10
10
10
10
10
10
10
10
10
10
10
10
10
10
10
10
10
10
10
10
10
10
10
10
10
10
10
10
10
10
10
10
10
10
10
10
10
10
10
10
10
10
10
10
10
10
10
10
10
10
10
10
10
10
10
10
10
10
10
10
10
10
10
10
10
10
10
10
10
10
10
10
10
10
10
10
10
10
10
10
10
10
10
10
10
10
10
10
10
10
10
10
10
10
10
10
10
10
10
10
10
10
10
10
10
10
10
10
10
10
10
10
10
10
10
10
10
10
10
10
10
10
10
10
10
10
10
10
10
10
10
10
10
10
10
10
10
10
10
10
10
10
10
10
10
10
10
10
10
10
10
10
10
10
10
10
10
10
10
10
10
10
10
10
10
10
10
10
10
10
10
10
10
10
10
10
10
10
10
10
10
10
10
10
10
10
10
10
10
10
10
10
10
10
10
10
10
10
10
10
10
10
10
10
10
10
10
10
10
10
10
10
10
10
10
10
10
10
10
10
10
10
10
10
10
10
10
10
10
10
10
10
10
10
10
10
10
10
10
10
10
10
10
10
10
10
10
10
10
10
10
10
10
10
10
10
10
10
10
10
10
10
10
10
10
10
10
10
10
10
10
10
10
10
10
10
10
10
10
10
10
10
10
10
10
10
10
10
10
10
10
10
10
10
10
10
10
10
10
10
10
10
10
10
10
10
10
10
10
10
10
10
10
10
10
10
10
10
10
10
10
10
10
10
10
10
10
10
10
10
10
10
10
10
10
10
10
10
10
10
10
10
10
10
10
10
10
10
10
10
10
10
10
10
10
10
10
10
10
10
10
10
10
10
10
10
10
10
10
10
10
10
10
10
10
10
10
10
10
10
10
10
10
10
10
10
10
10
10
10
10
10
10
10
10
10
10
10
10
10
10
10
10
10
10
10
10
10
10
10
10
10
10
10
10
10
10
10
10
10
10
10
10
10
10
10
10
10
10
10
10
10
10
10
10
10
10
10
10
10
10
10
10
10
10
10
10
10
10
10
10
10
10
10
10
10
10
10
10
10
10
10
10
10
10
10
10
10
10
10
10
10
10
10
10
10
10
10
10
10
10
10
10
10
10
10
10
10
10
10
10
10
10
10
10
10
10
10
10
10
10
10
10
10
10
10
10
10
10
10
10
10
10
10
10
10
10
10
10
10
10
10
10
10
10
10
10
10
10
10
10
10
10
10
10
10
10
10
10
10
10
10
10
10
10
10
10
10
10
10
10
10
10
10
10
10
10
10
10
10
10
10
10
10
10
10
10
10
10
10
10
10
10
10
10
10
10
10
10
10
10
10
10
10
10
10
10
10
10
10
10
10
10
10
10
10
10
10
10
10
10
10
10
10
10
10
10
10
10
10
10
10
10
10
10
10
10
10
10
10
10
10
10
10
10
10
10
10
10
10
10
10
10
10
10
10
10
10
10
10
10
10
10
10
10
10
10
10
10
10
10
10
10
10
10
10
10
10
10
10
10
10
10
10
10
10
10
10
10
10
10
10
10
10
10
10
10
10
10
10
10
10
10
10
10
10
10
10
10
10
10
10
10
10
10
10
10
10
10
10
10
10
10
10
10
10
10
10
10
10
10
10
10
10
10
10
10
10
10
10
10
10
10
10
10
10
10
10
10
10
10
10
10
10
10
10
10
10
10
10
10
10
10
10
10
10
10
10
10
10
10
10
10
10
10
10
10
10
10
10
10
10
10
10
10
10
10
10
10
10
10
10
10
10
10
10
10
10
10
10
10
10
10
10
10
10
10
10
10
10
10
10
10
10
10
10
10
10
10
10
10
10
10
10
10
10
10
10
10
10
10
10
10
10
10
10
10
10
10
10
10
10
10
10
10
10
10
10
10
10
10
10
10
10
10
10
10
10
10
10
10
10
10
10
10
10
10
10
10
10
10
10
10
10
10
10
10
10
10
10
10
10
10
10
10
10
10
10
10
10
10
10
10
10
10
10
10
10
10
10
10
10
10
10
10
10
10
10
10
10
10
10
10
10
10
10
10
10
10
10
10
10
10
10
10
10
10
10
10
10
10
10
10
10
10
10
10
10
10
10
10
10
10
10
10
10
10
10
10
10
10
10
10
10
10
10
10
10
10
10
10
10
10
10
10
10
10
10
10
10
10
10
10
10
10
10
10
10
10
10
10
10
10
10
10
10
10
10
10
10
10
10
10
10
10
10
10
10
10
10
10
10
10
10
10
10
10
10
10
10
10
10
10
10
10
10
10
10
10
10
10
10
10
10
10
10
10
10
10
10
10
10
10
10
10
10
10
10
10
10
10
10
10
10
10
10
10
10
10
10
10
10
10
10
10
10
10
10
10
10
10
10
10
10
10
10
10
10
10
10
10
10
10
10
10
10
10
10
10
10
10
10
10
10
10
10
10
10
10
10
10
10
10
10
10
10
10
10
10
10
10
10
10
10
10
10
10
10
10
10
10
10
10
10
10
10
10
10
10
10
10
10
10
10
10
10
10
10
10
10
10
10
10
10
10
10
10
10
10
10
10
10
10
10
10
10
10
10
10
10
10
10
10
10
10
10
10
10
10
10
10
10
10
10
10
10
10
10
10
10
10
10
10
10
10
10
10
10
10
10
10
10
10
10
10
10
10
10
10
10
10
10
10
10
10
10
10
10
10
10
10
10
10
10
10
10
10
10
10
10
10
10
10
10
10
10
10
10
10
10
10
10
10
10
10
10
10
10
10
10
10
10
10
10
10
10
10
10
10
10
10
10
10
10
10
10
10
10
10
10
10
10
10
10
10
10
10
10
10
10
10
10
10
10
10
10
10
10
10
10
10
10
10
10
10
10
10
10
10
10
10
10
10
10
10
10
10
10
10
10
10
10
10
10
10
10
10
10
10
10
10
10
10
10
10
10
10
10
10
10
10
10
10
10
10
10
10
10
10
10
10
10
10
10
10
10
10
10
10
10
10
10
10
10
10
10
10
10
10
10
10
10
10
10
10
10
10
10
10
10
10
10
10
10
10
10
10
10
10
10
10
10
10
10
10
10
10
10
10
10
10
10
10
10
10
10
10
10
10
10
10
10
10
10
10
10
10
10
10
10
10
10
10
10
10
10
10
10
10
10
10
10
10
10
10
10
10
10
10
10
10
10
10
10
10
10
10
10
10
10
10
10
10
10
10
10
10
10
10
10
10
10
10
10
10
10
10
10
10
10
10
10
10
10
10
10
10
10
10
10
10
10
10
10
10
10
10
10
10
10
10
10
10
10
10
10
10
10
10
10
10
10
10
10
10
10
10
10
10
10
10
10
10
10
10
10
10
10
10
10
10
10
10
10
10
10
10
10
10
10
10
10
10
10
10
10
10
10
10
10
10
10
10
10
10
10
10
10
10
10
10
10
10
10
10
10
10
10
10
10
10
10
10
10
10
10
10
10
10
10
10
10
10
10
10
10
10
10
10
10
10
10
10
10
10
10
10
10
10
10
10
10
10
10
10
10
10
10
10
10
10
10
10
10
10
10
10
10
10
10
10
10
10
10
10
10
10
10
10
10
10
10
10
10
10
10
10
10
10
10
10
10
10
10
10
10
10
10
10
10
10
10
10
10
10
10
10
10
10
10
10
10
10
10
10
10
10
10
10
10
10
10
10
10
10
10
10
10
10
10
10
10
10
10
10
10
10
10
10
10
10
10
10
10
10
10
10
10
10
10
10
10
10
10
10
10
10
10
10
10
10
10
10
10
10
10
10
10
10
10
10
10
10
10
10
10
10
10
10
10
10
10
10
10
10
10
10
10
10
10
10
10
10
10
10
10
10
10
10
10
10
10
10
10
10
10
10
10
10
10
10
10
10
10
10
10
10
10
10
10
10
10
10
10
10
10
10
10
10
10
10
10
10
10
10
10
10
10
10
10
10
10
10
10
10
10
10
10
10
10
10
10
10
10
10
10
10
10
10
10
10
10
10
10
10
10
10
10
10
10
10
10
10
10
10
10
10
10
10
10
10
10
10
10
10
10
10
10
10
10
10
10
10
10
10
10
10
10
10
10
10
10
10
10
10
10
10
10
10
10
10
10
10
10
10
10
10
10
10
10
10
10
10
10
10
10
10
10
10
10
10
10
10
10
10
10
10
10
10
10
10
10
10
10
10
10
10
10
10
10
10
10
10
10
10
10
10
10
10
10
10
10
10
10
10
10
10
10
10
10
10
10
10
10
10
10
10
10
10
10
10
10
10
10
10
10
10
10
10
10
10
10
10
10
10
10
10
10
10
10
10
10
10
10
10
10
10
10
10
10
10
10
10
10
10
10
10
10
10
10
10
10
10
10
10
10
10
10
10
10
10
10
10
10
10
10
10
10
10
10
10
10
10
10
10
10
10
10
10
10
10
10
10
10
10
10
10
10
10
10
10
10
10
10
10
10
10
10
10
10
10
10
10
10
10
10
10
10
10
10
10
10
10
10
10
10
10
10
10
10
10
10
10
10
10
10
10
10
10
10
10
10
10
10
10
10
10
10
10
10
10
10
10
10
10
10
10
10
10
10
10
10
10
10
10
10
10
10
10
10
10
10
10
10
10
10
10
10
10
10
10
10
10
10
10
10
10
10
10
10
10
10
10
10
10
10
10
10
10
10
10
10
10
10
10
10
10
10
10
10
10
10
10
10
10
10
10
10
10
10
10
10
10
10
10
10
10
10
10
10
10
10
10
10
10
10
10
10
10
10
10
10
10
10
10
10
10
10
10
10
10
10
10
10
10
10
10
10
10
10
10
10
10
10
10
10
10
10
10
10
10
10
10
10
10
10
10
10
10
10
10
10
10
10
10
10
10
10
10
10
10
10
10
10
10
10
10
10
10
10
10
10
10
10
10
10
10
10
10
10
10
10
10
10
10
10
10
10
10
10
10
10
10
10
10
10
10
10
10
10
10
10
10
10
10
10
10
10
10
10
10
10
10
10
10
10
10
10
10
10
10
10
10
10
10
10
10
10
10
10
10
10
10
10
10
10
10
10
10
10
10
10
10
10
10
10
10
10
10
10
10
10
10
10
10
10
10
10
10
10
10
10
10
10
10
10
10
10
10
10
10
10
10
10
10
10
10
10
10
10
10
10
10
10
10
10
10
10
10
10
10
10
10
10
10
10
10
10
10
10
10
10
10
10
10
